date,day_of_week,asian_bar_count,london_kz_bar_count,data_gap,asian_open,asian_close,asian_high,asian_high_time,asian_low,asian_low_time,asian_high_before_low,asian_range_pips,london_kz_open,london_kz_close,london_kz_high,london_kz_low,london_kz_range_pips,both_sides_swept_in_kz,first_sweep_side,first_sweep_time,sweep_depth_pips,sweep_close_beyond_level,reversal_reached_opposite,direction_if_faded,mfe_pips,mae_pips,progress_pct_of_asian_range,reversal_time,minutes_to_reversal,atr14_pips_prior,low_liquidity_flag
2021-01-04,Monday,240,180,False,1.22408,1.22488,1.22584,21:32,1.22397,20:02,False,18.7,1.22562,1.22933,1.23005,1.22538,46.7,False,high,02:04,51.2,True,False,short,5.9,51.3,32.1,,,,False
2021-01-05,Tuesday,240,180,False,1.22555,1.22689,1.22767,22:30,1.22548,20:01,False,21.9,1.22694,1.22722,1.22839,1.22552,28.7,False,high,03:19,19.9,True,True,short,22.8,14.0,104.6,10:01,402.0,,False
2021-01-06,Wednesday,240,180,False,1.23089,1.22917,1.23152,20:01,1.22755,22:01,True,39.7,1.23163,1.23382,1.23452,1.23123,32.9,False,high,02:00,34.2,True,True,short,37.4,36.8,125.2,10:54,534.0,,False
2021-01-07,Thursday,240,180,False,1.23324,1.23246,1.2337,20:45,1.23187,21:24,True,18.3,1.23203,1.22689,1.23255,1.22638,61.7,False,low,02:07,73.7,True,False,long,4.1,73.5,21.3,,,68.78000000000029,False
2021-01-08,Friday,240,180,False,1.22576,1.22632,1.22647,22:32,1.22349,20:16,False,29.8,1.22633,1.22399,1.22691,1.22132,55.9,True,high,02:02,19.8,True,True,short,31.7,4.8,172.8,02:56,54.0,72.58333333333367,False
2021-01-11,Monday,240,180,False,1.21887,1.21738,1.21907,20:05,1.21666,23:29,True,24.1,1.21897,1.21605,1.21998,1.21599,39.9,True,high,02:07,9.1,True,True,short,25.4,8.8,243.2,04:53,166.0,70.62500000000027,False
2021-01-12,Tuesday,240,180,False,1.21592,1.21427,1.21619,20:11,1.21386,23:44,True,23.3,1.21608,1.21617,1.21789,1.21502,28.7,False,high,02:16,17.0,True,True,short,23.8,17.0,106.4,09:06,410.0,72.0000000000002,False
2021-01-13,Wednesday,240,180,False,1.22079,1.22085,1.22201,22:29,1.22048,20:20,False,15.3,1.22139,1.21892,1.22227,1.21822,40.5,True,high,02:30,2.6,True,True,short,15.9,2.3,446.4,02:57,27.0,73.52000000000024,False
2021-01-14,Thursday,240,180,False,1.21642,1.21496,1.21718,20:16,1.21355,21:30,True,36.3,1.21499,1.21661,1.21674,1.21361,31.3,,none,,,,,,,,,,,72.96363636363657,False
2021-01-15,Friday,240,180,False,1.21542,1.21468,1.21573,20:01,1.21432,21:18,True,14.1,1.21372,1.2139,1.21466,1.21177,28.9,False,low,02:00,61.6,True,False,long,9.3,55.7,24.1,,,72.90000000000019,False
2021-01-18,Monday,240,180,False,1.20756,1.207,1.20844,21:51,1.20654,23:32,True,19.0,1.20808,1.2062,1.20867,1.2059,27.7,True,high,02:17,2.3,True,True,short,23.0,1.1,162.6,04:31,134.0,67.25000000000013,False
2021-01-19,Tuesday,238,180,False,1.20859,1.20953,1.20986,22:51,1.20859,20:00,False,12.7,1.20979,1.21181,1.21226,1.20852,37.4,True,low,02:24,0.7,True,True,long,14.3,0.4,463.8,02:41,17.0,69.76428571428582,False
2021-01-20,Wednesday,240,180,False,1.21422,1.21403,1.21492,21:31,1.21351,20:15,False,14.1,1.21483,1.21273,1.21581,1.21179,40.2,True,high,02:00,8.9,True,True,short,16.9,8.2,514.2,03:32,92.0,70.70000000000005,False
2021-01-21,Thursday,240,180,False,1.21173,1.21294,1.21337,21:54,1.21153,20:01,False,18.4,1.21309,1.21424,1.21457,1.21148,30.9,True,high,02:37,39.3,True,True,short,17.4,3.0,102.7,03:24,47.0,70.02857142857151,False
2021-01-22,Friday,240,180,False,1.21692,1.21735,1.21766,23:06,1.21613,20:25,False,15.3,1.21652,1.21737,1.21894,1.21515,37.9,True,low,02:01,9.8,True,True,long,21.1,7.3,183.7,03:37,96.0,66.74285714285728,False
2021-01-25,Monday,240,180,False,1.21677,1.2176,1.21802,23:34,1.21601,20:44,False,20.1,1.2177,1.21475,1.21827,1.2144,38.7,True,high,02:42,2.5,True,True,short,23.7,0.4,320.4,04:15,93.0,59.9785714285715,False
2021-01-26,Tuesday,240,180,False,1.21342,1.21301,1.21461,21:04,1.21274,23:55,True,18.7,1.21271,1.21288,1.21414,1.21076,33.8,False,low,02:00,19.8,True,True,long,22.4,17.9,258.8,07:44,344.0,60.43571428571449,False
2021-01-27,Wednesday,239,180,False,1.21622,1.21572,1.2167,20:29,1.2153,23:20,True,14.0,1.2163,1.21225,1.2163,1.21194,43.6,False,low,02:32,94.5,True,False,long,7.4,93.7,47.1,,,63.27142857142864,False
2021-01-28,Thursday,240,180,False,1.20876,1.20936,1.21059,20:53,1.20859,20:00,False,20.0,1.21032,1.21088,1.21136,1.20807,32.9,True,low,02:23,5.2,True,True,long,23.3,4.3,282.5,03:09,46.0,61.7500000000001,False
2021-01-29,Friday,240,180,False,1.21072,1.20995,1.2116,20:32,1.2095,23:13,True,21.0,1.21052,1.21165,1.21211,1.20972,23.9,False,high,03:56,40.0,True,False,short,10.9,39.4,49.0,,,59.921428571428585,False
2021-02-01,Monday,239,180,False,1.21296,1.21275,1.21363,20:29,1.21246,21:41,True,11.7,1.21293,1.20936,1.21308,1.20835,47.3,False,low,02:07,56.4,True,False,long,5.6,56.9,52.1,,,56.57857142857142,False
2021-02-02,Tuesday,240,180,False,1.20678,1.20756,1.20877,21:01,1.20671,20:00,False,20.6,1.20707,1.20668,1.20871,1.20639,23.2,False,low,02:02,48.5,True,False,long,19.9,48.6,97.1,,,60.43571428571433,False
2021-02-03,Wednesday,239,180,False,1.20441,1.20432,1.205,20:19,1.20392,23:39,True,10.8,1.20374,1.20227,1.20423,1.20095,32.8,False,low,02:00,35.2,True,False,long,6.6,31.7,28.7,,,60.18571428571444,False
2021-02-04,Thursday,240,180,False,1.20359,1.20197,1.20388,20:16,1.20157,23:53,True,23.1,1.20113,1.19857,1.20136,1.1983,30.6,False,low,02:00,49.2,True,False,long,6.4,40.7,-9.1,,,60.428571428571594,False
2021-02-05,Friday,240,180,False,1.19686,1.1956,1.19692,20:43,1.19522,22:00,True,17.0,1.19653,1.19767,1.19878,1.19595,28.3,False,high,03:04,70.9,True,False,short,1.4,70.1,3.5,,,61.37142857142873,False
2021-02-08,Monday,237,180,False,1.20325,1.20345,1.20398,23:10,1.20296,20:13,False,10.2,1.20389,1.2028,1.20486,1.20239,24.7,True,high,02:38,26.2,True,True,short,11.8,7.9,198.0,03:29,51.0,60.44285714285724,False
2021-02-09,Tuesday,240,180,False,1.20578,1.20756,1.2082,21:55,1.20561,20:14,False,25.9,1.2077,1.21095,1.21164,1.20672,49.2,False,high,02:17,34.4,True,False,short,17.5,31.7,57.1,,,63.47142857142869,False
2021-02-10,Wednesday,239,180,False,1.21147,1.21288,1.21297,23:25,1.21088,20:14,False,20.9,1.2127,1.21193,1.2144,1.21141,29.9,False,high,02:24,14.3,True,False,short,16.0,14.9,79.4,,,60.864285714285714,False
2021-02-11,Thursday,238,180,False,1.21141,1.21215,1.2125,23:13,1.21138,20:16,False,11.2,1.21294,1.21301,1.21359,1.21179,18.0,False,high,02:00,24.4,True,False,short,10.5,21.0,63.4,,,58.2428571428571,False
2021-02-12,Friday,236,180,False,1.21287,1.21224,1.21301,20:02,1.21185,21:53,True,11.6,1.21254,1.21081,1.21269,1.21002,26.7,False,low,02:51,37.0,True,False,long,12.4,34.3,83.6,,,54.149999999999956,False
2021-02-15,Monday,240,180,False,1.2121,1.21321,1.21376,22:48,1.21174,20:12,False,20.2,1.21348,1.21345,1.21451,1.21307,14.4,False,high,02:23,7.5,True,False,short,16.7,7.7,83.7,,,48.93571428571418,False
2021-02-16,Tuesday,239,180,False,1.2137,1.21395,1.21501,22:31,1.21343,20:01,False,15.8,1.21397,1.21524,1.21572,1.21283,28.9,True,low,02:22,39.4,True,True,long,17.3,5.9,221.5,03:34,72.0,53.92857142857135,False
2021-02-17,Wednesday,240,180,False,1.20889,1.20917,1.20982,21:21,1.20832,20:09,False,15.0,1.2086,1.20679,1.20866,1.20596,27.0,False,low,02:02,60.0,True,False,long,3.0,57.6,4.0,,,53.59285714285709,False
2021-02-18,Thursday,240,180,False,1.20486,1.20371,1.205,20:03,1.20355,22:34,True,14.5,1.20458,1.20735,1.20752,1.20363,38.9,False,high,02:47,39.8,True,False,short,6.0,39.0,35.9,,,52.63571428571431,False
2021-02-19,Friday,237,180,False,1.20973,1.20929,1.20981,20:01,1.20823,21:20,True,15.8,1.20952,1.21338,1.21413,1.20904,50.9,False,high,02:14,46.3,True,False,short,1.0,45.6,1.9,,,53.52142857142853,False
2021-02-22,Monday,237,180,False,1.21233,1.21205,1.21355,20:24,1.21124,21:47,True,23.1,1.21193,1.21081,1.21236,1.20911,32.5,False,low,02:09,21.3,True,True,long,29.9,21.1,190.0,06:25,256.0,49.74285714285708,False
2021-02-23,Tuesday,239,180,False,1.21707,1.21718,1.21771,21:01,1.21638,20:11,False,13.3,1.21706,1.2149,1.21801,1.21452,34.9,True,high,02:47,3.0,True,True,short,15.1,3.1,314.3,03:06,19.0,51.12857142857141,False
2021-02-24,Wednesday,240,180,False,1.21548,1.21486,1.21662,20:53,1.21473,20:24,False,18.9,1.21568,1.21627,1.21745,1.21522,22.3,False,high,03:31,8.3,True,True,short,24.9,4.9,301.6,08:08,277.0,51.535714285714235,False
2021-02-25,Thursday,240,180,False,1.21624,1.21764,1.21773,23:55,1.21559,21:08,False,21.4,1.2181,1.22197,1.22227,1.21676,55.1,False,high,02:00,66.0,True,False,short,10.7,65.0,45.3,,,54.6499999999999,False
2021-02-26,Friday,240,180,False,1.21573,1.21548,1.21826,21:28,1.2145,23:45,True,37.6,1.21543,1.21251,1.21594,1.21227,36.7,False,low,02:01,54.8,True,False,long,13.3,55.9,38.3,,,59.400000000000084,False
2021-03-01,Monday,239,180,False,1.20917,1.20774,1.20956,20:27,1.20747,23:48,True,20.9,1.20904,1.20386,1.20925,1.20283,64.2,False,low,02:59,47.1,True,False,long,2.8,48.5,20.1,,,61.35000000000001,False
2021-03-02,Tuesday,240,180,False,1.20386,1.20207,1.20407,20:03,1.20151,21:52,True,25.6,1.20225,1.20061,1.20232,1.19916,31.6,False,low,02:16,23.5,True,True,long,31.7,18.5,255.5,09:15,419.0,67.1928571428572,False
2021-03-03,Wednesday,240,180,False,1.20862,1.20885,1.20934,20:24,1.20825,22:50,True,10.9,1.20821,1.21014,1.21132,1.20741,39.1,True,low,02:00,39.8,True,True,long,14.3,1.0,281.7,02:26,26.0,70.12857142857153,False
2021-03-04,Thursday,240,180,False,1.20597,1.20552,1.2063,21:08,1.20435,23:20,True,19.5,1.20612,1.20322,1.20624,1.20266,35.8,False,low,03:25,21.3,True,False,long,8.9,22.5,51.8,,,71.90000000000013,False
2021-03-05,Friday,240,180,False,1.19665,1.19561,1.19665,20:00,1.19515,21:13,True,15.0,1.19531,1.19276,1.19608,1.19141,46.7,False,low,02:00,58.3,True,False,long,8.4,59.2,62.0,,,71.6642857142859,False
2021-03-08,Monday,240,180,False,1.19257,1.19057,1.19287,20:11,1.18987,22:34,True,30.0,1.18922,1.1872,1.18978,1.18652,32.6,False,low,02:00,53.0,True,False,long,5.1,47.0,-3.0,,,71.39285714285712,False
2021-03-09,Tuesday,240,180,False,1.18437,1.18574,1.1867,22:56,1.18355,20:35,False,31.5,1.18576,1.19054,1.19088,1.18511,57.7,False,high,02:22,48.6,True,False,short,3.0,46.6,3.2,,,74.35000000000001,False
2021-03-10,Wednesday,240,180,False,1.18935,1.18795,1.18976,20:06,1.1877,21:07,True,20.6,1.18778,1.18998,1.19016,1.18718,29.8,True,low,02:00,5.2,True,True,long,25.6,4.2,231.6,04:02,122.0,72.89999999999986,False
2021-03-11,Thursday,240,180,False,1.1919,1.19273,1.19345,21:33,1.19172,20:44,False,17.3,1.19301,1.19636,1.19687,1.19244,44.3,False,high,02:22,44.3,True,False,short,6.6,44.3,38.2,,,74.77142857142849,False
2021-03-12,Friday,240,180,False,1.19832,1.1966,1.19884,20:18,1.19596,21:55,True,28.8,1.19489,1.19177,1.19508,1.19109,39.9,False,low,02:00,49.7,True,False,long,6.2,39.0,-15.6,,,73.98571428571428,False
2021-03-15,Monday,240,180,False,1.1951,1.19431,1.19674,20:30,1.19425,23:58,True,24.9,1.19349,1.19257,1.19401,1.19178,22.3,False,low,02:00,31.5,True,False,long,5.9,23.2,-9.6,,,63.549999999999834,False
2021-03-16,Tuesday,240,180,False,1.19226,1.19377,1.19385,23:38,1.1922,21:19,False,16.5,1.19295,1.19287,1.19353,1.19136,21.7,False,low,02:09,40.1,True,True,long,18.5,7.5,180.6,05:28,199.0,66.31428571428542,False
2021-03-17,Wednesday,240,180,False,1.19011,1.19035,1.19041,22:12,1.18926,20:36,False,11.5,1.19076,1.19106,1.19165,1.18861,30.4,True,high,02:00,12.4,True,True,short,15.3,1.5,156.5,02:56,56.0,68.02142857142836,False
2021-03-18,Thursday,240,180,False,1.19854,1.19613,1.19865,20:00,1.19552,23:18,True,31.3,1.19793,1.19421,1.19888,1.19349,53.9,True,high,02:10,2.3,True,True,short,33.3,0.5,249.5,02:36,26.0,66.88571428571409,False
2021-03-19,Friday,240,180,False,1.19072,1.19186,1.19196,23:53,1.1902,21:23,False,17.6,1.19255,1.18933,1.19371,1.18925,44.6,True,high,02:00,17.5,True,True,short,22.4,14.0,260.2,04:44,164.0,66.37142857142832,False
2021-03-22,Monday,240,180,False,1.18851,1.18934,1.18989,23:23,1.18751,20:19,False,23.8,1.18827,1.19,1.1906,1.18744,31.6,True,low,02:06,0.7,False,True,long,25.8,1.3,270.2,03:32,86.0,60.72857142857102,False
2021-03-23,Tuesday,239,180,False,1.19335,1.19231,1.19369,20:40,1.19229,21:48,True,14.0,1.19275,1.18911,1.19318,1.18858,46.0,False,low,02:36,64.7,True,False,long,3.6,63.2,15.0,,,65.18571428571373,False
2021-03-24,Wednesday,239,180,False,1.18426,1.18464,1.18508,20:53,1.18396,20:03,False,11.2,1.18468,1.18348,1.18472,1.18123,34.9,False,low,02:05,27.3,True,False,long,4.5,27.8,44.6,,,62.6285714285711,False
2021-03-25,Thursday,239,180,False,1.18175,1.18206,1.18277,22:30,1.18041,20:37,False,23.6,1.1816,1.18105,1.18183,1.18012,17.1,False,low,03:01,41.6,True,False,long,14.7,40.8,58.9,,,62.621428571428346,False
2021-03-26,Friday,238,180,False,1.17818,1.17763,1.17845,20:58,1.17746,23:57,True,9.9,1.17832,1.17923,1.17973,1.17752,22.1,False,high,02:22,20.4,True,True,short,11.0,13.3,129.3,06:29,247.0,60.2999999999998,False
2021-03-29,Monday,239,180,False,1.17874,1.17862,1.17911,22:59,1.1775,21:24,False,16.1,1.17755,1.17663,1.17939,1.17629,31.0,True,low,02:00,14.4,True,True,long,19.1,1.1,117.4,03:50,110.0,54.84999999999946,False
2021-03-30,Tuesday,239,180,False,1.17684,1.17666,1.17737,21:57,1.17638,22:59,True,9.9,1.17611,1.17463,1.17653,1.1733,32.3,False,low,02:00,52.6,True,False,long,4.4,49.7,15.2,,,57.592857142856815,False
2021-03-31,Wednesday,239,180,False,1.1723,1.17071,1.17258,20:35,1.17044,23:06,True,21.4,1.17082,1.17462,1.17478,1.17046,43.2,False,high,02:56,34.0,True,False,short,4.3,34.6,22.9,,,59.25714285714248,False
2021-04-01,Thursday,238,180,False,1.17271,1.17243,1.17328,22:01,1.17212,20:07,False,11.6,1.17175,1.17275,1.17445,1.17125,32.0,True,low,02:00,8.7,True,True,long,18.3,2.7,458.6,02:59,59.0,59.37142857142832,False
2021-04-02,Friday,238,180,False,1.17772,1.17794,1.1784,20:07,1.17691,21:44,True,14.9,1.17777,1.1782,1.17866,1.17695,17.1,False,high,04:33,2.6,True,True,short,16.0,2.4,234.9,08:16,223.0,54.79999999999977,False
2021-04-05,Monday,232,180,False,1.17674,1.17699,1.17718,21:51,1.17614,20:12,False,10.4,1.17494,1.17472,1.17571,1.17406,16.5,False,low,02:00,23.5,True,True,long,24.5,11.7,513.5,08:37,397.0,51.378571428571306,False
2021-04-06,Tuesday,240,180,False,1.18168,1.18025,1.18215,20:08,1.17996,23:46,True,21.9,1.18106,1.18135,1.18209,1.17951,25.8,False,low,03:05,4.5,True,True,long,23.6,3.1,245.7,05:13,128.0,55.271428571428416,False
2021-04-07,Wednesday,240,180,False,1.18737,1.18667,1.18777,21:16,1.18655,23:55,True,12.2,1.1874,1.18862,1.18873,1.18639,23.4,True,low,02:10,1.6,True,True,long,13.1,2.4,403.3,02:32,22.0,53.94999999999991,False
2021-04-08,Thursday,240,180,False,1.18724,1.18708,1.18739,20:13,1.18609,21:19,True,13.0,1.18729,1.18813,1.1893,1.18671,25.9,False,high,02:52,36.3,True,False,short,13.8,34.8,94.6,,,51.807142857142686,False
2021-04-09,Friday,240,180,False,1.19151,1.19067,1.19201,20:55,1.19029,23:22,True,17.2,1.18928,1.18857,1.1899,1.18838,15.2,False,low,02:00,36.0,True,False,long,4.1,29.2,-15.7,,,51.82142857142833,False
2021-04-12,Monday,240,180,False,1.18957,1.18924,1.19029,20:44,1.18853,22:01,True,17.6,1.18897,1.18836,1.18942,1.1871,23.2,False,low,02:59,14.3,True,True,long,18.3,14.4,186.4,05:29,150.0,49.59999999999964,False
2021-04-13,Tuesday,240,179,False,1.19117,1.18903,1.1912,20:00,1.18899,23:45,True,22.1,1.1893,1.19005,1.19087,1.18828,25.9,False,low,02:01,12.3,True,True,long,27.0,13.0,239.4,08:38,397.0,54.37857142857113,False
2021-04-14,Wednesday,240,180,False,1.19541,1.19581,1.1963,22:51,1.19526,21:37,False,10.4,1.19643,1.19666,1.1974,1.19548,19.2,False,high,02:00,13.1,True,True,short,14.1,8.2,116.3,05:36,216.0,54.77142857142847,False
2021-04-15,Thursday,240,180,False,1.1983,1.19746,1.19897,21:04,1.19722,21:47,True,17.5,1.19733,1.19807,1.199,1.19725,17.5,False,high,03:27,3.5,True,True,short,16.8,4.4,192.6,06:12,165.0,53.31428571428542,False
2021-04-16,Friday,239,180,False,1.19692,1.19571,1.19746,20:09,1.19503,22:58,True,24.3,1.19704,1.19779,1.19887,1.19583,30.4,False,high,03:48,20.0,True,False,short,6.2,19.2,22.2,,,52.042857142856924,False
2021-04-19,Monday,240,180,False,1.19688,1.1956,1.19749,20:52,1.19424,21:49,True,32.5,1.19667,1.2025,1.20325,1.1963,69.5,False,high,02:45,73.1,True,False,short,2.4,71.1,1.2,,,55.049999999999976,False
2021-04-20,Tuesday,239,180,False,1.20424,1.20666,1.20717,23:16,1.20373,21:10,False,34.4,1.20607,1.20686,1.20797,1.20482,31.5,False,high,02:58,8.0,True,True,short,35.6,8.8,132.6,08:33,335.0,57.814285714285724,False
2021-04-21,Wednesday,239,180,False,1.20323,1.20304,1.20436,20:42,1.20283,22:43,True,15.3,1.20307,1.20059,1.20354,1.20032,32.2,False,low,02:00,29.8,True,False,long,10.8,29.8,70.6,,,55.285714285714064,False
2021-04-22,Thursday,240,180,False,1.20372,1.20362,1.20467,22:30,1.20323,20:29,False,14.4,1.20336,1.20261,1.20494,1.20243,25.1,True,low,02:04,29.9,True,True,long,15.9,2.8,257.6,03:04,60.0,54.79999999999977,False
2021-04-23,Friday,239,180,False,1.20144,1.20214,1.20263,21:59,1.20127,20:03,False,13.6,1.20293,1.20588,1.2061,1.20226,38.4,False,high,02:00,49.3,True,False,short,4.3,48.7,27.2,,,56.59999999999967,False
2021-04-26,Monday,239,180,False,1.20893,1.21101,1.21167,23:18,1.20885,20:01,False,28.2,1.21065,1.20996,1.21154,1.20887,26.7,,none,,,,,,,,,,,54.71428571428556,False
2021-04-27,Tuesday,240,180,False,1.20794,1.2069,1.2084,20:12,1.20651,22:57,True,18.9,1.20754,1.20581,1.20801,1.20572,22.9,False,low,03:02,8.4,True,True,long,19.2,9.2,145.5,06:56,234.0,55.96428571428566,False
2021-04-28,Wednesday,239,180,False,1.2089,1.20762,1.2089,20:00,1.20751,21:42,True,13.9,1.20707,1.20748,1.20796,1.2056,23.6,False,low,02:00,19.1,True,True,long,18.1,15.5,197.1,10:16,496.0,59.235714285714245,False
2021-04-29,Thursday,238,180,False,1.2135,1.21258,1.21498,21:44,1.2124,23:57,True,25.8,1.21346,1.21155,1.21366,1.21111,25.5,False,low,02:37,21.9,True,False,long,13.7,19.9,45.3,,,55.60714285714284,False
2021-04-30,Friday,240,180,False,1.21243,1.21174,1.21265,21:01,1.21152,23:32,True,11.3,1.21176,1.2095,1.21198,1.20944,25.4,False,low,02:01,91.3,True,False,long,4.4,91.5,40.7,,,60.21428571428559,False
2021-05-03,Monday,237,180,False,1.20272,1.20223,1.20354,21:03,1.20183,22:57,True,17.1,1.20217,1.20472,1.20495,1.2013,36.5,True,low,02:01,5.3,True,True,long,22.1,4.3,337.4,02:58,57.0,60.15714285714283,False
2021-05-04,Tuesday,234,180,False,1.2059,1.20394,1.20598,20:00,1.20389,23:58,True,20.9,1.20362,1.20032,1.2039,1.20021,36.9,False,low,02:00,40.0,True,False,long,4.2,35.9,0.5,,,60.8142857142857,False
2021-05-05,Wednesday,236,180,False,1.20145,1.20241,1.20265,23:24,1.2014,20:13,False,12.5,1.2012,1.19965,1.20158,1.19859,29.9,False,low,02:00,28.1,True,False,long,5.8,28.0,45.6,,,55.31428571428552,False
2021-05-06,Thursday,239,180,False,1.20076,1.19988,1.20116,22:29,1.19929,22:54,True,18.7,1.20078,1.20394,1.20445,1.2005,39.5,False,high,02:36,60.0,True,False,short,3.9,57.8,9.1,,,56.471428571428355,False
2021-05-07,Friday,238,180,False,1.20651,1.20678,1.20697,20:08,1.20594,21:09,True,10.3,1.20608,1.20874,1.20905,1.20527,37.8,True,low,02:02,6.7,True,True,long,23.2,6.7,1025.2,03:14,72.0,61.499999999999886,False
2021-05-10,Monday,239,180,False,1.21704,1.21548,1.21705,20:00,1.21509,23:02,True,19.6,1.21517,1.21709,1.21752,1.21366,38.6,True,low,03:13,14.3,True,True,long,24.7,9.6,139.3,04:45,92.0,56.02857142857131,False
2021-05-11,Tuesday,240,180,False,1.21406,1.21397,1.21493,23:07,1.21259,20:57,False,23.4,1.21425,1.21624,1.21642,1.2123,41.2,True,low,03:11,2.9,True,True,long,23.2,3.6,237.6,04:36,85.0,58.742857142857055,False
2021-05-12,Wednesday,240,180,False,1.21441,1.21168,1.21491,20:07,1.21153,23:56,True,33.8,1.2122,1.21343,1.21438,1.2122,21.8,,none,,,,,,,,,,,61.02142857142849,False
2021-05-13,Thursday,240,180,False,1.20776,1.20764,1.20888,21:47,1.20706,20:10,False,18.2,1.2073,1.20622,1.2106,1.20514,54.6,True,high,02:22,17.2,True,True,short,25.2,17.0,205.5,04:47,145.0,62.349999999999746,False
2021-05-14,Friday,239,180,False,1.20768,1.20854,1.20857,23:56,1.20708,20:28,False,14.9,1.20965,1.21251,1.21293,1.20926,36.7,False,high,02:00,62.0,True,False,short,2.4,52.7,-46.3,,,60.18571428571397,False
2021-05-17,Monday,240,180,False,1.21497,1.21315,1.21497,20:00,1.21289,22:31,True,20.8,1.21269,1.2148,1.21497,1.21264,23.3,False,low,02:00,2.5,True,True,long,23.3,0.0,191.3,04:56,176.0,55.0071428571424,False
2021-05-18,Tuesday,240,180,False,1.21561,1.21675,1.21691,22:05,1.21534,20:06,False,15.7,1.21667,1.22183,1.22195,1.21649,54.6,False,high,02:04,64.8,True,False,short,0.7,64.6,3.2,,,58.85714285714224,False
2021-05-19,Wednesday,240,180,False,1.22225,1.22294,1.22327,20:47,1.22172,22:05,True,15.5,1.22393,1.22165,1.22451,1.22046,40.5,True,high,02:00,12.4,True,True,short,23.6,5.3,283.2,03:54,114.0,60.44999999999935,False
2021-05-20,Thursday,240,180,False,1.21704,1.21822,1.21851,21:00,1.21689,20:00,False,16.2,1.21787,1.21881,1.22047,1.2178,26.7,False,high,02:08,41.3,True,False,short,6.1,39.3,25.3,,,61.749999999999304,False
2021-05-21,Friday,240,180,False,1.2225,1.22321,1.22391,21:38,1.22238,20:00,False,15.3,1.22336,1.22235,1.22396,1.22097,29.9,True,high,02:04,0.5,False,True,short,14.8,1.1,449.0,02:40,36.0,64.56428571428505,False
2021-05-24,Monday,240,180,False,1.21805,1.21813,1.21871,20:15,1.2175,23:10,True,12.1,1.21894,1.21967,1.22042,1.21749,29.3,True,high,02:00,42.7,True,True,short,14.0,15.3,100.8,04:38,158.0,55.84999999999935,False
2021-05-25,Tuesday,238,180,False,1.2214,1.22266,1.22301,21:34,1.22113,20:03,False,18.8,1.22236,1.22588,1.22622,1.22202,42.0,False,high,02:16,36.3,True,False,short,1.3,36.5,8.0,,,57.29285714285643,False
2021-05-26,Wednesday,240,180,False,1.22468,1.22579,1.22604,23:16,1.22418,22:00,False,18.6,1.22556,1.22407,1.22564,1.22324,24.0,False,low,03:10,44.7,True,False,long,10.3,40.9,34.9,,,59.82857142857083,False
2021-05-27,Thursday,238,180,False,1.2192,1.21934,1.21945,23:57,1.21751,21:25,False,19.4,1.21953,1.21824,1.22149,1.218,34.9,False,high,02:00,20.4,True,False,short,12.1,23.1,76.3,,,57.61428571428505,False
2021-05-28,Friday,240,180,False,1.21927,1.21871,1.21927,20:00,1.21814,21:14,True,11.3,1.21771,1.21973,1.22005,1.21714,29.1,True,low,02:00,48.9,True,True,long,16.2,5.2,169.0,04:04,124.0,56.59999999999934,False
2021-05-31,Monday,240,0,True,,,,,,,,,,,,,,,,,,,,,,,,,,50.478571428571115,False
2021-06-01,Tuesday,238,180,False,1.22325,1.22301,1.22364,21:20,1.22237,20:26,False,12.7,1.22248,1.22299,1.22414,1.22132,28.2,True,low,02:09,10.5,True,True,long,15.6,1.7,240.2,02:52,43.0,51.97857142857111,False
2021-06-02,Wednesday,237,180,False,1.22172,1.22229,1.22265,21:31,1.2215,20:02,False,11.5,1.22148,1.21812,1.22179,1.21793,38.6,False,low,02:00,51.0,True,False,long,6.0,48.3,28.7,,,53.10714285714264,False
2021-06-03,Thursday,229,180,False,1.22094,1.22063,1.22141,20:54,1.22023,23:10,True,11.8,1.21961,1.21875,1.21967,1.21787,18.0,False,low,02:00,81.7,True,False,long,12.2,75.4,50.0,,,54.74285714285702,False
2021-06-04,Friday,239,180,False,1.21299,1.21148,1.21302,20:00,1.21143,20:18,True,15.9,1.21068,1.21118,1.21178,1.2104,13.8,False,low,02:00,10.4,True,True,long,37.6,3.9,448.4,08:30,390.0,54.48571428571422,False
2021-06-07,Monday,240,180,False,1.21665,1.21674,1.21726,20:06,1.21599,21:39,True,12.7,1.2158,1.21619,1.21678,1.21448,23.0,False,low,02:00,15.1,True,True,long,18.7,12.4,316.5,07:32,332.0,49.40714285714282,False
2021-06-08,Tuesday,239,180,False,1.21905,1.21798,1.21941,20:13,1.21779,23:10,True,16.2,1.21773,1.2176,1.21852,1.21642,21.0,False,low,02:00,13.7,True,False,long,14.8,14.0,93.2,,,50.39999999999997,False
2021-06-09,Wednesday,236,180,False,1.21725,1.21804,1.21852,23:00,1.21714,20:00,False,13.8,1.21776,1.21882,1.21926,1.2176,16.6,False,high,02:38,32.7,True,False,short,9.0,32.9,66.7,,,50.14285714285701,False
2021-06-10,Thursday,235,180,False,1.21782,1.21694,1.21806,20:21,1.21663,23:05,True,14.3,1.21656,1.21665,1.2174,1.21533,20.7,False,low,02:00,23.0,True,True,long,23.7,10.8,197.2,07:45,345.0,50.499999999999986,False
2021-06-11,Friday,239,180,False,1.21726,1.21872,1.21914,23:02,1.21717,20:01,False,19.7,1.21879,1.21658,1.21929,1.21638,29.1,True,high,02:08,1.5,True,True,short,20.2,1.3,501.0,04:28,140.0,51.40000000000002,False
2021-06-14,Monday,233,180,False,1.21096,1.20996,1.21102,20:00,1.20945,23:35,True,15.7,1.21048,1.21089,1.21206,1.20942,26.4,True,low,03:12,0.3,False,True,long,14.8,2.1,229.3,03:26,14.0,47.57142857142856,False
2021-06-15,Tuesday,238,180,False,1.21218,1.21231,1.21258,22:37,1.21137,20:03,False,12.1,1.21278,1.21304,1.21473,1.21241,23.2,False,high,02:00,21.5,True,True,short,11.8,21.8,202.5,06:55,295.0,49.45000000000009,False
2021-06-16,Wednesday,237,180,False,1.21246,1.21227,1.21269,20:39,1.21165,22:40,True,10.4,1.21298,1.21287,1.21347,1.21183,16.4,False,high,02:00,7.8,True,True,short,13.0,6.8,162.5,06:45,285.0,59.30000000000007,False
2021-06-17,Thursday,240,180,False,1.19949,1.19935,1.20047,22:52,1.19841,20:16,False,20.6,1.19999,1.19475,1.20014,1.1936,65.4,False,low,02:08,78.3,True,False,long,11.1,76.6,45.6,,,64.40000000000018,False
2021-06-18,Friday,240,180,False,1.19129,1.19217,1.19249,23:34,1.19045,20:11,False,20.4,1.19047,1.19127,1.19243,1.18853,39.0,False,low,02:00,57.3,True,False,long,23.2,53.9,97.1,,,65.69285714285738,False
2021-06-21,Monday,240,180,False,1.18703,1.1856,1.18764,20:11,1.18476,23:45,True,28.8,1.18685,1.18931,1.18938,1.18511,42.7,False,high,02:22,44.2,True,False,short,25.1,44.4,87.8,,,60.221428571428646,False
2021-06-22,Tuesday,239,180,False,1.19119,1.19117,1.19151,23:29,1.19006,21:12,False,14.5,1.18916,1.18964,1.19112,1.18915,19.7,False,low,02:00,19.8,True,False,long,14.8,16.3,77.9,,,64.42142857142856,False
2021-06-23,Wednesday,238,180,False,1.19364,1.19223,1.19398,20:13,1.19203,22:24,True,19.5,1.19264,1.19325,1.19454,1.19113,34.1,True,low,03:15,9.0,True,True,long,25.1,4.3,254.9,04:00,45.0,64.55000000000004,False
2021-06-24,Thursday,239,180,False,1.19297,1.19213,1.19332,20:55,1.19192,21:35,True,14.0,1.19228,1.19251,1.19429,1.19176,25.3,True,low,02:00,1.6,False,True,long,14.2,1.9,264.3,02:24,24.0,65.25000000000003,False
2021-06-25,Friday,240,180,False,1.19278,1.194,1.19449,21:41,1.19266,20:00,False,18.3,1.19404,1.19431,1.19505,1.19358,14.7,False,high,02:33,30.2,True,False,short,9.4,29.1,45.4,,,65.06428571428596,False
2021-06-28,Monday,240,180,False,1.19415,1.19248,1.19415,20:00,1.192,22:16,True,21.5,1.19259,1.19412,1.19444,1.1923,21.4,False,high,03:04,2.9,True,True,short,23.9,2.4,182.8,07:32,268.0,58.81428571428592,False
2021-06-29,Tuesday,240,180,False,1.19287,1.19112,1.19295,20:00,1.19076,23:43,True,21.9,1.19211,1.19012,1.1923,1.18994,23.6,False,low,03:24,30.1,True,False,long,8.8,29.1,35.6,,,60.80714285714297,False
2021-06-30,Wednesday,240,180,False,1.19003,1.19022,1.1909,22:21,1.18964,21:20,False,12.6,1.18959,1.18859,1.19079,1.18849,23.0,False,low,02:00,51.4,True,False,long,13.7,49.2,91.3,,,62.70714285714288,False
2021-07-01,Thursday,239,180,False,1.18559,1.18504,1.18564,20:00,1.18464,20:56,True,10.0,1.18434,1.18444,1.186,1.18373,22.7,True,low,02:00,9.1,True,True,long,16.6,3.6,378.0,03:01,61.0,62.771428571428544,False
2021-07-02,Friday,239,180,False,1.18455,1.18427,1.18476,20:44,1.18405,22:56,True,7.1,1.18417,1.18277,1.1843,1.1822,21.0,False,low,02:00,33.5,True,True,long,7.3,33.3,264.8,08:33,393.0,56.807142857142765,False
2021-07-05,Monday,236,180,False,1.18556,1.1853,1.18626,21:29,1.18518,22:58,True,10.8,1.18533,1.18703,1.18732,1.18518,21.4,False,high,02:32,17.8,True,False,short,11.0,17.4,98.1,,,46.38571428571412,False
2021-07-06,Tuesday,240,180,False,1.18623,1.18735,1.18753,23:46,1.18583,21:02,False,17.0,1.18825,1.18452,1.18951,1.18424,52.7,True,high,02:00,19.8,True,True,short,27.9,12.5,366.5,04:16,136.0,50.63571428571421,False
2021-07-07,Wednesday,240,180,False,1.18222,1.18248,1.1825,22:02,1.18155,20:21,False,9.5,1.18303,1.18239,1.18321,1.18118,20.3,True,high,02:00,11.4,True,True,short,11.5,4.0,457.9,03:09,69.0,49.5428571428572,False
2021-07-08,Thursday,240,180,False,1.17928,1.17921,1.1795,21:44,1.17834,21:56,True,11.6,1.18055,1.18221,1.18251,1.17921,33.0,False,high,02:00,72.8,True,False,short,10.7,65.0,25.0,,,49.87142857142857,False
2021-07-09,Friday,239,180,False,1.18463,1.18393,1.18499,20:16,1.18341,23:28,True,15.8,1.18344,1.18321,1.18466,1.18249,21.7,False,low,02:00,9.2,True,True,long,17.9,7.4,257.6,05:54,234.0,49.68571428571418,False
2021-07-12,Monday,238,180,False,1.18722,1.18692,1.18802,21:30,1.18675,23:57,True,12.7,1.18673,1.18704,1.18797,1.18559,23.8,False,low,02:00,31.5,True,False,long,12.8,30.9,96.1,,,47.635714285714066,False
2021-07-13,Tuesday,239,180,False,1.18627,1.18696,1.18751,23:19,1.1862,21:06,False,13.1,1.18569,1.18496,1.18653,1.18411,24.2,False,low,02:00,70.3,True,False,long,6.5,67.1,25.2,,,53.128571428571036,False
2021-07-14,Wednesday,240,180,False,1.17747,1.17833,1.17853,23:38,1.17717,20:18,False,13.6,1.17884,1.17836,1.17993,1.178,19.3,False,high,02:00,42.7,True,False,short,11.9,40.2,69.1,,,54.59999999999973,False
2021-07-15,Thursday,240,180,False,1.18329,1.1832,1.18362,20:57,1.18211,22:12,True,15.1,1.18419,1.1849,1.18506,1.18257,24.9,False,high,02:00,14.4,True,True,short,22.7,7.8,215.9,06:49,289.0,55.23571428571421,False
2021-07-16,Friday,240,180,False,1.18114,1.18116,1.18168,20:13,1.18018,21:59,True,15.0,1.18101,1.18181,1.18195,1.1797,22.5,True,low,03:31,9.7,True,True,long,15.4,4.7,135.3,04:54,83.0,52.885714285714194,False
2021-07-19,Monday,238,180,False,1.18125,1.18045,1.18136,20:05,1.17978,21:46,True,15.8,1.18023,1.17731,1.18045,1.17652,39.3,False,low,02:57,34.2,True,True,long,15.3,35.2,168.4,09:28,391.0,50.22857142857123,False
2021-07-20,Tuesday,240,180,False,1.17917,1.17932,1.18021,22:31,1.17899,20:01,False,12.2,1.17841,1.17878,1.17949,1.17721,22.8,False,low,02:00,34.4,True,True,long,18.5,11.5,102.5,05:36,216.0,52.385714285713945,False
2021-07-21,Wednesday,238,180,False,1.17811,1.17748,1.17829,20:30,1.177,22:32,True,12.9,1.17668,1.17794,1.17821,1.17518,30.3,False,low,02:00,18.2,True,True,long,16.5,14.6,260.5,09:44,464.0,54.07857142857123,False
2021-07-22,Thursday,233,180,False,1.17925,1.17958,1.17983,22:11,1.17866,21:06,False,11.7,1.17929,1.17965,1.18019,1.17792,22.7,True,high,02:35,32.1,True,True,short,12.8,2.5,296.6,04:05,90.0,52.99999999999971,False
2021-07-23,Friday,237,180,False,1.17722,1.17696,1.17804,21:36,1.17694,23:58,True,11.0,1.17642,1.17745,1.17865,1.17627,23.8,True,low,02:00,15.0,True,True,long,17.0,1.6,155.5,04:11,131.0,51.37142857142824,False
2021-07-26,Monday,240,180,False,1.17729,1.17785,1.17786,23:59,1.17632,20:57,False,15.4,1.17831,1.17838,1.18001,1.17669,33.2,False,high,02:00,38.6,True,False,short,14.0,36.3,76.0,,,46.59999999999982,False
2021-07-27,Tuesday,239,180,False,1.18046,1.18052,1.1812,20:23,1.18008,23:24,True,11.2,1.18009,1.17776,1.18009,1.17698,31.1,False,low,02:00,31.0,True,True,long,14.3,28.2,323.2,08:18,378.0,50.592857142857106,False
2021-07-28,Wednesday,239,180,False,1.18205,1.18215,1.18274,23:13,1.18123,20:55,False,15.1,1.1818,1.18288,1.18303,1.18021,28.2,True,low,02:30,29.1,True,True,long,16.8,9.5,119.2,04:57,147.0,53.59285714285709,False
2021-07-29,Thursday,240,180,False,1.18453,1.18542,1.18578,23:08,1.18406,20:54,False,17.2,1.18555,1.18764,1.18793,1.18502,29.1,False,high,02:06,33.1,True,False,short,7.0,33.7,44.2,,,49.67857142857143,False
2021-07-30,Friday,240,180,False,1.18902,1.18781,1.18916,20:03,1.18776,23:52,True,14.0,1.18784,1.19066,1.19074,1.18749,32.5,True,low,02:23,26.1,True,True,long,15.1,2.2,220.7,03:21,58.0,49.26428571428569,False
2021-08-02,Monday,239,180,False,1.18662,1.18712,1.18727,23:33,1.18587,22:07,False,14.0,1.1872,1.18845,1.18883,1.18641,24.2,False,high,02:04,24.1,True,False,short,8.7,24.0,61.4,,,46.571428571428676,False
2021-08-03,Tuesday,240,180,False,1.18738,1.18744,1.18786,20:23,1.1868,21:31,True,10.6,1.18749,1.18838,1.18854,1.1871,14.4,False,high,02:10,14.6,True,True,short,11.1,15.0,236.8,09:38,448.0,48.264285714285805,False
2021-08-04,Wednesday,240,180,False,1.18693,1.18732,1.18754,23:15,1.18606,20:54,False,14.8,1.18716,1.18509,1.18798,1.18419,37.9,True,high,02:52,24.2,True,True,short,15.7,4.4,289.2,04:12,80.0,48.78571428571446,False
2021-08-05,Thursday,237,180,False,1.18373,1.18339,1.18392,21:55,1.18315,20:59,False,7.7,1.18365,1.1837,1.18496,1.18298,19.8,True,low,02:06,3.5,True,True,long,7.2,1.2,333.8,02:26,20.0,48.20000000000031,False
2021-08-06,Friday,238,179,False,1.18332,1.18231,1.18333,20:02,1.18185,23:06,True,14.8,1.18244,1.18109,1.18298,1.18074,22.4,False,low,04:23,63.6,True,False,long,4.8,59.6,5.4,,,49.82142857142872,False
2021-08-09,Monday,239,180,False,1.17477,1.17591,1.17608,22:58,1.17424,20:17,False,18.4,1.1758,1.17545,1.17666,1.175,16.6,False,high,02:03,8.1,True,True,short,17.5,9.7,110.3,11:00,537.0,46.27857142857152,False
2021-08-10,Tuesday,238,179,False,1.17359,1.17388,1.174,23:44,1.1732,21:57,False,8.0,1.17374,1.1732,1.17427,1.1726,16.7,True,high,02:29,2.7,True,True,short,10.2,2.3,381.3,03:30,61.0,47.550000000000175,False
2021-08-11,Wednesday,237,180,False,1.17195,1.17184,1.17255,23:01,1.17117,21:09,False,13.8,1.17172,1.17124,1.17183,1.17059,12.4,False,low,02:19,5.8,True,True,long,23.8,5.7,273.9,08:30,371.0,47.40000000000014,False
2021-08-12,Thursday,236,180,False,1.17415,1.17444,1.17449,23:59,1.17345,22:16,False,10.4,1.17411,1.17467,1.17481,1.17326,15.5,True,low,03:00,10.9,True,True,long,11.5,0.9,130.8,04:40,100.0,44.07142857142848,False
2021-08-13,Friday,239,180,False,1.17357,1.17395,1.17424,22:26,1.17327,20:54,False,9.7,1.17367,1.17421,1.17427,1.17302,12.5,True,low,02:57,2.5,True,True,long,10.1,2.4,702.1,04:50,113.0,43.25714285714282,False
2021-08-16,Monday,238,180,False,1.17939,1.179,1.18006,21:50,1.17898,23:44,True,10.8,1.17865,1.17871,1.17928,1.17786,14.2,False,low,02:00,22.6,True,False,long,2.6,23.0,27.8,,,38.78571428571429,False
2021-08-17,Tuesday,236,180,False,1.17776,1.17683,1.17776,20:00,1.17666,23:25,True,11.0,1.17701,1.17772,1.17846,1.17602,24.4,True,low,02:05,56.7,True,True,long,12.1,6.7,163.6,04:10,125.0,43.70714285714291,False
2021-08-18,Wednesday,240,180,False,1.17092,1.17164,1.17229,23:11,1.17075,20:02,False,15.4,1.17152,1.172,1.17294,1.17127,16.7,False,high,02:53,6.5,True,True,short,16.1,6.1,190.3,07:23,270.0,46.87857142857132,False
2021-08-19,Thursday,240,180,False,1.17027,1.16752,1.17037,20:00,1.16656,23:12,True,38.1,1.16723,1.16867,1.16972,1.16686,28.6,,none,,,,,,,,,,,46.57857142857126,False
2021-08-20,Friday,240,180,False,1.16762,1.16853,1.16873,23:22,1.16757,22:42,False,11.6,1.16869,1.1674,1.16873,1.16706,16.7,False,low,04:31,11.9,True,True,long,12.7,10.8,128.4,11:57,446.0,44.61428571428552,False
2021-08-23,Monday,238,180,False,1.16969,1.172,1.17236,23:39,1.1695,20:34,False,28.6,1.17169,1.17309,1.17319,1.17063,25.6,False,high,03:40,19.8,True,False,short,8.2,20.1,29.7,,,41.80714285714283,False
2021-08-24,Tuesday,233,180,False,1.17439,1.17376,1.17473,20:08,1.17341,22:03,True,13.2,1.17412,1.17285,1.17467,1.17272,19.5,False,low,03:36,6.9,True,True,long,16.8,6.6,234.1,08:42,306.0,43.16428571428586,False
2021-08-25,Wednesday,238,180,False,1.17527,1.17381,1.17575,20:05,1.17332,22:24,True,24.3,1.17427,1.17511,1.17594,1.17322,27.2,True,low,02:57,7.2,True,True,long,26.8,0.4,109.5,04:37,100.0,43.992857142857325,False
2021-08-26,Thursday,239,180,False,1.17716,1.17628,1.17736,20:05,1.1761,23:38,True,12.6,1.17651,1.17589,1.17746,1.17564,18.2,True,low,02:25,15.2,True,True,long,13.5,4.6,142.1,03:38,73.0,44.25714285714319,False
2021-08-27,Friday,239,180,False,1.17534,1.17595,1.17596,23:59,1.1742,20:40,False,17.6,1.17615,1.17509,1.17712,1.17503,20.9,False,high,02:00,42.6,True,True,short,23.2,8.1,140.9,09:10,430.0,45.628571428571696,False
2021-08-30,Monday,239,180,False,1.17982,1.18038,1.18097,22:18,1.17951,20:05,False,14.6,1.17993,1.17986,1.18053,1.17934,11.9,False,low,02:41,12.4,True,False,long,10.8,11.8,69.9,,,42.64285714285768,False
2021-08-31,Tuesday,236,180,False,1.17961,1.18193,1.18198,23:57,1.17952,20:03,False,24.6,1.18279,1.18201,1.18314,1.182,11.4,False,high,02:00,25.2,True,False,short,30.1,18.5,95.1,,,45.33571428571486,False
2021-09-01,Wednesday,240,180,False,1.18098,1.18043,1.18111,20:07,1.18001,22:39,True,11.0,1.17991,1.18138,1.18166,1.17935,23.1,True,low,02:00,6.6,True,True,long,13.2,4.6,518.2,02:59,59.0,47.91428571428637,False
2021-09-02,Thursday,240,180,False,1.18407,1.18377,1.1846,20:15,1.18367,22:05,True,9.3,1.18433,1.18455,1.18515,1.18398,11.7,False,high,02:04,24.8,True,True,short,10.1,9.4,104.3,08:41,397.0,45.564285714286356,False
2021-09-03,Friday,240,180,False,1.18736,1.18786,1.18842,22:08,1.18733,20:00,False,10.9,1.18793,1.18746,1.18826,1.18713,11.3,False,low,03:53,7.8,True,True,long,27.6,6.3,327.5,08:30,277.0,43.1642857142865,False
2021-09-06,Monday,240,180,False,1.18854,1.18678,1.18857,20:00,1.18648,23:37,True,20.9,1.18711,1.18639,1.1875,1.18602,14.8,False,low,03:26,9.1,True,False,long,8.7,6.7,30.1,,,41.35714285714369,False
2021-09-07,Tuesday,239,180,False,1.1873,1.18784,1.18851,21:25,1.18727,20:05,False,12.4,1.18715,1.18762,1.18822,1.18596,22.6,False,low,02:00,35.3,True,False,long,10.1,34.7,76.6,,,42.450000000000706,False
2021-09-08,Wednesday,240,180,False,1.18428,1.18421,1.18511,21:44,1.18403,20:13,False,10.8,1.18363,1.18214,1.18448,1.18162,28.6,False,low,02:00,38.4,True,False,long,8.7,34.2,41.7,,,42.38571428571488,False
2021-09-09,Thursday,240,180,False,1.18186,1.18181,1.18252,22:58,1.18122,20:51,False,13.0,1.18128,1.18338,1.18359,1.18119,24.0,True,low,02:02,7.1,True,True,long,12.1,1.6,223.1,03:25,83.0,42.2642857142863,False
2021-09-10,Friday,239,180,False,1.1823,1.18302,1.18329,23:07,1.18186,21:26,False,14.3,1.18273,1.18477,1.1851,1.18245,26.5,False,high,03:09,18.1,True,True,short,15.3,17.2,102.8,11:56,527.0,41.78571428571491,False
2021-09-13,Monday,240,180,False,1.18114,1.18048,1.18127,20:03,1.18021,21:58,True,10.6,1.17933,1.17894,1.1795,1.17748,20.2,False,low,02:00,32.1,True,True,long,20.8,22.0,139.6,11:29,569.0,38.79285714285767,False
2021-09-14,Tuesday,240,180,False,1.18095,1.18155,1.18188,22:50,1.18054,20:25,False,13.4,1.18129,1.18211,1.18299,1.18066,23.3,False,high,03:05,27.0,True,True,short,14.1,10.9,140.3,06:43,218.0,40.64285714285758,False
2021-09-15,Wednesday,240,180,False,1.18024,1.18061,1.18119,21:43,1.18007,20:36,False,11.2,1.18058,1.18261,1.18287,1.17991,29.6,True,low,02:36,1.6,True,True,long,11.9,1.5,277.7,03:19,43.0,40.32857142857171,False
2021-09-16,Thursday,236,180,False,1.18189,1.18121,1.18204,20:47,1.18119,23:51,True,8.5,1.18026,1.17726,1.18072,1.17721,35.1,False,low,02:00,61.5,True,False,long,3.9,52.9,-55.3,,,41.30714285714305,False
2021-09-17,Friday,239,180,False,1.17647,1.17688,1.177,23:51,1.17586,21:02,False,11.4,1.17702,1.17771,1.17849,1.17684,16.5,False,high,02:00,18.8,True,True,short,11.9,19.0,362.3,09:26,446.0,41.42857142857146,False
2021-09-20,Monday,236,180,False,1.17293,1.17106,1.17296,20:00,1.17097,23:47,True,19.9,1.17167,1.17095,1.17182,1.17051,13.1,False,low,03:18,9.6,True,True,long,20.2,9.9,134.2,10:48,450.0,39.078571428571294,False
2021-09-21,Tuesday,237,180,False,1.17267,1.17319,1.17399,22:05,1.17232,21:06,False,16.7,1.17335,1.1734,1.17374,1.17183,19.1,False,low,03:39,8.5,True,True,long,16.9,5.7,152.1,07:39,240.0,39.97142857142842,False
2021-09-22,Wednesday,238,180,False,1.17228,1.172,1.17304,21:34,1.17164,21:06,False,14.0,1.17223,1.17342,1.17374,1.17167,20.7,False,high,03:08,14.5,True,False,short,7.8,13.0,45.0,,,43.02142857142858,False
2021-09-23,Thursday,240,180,False,1.16871,1.17067,1.17092,23:55,1.16834,20:31,False,25.8,1.17092,1.17208,1.17291,1.17057,23.4,False,high,02:01,40.8,True,False,short,2.3,42.0,13.6,,,42.92142857142856,False
2021-09-24,Friday,239,180,False,1.17397,1.1741,1.17476,20:55,1.17377,22:19,True,9.9,1.17368,1.1736,1.17414,1.17309,10.5,False,low,02:00,37.2,True,False,long,1.3,39.6,37.4,,,42.807142857142885,False
2021-09-27,Monday,240,180,False,1.17224,1.17221,1.1725,21:57,1.17165,21:01,False,8.5,1.17204,1.16893,1.17228,1.16846,38.2,False,low,02:06,31.9,True,False,long,4.7,32.0,56.5,,,40.82857142857118,False
2021-09-28,Tuesday,238,180,False,1.16956,1.16916,1.16967,20:03,1.1685,21:26,True,11.7,1.16986,1.16805,1.17012,1.1672,29.2,True,high,02:00,4.5,True,True,short,13.8,2.4,243.6,02:25,25.0,42.34999999999973,False
2021-09-29,Wednesday,240,180,False,1.16858,1.16848,1.169,22:24,1.16779,21:34,False,12.1,1.16826,1.16636,1.16858,1.16564,29.4,False,low,02:41,68.2,True,False,long,6.6,69.0,61.2,,,45.89285714285677,False
2021-09-30,Thursday,240,180,False,1.16015,1.16039,1.16085,23:05,1.15977,20:03,False,10.8,1.1595,1.16041,1.16096,1.15914,18.2,True,low,02:00,29.9,True,True,long,10.9,6.2,110.2,03:38,98.0,45.992857142856785,False
2021-10-01,Friday,240,180,False,1.15735,1.15757,1.15791,22:42,1.15628,21:02,False,16.3,1.15768,1.15784,1.15913,1.15751,16.2,False,high,02:05,28.1,True,False,short,6.5,28.3,41.1,,,46.14285714285682,False
2021-10-04,Monday,240,180,False,1.16065,1.15891,1.16136,20:12,1.15876,23:47,True,26.0,1.1598,1.16124,1.16157,1.1596,19.7,False,high,04:01,26.4,True,False,short,7.8,26.6,30.8,,,42.499999999999595,False
2021-10-05,Tuesday,239,180,False,1.16161,1.15987,1.16198,20:12,1.15981,23:53,True,21.7,1.15943,1.15987,1.16049,1.1592,12.9,False,low,02:00,17.7,True,False,long,17.9,14.8,69.1,,,43.349999999999774,False
2021-10-06,Wednesday,238,180,False,1.15954,1.15935,1.15977,20:04,1.15878,21:54,True,9.9,1.1582,1.1552,1.15839,1.15509,33.0,False,low,02:00,58.7,True,False,long,1.8,53.0,-39.4,,,45.11428571428531,False
2021-10-07,Thursday,239,180,False,1.15548,1.15555,1.1561,20:54,1.15511,21:25,True,9.9,1.15493,1.156,1.15705,1.15489,21.6,True,low,02:00,3.7,True,True,long,12.9,1.1,211.1,02:35,35.0,44.44999999999953,False
2021-10-08,Friday,238,180,False,1.15591,1.15522,1.15596,20:01,1.15496,23:32,True,10.0,1.1542,1.15535,1.15563,1.15416,14.7,False,low,02:00,8.0,True,True,long,16.6,2.0,365.0,05:07,187.0,42.49999999999928,False
2021-10-11,Monday,240,180,False,1.15655,1.15722,1.15792,21:40,1.15649,20:00,False,14.3,1.15735,1.15698,1.15867,1.15641,22.6,True,high,02:01,7.5,True,True,short,15.9,6.0,189.5,04:25,144.0,40.278571428570906,False
2021-10-12,Tuesday,238,180,False,1.15533,1.15595,1.15607,23:57,1.15471,20:38,False,13.6,1.15612,1.15619,1.15703,1.15552,15.1,False,high,02:00,9.6,True,True,short,18.2,8.2,202.2,08:28,388.0,42.84999999999951,False
2021-10-13,Wednesday,240,180,False,1.15305,1.15513,1.15556,22:21,1.15299,20:00,False,25.7,1.15503,1.15563,1.15602,1.15454,14.8,False,high,03:39,23.0,True,False,short,19.5,23.0,75.9,,,44.614285714285366,False
2021-10-14,Thursday,240,180,False,1.15966,1.15938,1.16009,20:15,1.15886,22:04,True,12.3,1.15892,1.1616,1.16187,1.15888,29.9,False,high,02:43,23.3,True,True,short,12.9,22.9,138.2,10:41,478.0,44.999999999999645,False
2021-10-15,Friday,237,180,False,1.15903,1.16079,1.16116,23:08,1.15881,20:25,False,23.5,1.16052,1.16031,1.16185,1.15993,19.2,False,high,02:51,6.9,True,False,short,22.2,7.6,97.4,,,40.09999999999973,False
2021-10-18,Monday,238,180,False,1.15965,1.15818,1.15977,20:02,1.15812,23:59,True,16.5,1.15782,1.15806,1.15961,1.15717,24.4,False,low,02:00,9.5,True,True,long,18.1,8.0,192.7,07:59,359.0,41.30714285714258,False
2021-10-19,Tuesday,238,180,False,1.16133,1.16466,1.16466,23:59,1.1613,20:00,False,33.6,1.16499,1.16601,1.16609,1.16447,16.2,False,high,02:00,22.7,True,False,short,21.3,17.9,49.1,,,42.4285714285712,False
2021-10-20,Wednesday,239,180,False,1.16313,1.16438,1.16475,21:38,1.16276,20:35,False,19.9,1.16449,1.16258,1.16462,1.16168,29.4,False,low,03:29,10.8,True,True,long,23.2,8.1,121.6,09:59,390.0,42.42857142857135,False
2021-10-21,Thursday,239,180,False,1.16522,1.16647,1.16674,23:03,1.1651,20:01,False,16.4,1.1652,1.16419,1.16567,1.16341,22.6,False,low,02:00,19.9,True,False,long,4.0,21.6,34.8,,,43.357142857142684,False
2021-10-22,Friday,240,180,False,1.16249,1.1627,1.16318,21:36,1.1621,20:55,False,10.8,1.16266,1.16411,1.16465,1.16232,23.3,False,high,02:25,23.8,True,False,short,8.2,22.9,67.6,,,41.164285714285604,False
2021-10-25,Monday,240,180,False,1.16393,1.16638,1.16648,23:55,1.16389,20:01,False,25.9,1.16569,1.16498,1.16644,1.1641,23.4,,none,,,,,,,,,,,43.592857142857234,False
2021-10-26,Tuesday,238,180,False,1.16087,1.16008,1.16101,20:00,1.15968,23:19,True,13.3,1.16027,1.16085,1.16133,1.15941,19.2,True,low,03:04,12.0,True,True,long,14.2,2.9,217.3,04:19,75.0,45.4000000000002,False
2021-10-27,Wednesday,239,180,False,1.15962,1.16014,1.16043,20:30,1.15958,20:00,False,8.5,1.1596,1.15948,1.1613,1.15919,21.1,True,low,02:00,10.9,True,True,long,9.1,0.8,354.1,02:33,33.0,45.500000000000064,False
2021-10-28,Thursday,239,180,False,1.15984,1.16057,1.16096,22:51,1.15892,21:10,False,20.4,1.16008,1.159,1.16144,1.15832,31.2,True,high,03:38,82.5,True,True,short,25.6,5.6,134.8,04:51,73.0,50.06428571428586,False
2021-10-29,Friday,238,180,False,1.16821,1.16764,1.16899,20:15,1.1673,22:42,True,16.9,1.16677,1.16504,1.16757,1.16491,26.6,False,low,02:00,127.6,True,False,long,6.8,123.5,16.0,,,55.59285714285735,False
2021-11-01,Monday,238,180,False,1.15551,1.15513,1.15603,20:11,1.1546,23:35,True,14.3,1.1555,1.15656,1.15751,1.15472,27.9,False,high,02:57,33.7,True,False,short,7.3,30.0,25.2,,,56.30000000000024,False
2021-11-02,Tuesday,239,180,False,1.1597,1.16037,1.16084,23:44,1.1595,20:36,False,13.4,1.16043,1.15984,1.16133,1.15859,27.4,True,high,02:17,4.9,True,True,short,16.1,3.6,248.5,03:49,92.0,57.33571428571448,False
2021-11-03,Wednesday,237,180,False,1.15797,1.15835,1.15874,21:57,1.15772,20:28,False,10.2,1.15825,1.15927,1.15977,1.15784,19.3,False,high,02:17,10.3,True,True,short,11.1,10.2,247.1,08:13,356.0,55.857142857143046,False
2021-11-04,Thursday,239,180,False,1.16124,1.15907,1.16125,20:00,1.15907,23:59,True,21.8,1.15778,1.15527,1.15819,1.15474,34.5,False,low,02:00,62.5,True,False,long,2.6,51.1,-40.4,,,57.44285714285741,False
2021-11-05,Friday,240,180,False,1.15514,1.15574,1.15576,23:59,1.15409,22:08,False,16.7,1.15543,1.15425,1.15629,1.15392,23.7,True,high,02:06,8.9,True,True,short,18.5,5.1,265.9,04:27,141.0,58.107142857143195,False
2021-11-08,Monday,238,180,False,1.15605,1.1561,1.15631,23:55,1.15531,21:15,False,10.0,1.15636,1.1561,1.1576,1.15503,25.7,True,high,02:00,31.8,True,True,short,14.9,0.1,128.0,02:37,37.0,57.11428571428605,False
2021-11-09,Tuesday,239,180,False,1.1581,1.15968,1.15992,23:55,1.1577,20:56,False,22.2,1.15971,1.15935,1.16031,1.15801,23.0,False,high,02:01,9.5,True,True,short,22.9,3.8,132.4,07:11,310.0,57.80714285714329,False
2021-11-10,Wednesday,238,180,False,1.15911,1.1584,1.15951,20:18,1.15815,23:29,True,13.6,1.15798,1.15776,1.15822,1.15577,24.5,False,low,02:00,70.4,True,False,long,3.4,67.7,5.1,,,61.09285714285754,False
2021-11-11,Thursday,240,180,False,1.14799,1.14804,1.14845,21:03,1.14647,22:06,True,19.8,1.14798,1.14631,1.14821,1.14538,28.3,False,low,02:57,10.9,True,False,long,12.7,10.5,62.1,,,61.67142857142879,False
2021-11-12,Friday,237,180,False,1.14408,1.14416,1.14429,20:00,1.14359,20:36,True,7.0,1.1445,1.14423,1.14559,1.14374,18.5,False,high,02:00,19.1,True,True,short,9.2,13.9,144.3,09:31,451.0,60.82857142857167,False
2021-11-15,Monday,237,180,False,1.14458,1.14555,1.14638,21:00,1.14425,20:18,False,21.3,1.14584,1.14485,1.14612,1.14367,24.5,False,low,03:40,27.5,True,False,long,13.9,27.6,65.7,,,52.071428571428704,False
2021-11-16,Tuesday,240,180,False,1.13734,1.13836,1.13856,21:39,1.1371,20:34,False,14.6,1.13778,1.1361,1.13797,1.13577,22.0,False,low,02:27,41.3,True,False,long,8.5,41.5,59.6,,,59.40714285714299,False
2021-11-17,Wednesday,240,180,False,1.1322,1.12981,1.13267,20:31,1.12635,22:42,True,63.2,1.13021,1.13125,1.13211,1.12977,23.4,,none,,,,,,,,,,,58.300000000000175,False
2021-11-18,Thursday,240,180,False,1.1323,1.13251,1.13379,21:18,1.13183,20:15,False,19.6,1.13192,1.13317,1.13396,1.13144,25.2,True,low,02:00,3.9,True,True,long,22.4,1.6,208.2,02:54,54.0,59.85714285714308,False
2021-11-19,Friday,238,180,False,1.13646,1.13522,1.13653,20:03,1.13518,23:59,True,13.5,1.13587,1.1299,1.13587,1.12827,76.0,False,low,02:53,101.9,True,False,long,2.3,101.0,10.4,,,63.87857142857167,False
2021-11-22,Monday,240,180,False,1.12805,1.1278,1.12896,20:33,1.12648,20:58,True,24.8,1.12664,1.12801,1.12877,1.12598,27.9,False,low,02:07,28.8,True,True,long,27.9,2.7,103.2,05:34,207.0,61.492857142857304,False
2021-11-23,Tuesday,239,180,False,1.12405,1.1236,1.12436,20:12,1.12259,21:19,True,17.7,1.12406,1.12592,1.1275,1.12339,41.1,False,high,02:20,31.4,True,False,short,9.6,31.2,53.1,,,63.40000000000028,False
2021-11-24,Wednesday,238,180,False,1.12421,1.12427,1.12456,20:19,1.12325,22:56,True,13.1,1.12471,1.12077,1.12552,1.12051,50.1,True,high,02:00,9.6,True,True,short,16.9,9.0,455.7,03:56,116.0,64.85714285714316,False
2021-11-25,Thursday,236,180,False,1.12102,1.12142,1.12181,22:25,1.12058,20:35,False,12.3,1.12136,1.12231,1.12262,1.12126,13.6,False,high,02:04,11.5,True,False,short,10.3,11.9,87.0,,,63.8000000000002,False
2021-11-26,Friday,240,180,False,1.12178,1.12209,1.12272,22:05,1.12122,21:10,False,15.0,1.12311,1.12644,1.12788,1.12274,51.4,False,high,02:00,94.0,True,False,short,1.3,92.5,-1.3,,,63.035714285714555,False
2021-11-29,Monday,240,180,False,1.12895,1.12727,1.129,20:02,1.12727,23:59,True,17.3,1.12719,1.12859,1.12903,1.12601,30.2,True,low,02:00,14.4,True,True,long,22.0,8.0,127.2,04:24,144.0,63.66428571428598,False
2021-11-30,Tuesday,239,180,False,1.12893,1.12962,1.13046,21:59,1.12871,20:03,False,17.5,1.13228,1.13634,1.13665,1.1312,54.5,False,high,02:00,78.2,True,True,short,46.6,60.5,398.3,10:52,532.0,72.60000000000012,False
2021-12-01,Wednesday,240,180,False,1.13313,1.13315,1.1333,20:01,1.13163,21:33,True,16.7,1.13322,1.13253,1.13596,1.13025,57.1,True,high,02:00,26.6,True,True,short,27.3,22.5,182.6,03:34,94.0,69.05000000000018,False
2021-12-02,Thursday,237,180,False,1.13157,1.13225,1.13392,21:33,1.13157,20:00,False,23.5,1.13215,1.13245,1.13274,1.13071,20.3,False,low,02:17,10.7,True,True,long,25.3,8.7,135.7,06:37,260.0,64.47857142857164,False
2021-12-03,Friday,239,180,False,1.13008,1.12975,1.13021,20:47,1.12907,20:18,False,11.4,1.12829,1.12974,1.12995,1.12815,18.0,False,low,02:00,24.2,True,True,long,20.6,1.8,373.7,05:12,192.0,65.94285714285728,False
2021-12-06,Monday,239,180,False,1.12933,1.12878,1.12964,21:04,1.12877,23:59,True,8.7,1.12803,1.12973,1.12995,1.12747,24.8,True,low,02:00,21.4,True,True,long,17.1,5.2,257.5,04:48,168.0,58.67142857142865,False
2021-12-07,Tuesday,238,180,False,1.12797,1.12881,1.12929,23:02,1.12758,20:03,False,17.1,1.12939,1.12745,1.12984,1.12535,44.9,True,high,02:00,5.5,True,True,short,17.2,6.8,382.5,03:56,116.0,61.885714285714315,False
2021-12-08,Wednesday,238,180,False,1.12739,1.12907,1.12935,22:03,1.12729,20:06,False,20.6,1.12887,1.1285,1.12937,1.12785,15.2,False,high,02:52,45.2,True,True,short,20.6,0.7,130.1,05:17,145.0,63.56428571428564,False
2021-12-09,Thursday,238,180,False,1.13396,1.1336,1.13396,20:00,1.13293,22:15,True,10.3,1.13281,1.1319,1.13309,1.13154,15.5,False,low,02:00,51.0,True,False,long,3.0,49.6,15.5,,,64.57142857142843,False
2021-12-10,Friday,240,180,False,1.12889,1.12989,1.13015,21:59,1.12868,20:04,False,14.7,1.12976,1.12821,1.12979,1.12805,17.4,False,low,02:20,21.7,True,True,long,22.6,21.9,252.4,08:33,373.0,63.82142857142844,False
2021-12-13,Monday,240,180,False,1.13082,1.12946,1.13131,20:45,1.12921,23:48,True,21.0,1.12851,1.12683,1.12928,1.126,32.8,False,low,02:00,32.1,True,False,long,12.0,25.7,26.7,,,59.57857142857142,False
2021-12-14,Tuesday,238,180,False,1.12776,1.12774,1.12837,22:04,1.12713,22:54,True,12.4,1.12772,1.13012,1.13043,1.12662,38.1,True,low,02:59,6.5,True,True,long,13.2,4.4,423.4,03:47,48.0,61.69285714285702,False
2021-12-15,Wednesday,235,180,False,1.1265,1.12639,1.12697,20:45,1.12575,22:28,True,12.2,1.12753,1.12715,1.12771,1.12628,14.3,False,high,02:00,7.4,True,True,short,18.9,2.4,177.9,08:28,388.0,63.92857142857137,False
2021-12-16,Thursday,240,180,False,1.12829,1.12863,1.12907,21:15,1.12818,20:00,False,8.9,1.12915,1.13133,1.1319,1.12901,28.9,False,high,02:00,69.6,True,False,short,0.9,69.3,6.7,,,58.85714285714304,False
2021-12-17,Friday,240,180,False,1.13284,1.13354,1.13359,23:59,1.13202,21:02,False,15.7,1.13335,1.13342,1.13397,1.1317,22.7,True,low,02:48,53.5,True,True,long,16.7,3.2,124.2,03:34,46.0,62.90714285714308,False
2021-12-20,Monday,240,180,False,1.12497,1.12492,1.1251,23:57,1.12363,21:07,False,14.7,1.12519,1.1262,1.12741,1.12471,27.0,False,high,02:00,52.7,True,False,short,0.1,56.5,26.5,,,59.300000000000225,False
2021-12-21,Tuesday,237,180,False,1.12778,1.12803,1.12869,21:59,1.12738,20:04,False,13.1,1.12786,1.1295,1.13026,1.12759,26.7,False,high,02:28,15.7,True,True,short,13.7,15.2,200.0,09:33,425.0,60.49285714285757,False
2021-12-22,Wednesday,239,180,False,1.12822,1.12737,1.1294,20:47,1.12706,23:46,True,23.4,1.12666,1.12829,1.12852,1.12644,20.8,False,low,02:00,6.2,True,True,long,28.5,2.9,306.4,05:23,203.0,62.928571428571786,False
2021-12-23,Thursday,235,180,False,1.1337,1.13392,1.13422,20:59,1.1334,20:08,False,8.2,1.13358,1.13205,1.13391,1.13106,28.5,False,low,02:26,44.0,True,False,long,2.5,43.3,22.0,,,61.56428571428602,False
2021-12-24,Friday,240,178,False,1.13253,1.1334,1.13346,23:59,1.13232,20:10,False,11.4,1.13295,1.13401,1.13414,1.13292,12.2,False,high,03:26,8.7,True,True,short,11.6,8.5,243.9,07:56,270.0,58.15000000000047,False
2021-12-27,Monday,235,180,False,1.13178,1.13186,1.13248,23:05,1.13162,20:01,False,8.6,1.13165,1.13083,1.13344,1.13028,31.6,True,high,02:37,9.6,True,True,short,9.5,9.2,255.8,03:32,55.0,53.41428571428624,False
2021-12-28,Tuesday,234,180,False,1.13306,1.13268,1.13312,20:00,1.13181,21:26,True,13.1,1.13254,1.13307,1.13309,1.13156,15.3,False,low,02:59,28.6,True,True,long,15.6,1.7,114.5,05:00,121.0,54.592857142857774,False
2021-12-29,Wednesday,238,179,False,1.13101,1.1304,1.13116,20:02,1.12974,20:40,True,14.2,1.13003,1.12798,1.13026,1.12737,28.9,False,low,02:20,23.7,True,True,long,14.4,24.1,502.8,08:22,362.0,58.021428571428984,False
2021-12-30,Thursday,238,180,False,1.1351,1.13326,1.13514,20:00,1.13319,23:53,True,19.5,1.13169,1.13015,1.13236,1.12997,23.9,False,low,02:00,33.5,True,False,long,26.0,20.0,64.1,,,56.28571428571474,False
2021-12-31,Friday,232,179,False,1.13267,1.13174,1.13285,20:00,1.13143,22:50,True,14.2,1.13154,1.13284,1.13362,1.13032,33.0,True,low,02:01,11.1,True,True,long,16.8,10.6,459.9,04:18,137.0,56.678571428571935,False
2022-01-03,Monday,237,180,False,1.13619,1.13403,1.13651,20:22,1.13385,23:56,True,26.6,1.1343,1.13516,1.13563,1.13349,21.4,False,low,02:26,55.7,True,True,long,26.4,4.0,103.8,06:20,234.0,52.06428571428596,False
2022-01-04,Tuesday,240,180,False,1.13056,1.13005,1.13094,21:45,1.12953,22:25,True,14.1,1.12929,1.13019,1.13083,1.12831,25.2,False,low,02:00,23.2,True,True,long,21.8,20.6,192.2,10:26,506.0,54.471428571428724,False
2022-01-05,Wednesday,239,180,False,1.12773,1.12887,1.12967,22:50,1.12773,20:00,False,19.4,1.12956,1.13062,1.13109,1.12946,16.3,False,high,02:00,47.4,True,False,short,1.4,48.1,10.8,,,54.6428571428573,False
2022-01-06,Thursday,240,180,False,1.13082,1.13122,1.13205,21:58,1.13048,20:11,False,15.7,1.12969,1.13051,1.13092,1.12845,24.7,False,low,02:00,20.3,True,True,long,25.3,12.0,172.0,05:18,198.0,55.02857142857158,False
2022-01-07,Friday,237,180,False,1.12958,1.13006,1.13031,23:47,1.1295,21:40,False,8.1,1.12989,1.13146,1.13174,1.1298,19.4,False,high,02:11,53.9,True,True,short,9.3,15.3,134.6,08:12,361.0,54.642857142857466,False
2022-01-10,Monday,238,180,False,1.13549,1.13341,1.13563,20:21,1.13332,23:58,True,23.1,1.13333,1.13265,1.13444,1.13205,23.9,False,low,02:01,48.5,True,False,long,12.4,47.3,48.5,,,54.264285714285776,False
2022-01-11,Tuesday,236,180,False,1.13328,1.13407,1.13436,21:28,1.13321,20:07,False,11.5,1.13365,1.13332,1.13518,1.13287,23.1,True,high,02:24,24.9,True,True,short,13.8,7.8,266.1,04:45,141.0,57.41428571428579,False
2022-01-12,Wednesday,237,180,False,1.13707,1.13725,1.13755,22:25,1.1364,20:30,False,11.5,1.13642,1.13673,1.13735,1.13549,18.6,False,low,02:00,9.3,True,True,long,12.9,9.3,590.4,08:30,390.0,62.15000000000002,False
2022-01-13,Thursday,240,180,False,1.14411,1.14421,1.14471,23:54,1.14357,20:56,False,11.4,1.14385,1.14712,1.14782,1.14384,39.8,False,high,02:21,34.6,True,False,short,1.0,34.6,8.8,,,62.13571428571421,False
2022-01-14,Friday,239,180,False,1.14563,1.14736,1.14765,23:45,1.1456,20:00,False,20.5,1.14696,1.14581,1.14746,1.14573,17.3,,none,,,,,,,,,,,61.36428571428566,False
2022-01-17,Monday,239,180,False,1.14076,1.14188,1.14212,23:44,1.14,20:34,False,21.2,1.14124,1.14238,1.14344,1.14122,22.2,False,high,02:28,13.2,True,True,short,23.5,12.3,139.2,07:57,329.0,57.19285714285719,False
2022-01-18,Tuesday,240,180,False,1.14187,1.14015,1.14214,22:10,1.13849,22:54,True,36.5,1.1401,1.13948,1.14057,1.13859,19.8,,none,,,,,,,,,,,60.86428571428587,False
2022-01-19,Wednesday,239,180,False,1.13292,1.13301,1.13313,23:39,1.13187,20:34,False,12.6,1.13339,1.13399,1.13482,1.13289,19.3,False,high,02:00,25.8,True,False,short,6.4,21.8,19.0,,,57.4214285714287,False
2022-01-20,Thursday,240,180,False,1.13508,1.13505,1.13651,20:33,1.13483,23:11,True,16.8,1.13498,1.13474,1.13688,1.13432,25.6,True,high,02:43,3.7,True,True,short,17.1,3.4,217.9,04:15,92.0,58.678571428571544,False
2022-01-21,Friday,239,180,False,1.13037,1.13243,1.1335,21:59,1.13009,20:03,False,34.1,1.1329,1.13391,1.13452,1.13225,22.7,False,high,02:25,24.6,True,False,short,12.5,24.6,36.7,,,57.12857142857155,False
2022-01-24,Monday,236,180,False,1.13386,1.13296,1.13394,20:06,1.13274,22:44,True,12.0,1.13232,1.13252,1.13363,1.13093,27.0,False,low,02:00,37.0,True,False,long,13.5,32.4,74.2,,,53.10714285714264,False
2022-01-25,Tuesday,240,180,False,1.13198,1.13117,1.13234,20:14,1.13089,22:15,True,14.5,1.13057,1.12876,1.13156,1.12844,31.2,False,low,02:00,45.8,True,False,long,11.2,41.3,46.2,,,54.92857142857125,False
2022-01-26,Wednesday,236,179,False,1.13033,1.13016,1.13107,21:44,1.13006,23:56,True,10.1,1.12935,1.12867,1.12971,1.12833,13.8,False,low,02:00,29.1,True,False,long,3.8,21.8,-34.7,,,56.85714285714278,False
2022-01-27,Thursday,240,180,False,1.12339,1.12222,1.12344,20:00,1.12185,23:48,True,15.9,1.12191,1.11963,1.12191,1.11931,26.0,False,low,02:00,87.3,True,False,long,2.7,85.2,3.8,,,58.885714285714016,False
2022-01-28,Friday,240,180,False,1.11465,1.1152,1.11558,22:23,1.1143,20:41,False,12.8,1.11466,1.11325,1.1147,1.11213,25.7,False,low,02:09,21.7,True,True,long,17.7,21.3,238.3,08:36,387.0,55.62142857142833,False
2022-01-31,Monday,238,180,False,1.11452,1.11616,1.11636,23:42,1.11445,20:06,False,19.1,1.11663,1.11746,1.11823,1.11605,21.8,False,high,02:00,54.2,True,False,short,20.6,51.0,91.1,,,55.585714285714126,False
2022-02-01,Tuesday,240,180,False,1.12238,1.1243,1.12447,23:56,1.12214,20:10,False,23.3,1.12346,1.12611,1.12694,1.12346,34.8,False,high,02:36,33.9,True,False,short,9.7,34.7,45.1,,,57.24285714285689,False
2022-02-02,Wednesday,234,180,False,1.12711,1.12745,1.12778,21:37,1.12705,22:58,True,7.3,1.12691,1.12931,1.12942,1.1268,26.2,True,low,02:00,2.5,True,True,long,9.7,0.1,815.1,02:21,21.0,58.24285714285695,False
2022-02-03,Thursday,239,180,False,1.12961,1.12967,1.13082,22:35,1.12929,20:20,False,15.3,1.12911,1.12841,1.13024,1.12837,18.7,False,low,02:00,25.7,True,True,long,17.4,24.7,1035.9,08:38,398.0,66.35714285714252,False
2022-02-04,Friday,240,180,False,1.14458,1.1466,1.14719,23:41,1.14446,20:00,False,27.3,1.14565,1.14632,1.14686,1.14397,28.9,False,low,03:10,33.1,True,True,long,25.5,8.0,143.2,05:09,119.0,68.78571428571385,False
2022-02-07,Monday,240,180,False,1.14529,1.14385,1.14537,20:04,1.14247,22:06,True,29.0,1.14312,1.14233,1.14492,1.14151,34.1,False,low,04:12,9.6,True,True,long,32.8,9.5,117.2,07:49,217.0,67.23571428571384,False
2022-02-08,Tuesday,239,180,False,1.14425,1.14236,1.14487,20:27,1.14215,23:54,True,27.2,1.14197,1.14056,1.14206,1.13961,24.5,False,low,02:00,25.4,True,False,long,14.2,23.2,44.1,,,68.64999999999962,False
2022-02-09,Wednesday,239,180,False,1.14132,1.14268,1.14323,22:09,1.1412,20:00,False,20.3,1.14178,1.14264,1.14278,1.14024,25.4,False,low,02:26,9.6,True,True,long,21.9,9.6,167.0,05:11,165.0,68.60714285714268,False
2022-02-10,Thursday,240,180,False,1.1417,1.1425,1.14314,23:05,1.14169,20:12,False,14.5,1.14226,1.14434,1.14463,1.14194,26.9,False,high,03:01,63.4,True,True,short,29.3,13.8,390.3,08:30,329.0,73.42857142857126,False
2022-02-11,Friday,240,180,False,1.13997,1.13808,1.14068,21:31,1.13749,23:53,True,31.9,1.13756,1.13861,1.13979,1.13725,25.4,False,low,02:06,2.4,True,True,long,31.2,3.9,135.1,07:13,307.0,73.54999999999984,False
2022-02-14,Monday,240,180,False,1.13622,1.1345,1.1365,20:05,1.13405,21:25,True,24.5,1.13441,1.1312,1.13497,1.13037,46.0,False,low,02:04,49.0,True,False,long,11.5,46.7,37.6,,,70.81428571428556,False
2022-02-15,Tuesday,240,180,False,1.13115,1.1319,1.13224,22:48,1.13084,20:54,False,14.0,1.13218,1.13461,1.13501,1.13093,40.8,False,high,02:00,45.7,True,False,short,12.3,46.5,93.6,,,73.18571428571411,False
2022-02-16,Wednesday,239,180,False,1.13569,1.13477,1.13569,20:00,1.13449,21:37,True,12.0,1.13634,1.13774,1.13953,1.13631,32.2,False,high,02:00,38.4,True,False,short,11.5,30.7,31.7,,,71.12142857142837,False
2022-02-17,Thursday,240,180,False,1.13795,1.13422,1.13848,21:53,1.1323,23:04,True,61.8,1.13602,1.13613,1.1386,1.13429,43.1,False,high,03:20,1.2,True,False,short,40.8,2.3,67.8,,,71.08571428571416,False
2022-02-18,Friday,239,180,False,1.13593,1.13636,1.13712,21:09,1.13577,20:01,False,13.5,1.13707,1.13709,1.13769,1.13638,13.1,False,high,02:11,5.7,True,True,short,13.0,6.2,419.3,06:11,240.0,71.04285714285706,False
2022-02-21,Monday,239,180,False,1.13326,1.13621,1.13679,22:28,1.13279,20:04,False,40.0,1.13689,1.13634,1.13905,1.13539,36.6,False,high,02:00,22.6,True,True,short,42.8,20.8,118.5,08:25,385.0,62.50714285714283,False
2022-02-22,Tuesday,240,180,False,1.13136,1.12984,1.1316,20:01,1.1288,22:39,True,28.0,1.13041,1.13193,1.13367,1.12925,44.2,False,high,03:15,50.7,True,False,short,6.2,52.0,26.8,,,64.95714285714287,False
2022-02-23,Wednesday,238,180,False,1.1333,1.13254,1.13387,21:04,1.13199,22:09,True,18.8,1.13221,1.13557,1.13588,1.13159,42.9,True,low,02:01,14.1,True,True,long,19.7,3.7,206.9,02:38,37.0,72.59285714285721,False
2022-02-24,Thursday,240,180,False,1.12763,1.12453,1.12942,20:56,1.12083,23:16,True,85.9,1.12449,1.12112,1.12624,1.12088,53.6,,none,,,,,,,,,,,81.07857142857142,False
2022-02-25,Friday,240,180,False,1.12018,1.12214,1.12285,23:33,1.11895,20:05,False,39.0,1.12017,1.11813,1.1222,1.11695,52.5,False,low,03:11,23.6,True,True,long,46.9,24.1,198.5,07:53,282.0,85.5571428571427,False
2022-02-28,Monday,240,180,False,1.11818,1.11458,1.11859,20:00,1.11421,23:49,True,43.8,1.11587,1.11779,1.12,1.11555,44.5,False,high,02:28,60.5,True,False,short,21.9,60.6,50.2,,,83.08571428571427,False
2022-03-01,Tuesday,239,180,False,1.12056,1.11964,1.12103,20:32,1.11906,23:02,True,19.7,1.12058,1.11964,1.12329,1.119,42.9,True,high,02:05,22.6,True,True,short,20.9,22.0,564.5,04:51,166.0,90.99999999999997,False
2022-03-02,Wednesday,240,180,False,1.11264,1.1123,1.11355,20:35,1.1111,21:25,True,24.5,1.10974,1.10823,1.11126,1.10588,53.8,False,low,02:00,53.7,True,True,long,42.3,44.1,133.5,11:33,573.0,92.00714285714291,False
2022-03-03,Thursday,239,180,False,1.11022,1.10977,1.11066,22:00,1.109,21:06,False,16.6,1.11043,1.10799,1.11057,1.10717,34.0,False,low,03:06,52.5,True,False,long,10.7,51.8,60.2,,,94.6785714285714,False
2022-03-04,Friday,240,180,False,1.10122,1.10354,1.10517,20:58,1.10112,20:00,False,40.5,1.10152,1.1014,1.10242,1.10083,15.9,False,low,02:21,125.6,True,False,long,11.3,127.3,32.1,,,100.45000000000002,False
2022-03-07,Monday,240,180,False,1.08619,1.08795,1.08863,22:28,1.08213,20:23,False,65.0,1.08735,1.08582,1.08978,1.08501,47.7,False,high,02:15,46.2,True,True,short,67.6,11.8,123.7,05:27,192.0,109.53571428571419,False
2022-03-08,Tuesday,240,180,False,1.08572,1.08699,1.08847,21:13,1.08531,20:06,False,31.6,1.08606,1.08875,1.09216,1.08511,70.5,True,low,02:01,2.0,True,True,long,39.4,4.5,225.3,03:10,69.0,113.26428571428563,False
2022-03-09,Wednesday,240,180,False,1.09142,1.09168,1.09201,21:30,1.0905,22:57,True,15.1,1.0917,1.097,1.09727,1.09091,63.6,False,high,02:17,171.5,True,False,short,9.6,171.3,62.3,,,119.22857142857139,False
2022-03-10,Thursday,240,180,False,1.10536,1.10538,1.10625,23:40,1.10415,20:36,False,21.0,1.10561,1.10412,1.10801,1.10261,54.0,True,high,02:14,58.7,True,True,short,24.1,8.1,392.4,03:11,57.0,124.30000000000004,False
2022-03-11,Friday,240,180,False,1.09981,1.1001,1.10102,23:45,1.09804,20:26,False,29.8,1.10039,1.09672,1.10086,1.09601,48.5,False,low,03:05,52.0,True,True,long,36.0,19.8,211.7,06:24,199.0,123.6714285714286,False
2022-03-14,Monday,240,180,False,1.09293,1.09171,1.09375,20:08,1.09005,21:35,True,37.0,1.09174,1.09822,1.09897,1.09105,79.2,False,high,02:45,56.3,True,False,short,5.8,57.8,19.7,,,113.6285714285715,False
2022-03-15,Tuesday,240,180,False,1.09502,1.09823,1.09853,23:41,1.09375,20:39,False,47.8,1.0971,1.10054,1.10196,1.09668,52.8,False,high,02:21,34.3,True,False,short,58.4,23.2,99.0,,,115.17857142857149,False
2022-03-16,Wednesday,240,180,False,1.09568,1.09677,1.09771,21:44,1.09558,20:01,False,21.3,1.09787,1.09868,1.1005,1.09557,49.3,True,high,02:00,62.8,True,True,short,18.1,5.8,100.5,02:46,46.0,115.2071428571428,False
2022-03-17,Thursday,240,180,False,1.10514,1.10343,1.1052,20:01,1.10296,20:51,True,22.4,1.1036,1.10542,1.1067,1.103,37.0,False,high,03:15,81.4,True,True,short,29.8,14.3,129.9,05:01,106.0,113.22857142857141,False
2022-03-18,Friday,240,180,False,1.10996,1.10767,1.11036,20:00,1.10764,23:59,True,27.2,1.10832,1.10572,1.10893,1.1053,36.3,False,low,02:23,73.4,True,False,long,6.2,73.3,22.4,,,113.57142857142858,False
2022-03-21,Monday,239,180,False,1.1045,1.10409,1.10537,20:08,1.10406,23:59,True,13.1,1.10381,1.10569,1.10701,1.10349,35.2,True,low,02:00,15.1,True,True,long,18.8,1.0,225.2,02:15,15.0,103.60000000000002,False
2022-03-22,Tuesday,240,180,False,1.09864,1.09853,1.1005,22:30,1.09838,20:00,False,21.2,1.09679,1.09963,1.10144,1.09608,53.6,True,low,02:00,23.0,True,True,long,37.9,6.9,292.0,03:37,97.0,101.99285714285728,False
2022-03-23,Wednesday,240,180,False,1.10253,1.10274,1.10346,22:00,1.10209,20:51,False,13.7,1.10312,1.0997,1.10358,1.09885,47.3,True,high,02:01,1.2,True,True,short,12.7,2.2,516.1,02:34,33.0,98.36428571428571,False
2022-03-24,Thursday,240,180,False,1.10024,1.09855,1.1003,20:00,1.09804,23:45,True,22.6,1.09859,1.0988,1.10007,1.09721,28.6,False,low,02:05,14.5,True,True,long,29.1,14.4,146.0,10:01,476.0,95.83571428571437,False
2022-03-25,Friday,240,180,False,1.10089,1.10318,1.10376,23:24,1.10077,20:02,False,29.9,1.10276,1.1005,1.10305,1.10005,30.0,False,low,04:09,26.9,True,False,long,17.4,26.1,55.5,,,86.42142857142883,False
2022-03-28,Monday,240,180,False,1.09814,1.09554,1.09844,20:10,1.09504,23:56,True,34.0,1.09511,1.09908,1.09993,1.09446,54.7,True,low,02:00,5.8,True,True,long,49.4,5.3,143.8,04:48,168.0,72.457142857143,False
2022-03-29,Tuesday,240,180,False,1.09911,1.09926,1.0997,20:02,1.0969,20:55,True,28.0,1.09827,1.09848,1.1018,1.0979,39.0,False,high,02:41,140.0,True,False,short,21.7,140.4,78.9,,,81.30714285714292,False
2022-03-30,Wednesday,240,180,False,1.1091,1.11149,1.11204,23:19,1.10878,20:45,False,32.6,1.11128,1.11561,1.11565,1.11054,51.1,False,high,02:31,50.6,True,False,short,15.3,50.3,46.0,,,80.87857142857138,False
2022-03-31,Thursday,240,180,False,1.11611,1.1164,1.11848,21:27,1.1156,20:25,False,28.8,1.11661,1.11294,1.11756,1.11127,62.9,False,low,02:35,87.8,True,False,long,21.0,86.4,68.1,,,82.4857142857143,False
2022-04-01,Friday,240,180,False,1.10727,1.10652,1.10745,20:00,1.10595,20:35,True,15.0,1.10678,1.10605,1.10757,1.10428,32.9,True,low,02:09,31.6,True,True,long,19.7,3.8,108.0,02:58,49.0,78.5928571428572,False
2022-04-04,Monday,240,180,False,1.10458,1.10478,1.10544,21:38,1.10433,21:19,False,11.1,1.10509,1.10222,1.10539,1.10192,34.7,False,low,02:11,64.2,True,False,long,4.5,62.9,28.8,,,72.24285714285715,False
2022-04-05,Tuesday,240,180,False,1.09748,1.09723,1.09797,20:45,1.09653,22:56,True,14.4,1.09687,1.09678,1.09886,1.09619,26.7,True,low,02:00,46.2,True,True,long,14.1,1.9,161.8,02:48,48.0,77.74285714285718,False
2022-04-06,Wednesday,240,180,False,1.09058,1.09003,1.09061,20:00,1.08906,21:11,True,15.5,1.08835,1.09232,1.09271,1.08745,52.6,True,low,02:00,16.1,True,True,long,24.0,7.9,305.2,04:25,145.0,75.90714285714293,False
2022-04-07,Thursday,240,180,False,1.08975,1.0907,1.09126,21:02,1.08966,20:01,False,16.0,1.09186,1.08778,1.09341,1.08754,58.7,True,high,02:00,25.7,True,True,short,19.7,19.3,301.3,03:29,89.0,75.68571428571433,False
2022-04-08,Friday,238,180,False,1.08638,1.08638,1.08717,20:35,1.08565,23:00,True,15.2,1.08676,1.08666,1.0879,1.0848,31.0,True,low,03:05,20.1,True,True,long,19.1,8.4,231.6,04:03,58.0,74.22142857142867,False
2022-04-11,Monday,240,180,False,1.08842,1.08831,1.08946,21:27,1.0875,22:53,True,19.6,1.08925,1.0907,1.09193,1.08739,45.4,True,low,02:41,1.5,True,True,long,24.2,0.8,296.9,03:26,45.0,73.22142857142865,False
2022-04-12,Tuesday,240,180,False,1.08769,1.08745,1.08873,20:12,1.08665,21:24,True,20.8,1.08703,1.08619,1.08727,1.08533,19.4,False,low,02:02,15.8,True,True,long,22.8,16.3,178.4,08:43,401.0,77.20714285714303,False
2022-04-13,Wednesday,240,180,False,1.08259,1.08371,1.08408,23:27,1.08113,20:51,False,29.5,1.08434,1.08368,1.08447,1.0815,29.7,False,high,02:00,32.4,True,True,short,33.7,4.3,108.5,09:26,446.0,80.46428571428581,False
2022-04-14,Thursday,240,180,False,1.08951,1.0907,1.09093,23:27,1.08826,20:56,False,26.7,1.09102,1.0908,1.09233,1.0903,20.3,False,high,02:00,14.0,True,True,short,30.5,12.7,568.5,07:47,347.0,80.72857142857167,False
2022-04-15,Friday,240,180,False,1.08211,1.08043,1.08216,20:00,1.07964,22:59,True,25.2,1.08054,1.08184,1.08236,1.08019,21.7,False,high,04:51,2.0,True,False,short,18.3,0.9,68.3,,,76.61428571428613,False
2022-04-18,Monday,240,180,False,1.08138,1.07928,1.08156,20:01,1.07907,23:48,True,24.9,1.07942,1.07918,1.08036,1.07831,20.5,False,low,02:16,7.7,True,False,long,23.6,7.9,95.6,,,70.93571428571461,False
2022-04-19,Tuesday,240,180,False,1.07799,1.07724,1.07874,20:11,1.0761,22:34,True,26.4,1.07742,1.08107,1.08145,1.07672,47.3,False,high,02:53,27.1,True,False,short,5.5,27.7,23.1,,,73.20714285714315,False
2022-04-20,Wednesday,240,180,False,1.07942,1.08186,1.08226,23:45,1.07838,21:30,False,38.8,1.08163,1.08396,1.08412,1.08057,35.5,False,high,04:34,44.4,True,False,short,4.5,43.4,9.0,,,70.90000000000025,False
2022-04-21,Thursday,240,180,False,1.08491,1.08304,1.08505,20:01,1.08234,23:02,True,27.1,1.08468,1.09211,1.09362,1.08459,90.3,False,high,02:01,85.7,True,False,short,15.0,84.5,50.9,,,71.56428571428603,False
2022-04-22,Friday,240,180,False,1.08349,1.08413,1.08465,21:25,1.08308,23:04,True,15.7,1.08456,1.07982,1.08514,1.07902,61.2,True,high,02:04,4.9,True,True,short,15.9,7.2,482.8,02:52,48.0,72.80714285714323,False
2022-04-25,Monday,240,180,False,1.08093,1.07814,1.08119,20:06,1.07772,22:42,True,34.7,1.07754,1.07448,1.07778,1.07067,71.1,False,low,02:00,80.5,True,False,long,0.2,80.9,1.7,,,72.07142857142888,False
2022-04-26,Tuesday,240,180,False,1.07124,1.07321,1.07386,23:32,1.07114,20:00,False,27.2,1.07314,1.06809,1.07343,1.06725,61.8,False,low,02:26,69.7,True,False,long,6.3,67.7,15.8,,,76.03571428571456,False
2022-04-27,Wednesday,240,180,False,1.06425,1.06406,1.06534,22:05,1.06336,23:07,True,19.8,1.06502,1.05886,1.06517,1.05854,66.3,False,low,02:10,119.1,True,False,long,7.9,113.1,9.6,,,81.67857142857154,False
2022-04-28,Thursday,240,180,False,1.05541,1.05089,1.05541,20:00,1.05089,23:59,True,45.2,1.05121,1.05158,1.05647,1.05065,58.2,True,low,02:00,37.9,True,True,long,45.5,2.6,123.5,03:46,106.0,81.77857142857157,False
2022-04-29,Friday,240,180,False,1.05032,1.05131,1.05297,21:34,1.05019,20:02,False,27.8,1.0537,1.05689,1.05928,1.05309,61.9,False,high,02:00,63.1,True,False,short,23.5,59.7,72.3,,,80.6071428571431,False
2022-05-02,Monday,240,180,False,1.05347,1.05239,1.0553,20:25,1.05173,23:29,True,35.7,1.05129,1.05285,1.05682,1.051,58.2,True,low,02:00,14.6,True,True,long,43.1,4.9,142.6,03:00,60.0,75.81428571428596,False
2022-05-03,Tuesday,240,180,False,1.05095,1.05184,1.05265,21:04,1.05077,23:06,True,18.8,1.05073,1.04999,1.05277,1.04941,33.6,True,low,02:00,15.6,True,True,long,22.6,11.0,371.8,03:36,96.0,79.71428571428598,False
2022-05-04,Wednesday,240,180,False,1.05252,1.05161,1.05342,20:02,1.05139,23:33,True,20.3,1.05125,1.05219,1.05344,1.05059,28.5,True,low,02:00,8.0,True,True,long,25.2,3.3,247.3,04:47,167.0,85.59285714285753,False
2022-05-05,Thursday,240,180,False,1.06206,1.06176,1.06417,21:33,1.06039,20:42,False,37.8,1.0612,1.06001,1.06173,1.05816,35.7,False,low,02:27,100.7,True,False,long,2.8,101.7,10.1,,,90.63571428571473,False
2022-05-06,Friday,240,180,False,1.05394,1.0533,1.05506,20:22,1.05156,21:48,True,35.0,1.05225,1.05573,1.05809,1.04826,98.3,True,low,02:09,33.0,True,True,long,38.1,34.0,237.7,04:07,118.0,94.55714285714329,False
2022-05-09,Monday,240,180,False,1.05319,1.051,1.05353,20:07,1.05027,23:50,True,32.6,1.05075,1.05072,1.05293,1.04951,34.2,False,low,02:50,7.6,True,True,long,34.3,5.9,216.6,06:08,198.0,90.92142857142882,False
2022-05-10,Tuesday,240,180,False,1.05633,1.05787,1.05797,22:39,1.05532,20:15,False,26.5,1.05765,1.05722,1.0579,1.0551,28.0,False,low,03:03,27.9,True,False,long,26.4,26.6,94.7,,,92.47857142857156,False
2022-05-11,Wednesday,240,180,False,1.05289,1.05365,1.05389,23:58,1.05255,21:19,False,13.4,1.05457,1.05678,1.05745,1.0537,37.5,False,high,02:00,38.2,True,True,short,35.2,29.7,277.6,08:30,390.0,91.52857142857154,False
2022-05-12,Thursday,240,180,False,1.05116,1.0522,1.05292,22:28,1.05075,20:18,False,21.7,1.05011,1.04406,1.05151,1.04404,74.7,False,low,02:00,136.0,True,False,long,14.8,128.8,35.0,,,96.59285714285727,False
2022-05-13,Friday,240,180,False,1.03783,1.03911,1.03978,23:22,1.03729,20:03,False,24.9,1.03956,1.04081,1.04195,1.03834,36.1,False,high,02:00,21.7,True,True,short,26.8,20.5,193.6,05:57,237.0,91.17857142857144,False
2022-05-16,Monday,240,180,False,1.03984,1.03965,1.0417,21:09,1.03889,23:21,True,28.1,1.04009,1.04327,1.04341,1.03949,39.2,False,high,03:28,21.1,True,False,short,34.2,14.6,98.6,,,85.1071428571429,False
2022-05-17,Tuesday,240,180,False,1.0439,1.04401,1.0454,20:54,1.04318,23:14,True,22.2,1.04471,1.04903,1.0492,1.0446,46.0,False,high,02:07,101.6,True,False,short,4.9,100.9,18.9,,,91.20714285714291,False
2022-05-18,Wednesday,240,180,False,1.05485,1.05323,1.05636,20:08,1.05243,23:28,True,39.3,1.05394,1.05075,1.05394,1.04941,45.3,False,low,02:32,35.5,True,False,long,18.4,34.8,45.0,,,91.5071428571428,False
2022-05-19,Thursday,240,180,False,1.04729,1.04999,1.05065,23:06,1.04679,20:05,False,38.6,1.04862,1.04962,1.05088,1.0465,43.8,True,low,03:03,2.9,True,True,long,39.9,1.6,338.1,04:50,107.0,95.54285714285706,False
2022-05-20,Friday,240,180,False,1.05795,1.0566,1.05836,20:11,1.05546,22:11,True,29.0,1.05908,1.05773,1.05919,1.05545,37.4,True,high,02:00,15.4,True,True,short,36.6,0.8,151.0,04:17,137.0,90.57142857142843,False
2022-05-23,Monday,240,180,False,1.05688,1.05924,1.05946,22:43,1.05679,20:07,False,26.7,1.0599,1.06459,1.06488,1.05924,56.4,False,high,02:00,96.5,True,False,short,7.3,91.4,8.2,,,83.8142857142857,False
2022-05-24,Tuesday,240,180,False,1.06836,1.06725,1.06859,20:00,1.06608,22:28,True,25.1,1.06682,1.07046,1.07359,1.06657,70.2,False,high,02:53,61.1,True,False,short,8.8,64.5,48.6,,,87.12857142857156,False
2022-05-25,Wednesday,240,180,False,1.07326,1.07136,1.07365,20:01,1.0703,22:49,True,33.5,1.07079,1.067,1.07079,1.06665,41.4,False,low,02:04,60.9,True,False,long,2.9,61.1,9.3,,,85.31428571428569,False
2022-05-26,Thursday,240,180,False,1.06866,1.07013,1.07063,20:55,1.06852,20:04,False,21.1,1.06675,1.06823,1.06956,1.06624,33.2,False,low,02:00,22.8,True,True,long,37.0,13.8,208.5,05:56,236.0,88.36428571428569,False
2022-05-27,Friday,240,180,False,1.07324,1.07556,1.0765,21:51,1.07305,20:49,False,34.5,1.07501,1.07302,1.07553,1.07256,29.7,False,low,04:02,33.7,True,False,long,22.1,31.4,57.4,,,87.3642857142858,False
2022-05-30,Monday,240,180,False,1.07291,1.07445,1.07558,22:21,1.07267,21:09,False,29.1,1.0753,1.0763,1.07699,1.07401,29.8,False,high,02:03,27.9,True,False,short,16.3,27.3,54.0,,,75.98571428571438,False
2022-05-31,Tuesday,240,180,False,1.07731,1.07511,1.07744,20:14,1.07342,21:07,True,40.2,1.07457,1.07272,1.07514,1.0725,26.4,False,low,02:48,55.3,True,False,long,17.5,51.7,34.6,,,79.42142857142865,False
2022-06-01,Wednesday,240,180,False,1.0734,1.07181,1.07345,20:00,1.07077,22:08,True,26.8,1.07097,1.07177,1.07393,1.07058,33.5,True,low,02:00,80.6,True,True,long,29.6,1.8,117.9,03:10,70.0,82.81428571428566,False
2022-06-02,Thursday,240,180,False,1.06509,1.06541,1.06595,20:45,1.06447,22:49,True,14.8,1.06578,1.06842,1.06948,1.06576,37.2,False,high,02:00,78.8,True,False,short,2.8,77.9,12.8,,,81.88571428571417,False
2022-06-03,Friday,240,180,False,1.075,1.0753,1.07643,22:27,1.07466,20:03,False,17.7,1.07541,1.07532,1.07624,1.07448,17.6,False,low,03:17,42.6,True,False,long,15.8,42.6,89.3,,,80.1785714285714,False
2022-06-06,Monday,240,180,False,1.07254,1.07251,1.07316,20:21,1.07099,21:33,True,21.7,1.07269,1.07508,1.07518,1.0718,33.8,False,high,02:37,20.2,True,True,short,22.8,20.2,220.3,09:25,408.0,72.66428571428547,False
2022-06-07,Tuesday,240,180,False,1.06896,1.06815,1.06918,20:01,1.06705,22:45,True,21.3,1.06745,1.06793,1.07049,1.06651,39.8,True,low,02:13,18.6,True,True,long,25.7,1.8,184.5,02:46,33.0,74.29999999999968,False
2022-06-08,Wednesday,240,180,False,1.06975,1.06836,1.07011,20:01,1.0681,23:44,True,20.1,1.06877,1.0679,1.06948,1.06756,19.2,False,low,04:41,9.7,True,True,long,23.2,7.3,335.3,05:38,57.0,72.02857142857114,False
2022-06-09,Thursday,240,180,False,1.07168,1.07294,1.07337,23:51,1.07094,20:45,False,24.3,1.0719,1.07152,1.07199,1.06938,26.1,False,low,02:27,64.4,True,True,long,37.7,15.3,265.0,07:43,316.0,77.4928571428568,False
2022-06-10,Friday,240,180,False,1.0619,1.06341,1.06353,23:50,1.06113,20:25,False,24.0,1.06336,1.06145,1.06416,1.06074,34.2,True,high,03:04,6.3,True,True,short,24.1,10.1,540.0,04:29,85.0,82.10714285714262,False
2022-06-13,Monday,240,180,False,1.04907,1.04916,1.04955,20:30,1.04756,21:25,True,19.9,1.04861,1.04751,1.04895,1.04561,33.4,False,low,02:47,57.5,True,False,long,13.0,58.4,69.8,,,80.59999999999955,False
2022-06-14,Tuesday,240,180,False,1.04148,1.04271,1.04323,23:49,1.0397,21:56,False,35.3,1.04384,1.04655,1.04846,1.04265,58.1,False,high,02:00,52.3,True,False,short,31.3,46.6,72.5,,,84.54285714285668,False
2022-06-15,Wednesday,240,180,False,1.04368,1.04426,1.04517,21:40,1.04263,20:17,False,25.4,1.04638,1.04937,1.05077,1.04461,61.6,False,high,02:00,56.0,True,True,short,40.7,40.7,263.0,08:11,371.0,91.41428571428523,False
2022-06-16,Thursday,240,180,False,1.04573,1.04429,1.04692,20:02,1.04308,21:57,True,38.4,1.04293,1.04093,1.04355,1.03808,54.7,False,low,02:00,50.0,True,True,long,44.2,48.4,256.2,09:32,452.0,101.72857142857109,False
2022-06-17,Friday,240,180,False,1.05465,1.05203,1.0552,20:05,1.05174,23:49,True,34.6,1.05182,1.05198,1.05306,1.04939,36.7,False,low,02:00,73.0,True,False,long,15.6,75.7,52.9,,,100.23571428571385,False
2022-06-20,Monday,240,180,False,1.04897,1.05283,1.05287,23:57,1.04848,20:12,False,43.9,1.0529,1.05244,1.05427,1.05101,32.6,False,high,02:00,17.1,True,False,short,18.6,20.0,49.0,,,95.27142857142813,False
2022-06-21,Tuesday,240,180,False,1.05173,1.0532,1.05424,21:22,1.05164,20:00,False,26.0,1.05183,1.05781,1.05792,1.05145,64.7,True,low,02:14,1.9,True,True,long,27.4,2.1,253.8,03:15,61.0,99.45714285714256,False
2022-06-22,Wednesday,240,180,False,1.05311,1.05107,1.05314,20:00,1.05021,21:41,True,29.3,1.04882,1.05076,1.05139,1.04687,45.2,False,low,02:00,33.4,True,True,long,42.0,23.5,353.6,08:53,413.0,103.43571428571404,False
2022-06-23,Thursday,240,180,False,1.05646,1.05692,1.0581,21:21,1.05557,22:28,True,25.3,1.05699,1.04935,1.05792,1.04826,96.6,False,low,03:15,73.1,True,False,long,18.2,64.6,38.3,,,105.88571428571409,False
2022-06-24,Friday,240,180,False,1.05192,1.05328,1.05371,22:46,1.0512,20:35,False,25.1,1.05425,1.05442,1.05458,1.05192,26.6,False,high,02:00,34.1,True,False,short,25.0,32.1,91.6,,,104.45714285714266,False
2022-06-27,Monday,240,180,False,1.05665,1.05563,1.05713,20:00,1.05502,23:48,True,21.1,1.05589,1.05838,1.05911,1.05541,37.0,False,high,03:04,43.7,True,False,short,19.6,41.9,84.4,,,89.53571428571418,False
2022-06-28,Tuesday,240,180,False,1.05797,1.05811,1.05864,21:23,1.05703,20:53,False,16.1,1.05711,1.05919,1.06061,1.05703,35.8,False,high,02:28,19.7,True,True,short,20.0,16.8,516.8,07:54,326.0,93.70714285714295,False
2022-06-29,Wednesday,240,180,False,1.05219,1.05296,1.05354,22:35,1.0517,21:01,False,18.4,1.05025,1.05102,1.05204,1.04858,34.6,False,low,02:00,50.8,True,False,long,33.3,35.5,97.8,,,93.9714285714288,False
2022-06-30,Thursday,240,180,False,1.04456,1.04516,1.04567,22:38,1.04329,21:15,False,23.8,1.04556,1.04412,1.04686,1.04298,38.8,True,high,02:03,22.4,True,True,short,26.6,12.2,312.2,03:19,76.0,95.50000000000026,False
2022-07-01,Friday,240,180,False,1.04783,1.04543,1.04783,20:00,1.04499,23:51,True,28.4,1.04628,1.04585,1.047,1.04326,37.4,False,low,02:35,84.1,True,False,long,26.7,81.5,84.9,,,92.6071428571432,False
2022-07-04,Monday,240,180,False,1.04322,1.04259,1.04442,20:28,1.04244,23:57,True,19.8,1.04329,1.04376,1.04387,1.04205,18.2,False,low,02:31,7.4,True,True,long,21.5,3.8,193.4,05:32,181.0,75.7357142857145,False
2022-07-05,Tuesday,240,180,False,1.04325,1.04346,1.04381,21:39,1.0423,21:23,False,15.1,1.04422,1.0307,1.04425,1.03056,136.9,True,high,02:00,4.4,True,True,short,18.2,2.3,1334.4,03:06,66.0,87.00000000000026,False
2022-07-06,Wednesday,240,180,False,1.02564,1.02637,1.02712,21:11,1.02537,20:00,False,17.5,1.0247,1.02444,1.02765,1.02261,50.4,True,low,02:00,92.3,True,True,long,25.6,12.6,130.3,02:55,55.0,91.80000000000014,False
2022-07-07,Thursday,240,180,False,1.01841,1.02035,1.02097,22:58,1.0176,20:12,False,33.7,1.02182,1.01976,1.02182,1.01819,36.3,False,high,02:00,8.5,True,True,short,35.3,8.5,172.1,05:04,184.0,91.5642857142859,False
2022-07-08,Friday,240,180,False,1.01682,1.01581,1.01912,21:14,1.01534,23:43,True,37.8,1.01601,1.01134,1.01699,1.0072,97.9,False,low,02:02,81.4,True,False,long,37.6,81.1,98.7,,,90.25714285714288,False
2022-07-11,Monday,240,180,False,1.01674,1.01494,1.01675,20:00,1.01348,21:53,True,32.7,1.01394,1.01184,1.01437,1.01056,38.1,False,low,02:24,82.7,True,False,long,6.6,82.8,20.5,,,93.3571428571427,False
2022-07-12,Tuesday,240,180,False,1.00456,1.00258,1.00552,20:12,1.00059,21:24,True,49.3,1.00107,1.00102,1.00391,1.00018,37.3,False,low,03:11,6.0,True,True,long,48.4,7.9,137.7,07:19,248.0,96.57142857142831,False
2022-07-13,Wednesday,240,180,False,1.003,1.00363,1.00469,23:34,1.00226,21:44,False,24.3,1.00371,1.00364,1.00529,1.00062,46.7,True,high,02:00,75.3,True,True,short,22.2,8.6,201.6,03:22,82.0,101.0571428571425,False
2022-07-14,Thursday,240,180,False,1.00341,1.00328,1.00434,20:11,1.00136,22:18,True,29.8,1.00187,1.002,1.00464,1.00052,41.2,True,low,02:12,61.5,True,True,long,31.0,7.6,123.2,03:46,94.0,100.72142857142815,False
2022-07-15,Friday,240,180,False,1.00263,1.00256,1.00411,22:56,1.0011,20:26,False,30.1,1.0021,1.00309,1.00356,1.00068,28.8,False,low,02:07,4.2,True,True,long,30.0,4.4,288.7,05:15,188.0,99.93571428571379,False
2022-07-18,Monday,240,180,False,1.00972,1.01042,1.01143,22:03,1.00866,20:52,False,27.7,1.00878,1.01303,1.01492,1.00812,68.0,True,low,02:02,5.4,True,True,long,31.7,5.3,413.4,03:01,59.0,95.73571428571404,False
2022-07-19,Tuesday,240,180,False,1.01464,1.01267,1.01483,20:00,1.01195,21:59,True,28.8,1.01474,1.02439,1.02533,1.01456,107.7,False,high,02:00,120.7,True,False,short,3.3,120.1,9.4,,,103.94285714285688,False
2022-07-20,Wednesday,240,180,False,1.02308,1.0243,1.02484,20:55,1.02307,20:00,False,17.7,1.02378,1.02314,1.02729,1.0219,53.9,True,low,02:11,57.7,True,True,long,17.5,3.5,238.4,02:50,39.0,109.0785714285712,False
2022-07-21,Thursday,240,180,False,1.01808,1.02088,1.02134,23:07,1.01782,20:03,False,35.2,1.02228,1.01911,1.02304,1.01707,59.7,True,high,02:00,64.7,True,True,short,46.9,9.0,171.3,04:09,129.0,102.7571428571426,False
2022-07-22,Friday,240,180,False,1.022,1.01907,1.02216,20:00,1.01846,23:32,True,37.0,1.01851,1.01531,1.02134,1.01297,83.7,False,low,02:11,54.9,True,True,long,38.5,54.5,191.1,09:47,456.0,103.50714285714275,False
2022-07-25,Monday,240,180,False,1.01992,1.0207,1.02129,22:58,1.01809,21:00,False,32.0,1.01986,1.0222,1.02286,1.01784,50.2,True,high,03:22,44.9,True,True,short,33.5,10.4,107.8,04:00,38.0,97.88571428571416,False
2022-07-26,Tuesday,240,180,False,1.02229,1.023,1.025,21:37,1.02218,20:15,False,28.2,1.02149,1.02078,1.02361,1.02021,34.0,False,low,02:00,109.0,True,False,long,16.0,107.3,50.7,,,103.60714285714263,False
2022-07-27,Wednesday,240,180,False,1.01285,1.01426,1.01472,21:55,1.01278,20:00,False,19.4,1.01463,1.01414,1.01587,1.01274,31.3,True,high,02:00,24.8,True,True,short,20.0,11.3,217.0,02:58,58.0,101.85714285714275,False
2022-07-28,Thursday,240,180,False,1.02052,1.02095,1.02156,23:27,1.01803,20:45,False,35.3,1.02208,1.02175,1.02343,1.01852,49.1,False,high,02:00,18.7,True,True,short,39.0,16.4,288.4,05:47,227.0,105.18571428571433,False
2022-07-29,Friday,240,180,False,1.0192,1.02131,1.02247,23:54,1.01892,20:12,False,35.5,1.02099,1.02212,1.02542,1.02027,51.5,False,high,02:13,29.5,True,True,short,39.6,29.2,221.7,05:53,220.0,104.0357142857144,False
2022-08-01,Monday,240,180,False,1.02102,1.02254,1.02411,22:39,1.02075,20:02,False,33.6,1.02159,1.02557,1.02675,1.02132,54.3,False,high,04:14,34.0,True,False,short,19.7,30.6,48.5,,,98.83571428571452,False
2022-08-02,Tuesday,240,180,False,1.02629,1.02736,1.02939,20:41,1.0256,20:16,False,37.9,1.02675,1.02405,1.02675,1.02149,52.6,False,low,02:15,75.0,True,False,long,3.6,74.9,9.2,,,105.54285714285722,False
2022-08-03,Wednesday,240,180,False,1.01562,1.01912,1.01934,23:56,1.01498,20:30,False,43.6,1.01758,1.01878,1.01912,1.0154,37.2,,none,,,,,,,,,,,103.2357142857143,False
2022-08-04,Thursday,240,180,False,1.01563,1.01626,1.0176,21:33,1.01542,20:02,False,21.8,1.01629,1.01914,1.0194,1.01565,37.5,False,high,03:06,57.8,True,False,short,22.2,51.4,72.5,,,99.82857142857151,False
2022-08-05,Friday,240,180,False,1.02472,1.02363,1.02482,20:00,1.02294,21:07,True,18.8,1.02313,1.02235,1.02391,1.0218,21.1,False,low,02:01,87.9,True,False,long,10.7,86.9,51.6,,,98.40000000000008,False
2022-08-08,Monday,240,180,False,1.01718,1.01855,1.01856,23:59,1.0159,20:35,False,26.6,1.01864,1.01918,1.02147,1.01712,43.5,False,high,02:00,36.1,True,False,short,14.0,36.5,54.1,,,86.00714285714278,False
2022-08-09,Tuesday,240,180,False,1.01976,1.01961,1.02008,20:04,1.01885,21:19,True,12.3,1.01998,1.02393,1.02447,1.01954,49.3,False,high,02:00,46.4,True,False,short,3.1,48.7,43.9,,,87.29285714285709,False
2022-08-10,Wednesday,240,180,False,1.02077,1.02137,1.0219,22:53,1.02027,20:31,False,16.3,1.02117,1.02221,1.02257,1.0202,23.7,True,low,04:07,0.7,True,True,long,14.5,2.9,1017.2,04:40,33.0,93.5142857142858,False
2022-08-11,Thursday,240,180,False,1.02986,1.02883,1.03038,20:49,1.02812,23:13,True,22.6,1.02817,1.0341,1.03413,1.02783,63.0,True,low,02:00,2.9,True,True,long,24.2,3.5,367.3,02:52,52.0,90.67857142857149,False
2022-08-12,Friday,240,180,False,1.03202,1.03171,1.03251,20:01,1.03048,21:55,True,20.3,1.0315,1.0302,1.03229,1.0288,34.9,False,low,03:24,66.8,True,False,long,7.1,63.2,17.2,,,87.97142857142867,False
2022-08-15,Monday,240,180,False,1.02533,1.02518,1.02682,21:00,1.02397,22:46,True,28.5,1.02404,1.02069,1.02471,1.01999,47.2,False,low,02:30,58.5,True,False,long,7.9,55.4,16.8,,,81.41428571428585,False
2022-08-16,Tuesday,240,180,False,1.01614,1.01619,1.01698,23:00,1.01473,20:42,False,22.5,1.01638,1.01387,1.01687,1.01339,34.8,False,low,03:04,24.8,True,True,long,31.7,22.7,211.1,09:58,414.0,84.0214285714285,False
2022-08-17,Wednesday,240,180,False,1.01696,1.01733,1.01792,22:13,1.0166,20:03,False,13.2,1.01821,1.01738,1.01864,1.01492,37.2,True,high,02:00,19.2,True,True,short,20.3,1.1,256.8,02:23,23.0,82.37142857142848,False
2022-08-18,Thursday,240,180,False,1.01774,1.01705,1.01929,20:42,1.0167,23:48,True,25.9,1.01643,1.01669,1.01766,1.01458,30.8,False,low,02:00,55.4,True,False,long,22.7,53.7,81.1,,,81.55714285714282,False
2022-08-19,Friday,240,180,False,1.00893,1.008,1.00911,20:01,1.00697,21:43,True,21.4,1.00829,1.00885,1.00954,1.00741,21.3,False,high,03:44,4.3,True,True,short,22.4,5.1,263.1,06:00,136.0,79.84285714285714,False
2022-08-22,Monday,240,180,False,1.00361,1.00428,1.00466,23:12,1.00233,21:19,False,23.3,1.0032,1.00137,1.00333,0.9989,44.3,False,low,02:44,95.8,True,False,long,6.1,95.7,25.8,,,75.93571428571445,False
2022-08-23,Tuesday,240,180,False,0.99381,0.99418,0.995,20:37,0.993,20:03,False,20.0,0.99197,0.99319,0.99496,0.99002,49.4,False,low,02:00,29.8,True,True,long,43.5,15.7,440.5,09:35,455.0,82.45714285714317,False
2022-08-24,Wednesday,240,180,False,0.99661,0.99474,0.99718,20:04,0.99426,21:52,True,29.2,0.99427,0.99458,0.99592,0.99347,24.5,False,low,02:00,32.7,True,True,long,34.9,27.7,194.2,10:51,531.0,85.23571428571456,False
2022-08-25,Thursday,240,180,False,0.99677,0.99863,0.99926,21:32,0.99629,20:02,False,29.7,0.99934,1.00072,1.00334,0.99874,46.0,False,high,02:00,40.8,True,True,short,34.3,37.0,126.6,09:07,427.0,87.29285714285733,False
2022-08-26,Friday,240,180,False,0.99704,0.99703,0.99745,23:13,0.99625,20:15,False,12.0,0.99596,0.99888,0.9991,0.99463,44.7,True,low,02:00,16.2,True,True,long,16.0,12.4,1060.8,04:01,121.0,85.65000000000013,False
2022-08-29,Monday,240,180,False,0.99362,0.99238,0.99452,20:03,0.9918,21:38,True,27.2,0.99234,0.99382,0.99503,0.99197,30.6,False,high,03:03,83.9,True,False,short,26.1,83.3,93.7,,,84.85714285714302,False
2022-08-30,Tuesday,240,180,False,1.00105,0.99982,1.00132,20:07,0.99818,22:28,True,31.4,1.00018,1.00246,1.00339,0.99821,51.8,False,high,03:38,41.5,True,False,short,32.7,39.5,97.8,,,88.00714285714305,False
2022-08-31,Wednesday,240,180,False,1.00233,1.0032,1.00344,20:46,1.00164,22:07,True,18.0,1.00392,0.9979,1.00422,0.99741,68.1,True,high,02:00,44.6,True,True,short,25.6,1.2,351.1,02:47,47.0,87.96428571428578,False
2022-09-01,Thursday,240,180,False,1.0038,1.00162,1.0038,20:00,1.00104,23:48,True,27.6,1.00175,1.00368,1.00485,1.00091,39.4,True,low,02:27,99.7,True,True,long,30.0,0.4,138.0,04:13,106.0,92.64285714285732,False
2022-09-02,Friday,240,180,False,0.99515,0.99618,0.99626,22:50,0.99499,20:00,False,12.7,0.99712,0.99726,0.99962,0.99638,32.4,False,high,02:00,70.9,True,False,short,4.5,65.2,-9.4,,,94.85714285714303,False
2022-09-05,Monday,240,180,False,0.99075,0.99128,0.9929,20:07,0.99008,22:21,True,28.2,0.98845,0.99108,0.99371,0.98772,59.9,True,low,02:00,23.6,True,True,long,52.8,7.1,153.2,03:33,93.0,90.95714285714287,False
2022-09-06,Tuesday,240,180,False,0.99501,0.9944,0.99706,21:38,0.99426,23:58,True,28.0,0.99593,0.99578,0.99862,0.99469,39.3,False,high,02:55,15.6,True,True,short,34.5,9.7,381.4,05:09,134.0,98.0357142857141,False
2022-09-07,Wednesday,240,180,False,0.98971,0.98863,0.99038,20:06,0.98768,23:41,True,27.0,0.98928,0.99072,0.993,0.98872,42.8,False,high,02:41,50.2,True,True,short,27.6,25.6,104.4,07:59,318.0,99.49285714285692,False
2022-09-08,Thursday,240,180,False,0.99981,0.99861,1.00008,20:01,0.99791,23:06,True,21.7,0.99973,0.99976,1.00148,0.9976,38.8,True,high,02:00,28.6,True,True,short,25.1,13.7,324.9,03:53,113.0,102.04999999999971,False
2022-09-09,Friday,240,180,False,1.00096,1.00693,1.0084,23:29,1.00083,20:02,False,75.7,1.0067,1.01065,1.01131,1.00582,54.9,False,high,03:11,29.1,True,False,short,61.0,20.1,68.7,,,101.45714285714249,False
2022-09-12,Monday,240,180,False,1.00703,1.0081,1.00951,22:15,1.00629,20:15,False,32.2,1.00913,1.01916,1.01977,1.00822,115.5,False,high,02:27,102.6,True,False,short,1.3,103.8,7.8,,,97.23571428571402,False
2022-09-13,Tuesday,240,180,False,1.0129,1.013,1.01464,20:08,1.01239,22:25,True,22.5,1.01379,1.01544,1.01562,1.01268,29.4,False,high,02:10,40.6,True,True,short,53.6,41.5,672.0,08:30,380.0,110.27857142857111,False
2022-09-14,Wednesday,240,180,False,0.99779,0.99886,0.99901,22:27,0.99686,20:18,False,21.5,0.9982,0.99912,1.00099,0.99595,50.4,True,low,02:38,9.1,True,True,long,22.3,9.2,254.9,03:17,39.0,106.62857142857115,False
2022-09-15,Thursday,240,180,False,0.99819,0.99739,0.99824,22:00,0.9969,22:15,True,13.4,0.9962,0.99923,0.99954,0.99556,39.8,True,low,02:00,13.4,True,True,long,24.2,5.5,363.4,04:29,149.0,105.87857142857116,False
2022-09-16,Friday,240,180,False,0.99876,0.99972,1.0012,21:07,0.9986,20:00,False,26.0,0.99822,0.99551,0.99985,0.99448,53.7,False,low,02:00,41.2,True,True,long,38.7,33.9,193.5,10:40,520.0,104.71428571428544,False
2022-09-19,Monday,240,180,False,1.00219,0.99979,1.00291,20:02,0.99943,23:45,True,34.8,0.99809,0.99758,0.99868,0.99657,21.1,False,low,02:00,28.6,True,False,long,36.4,16.0,68.4,,,97.07857142857108,False
2022-09-20,Tuesday,240,180,False,1.00297,1.00294,1.00504,20:12,1.00199,22:14,True,30.5,1.00169,1.00098,1.0042,1.00002,41.8,False,low,02:00,64.9,True,False,long,23.4,63.6,72.5,,,100.87142857142818,False
2022-09-21,Wednesday,240,180,False,0.9971,0.99659,0.9975,20:10,0.99573,20:41,True,17.7,0.995,0.99017,0.99553,0.98845,70.8,False,low,02:00,90.9,True,False,long,4.0,84.9,-11.3,,,105.64999999999966,False
2022-09-22,Thursday,240,180,False,0.98316,0.98193,0.98378,22:57,0.9808,20:42,False,29.8,0.98244,0.98792,0.99074,0.98131,94.3,False,high,03:28,69.6,True,False,short,25.5,70.0,86.9,,,103.7285714285711,False
2022-09-23,Friday,240,180,False,0.98384,0.98233,0.98517,21:20,0.98206,23:56,True,31.1,0.98293,0.9753,0.9838,0.97509,87.1,False,low,02:38,118.6,True,False,long,1.8,119.2,7.7,,,106.0714285714283,False
2022-09-26,Monday,240,180,False,0.96854,0.96338,0.96916,20:04,0.95503,20:59,True,141.3,0.96293,0.96849,0.97013,0.96266,74.7,False,high,03:23,9.7,True,False,short,84.2,7.6,58.1,,,109.07857142857128,False
2022-09-27,Tuesday,240,180,False,0.96201,0.96408,0.96449,23:44,0.96184,20:03,False,26.5,0.96515,0.96241,0.96707,0.9621,49.7,False,high,02:00,25.8,True,True,short,32.8,20.5,194.7,05:06,186.0,115.06428571428559,False
2022-09-28,Wednesday,240,180,False,0.95953,0.95578,0.96006,20:03,0.95426,22:16,True,58.0,0.95556,0.95563,0.95884,0.95357,52.7,False,low,02:59,6.9,True,True,long,63.6,3.3,250.9,06:02,183.0,121.53571428571406,False
2022-09-29,Thursday,240,180,False,0.97055,0.96859,0.97137,20:02,0.96743,22:32,True,39.4,0.96646,0.96652,0.96762,0.96353,40.9,False,low,02:00,39.0,True,True,long,49.7,29.8,292.6,06:55,295.0,119.87857142857122,False
2022-09-30,Friday,240,180,False,0.98292,0.97994,0.98332,20:55,0.97943,22:21,True,38.9,0.98241,0.98329,0.98537,0.97898,63.9,True,high,02:00,20.5,True,True,short,36.9,2.8,253.5,02:43,43.0,123.82142857142833,False
2022-10-03,Monday,240,180,False,0.97931,0.98054,0.98287,21:52,0.97852,20:09,False,43.5,0.98253,0.98108,0.98287,0.97869,41.8,,none,,,,,,,,,,,122.58571428571413,False
2022-10-04,Tuesday,240,180,False,0.98335,0.98422,0.98453,23:54,0.9806,22:12,False,39.3,0.98439,0.98745,0.98959,0.98376,58.3,False,high,02:05,134.3,True,False,short,5.2,130.8,4.3,,,132.50714285714272,False
2022-10-05,Wednesday,240,180,False,0.99839,0.99692,0.99905,21:28,0.99593,23:10,True,31.2,0.99636,0.99473,0.99947,0.9923,71.7,True,high,02:39,4.2,True,True,short,34.8,4.9,499.7,03:16,37.0,137.89285714285703,False
2022-10-06,Thursday,240,180,False,0.99115,0.99165,0.99264,23:29,0.99029,21:43,False,23.5,0.99221,0.98883,0.99225,0.98749,47.6,False,low,02:26,99.3,True,False,long,15.4,101.4,74.5,,,141.6499999999999,False
2022-10-07,Friday,240,180,False,0.97888,0.98047,0.98119,22:48,0.97863,20:12,False,25.6,0.98011,0.98015,0.98167,0.97655,51.2,True,low,02:12,60.4,True,True,long,27.1,20.5,118.8,04:17,125.0,136.68571428571425,False
2022-10-10,Monday,240,180,False,0.97343,0.97375,0.97531,21:55,0.97246,20:32,False,28.5,0.97166,0.96881,0.97334,0.96815,51.9,False,low,02:00,43.1,True,False,long,25.4,38.8,74.0,,,124.40000000000006,False
2022-10-11,Tuesday,240,180,False,0.97112,0.9682,0.97228,20:55,0.96807,22:23,True,42.1,0.96858,0.97074,0.97247,0.96744,50.3,True,low,02:10,6.3,True,True,long,47.8,2.5,194.8,03:35,85.0,120.48571428571448,False
2022-10-12,Wednesday,240,180,False,0.97004,0.96982,0.9712,21:22,0.96826,22:17,True,29.4,0.97206,0.97035,0.97329,0.96959,37.0,False,high,02:00,20.9,True,True,short,39.3,12.1,150.3,10:22,502.0,116.87142857142872,False
2022-10-13,Thursday,240,180,False,0.97046,0.97004,0.97219,20:36,0.96948,23:04,True,27.1,0.96971,0.97137,0.97141,0.96853,28.8,False,low,02:56,63.3,True,True,long,33.1,7.2,384.5,05:12,136.0,120.37142857142872,False
2022-10-14,Friday,240,180,False,0.97669,0.9787,0.98086,21:49,0.97616,20:19,False,47.0,0.9776,0.97501,0.97969,0.97447,52.2,False,low,03:20,54.6,True,False,long,39.6,53.0,80.9,,,111.62142857142882,False
2022-10-17,Monday,240,180,False,0.97395,0.97395,0.97521,22:09,0.97368,20:00,False,15.3,0.97521,0.97383,0.97568,0.97197,37.1,True,high,02:00,96.2,True,True,short,15.3,2.2,211.8,02:32,32.0,100.13571428571456,False
2022-10-18,Tuesday,240,180,False,0.98434,0.98409,0.98525,20:02,0.9823,23:25,True,29.5,0.98537,0.98287,0.98734,0.98245,48.9,False,high,02:00,23.0,True,True,short,32.7,18.7,135.9,06:45,285.0,101.53571428571452,False
2022-10-19,Wednesday,240,180,False,0.98625,0.9844,0.98667,20:07,0.9843,23:59,True,23.7,0.98353,0.98167,0.98408,0.98124,28.4,False,low,02:00,83.8,True,False,long,4.9,76.7,-9.3,,,101.45714285714304,False
2022-10-20,Thursday,240,180,False,0.97653,0.97612,0.97716,20:32,0.97544,21:33,True,17.2,0.97829,0.97814,0.97944,0.97713,23.1,False,high,02:00,73.8,True,False,short,10.3,63.8,1.7,,,95.22142857142876,False
2022-10-21,Friday,240,180,False,0.97785,0.97684,0.97832,23:13,0.97649,21:36,False,18.3,0.97754,0.9756,0.98022,0.97526,49.6,True,low,02:33,60.1,True,True,long,22.6,3.5,498.9,03:22,49.0,95.5071428571431,False
2022-10-24,Monday,240,180,False,0.98594,0.98343,0.98675,20:05,0.98254,23:26,True,42.1,0.9843,0.98348,0.98618,0.98163,45.5,False,low,04:02,18.7,True,True,long,42.9,17.9,161.8,09:45,343.0,90.85714285714309,False
2022-10-25,Tuesday,240,180,False,0.98842,0.98846,0.98984,21:03,0.98773,21:15,True,21.1,0.98706,0.98571,0.98786,0.98524,26.2,False,low,02:00,28.9,True,True,long,29.5,23.0,471.6,09:13,433.0,97.99285714285733,False
2022-10-26,Wednesday,240,180,False,0.99617,0.99571,0.99673,20:04,0.99434,20:55,True,23.9,0.99619,1.0038,1.00453,0.99605,84.8,False,high,02:02,113.7,True,False,short,2.8,113.9,12.6,,,103.53571428571438,False
2022-10-27,Thursday,240,180,False,1.00932,1.00694,1.00934,20:00,1.00617,22:44,True,31.7,1.00766,1.006,1.00805,1.00543,26.2,False,low,02:31,89.4,True,False,long,15.6,89.8,50.5,,,105.06428571428566,False
2022-10-28,Friday,240,180,False,0.99668,0.99922,0.9998,22:03,0.99578,20:19,False,40.2,0.99734,0.99409,0.99808,0.99265,54.3,False,low,03:13,31.3,True,False,long,35.1,28.2,79.6,,,105.00714285714275,False
2022-10-31,Monday,240,180,False,0.9959,0.99605,0.99656,22:58,0.99431,20:32,False,22.5,0.99519,0.99461,0.99545,0.9914,40.5,False,low,02:11,70.3,True,False,long,8.1,67.8,24.9,,,93.77142857142846,False
2022-11-01,Tuesday,240,180,False,0.98851,0.99049,0.9908,21:35,0.98841,20:17,False,23.9,0.99331,0.99337,0.99477,0.99086,39.1,False,high,02:00,45.9,True,True,short,46.8,25.2,231.4,09:41,461.0,98.57857142857132,False
2022-11-02,Wednesday,240,180,False,0.98872,0.98841,0.98996,22:30,0.98787,21:10,False,20.9,0.98824,0.99048,0.99067,0.98709,35.8,True,low,02:07,20.1,True,True,long,26.5,7.1,173.7,03:26,79.0,100.94285714285705,False
2022-11-03,Thursday,240,180,False,0.98207,0.98345,0.98394,20:40,0.98198,20:03,False,19.6,0.98114,0.97532,0.98132,0.97475,65.7,False,low,02:00,89.9,True,False,long,0.7,82.6,-33.7,,,104.00714285714271,False
2022-11-04,Friday,240,176,False,0.97527,0.97861,0.97883,23:50,0.97481,20:25,False,40.2,0.97802,0.97752,0.97907,0.97568,33.9,False,high,04:31,152.1,True,False,short,36.6,152.8,92.8,,,112.842857142857,False
2022-11-07,Monday,240,180,False,0.99325,0.99388,0.99448,22:45,0.99175,20:27,False,27.3,0.99403,0.99853,1.0007,0.99239,83.1,False,high,02:00,62.2,True,False,short,21.4,61.7,76.6,,,106.15714285714274,False
2022-11-08,Tuesday,240,180,False,1.00273,1.00057,1.00276,20:00,1.00034,23:57,True,24.2,0.99991,1.00032,1.00054,0.99715,33.9,False,low,02:00,31.9,True,True,long,27.4,30.9,374.4,10:08,488.0,109.8142857142856,False
2022-11-09,Wednesday,240,180,False,1.00638,1.00691,1.0088,22:01,1.0059,20:01,False,29.0,1.00586,1.00468,1.00852,1.00401,45.1,False,low,02:00,48.2,True,False,long,22.8,52.5,93.4,,,109.9357142857142,False
2022-11-10,Thursday,240,180,False,1.00209,1.00286,1.0029,22:57,1.00101,21:24,False,18.9,1.00315,0.99608,1.00315,0.99593,72.2,True,high,02:00,156.1,True,True,short,20.6,4.9,495.2,02:28,28.0,121.22142857142858,False
2022-11-11,Friday,240,180,False,1.01851,1.01922,1.0198,21:58,1.0163,20:48,False,35.0,1.02173,1.02689,1.02737,1.0211,62.7,False,high,02:00,140.9,True,False,short,9.0,118.9,-37.1,,,123.51428571428585,False
2022-11-14,Monday,240,180,False,1.03326,1.03122,1.03501,20:17,1.03051,23:26,True,45.0,1.0325,1.03125,1.03504,1.03081,42.3,False,high,03:18,0.8,False,True,short,43.2,3.3,175.1,05:08,110.0,119.22857142857163,False
2022-11-15,Tuesday,240,180,False,1.03185,1.03211,1.03282,20:21,1.03121,20:45,True,16.1,1.03405,1.04005,1.0418,1.03387,79.3,False,high,02:00,152.6,True,False,short,3.9,138.2,-65.2,,,131.97142857142873,False
2022-11-16,Wednesday,240,180,False,1.03442,1.0345,1.03868,21:26,1.03307,20:33,False,56.1,1.03784,1.04197,1.04253,1.0375,50.3,False,high,02:03,51.6,True,False,short,18.2,47.9,25.8,,,132.5285714285716,False
2022-11-17,Thursday,240,180,False,1.03863,1.03708,1.03909,20:15,1.03596,22:18,True,31.3,1.03875,1.03636,1.04065,1.03566,49.9,True,high,02:34,15.6,True,True,short,32.3,15.6,274.1,04:55,141.0,132.54285714285734,False
2022-11-18,Friday,240,180,False,1.03712,1.03648,1.03908,22:50,1.0361,23:53,True,29.8,1.03755,1.03814,1.03959,1.03421,53.8,True,low,03:11,35.0,True,True,long,29.5,19.4,117.1,04:32,81.0,126.58571428571454,False
2022-11-21,Monday,240,180,False,1.0316,1.02809,1.03185,20:45,1.02765,23:37,True,42.0,1.02592,1.02266,1.02734,1.0226,47.4,False,low,02:00,50.5,True,False,long,15.3,32.1,-7.4,,,112.25000000000047,False
2022-11-22,Tuesday,240,180,False,1.02532,1.02601,1.0268,20:26,1.02511,20:01,False,16.9,1.02473,1.02686,1.02861,1.02459,40.2,True,low,02:00,5.2,True,True,long,30.2,2.3,234.9,03:26,86.0,114.55714285714339,False
2022-11-23,Wednesday,240,180,False,1.03051,1.0317,1.03247,21:59,1.03003,20:27,False,24.4,1.03311,1.03249,1.03486,1.03018,46.8,False,high,02:00,59.0,True,True,short,32.1,16.6,116.4,05:20,200.0,117.55714285714329,False
2022-11-24,Thursday,240,180,False,1.0415,1.04462,1.04484,23:58,1.04111,20:35,False,37.3,1.04303,1.04191,1.04396,1.03999,39.7,False,low,03:04,29.5,True,False,long,23.2,24.3,48.3,,,113.28571428571466,False
2022-11-25,Friday,240,180,False,1.04056,1.04212,1.04291,23:12,1.04034,20:00,False,25.7,1.04198,1.03933,1.04282,1.03821,46.1,False,low,04:43,48.8,True,False,long,18.9,47.9,70.0,,,111.87142857142895,False
2022-11-28,Monday,240,180,False,1.03779,1.0362,1.03803,20:04,1.0341,20:46,True,39.3,1.03714,1.04475,1.04562,1.03674,88.8,False,high,02:03,116.4,True,False,short,12.2,117.1,32.8,,,93.8857142857146,False
2022-11-29,Tuesday,240,180,False,1.03401,1.03928,1.03942,23:58,1.03339,20:20,False,60.3,1.03589,1.03645,1.03925,1.03507,41.8,,none,,,,,,,,,,,95.99285714285762,False
2022-11-30,Wednesday,240,180,False,1.03429,1.03557,1.036,23:39,1.03358,20:30,False,24.2,1.03421,1.03579,1.03811,1.0339,42.1,False,high,03:53,39.8,True,True,short,25.8,38.3,289.3,10:26,393.0,101.0357142857148,False
2022-12-01,Thursday,240,180,False,1.04379,1.0439,1.04477,20:08,1.04187,21:15,True,29.0,1.0456,1.04412,1.04638,1.03929,70.9,True,high,02:00,85.9,True,True,short,39.7,7.5,189.0,02:53,53.0,97.1428571428577,False
2022-12-02,Friday,240,180,False,1.05099,1.05231,1.05258,23:02,1.05049,21:26,False,20.9,1.05273,1.05296,1.05448,1.05127,32.1,False,high,02:00,19.0,True,True,short,57.6,14.8,467.9,08:30,390.0,98.50714285714346,False
2022-12-05,Monday,240,180,False,1.05428,1.0581,1.05832,23:14,1.05414,20:00,False,41.8,1.05696,1.0559,1.05713,1.05303,41.0,False,low,02:47,51.2,True,True,long,55.0,18.3,127.8,07:55,308.0,97.35000000000049,False
2022-12-06,Tuesday,240,180,False,1.05103,1.04906,1.05186,20:25,1.04877,22:52,True,30.9,1.0484,1.04939,1.05093,1.04762,33.1,False,low,02:00,11.5,True,True,long,39.5,5.8,145.3,06:35,275.0,98.86428571428613,False
2022-12-07,Wednesday,240,180,False,1.04614,1.04635,1.04763,21:29,1.04549,20:09,False,21.4,1.04488,1.04756,1.04841,1.04431,41.0,True,low,02:00,11.8,True,True,long,23.9,10.3,442.5,03:51,111.0,101.88571428571451,False
2022-12-08,Thursday,240,180,False,1.0502,1.05008,1.05073,21:34,1.04942,22:03,True,13.1,1.05133,1.04945,1.05309,1.04895,41.4,True,high,02:00,57.4,True,True,short,25.4,16.0,135.9,04:41,161.0,103.07857142857154,False
2022-12-09,Friday,240,180,False,1.05599,1.05759,1.05853,20:32,1.05593,20:01,False,26.0,1.05757,1.0557,1.05881,1.05466,41.5,True,high,02:07,2.8,True,True,short,27.9,1.0,317.7,04:00,113.0,98.31428571428584,False
2022-12-12,Monday,240,180,False,1.05134,1.0516,1.052,21:46,1.05057,20:12,False,14.3,1.05225,1.05592,1.05646,1.05145,50.1,False,high,02:00,60.0,True,False,short,12.1,53.4,38.5,,,95.81428571428596,False
2022-12-13,Tuesday,240,180,False,1.05446,1.05411,1.0554,21:42,1.05311,23:20,True,22.9,1.05467,1.05429,1.05606,1.0531,29.6,True,high,02:02,119.1,True,True,short,24.3,5.3,114.4,04:52,170.0,103.15000000000025,False
2022-12-14,Wednesday,240,180,False,1.06359,1.06239,1.06389,20:00,1.06197,23:50,True,19.2,1.06373,1.06619,1.06649,1.06187,46.2,True,high,02:01,32.9,True,True,short,22.4,1.1,105.2,03:07,66.0,96.69285714285714,False
2022-12-15,Thursday,240,180,False,1.06788,1.06475,1.06799,20:00,1.06464,23:55,True,33.5,1.06545,1.06216,1.06566,1.06055,51.1,False,low,02:44,40.9,True,True,long,46.9,39.0,267.8,09:07,383.0,101.6571428571427,False
2022-12-16,Friday,240,180,False,1.06407,1.06461,1.06624,21:35,1.06385,20:20,False,23.9,1.06561,1.06115,1.0663,1.06099,53.1,True,high,02:17,0.6,False,True,short,23.1,1.6,271.1,02:49,32.0,96.042857142857,False
2022-12-19,Monday,240,180,False,1.05993,1.06063,1.0613,21:03,1.05961,20:08,False,16.9,1.06289,1.06175,1.06578,1.06163,41.5,False,high,02:00,44.8,True,True,short,39.0,28.9,220.7,10:45,525.0,85.3214285714283,False
2022-12-20,Tuesday,240,180,False,1.06002,1.06071,1.0652,22:06,1.05976,20:49,False,54.4,1.05936,1.06368,1.06378,1.05917,46.1,False,low,02:00,5.9,True,True,long,58.9,2.4,111.8,10:12,492.0,87.2285714285711,False
2022-12-21,Wednesday,240,180,False,1.06201,1.06083,1.06258,21:23,1.06066,23:43,True,19.2,1.06137,1.06144,1.06373,1.06107,26.6,False,high,02:29,19.7,True,True,short,21.7,11.0,160.4,06:59,270.0,83.01428571428539,False
2022-12-22,Thursday,240,180,False,1.06178,1.06445,1.06459,23:19,1.06134,20:06,False,32.5,1.06442,1.06462,1.06593,1.06259,33.4,False,high,02:05,13.4,True,True,short,35.4,12.8,193.2,08:34,389.0,83.62857142857116,False
2022-12-23,Friday,240,180,False,1.05891,1.06055,1.06122,21:46,1.05867,20:02,False,25.5,1.06063,1.06096,1.06305,1.05961,34.4,False,high,02:05,20.6,True,False,short,21.8,18.8,78.4,,,78.92142857142838,False
2022-12-26,Monday,239,176,False,1.06101,1.06265,1.06291,23:16,1.06089,20:00,False,20.2,1.0628,1.06219,1.06307,1.06151,15.6,False,high,02:00,3.8,True,False,short,14.3,3.5,69.3,,,71.82142857142851,False
2022-12-27,Tuesday,240,180,False,1.06425,1.06454,1.06604,21:09,1.06354,22:36,True,25.0,1.06637,1.06604,1.06678,1.06382,29.6,False,high,02:00,9.0,True,True,short,29.4,4.7,196.4,07:55,355.0,73.72142857142858,False
2022-12-28,Wednesday,240,180,False,1.06281,1.06415,1.06447,23:46,1.06268,20:00,False,17.9,1.0646,1.06368,1.06545,1.06278,26.7,False,high,02:00,29.5,True,True,short,19.0,28.6,185.5,10:49,529.0,73.40714285714272,False
2022-12-29,Thursday,240,180,False,1.06339,1.0625,1.06341,20:00,1.06191,23:31,True,15.0,1.06137,1.0656,1.06581,1.06118,46.3,True,low,02:00,7.3,True,True,long,20.6,1.8,344.0,03:13,73.0,68.69285714285705,False
2022-12-30,Friday,239,180,False,1.06679,1.06551,1.06692,20:00,1.06518,23:53,True,17.4,1.06441,1.06545,1.06744,1.06385,35.9,True,low,02:00,13.3,True,True,long,27.3,3.4,283.3,03:43,103.0,68.57142857142864,False
2023-01-02,Monday,239,180,False,1.07041,1.06993,1.07087,20:01,1.06862,21:10,True,22.5,1.06891,1.06786,1.06994,1.06632,36.2,False,low,02:01,35.2,True,False,long,10.0,38.4,58.7,,,58.32857142857147,False
2023-01-03,Tuesday,240,180,False,1.06703,1.06672,1.06801,23:39,1.06503,20:49,False,29.8,1.06525,1.05473,1.06585,1.05339,124.6,False,low,02:09,130.9,True,False,long,7.8,131.3,27.5,,,66.9142857142857,False
2023-01-04,Wednesday,240,180,False,1.0558,1.05727,1.05743,23:58,1.05569,20:01,False,17.4,1.05698,1.06106,1.06354,1.05667,68.7,False,high,02:05,61.1,True,False,short,3.9,61.1,22.4,,,66.47857142857126,False
2023-01-05,Thursday,240,180,False,1.06291,1.0604,1.06314,20:04,1.06033,23:59,True,28.1,1.06031,1.06232,1.06288,1.05901,38.7,False,low,02:00,88.5,True,False,long,26.1,87.9,90.7,,,68.9357142857142,False
2023-01-06,Friday,240,180,False,1.05294,1.05243,1.05363,22:17,1.05224,20:39,False,13.9,1.05123,1.05072,1.05309,1.04965,34.4,False,low,02:00,40.1,True,True,long,21.9,34.1,718.7,08:50,410.0,76.78571428571423,False
2023-01-09,Monday,240,180,False,1.06613,1.06764,1.06782,23:58,1.06551,20:16,False,23.1,1.06818,1.0672,1.06995,1.066,39.5,False,high,02:00,82.3,True,False,short,25.9,74.6,78.8,,,77.76428571428558,False
2023-01-10,Tuesday,240,180,False,1.07273,1.07306,1.07424,21:17,1.07212,21:43,True,21.2,1.0734,1.07458,1.07516,1.07219,29.7,False,high,03:23,16.8,True,True,short,22.3,11.2,143.9,07:42,259.0,78.53571428571412,False
2023-01-11,Wednesday,240,180,False,1.0745,1.07384,1.0745,20:00,1.07255,20:32,True,19.5,1.07456,1.07413,1.07573,1.07254,31.9,True,high,02:00,31.2,True,True,short,23.2,8.7,100.5,04:05,125.0,78.92857142857115,False
2023-01-12,Thursday,240,180,False,1.07611,1.07715,1.07733,23:58,1.07603,20:42,False,13.0,1.07571,1.07651,1.07732,1.07426,30.6,False,low,02:00,30.6,True,True,long,16.3,14.4,603.1,08:18,378.0,84.64999999999961,False
2023-01-13,Friday,240,180,False,1.08521,1.08398,1.0856,21:00,1.08315,21:19,True,24.5,1.08459,1.08423,1.0864,1.0833,31.0,False,high,03:12,8.0,True,True,short,26.7,8.3,309.0,06:08,176.0,85.79285714285677,False
2023-01-16,Monday,240,180,False,1.08414,1.08526,1.08741,21:29,1.08405,20:00,False,33.6,1.08393,1.08207,1.08421,1.08013,40.8,False,low,02:00,39.2,True,False,long,0.8,40.0,4.8,,,82.91428571428537,False
2023-01-17,Tuesday,240,180,False,1.08285,1.0826,1.08327,21:10,1.08061,21:32,True,26.6,1.08146,1.08172,1.08385,1.08108,27.7,False,high,03:02,36.6,True,True,short,32.5,36.8,175.6,10:40,458.0,88.14999999999954,False
2023-01-18,Wednesday,240,180,False,1.07843,1.07742,1.07992,21:22,1.07661,21:51,True,33.1,1.07896,1.08697,1.08714,1.07896,81.8,False,high,02:06,88.1,True,False,short,5.3,88.5,17.2,,,93.12142857142815,False
2023-01-19,Thursday,240,180,False,1.07872,1.07956,1.08054,22:45,1.07821,21:24,False,23.3,1.07909,1.08245,1.08291,1.07825,46.6,False,high,02:39,32.6,True,False,short,22.5,31.8,93.1,,,86.71428571428552,False
2023-01-20,Friday,240,180,False,1.08313,1.08294,1.0844,20:29,1.08278,23:07,True,16.2,1.08244,1.08308,1.08587,1.08207,38.0,True,low,02:00,25.6,True,True,long,20.1,4.6,190.7,02:22,22.0,85.32142857142844,False
2023-01-23,Monday,239,180,False,1.08846,1.08946,1.09029,22:14,1.08804,20:04,False,22.5,1.09004,1.09114,1.09267,1.0892,34.7,False,high,02:00,23.8,True,True,short,24.7,21.6,252.4,06:41,281.0,74.08571428571415,False
2023-01-24,Tuesday,240,180,False,1.08735,1.08761,1.08828,21:04,1.08692,23:05,True,13.6,1.08875,1.08607,1.08978,1.08517,46.1,True,high,02:00,15.0,True,True,short,18.4,11.3,352.2,03:33,93.0,76.07142857142829,False
2023-01-25,Wednesday,240,180,False,1.0887,1.08986,1.09028,23:09,1.08837,20:15,False,19.1,1.0906,1.0881,1.0911,1.08677,43.3,True,high,02:00,20.8,True,True,short,23.2,6.5,239.3,02:51,51.0,73.71428571428552,False
2023-01-26,Thursday,240,180,False,1.09156,1.09143,1.09215,21:06,1.09069,20:28,False,14.6,1.09201,1.08955,1.09279,1.08924,35.5,True,low,02:12,56.4,True,True,long,15.2,0.6,143.8,02:32,20.0,75.96428571428552,False
2023-01-27,Friday,240,180,False,1.08963,1.08661,1.08992,20:08,1.08658,23:58,True,33.4,1.08696,1.08835,1.0892,1.08654,26.6,False,low,03:20,28.1,True,False,long,29.2,28.4,88.3,,,76.44999999999996,False
2023-01-30,Monday,240,180,False,1.08746,1.08761,1.08792,23:15,1.0861,20:34,False,18.2,1.08617,1.09016,1.09038,1.08528,51.0,True,low,02:00,8.2,True,True,long,20.5,9.2,289.6,03:08,68.0,67.35,False
2023-01-31,Tuesday,240,180,False,1.08538,1.0846,1.08599,20:48,1.08393,23:17,True,20.6,1.08392,1.08296,1.08496,1.08019,47.7,False,low,02:00,37.4,True,True,long,26.7,33.3,136.9,08:30,390.0,68.69285714285705,False
2023-02-01,Wednesday,239,180,False,1.08622,1.08656,1.08687,23:41,1.0852,21:39,False,16.7,1.08694,1.08832,1.08884,1.08665,21.9,False,high,02:00,56.0,True,False,short,1.6,56.6,13.2,,,76.39285714285704,False
2023-02-02,Thursday,239,180,False,1.10186,1.10195,1.10253,23:40,1.1006,20:46,False,19.3,1.10048,1.09985,1.10147,1.09887,26.0,False,low,02:00,120.9,True,False,long,7.6,122.0,45.1,,,78.98571428571422,False
2023-02-03,Friday,240,180,False,1.08971,1.08931,1.08994,20:03,1.0887,23:05,True,12.4,1.0898,1.09297,1.09308,1.08818,49.0,True,high,02:11,40.5,True,True,short,13.6,5.6,727.4,02:30,19.0,80.99285714285705,False
2023-02-06,Monday,240,180,False,1.07886,1.07962,1.07987,23:35,1.0782,21:02,False,16.7,1.07871,1.07664,1.07962,1.07649,31.3,False,low,02:51,64.7,True,False,long,14.5,63.2,77.8,,,80.14285714285704,False
2023-02-07,Tuesday,240,180,False,1.0736,1.07326,1.07425,20:57,1.07284,23:39,True,14.1,1.07388,1.07107,1.07396,1.06968,42.8,False,low,02:16,59.4,True,False,long,6.4,63.0,70.9,,,84.11428571428561,False
2023-02-08,Wednesday,240,180,False,1.0732,1.07334,1.07349,20:03,1.0723,20:22,True,11.9,1.07268,1.07551,1.07607,1.07238,36.9,False,high,02:27,25.8,True,True,short,13.2,25.6,178.2,09:32,425.0,82.0357142857142,False
2023-02-09,Thursday,240,180,False,1.07158,1.07319,1.07326,21:45,1.07093,20:09,False,23.3,1.07395,1.07634,1.07688,1.07239,44.9,False,high,02:00,58.1,True,False,short,9.0,57.8,37.3,,,82.44285714285719,False
2023-02-10,Friday,240,180,False,1.07344,1.07183,1.07386,20:22,1.07171,23:55,True,21.5,1.07228,1.07064,1.07525,1.0704,48.5,True,high,02:17,13.9,True,True,short,23.4,16.2,328.8,04:19,122.0,83.79285714285716,False
2023-02-13,Monday,240,180,False,1.06724,1.06671,1.06748,20:00,1.06553,20:32,True,19.5,1.06737,1.06769,1.06897,1.0663,26.7,False,high,02:01,52.4,True,False,short,12.4,51.8,60.5,,,81.4642857142857,False
2023-02-14,Tuesday,240,180,False,1.07334,1.07379,1.07398,23:26,1.07253,21:23,False,14.5,1.07387,1.07612,1.07668,1.07286,38.2,False,high,02:00,64.6,True,True,short,25.3,24.5,229.0,08:30,390.0,87.04285714285719,False
2023-02-15,Wednesday,240,180,False,1.07379,1.07182,1.07443,20:37,1.07142,23:15,True,30.1,1.07071,1.07256,1.07297,1.06997,30.0,False,low,02:00,49.3,True,False,long,26.6,41.2,61.5,,,86.86428571428571,False
2023-02-16,Thursday,240,180,False,1.0689,1.0707,1.07147,21:37,1.06867,20:01,False,28.0,1.06997,1.07004,1.07222,1.06888,33.4,False,high,03:16,7.5,True,True,short,40.7,7.0,215.4,08:30,314.0,88.06428571428565,False
2023-02-17,Friday,240,180,False,1.06601,1.06381,1.06654,20:32,1.06326,23:44,True,32.8,1.06344,1.06367,1.06611,1.06292,31.9,False,low,02:01,20.0,True,True,long,40.3,19.9,150.3,10:12,491.0,82.22142857142845,False
2023-02-20,Monday,240,180,False,1.06788,1.06864,1.06912,23:38,1.06733,20:39,False,17.9,1.06904,1.06793,1.07044,1.0679,25.4,False,high,02:00,13.2,True,True,short,16.1,15.1,116.2,07:52,352.0,66.21428571428555,False
2023-02-21,Tuesday,240,180,False,1.06769,1.06683,1.06777,20:51,1.0662,22:14,True,15.7,1.06711,1.06626,1.06883,1.06425,45.8,True,low,02:21,19.5,True,True,long,27.2,1.2,229.3,03:15,54.0,69.13571428571407,False
2023-02-22,Wednesday,240,180,False,1.06576,1.06585,1.06638,20:31,1.06535,21:17,True,10.3,1.06563,1.06375,1.06632,1.06354,27.8,False,low,02:16,29.0,True,False,long,9.1,29.6,94.2,,,67.39285714285694,False
2023-02-23,Thursday,240,180,False,1.06116,1.06243,1.06247,22:13,1.06107,20:02,False,14.0,1.06224,1.05908,1.06239,1.05872,36.7,False,low,02:31,31.7,True,False,long,7.3,32.7,59.3,,,63.89999999999975,False
2023-02-24,Friday,240,180,False,1.06069,1.05998,1.06141,20:04,1.05932,20:38,True,20.9,1.05984,1.05854,1.05984,1.05797,18.7,False,low,02:03,57.3,True,False,long,3.2,56.8,12.9,,,64.9499999999998,False
2023-02-27,Monday,240,180,False,1.05545,1.05488,1.05598,21:05,1.054,22:40,True,19.8,1.05375,1.05509,1.05611,1.0535,26.1,True,low,02:00,5.0,True,True,long,22.4,3.7,323.7,03:43,103.0,60.79285714285684,False
2023-02-28,Tuesday,240,180,False,1.06095,1.059,1.06101,20:12,1.05855,21:00,True,24.6,1.05871,1.06057,1.0626,1.05818,44.2,True,low,02:06,3.7,True,True,long,23.1,5.3,224.0,03:25,79.0,64.27142857142822,False
2023-03-01,Wednesday,240,180,False,1.05683,1.0589,1.05955,22:46,1.05672,20:02,False,28.3,1.0607,1.06422,1.06572,1.06041,53.1,False,high,02:00,95.8,True,False,short,2.8,84.4,-30.4,,,66.09285714285667,False
2023-03-02,Thursday,240,180,False,1.06603,1.06479,1.06618,20:02,1.06444,22:37,True,17.4,1.06393,1.0624,1.06447,1.0619,25.7,False,low,02:00,62.5,True,False,long,4.6,58.2,1.7,,,64.2571428571424,False
2023-03-03,Friday,240,180,False,1.06105,1.06085,1.06148,21:17,1.06017,21:58,True,13.1,1.0621,1.06097,1.0629,1.06074,21.6,False,high,02:00,14.6,True,True,short,18.5,9.8,171.0,05:07,187.0,62.37857142857104,False
2023-03-06,Monday,240,180,False,1.06269,1.06426,1.06498,21:55,1.0624,20:20,False,25.8,1.06435,1.0629,1.06572,1.06279,29.3,False,high,02:20,39.6,True,True,short,27.8,6.1,108.1,06:09,229.0,56.92857142857133,False
2023-03-07,Tuesday,239,180,False,1.06791,1.06903,1.06931,23:03,1.06763,20:04,False,16.8,1.0676,1.06566,1.06943,1.06553,39.0,True,low,02:00,36.2,True,True,long,15.9,4.0,107.1,02:39,39.0,67.38571428571434,False
2023-03-08,Wednesday,240,180,False,1.05501,1.05349,1.05504,20:16,1.05274,22:57,True,23.0,1.05394,1.05355,1.05484,1.05333,15.1,,none,,,,,,,,,,,67.02142857142863,False
2023-03-09,Thursday,240,180,False,1.05466,1.05517,1.05532,23:57,1.05378,20:49,False,15.4,1.05511,1.05583,1.05695,1.0548,21.5,False,high,02:01,33.0,True,False,short,6.4,31.8,33.8,,,66.52142857142867,False
2023-03-10,Friday,240,180,False,1.05985,1.05945,1.05991,20:00,1.05791,21:30,True,20.0,1.05835,1.05811,1.06066,1.05738,32.8,True,high,02:33,88.2,True,True,short,20.4,7.5,126.5,03:16,43.0,70.03571428571442,False
2023-03-13,Monday,240,180,False,1.06814,1.07176,1.07369,22:12,1.06637,20:58,False,73.2,1.07212,1.06701,1.07372,1.06623,74.9,True,high,02:46,5.4,True,True,short,71.7,3.2,118.7,04:32,106.0,73.66428571428582,False
2023-03-14,Tuesday,240,180,False,1.07189,1.07025,1.07211,20:00,1.06979,23:52,True,23.2,1.06971,1.0711,1.07133,1.06787,34.6,False,low,02:00,19.2,True,True,long,23.9,20.5,218.5,06:02,242.0,78.03571428571448,False
2023-03-15,Wednesday,240,180,False,1.07337,1.07447,1.07597,21:52,1.07312,20:15,False,28.5,1.07342,1.06777,1.07444,1.06656,78.8,False,low,02:18,215.4,True,False,long,12.7,215.9,46.3,,,88.63571428571446,False
2023-03-16,Thursday,240,180,False,1.05895,1.06027,1.06032,23:58,1.05861,20:33,False,17.1,1.06053,1.06173,1.06353,1.05927,42.6,False,high,02:00,32.1,True,True,short,24.4,34.6,177.8,07:43,343.0,88.69285714285738,False
2023-03-17,Friday,240,180,False,1.06181,1.0649,1.06491,23:59,1.06142,20:05,False,34.9,1.06626,1.06467,1.06699,1.064,29.9,False,high,02:00,26.5,True,True,short,45.5,10.4,105.7,07:30,330.0,86.58571428571452,False
2023-03-20,Monday,240,180,False,1.06808,1.06697,1.06898,20:07,1.06646,22:36,True,25.2,1.06606,1.06743,1.06777,1.06311,46.6,False,low,02:00,33.5,True,True,long,30.6,29.1,257.5,05:17,197.0,86.97857142857171,False
2023-03-21,Tuesday,240,180,False,1.07175,1.07121,1.07223,21:58,1.07096,23:31,True,12.7,1.07074,1.07462,1.07495,1.07058,43.7,True,low,02:00,3.8,True,True,long,16.6,1.5,574.0,03:02,62.0,90.70000000000005,False
2023-03-22,Wednesday,240,180,False,1.07679,1.07686,1.07767,20:42,1.07652,21:50,True,11.5,1.07666,1.07866,1.0793,1.0759,34.0,True,low,02:02,6.2,True,True,long,14.5,4.0,285.2,03:05,63.0,96.00714285714278,False
2023-03-23,Thursday,240,180,False,1.08832,1.09035,1.09056,22:21,1.08789,20:29,False,26.7,1.09151,1.08856,1.09268,1.08806,46.2,False,high,02:00,21.2,True,True,short,36.5,14.8,134.8,06:00,240.0,92.12142857142842,False
2023-03-24,Friday,240,180,False,1.08325,1.08341,1.08351,20:00,1.08171,22:04,True,18.0,1.08246,1.07256,1.08351,1.07213,113.8,False,low,03:06,104.0,True,False,long,8.1,98.9,16.7,,,98.3071428571428,False
2023-03-27,Monday,240,180,False,1.07775,1.07715,1.07775,20:00,1.07575,21:37,True,20.0,1.07652,1.07665,1.07821,1.07449,37.2,True,low,02:18,12.6,True,True,long,22.4,5.0,186.5,03:07,49.0,93.44999999999985,False
2023-03-28,Tuesday,240,180,False,1.08061,1.0815,1.08194,21:07,1.08033,20:00,False,16.1,1.08103,1.08123,1.08339,1.08078,26.1,False,high,03:09,26.5,True,False,short,8.0,27.6,56.5,,,91.32142857142843,False
2023-03-29,Wednesday,240,180,False,1.0839,1.08364,1.08494,21:02,1.08346,23:20,True,14.8,1.08318,1.08327,1.08394,1.08177,21.7,False,low,02:00,16.9,True,True,long,21.4,15.4,248.0,05:33,213.0,88.5571428571427,False
2023-03-30,Thursday,240,180,False,1.08424,1.08329,1.08434,20:00,1.08263,23:10,True,17.1,1.08414,1.0873,1.08793,1.08235,55.8,True,high,02:02,82.8,True,True,short,19.7,7.2,116.4,03:07,65.0,90.10714285714268,False
2023-03-31,Friday,240,180,False,1.0904,1.09068,1.09257,21:31,1.09012,23:41,True,24.5,1.08952,1.08895,1.09107,1.08729,37.8,False,low,02:00,43.8,True,False,long,13.3,40.0,38.8,,,78.9285714285713,False
2023-04-03,Monday,240,180,False,1.08024,1.07899,1.08167,21:25,1.07882,23:55,True,28.5,1.07951,1.08427,1.08497,1.07912,58.5,False,high,03:00,77.2,True,False,short,3.8,77.7,15.1,,,80.86428571428574,False
2023-04-04,Tuesday,240,180,False,1.09067,1.08885,1.09097,20:28,1.08884,22:17,True,21.3,1.08853,1.0917,1.0938,1.08853,52.7,True,low,02:00,3.1,True,True,long,23.1,3.6,383.6,03:00,60.0,85.30000000000007,False
2023-04-05,Wednesday,240,180,False,1.09576,1.09596,1.09695,20:26,1.09553,23:52,True,14.2,1.09576,1.09509,1.09673,1.09408,26.5,False,low,02:03,52.6,True,False,long,13.7,50.9,84.5,,,84.18571428571434,False
2023-04-06,Thursday,239,180,False,1.09029,1.08918,1.09043,20:00,1.08845,21:11,True,19.8,1.08943,1.08994,1.0917,1.08932,23.8,False,high,02:33,24.0,True,False,short,18.3,24.2,93.4,,,82.25714285714297,False
2023-04-07,Friday,0,0,True,,,,,,,,,,,,,,,,,,,,,,,,,,,False
2023-04-10,Monday,240,180,False,1.09132,1.08991,1.09145,20:01,1.08968,23:02,True,17.7,1.08994,1.09118,1.09171,1.08952,21.9,True,low,02:23,59.5,True,True,long,20.7,1.0,114.7,03:59,96.0,70.71428571428585,False
2023-04-11,Tuesday,240,180,False,1.08687,1.08815,1.08877,23:22,1.0867,21:35,False,20.7,1.08942,1.09068,1.09102,1.08808,29.4,False,high,02:00,40.2,True,False,short,10.5,36.6,33.3,,,65.28571428571439,False
2023-04-12,Wednesday,240,180,False,1.09163,1.09241,1.09287,21:40,1.09147,20:09,False,14.0,1.09354,1.09237,1.09373,1.09159,21.4,False,high,02:00,61.1,True,False,short,19.2,54.7,91.4,,,70.05000000000008,False
2023-04-13,Thursday,240,180,False,1.09967,1.09883,1.10049,20:55,1.09836,23:16,True,21.3,1.09841,1.10146,1.1025,1.09767,48.3,True,low,02:03,6.9,True,True,long,25.4,8.8,394.4,04:00,117.0,71.75714285714301,False
2023-04-14,Friday,240,180,False,1.10517,1.10703,1.10751,22:09,1.10488,20:01,False,26.3,1.10742,1.1059,1.10758,1.10539,21.9,False,high,02:00,0.7,False,True,short,39.8,3.2,300.0,09:00,420.0,75.84285714285726,False
2023-04-17,Monday,239,120,True,1.09844,1.09762,1.09914,20:23,1.09615,21:14,True,29.9,1.09884,1.09919,1.09997,1.09834,16.3,False,high,02:06,8.3,True,True,short,40.2,8.9,265.2,09:00,414.0,73.30714285714302,False
2023-04-18,Tuesday,240,180,False,1.09245,1.09357,1.0939,23:16,1.09222,20:11,False,16.8,1.09422,1.0981,1.09828,1.0935,47.8,False,high,02:00,43.8,True,False,short,5.9,41.9,23.8,,,71.62142857142878,False
2023-04-19,Wednesday,240,180,False,1.09749,1.09742,1.0984,21:01,1.09649,22:04,True,19.1,1.0961,1.09555,1.09722,1.09463,25.9,False,low,02:00,38.9,True,False,long,14.6,38.7,75.4,,,71.4428571428573,False
2023-04-20,Thursday,240,180,False,1.09517,1.09594,1.09616,23:41,1.09494,21:08,False,12.2,1.09618,1.09713,1.09783,1.09498,28.5,False,high,02:00,23.3,True,True,short,17.1,17.5,231.1,08:09,369.0,66.50714285714302,False
2023-04-21,Friday,239,180,False,1.09676,1.09639,1.09731,21:18,1.09618,20:24,False,11.3,1.09604,1.09596,1.09719,1.0938,33.9,False,low,02:00,23.8,True,True,long,29.7,21.4,281.4,09:00,420.0,64.24285714285708,False
2023-04-24,Monday,240,180,False,1.09916,1.09815,1.0995,20:58,1.09798,23:00,True,15.2,1.09781,1.10086,1.10095,1.09658,43.7,True,low,02:00,14.0,True,True,long,17.1,12.1,344.1,04:47,167.0,62.94999999999987,False
2023-04-25,Tuesday,240,180,False,1.10573,1.10527,1.1067,21:29,1.10514,23:04,True,15.6,1.1049,1.10398,1.10564,1.10245,31.9,False,low,02:00,82.9,True,False,long,5.9,82.0,32.1,,,68.44999999999973,False
2023-04-26,Wednesday,240,180,False,1.09778,1.09751,1.09799,20:00,1.09683,21:16,True,11.6,1.09886,1.10418,1.1043,1.09849,58.1,False,high,02:00,105.9,True,False,short,0.7,100.2,-43.1,,,70.87857142857122,False
2023-04-27,Thursday,240,180,False,1.1045,1.10456,1.1054,23:17,1.10389,21:06,False,15.1,1.10594,1.10528,1.10615,1.10398,21.7,False,high,02:00,7.5,True,True,short,23.1,2.8,410.6,05:49,229.0,72.5571428571427,False
2023-04-28,Friday,240,180,False,1.10315,1.10194,1.10394,20:54,1.10125,23:24,True,26.9,1.10122,1.09909,1.10363,1.09766,59.7,False,low,02:00,40.2,True,True,long,30.5,38.5,120.4,11:00,540.0,71.38571428571422,False
2023-05-01,Monday,240,180,False,1.10106,1.1014,1.10143,20:05,1.10007,22:19,True,13.6,1.1006,1.09921,1.10064,1.09914,15.0,False,low,02:16,22.9,True,True,long,33.2,11.4,255.9,09:00,404.0,63.70714285714276,False
2023-05-02,Tuesday,240,180,False,1.09687,1.09839,1.09943,21:43,1.09685,20:00,False,25.8,1.09834,1.09718,1.10066,1.09598,46.8,True,high,02:57,12.3,True,True,short,26.1,12.5,201.9,04:02,65.0,67.62142857142842,False
2023-05-03,Wednesday,240,180,False,1.1011,1.10294,1.10297,23:57,1.10048,20:12,False,24.9,1.10199,1.10395,1.10468,1.10142,32.6,False,high,02:51,29.6,True,False,short,6.6,30.7,30.9,,,66.85714285714263,False
2023-05-04,Thursday,240,180,False,1.10686,1.10812,1.10875,22:57,1.10686,20:00,False,18.9,1.10841,1.10404,1.10917,1.10369,54.8,True,high,02:10,4.2,True,True,short,19.4,4.1,488.4,03:05,55.0,70.15714285714252,False
2023-05-05,Friday,240,180,False,1.10229,1.10439,1.10444,23:58,1.10188,20:13,False,25.6,1.10398,1.10281,1.10477,1.1024,23.7,False,high,02:49,3.3,True,True,short,36.8,2.9,303.5,08:00,311.0,72.1357142857139,False
2023-05-08,Monday,240,180,False,1.10182,1.1039,1.10399,23:54,1.10167,20:00,False,23.2,1.10391,1.10359,1.10535,1.10358,17.7,False,high,02:05,13.6,True,True,short,23.8,13.8,115.9,10:46,521.0,71.21428571428564,False
2023-05-09,Tuesday,240,180,False,1.09962,1.09936,1.09974,20:00,1.09849,22:11,True,12.5,1.09941,1.09787,1.10007,1.09727,28.0,True,high,02:24,3.3,True,True,short,16.3,2.6,380.8,03:20,56.0,73.80714285714295,False
2023-05-10,Wednesday,240,180,False,1.09644,1.09761,1.09772,23:44,1.09644,20:00,False,12.8,1.09666,1.09519,1.09824,1.09502,32.2,True,low,02:05,23.0,True,True,long,13.1,0.3,331.3,03:04,59.0,71.25000000000031,False
2023-05-11,Thursday,240,180,False,1.09826,1.09744,1.09981,21:16,1.09735,23:57,True,24.6,1.09782,1.09282,1.0979,1.0918,61.0,False,low,02:06,73.5,True,False,long,2.6,73.4,10.2,,,70.35714285714319,False
2023-05-12,Friday,240,180,False,1.09122,1.09222,1.09252,22:18,1.09122,20:00,False,13.0,1.0924,1.09135,1.09354,1.09046,30.8,True,high,02:08,10.2,True,True,short,13.9,10.3,546.2,03:56,108.0,68.50000000000038,False
2023-05-15,Monday,240,180,False,1.08526,1.08599,1.08643,21:57,1.0848,20:33,False,16.3,1.08674,1.08684,1.08801,1.08601,20.0,False,high,02:00,26.5,True,False,short,11.5,23.9,54.6,,,61.92142857142884,False
2023-05-16,Tuesday,240,180,False,1.08736,1.08824,1.08845,23:01,1.08682,22:03,False,16.3,1.08709,1.0891,1.08978,1.08628,35.0,True,low,02:04,13.2,True,True,long,18.1,3.8,223.3,03:35,91.0,63.9428571428575,False
2023-05-17,Wednesday,240,180,False,1.08653,1.08654,1.08736,22:20,1.08621,21:40,False,11.5,1.08531,1.0829,1.08642,1.08272,37.0,False,low,02:00,47.4,True,False,long,10.1,39.4,18.3,,,62.7071428571432,False
2023-05-18,Thursday,240,180,False,1.08377,1.08398,1.08479,21:28,1.08348,20:17,False,13.1,1.08302,1.08165,1.08345,1.08091,25.4,False,low,02:00,67.9,True,False,long,3.0,64.6,-2.3,,,62.200000000000195,False
2023-05-19,Friday,240,180,False,1.07749,1.07683,1.078,20:27,1.076,21:36,True,20.0,1.07686,1.07881,1.07944,1.07669,27.5,False,high,02:14,43.5,True,False,short,10.1,42.5,45.5,,,61.271428571428864,False
2023-05-22,Monday,240,180,False,1.08219,1.08208,1.08298,21:04,1.08165,20:33,False,13.3,1.08106,1.08103,1.08241,1.07955,28.6,False,low,02:00,21.0,True,False,long,10.7,17.9,57.1,,,52.321428571429074,False
2023-05-23,Tuesday,240,180,False,1.08105,1.0808,1.08204,20:21,1.08025,22:05,True,17.9,1.08071,1.08031,1.08129,1.07852,27.7,False,low,03:01,39.5,True,False,long,3.6,41.3,30.2,,,54.26428571428625,False
2023-05-24,Wednesday,240,180,False,1.0769,1.07788,1.07797,23:37,1.07676,20:07,False,12.1,1.07835,1.07775,1.07948,1.07702,24.6,False,high,02:00,21.5,True,True,short,20.8,7.4,262.0,06:04,244.0,54.02142857142894,False
2023-05-25,Thursday,240,180,False,1.07556,1.07374,1.07556,20:00,1.0736,23:28,True,19.6,1.07395,1.07228,1.07438,1.0714,29.8,False,low,02:01,28.7,True,False,long,8.3,28.2,39.8,,,52.95000000000017,False
2023-05-26,Friday,240,180,False,1.07233,1.07374,1.07385,23:24,1.07189,20:17,False,19.6,1.0737,1.07317,1.07444,1.07252,19.2,False,high,03:17,18.7,True,True,short,33.3,19.1,187.2,11:00,463.0,52.23571428571438,False
2023-05-29,Monday,240,180,False,1.07214,1.07303,1.07354,22:32,1.07172,20:54,False,18.2,1.07362,1.07239,1.07434,1.07153,28.1,True,high,02:00,8.0,True,True,short,22.1,6.0,150.5,04:06,126.0,44.40000000000015,False
2023-05-30,Tuesday,240,180,False,1.07067,1.07065,1.07262,21:36,1.07013,23:37,True,24.9,1.06859,1.07046,1.07082,1.06725,35.7,False,low,02:00,28.8,True,True,long,42.0,15.3,181.5,06:02,242.0,48.50714285714311,False
2023-05-31,Wednesday,240,180,False,1.07316,1.06977,1.07356,20:57,1.06942,23:36,True,41.4,1.06973,1.06597,1.06979,1.06585,39.4,False,low,02:01,43.3,True,False,long,12.5,41.7,26.3,,,50.95000000000024,False
2023-06-01,Thursday,240,180,False,1.06934,1.0687,1.06951,20:25,1.06802,21:43,True,14.9,1.06771,1.06863,1.06868,1.06617,25.1,False,low,02:00,18.5,True,True,long,20.9,14.7,412.8,05:45,225.0,55.07142857142868,False
2023-06-02,Friday,240,180,False,1.07603,1.0768,1.0769,23:20,1.07581,20:19,False,10.9,1.07714,1.07742,1.07789,1.076,18.9,False,high,02:00,9.9,True,True,short,27.4,5.5,473.4,09:00,420.0,56.57142857142868,False
2023-06-05,Monday,240,180,False,1.0697,1.07025,1.07045,22:07,1.06902,20:32,False,14.3,1.07012,1.06959,1.07012,1.06832,18.0,False,low,02:51,12.5,True,True,long,21.2,13.5,213.3,11:00,489.0,51.0428571428572,False
2023-06-06,Tuesday,240,180,False,1.07112,1.07159,1.07246,22:13,1.07098,20:02,False,14.8,1.0725,1.06991,1.07328,1.0695,37.8,True,high,02:00,8.2,True,True,short,13.9,9.1,389.9,03:29,89.0,54.064285714285745,False
2023-06-07,Wednesday,240,180,False,1.06985,1.06927,1.07043,20:47,1.06887,22:19,True,15.6,1.0685,1.06928,1.06932,1.06682,25.0,False,low,02:00,20.5,True,True,long,21.7,14.6,326.3,06:07,247.0,57.121428571428474,False
2023-06-08,Thursday,240,180,False,1.0707,1.07082,1.07114,22:05,1.07028,21:32,False,8.6,1.07102,1.07265,1.07299,1.07009,29.0,True,high,02:00,71.8,True,True,short,8.1,8.2,122.1,03:25,85.0,59.39999999999977,False
2023-06-09,Friday,239,180,False,1.07819,1.07777,1.0785,20:11,1.07757,22:52,True,9.3,1.07778,1.07631,1.07822,1.07592,23.0,False,low,02:09,21.9,True,False,long,9.5,20.8,90.3,,,57.69285714285716,False
2023-06-12,Monday,240,180,False,1.07499,1.07409,1.07503,20:00,1.0733,22:38,True,17.3,1.0749,1.07771,1.0784,1.0744,40.0,False,high,02:00,39.7,True,False,short,7.0,40.0,42.2,,,56.00714285714277,False
2023-06-13,Tuesday,240,180,False,1.07621,1.0779,1.07801,23:47,1.07591,21:22,False,21.0,1.07828,1.08074,1.08082,1.07814,26.8,False,high,02:00,43.3,True,False,short,9.7,35.6,9.5,,,58.09285714285723,False
2023-06-14,Wednesday,240,180,False,1.07896,1.07899,1.0796,22:33,1.07856,20:04,False,10.4,1.07763,1.08018,1.08047,1.07763,28.4,True,low,02:00,9.3,True,True,long,19.2,1.2,679.8,03:32,92.0,61.5214285714286,False
2023-06-15,Thursday,240,180,False,1.08427,1.08132,1.08444,20:02,1.08081,22:00,True,36.3,1.08182,1.08327,1.08373,1.08036,33.7,False,low,02:47,4.5,True,True,long,36.5,4.7,311.8,05:17,150.0,66.74285714285712,False
2023-06-16,Friday,240,180,False,1.09455,1.09381,1.09507,20:06,1.09354,22:58,True,15.3,1.09395,1.09504,1.09624,1.09339,28.5,True,high,02:21,15.1,True,True,short,20.7,7.8,189.5,03:22,61.0,64.9214285714285,False
2023-06-19,Monday,240,180,False,1.09398,1.09369,1.09462,20:06,1.09335,21:11,True,12.7,1.09401,1.09294,1.09402,1.09249,15.3,False,low,02:05,23.6,True,False,long,3.7,24.9,39.4,,,55.121428571428545,False
2023-06-20,Tuesday,240,180,False,1.09234,1.09197,1.09261,20:04,1.09106,22:10,True,15.5,1.09262,1.09378,1.09461,1.0915,31.1,False,high,02:00,20.0,True,True,short,14.7,21.9,171.0,09:02,422.0,56.97857142857151,False
2023-06-21,Wednesday,240,180,False,1.09197,1.09149,1.0921,22:21,1.09117,21:08,False,9.3,1.09118,1.09248,1.09336,1.09058,27.8,True,low,02:00,5.9,True,True,long,10.6,7.4,561.3,04:06,126.0,59.992857142857304,False
2023-06-22,Thursday,240,180,False,1.09916,1.09929,1.09949,21:33,1.09866,20:51,False,8.3,1.0986,1.09929,1.10035,1.09797,23.8,True,low,02:00,34.4,True,True,long,9.9,6.3,259.0,03:43,103.0,60.71428571428584,False
2023-06-23,Friday,240,180,False,1.09555,1.09356,1.09585,20:55,1.09321,22:37,True,26.4,1.09325,1.08491,1.09333,1.08485,84.8,False,low,02:00,87.8,True,False,long,2.6,86.4,4.5,,,62.221428571428746,False
2023-06-26,Monday,240,180,False,1.09064,1.0906,1.09097,21:38,1.08988,20:07,False,10.9,1.09068,1.08919,1.09109,1.08873,23.6,True,high,02:12,10.2,True,True,short,11.3,0.8,205.5,02:36,24.0,57.47857142857145,False
2023-06-27,Tuesday,240,180,False,1.09097,1.09266,1.0935,21:49,1.09021,20:54,False,32.9,1.09175,1.09395,1.09438,1.09161,27.7,False,high,03:01,41.6,True,False,short,9.7,40.9,27.4,,,60.56428571428581,False
2023-06-28,Wednesday,240,180,False,1.09574,1.09508,1.09614,20:22,1.09421,22:28,True,19.3,1.09532,1.09527,1.09604,1.0936,24.4,False,low,02:43,45.3,True,True,long,21.5,4.6,103.6,06:34,231.0,62.03571428571434,False
2023-06-29,Thursday,240,180,False,1.09151,1.08929,1.09161,20:00,1.08905,23:49,True,25.6,1.08939,1.09143,1.09218,1.08897,32.1,True,low,02:27,21.6,True,True,long,28.1,0.6,198.8,03:18,51.0,64.44999999999986,False
2023-06-30,Friday,240,180,False,1.08673,1.08713,1.08754,21:03,1.08602,21:58,True,15.2,1.08695,1.08388,1.08696,1.08352,34.4,False,low,02:11,25.0,True,True,long,37.3,26.3,388.2,09:00,409.0,64.24285714285706,False
2023-07-03,Monday,240,180,False,1.09075,1.09127,1.09176,21:39,1.09004,20:57,False,17.2,1.09032,1.08862,1.09068,1.08702,36.6,False,low,02:07,30.2,True,True,long,21.7,27.8,194.8,09:45,458.0,56.36428571428574,False
2023-07-04,Tuesday,240,180,False,1.09127,1.09044,1.09163,21:25,1.09024,22:36,True,13.9,1.08952,1.08954,1.09146,1.08921,22.5,False,low,02:00,10.3,True,False,long,19.0,3.5,87.8,,,58.28571428571452,False
2023-07-05,Wednesday,240,180,False,1.08827,1.08773,1.08908,20:39,1.0875,22:13,True,15.8,1.08814,1.08878,1.09078,1.08662,41.6,True,low,02:25,8.8,True,True,long,17.0,4.3,207.6,03:07,42.0,60.90000000000024,False
2023-07-06,Thursday,240,180,False,1.08554,1.084,1.08559,20:01,1.08399,23:54,True,16.0,1.08553,1.08642,1.08753,1.08454,29.9,False,high,02:00,41.8,True,False,short,9.7,42.6,65.6,,,62.15000000000017,False
2023-07-07,Friday,240,180,False,1.08895,1.08878,1.08915,23:17,1.08823,20:57,False,9.2,1.08875,1.08776,1.09002,1.08669,33.3,True,high,02:00,71.9,True,True,short,13.1,5.7,267.4,02:53,53.0,63.371428571428815,False
2023-07-10,Monday,240,180,False,1.0967,1.09559,1.09695,21:26,1.09528,23:36,True,16.7,1.09461,1.09646,1.09655,1.0945,20.5,False,low,02:00,9.4,True,True,long,19.7,6.0,164.1,05:23,203.0,58.00000000000027,False
2023-07-11,Tuesday,240,180,False,1.10053,1.10173,1.102,22:57,1.10014,20:06,False,18.6,1.10073,1.10026,1.10269,1.10022,24.7,False,high,02:18,6.9,True,True,short,20.2,6.4,224.2,05:00,162.0,61.08571428571447,False
2023-07-12,Wednesday,240,180,False,1.10137,1.10295,1.10334,22:23,1.10119,20:00,False,21.5,1.1026,1.10221,1.10354,1.10206,14.8,False,high,02:17,91.9,True,False,short,18.4,92.1,86.5,,,67.23571428571448,False
2023-07-13,Thursday,240,180,False,1.11406,1.11456,1.11486,23:18,1.11363,21:19,False,12.3,1.11309,1.11608,1.11699,1.11307,39.2,True,low,02:00,5.6,True,True,long,15.0,4.3,484.6,02:58,58.0,70.9928571428572,False
2023-07-14,Friday,240,180,False,1.12235,1.12413,1.12429,23:37,1.12134,20:29,False,29.5,1.12195,1.12311,1.12357,1.12041,31.6,False,low,02:47,9.3,True,True,long,32.9,7.8,106.4,05:14,147.0,68.78571428571448,False
2023-07-17,Monday,240,180,False,1.12271,1.12264,1.12296,20:06,1.12147,22:00,True,14.9,1.12325,1.12379,1.12487,1.12224,26.3,False,high,02:00,19.1,True,True,short,17.1,19.6,176.5,09:33,453.0,61.714285714286056,False
2023-07-18,Tuesday,240,180,False,1.12374,1.12537,1.12559,21:29,1.12345,20:01,False,21.4,1.12502,1.1237,1.12756,1.12279,47.7,True,high,02:48,19.7,True,True,short,24.0,19.8,183.2,04:50,122.0,65.25000000000018,False
2023-07-19,Wednesday,240,180,False,1.12282,1.12261,1.12327,20:29,1.12161,22:28,True,16.6,1.12352,1.12324,1.12372,1.11959,41.3,True,high,02:00,7.3,True,True,short,7.8,14.7,260.2,02:15,15.0,64.3071428571432,False
2023-07-20,Thursday,240,180,False,1.12048,1.12258,1.12291,22:05,1.12037,20:02,False,25.4,1.12169,1.12084,1.12209,1.1198,22.9,False,low,03:39,63.2,True,False,long,15.6,58.1,41.3,,,69.21428571428602,False
2023-07-21,Friday,240,180,False,1.11345,1.1136,1.11417,22:48,1.11296,20:03,False,12.1,1.11429,1.11282,1.11449,1.11213,23.6,True,high,02:00,3.2,True,True,short,12.6,2.8,279.3,03:34,94.0,67.00714285714314,False
2023-07-24,Monday,240,180,False,1.11244,1.11255,1.11327,20:36,1.11194,21:38,True,13.3,1.11319,1.10708,1.11469,1.10657,81.2,True,high,02:45,14.2,True,True,short,38.1,14.0,503.8,03:30,45.0,61.99285714285741,False
2023-07-25,Tuesday,240,180,False,1.1063,1.10782,1.10815,22:53,1.10627,20:09,False,18.8,1.10759,1.10647,1.10868,1.10527,34.1,True,high,02:19,5.3,True,True,short,26.2,4.7,297.9,04:00,101.0,65.17857142857179,False
2023-07-26,Wednesday,240,180,False,1.105,1.10493,1.1053,20:03,1.10377,21:59,True,15.3,1.10619,1.10756,1.10775,1.10566,20.9,False,high,02:00,33.1,True,False,short,2.3,27.2,-23.5,,,64.82142857142897,False
2023-07-27,Thursday,240,180,False,1.10778,1.11002,1.11178,22:13,1.10774,20:00,False,40.4,1.10888,1.11389,1.11392,1.10888,50.4,False,high,03:28,26.1,True,True,short,62.6,26.6,322.8,09:00,332.0,73.57857142857195,False
2023-07-28,Friday,240,180,False,1.0978,1.09765,1.09882,23:31,1.09714,23:48,True,16.8,1.0986,1.09595,1.09911,1.09435,47.6,True,high,02:45,59.3,True,True,short,16.9,2.8,266.1,02:55,10.0,71.45000000000051,False
2023-07-31,Monday,240,180,False,1.10239,1.10123,1.10277,20:08,1.10091,22:00,True,18.6,1.10143,1.10336,1.1036,1.10067,29.3,True,low,02:04,2.4,True,True,long,19.5,2.5,197.3,03:33,89.0,66.5071428571432,False
2023-08-01,Tuesday,240,180,False,1.09967,1.09855,1.10015,20:07,1.09803,22:25,True,21.2,1.09987,1.09746,1.10002,1.097,30.2,False,low,03:05,28.0,True,False,long,8.5,28.4,42.0,,,70.08571428571459,False
2023-08-02,Wednesday,240,180,False,1.10078,1.09868,1.1008,20:00,1.09802,23:18,True,27.8,1.09943,1.09842,1.09972,1.09759,21.3,False,low,04:08,62.4,True,False,long,12.7,59.8,36.3,,,72.24285714285746,False
2023-08-03,Thursday,240,180,False,1.09433,1.09347,1.09492,21:45,1.09303,23:43,True,18.9,1.09393,1.09247,1.09432,1.09122,31.0,False,low,02:43,18.1,True,True,long,21.0,18.0,136.5,08:41,358.0,71.09285714285738,False
2023-08-04,Friday,240,180,False,1.09509,1.09542,1.09615,21:40,1.09464,20:18,False,15.1,1.09521,1.09401,1.09583,1.09378,20.5,False,low,02:52,11.5,True,True,long,32.1,11.6,632.5,08:30,338.0,75.12857142857146,False
2023-08-07,Monday,240,180,False,1.10024,1.09955,1.10117,20:45,1.09951,23:57,True,16.6,1.09828,1.09746,1.09947,1.09708,23.9,False,low,02:00,29.7,True,False,long,27.5,18.7,99.4,,,69.47857142857124,False
2023-08-08,Tuesday,240,180,False,1.10026,1.09818,1.10054,20:01,1.09768,22:03,True,28.6,1.09989,1.09852,1.10111,1.09736,37.5,True,high,02:34,5.7,True,True,short,30.8,4.6,267.1,03:31,57.0,74.39285714285695,False
2023-08-09,Wednesday,240,180,False,1.09592,1.09665,1.09707,23:03,1.09552,21:01,False,15.5,1.09765,1.09836,1.09887,1.09699,18.8,False,high,02:00,24.6,True,False,short,13.5,19.8,56.1,,,70.57857142857115,False
2023-08-10,Thursday,240,180,False,1.09771,1.09791,1.09819,23:12,1.09673,20:37,False,14.6,1.0985,1.10186,1.10263,1.09829,43.4,False,high,02:00,83.1,True,False,short,2.4,79.7,-6.8,,,72.54999999999963,False
2023-08-11,Friday,240,180,False,1.09815,1.09872,1.09979,21:52,1.09797,20:08,False,18.2,1.0993,1.09994,1.10031,1.09875,15.6,False,high,02:16,7.0,True,True,short,18.7,5.7,257.7,05:47,211.0,71.86428571428529,False
2023-08-14,Monday,240,180,False,1.09431,1.09321,1.09467,20:02,1.09292,23:54,True,17.5,1.09372,1.09461,1.096,1.09261,33.9,True,low,02:01,54.5,True,True,long,17.7,2.9,176.0,03:21,80.0,59.44285714285688,False
2023-08-15,Tuesday,240,180,False,1.09076,1.09143,1.09175,23:38,1.09003,21:35,False,17.2,1.09116,1.09277,1.09343,1.091,24.3,False,high,02:00,34.9,True,True,short,16.1,28.4,119.8,08:30,390.0,62.04285714285693,False
2023-08-16,Wednesday,240,180,False,1.09038,1.09064,1.09117,21:55,1.08989,21:16,False,12.8,1.09159,1.0928,1.09345,1.09105,24.0,False,high,02:00,22.8,True,True,short,18.8,17.5,121.9,09:00,420.0,62.55714285714284,False
2023-08-17,Thursday,240,180,False,1.08744,1.08642,1.08749,20:00,1.08618,21:34,True,13.1,1.08735,1.08729,1.08866,1.08695,17.1,False,high,02:20,43.1,True,False,short,12.3,42.1,86.3,,,62.18571428571422,False
2023-08-18,Friday,240,180,False,1.08742,1.08859,1.08938,22:22,1.08717,20:02,False,22.1,1.08832,1.08673,1.08871,1.08637,23.4,False,low,02:56,26.7,True,False,long,9.8,26.5,43.4,,,59.335714285714104,False
2023-08-21,Monday,240,180,False,1.08747,1.08803,1.08841,20:29,1.08695,21:16,True,14.6,1.08812,1.0886,1.08896,1.08723,17.3,False,high,03:12,29.5,True,False,short,9.3,29.0,60.3,,,52.45000000000007,False
2023-08-22,Tuesday,240,180,False,1.08974,1.0915,1.09158,23:43,1.08932,20:05,False,22.6,1.09053,1.09099,1.09303,1.09053,25.0,False,high,02:21,14.5,True,True,short,23.7,14.2,366.8,06:21,240.0,57.9785714285714,False
2023-08-23,Wednesday,240,180,False,1.08465,1.08574,1.08596,23:39,1.08446,21:00,False,15.0,1.08622,1.0819,1.08713,1.08118,59.5,True,high,02:00,11.7,True,True,short,32.0,9.5,380.7,03:30,90.0,59.857142857142925,False
2023-08-24,Thursday,240,180,False,1.08655,1.08657,1.0875,20:22,1.08583,22:29,True,16.7,1.08707,1.08619,1.08734,1.08519,21.5,False,low,02:37,44.1,True,False,long,6.4,43.7,35.9,,,60.88571428571428,False
2023-08-25,Friday,240,180,False,1.07989,1.07804,1.0804,20:13,1.07799,23:58,True,24.1,1.07899,1.07862,1.0792,1.07661,25.9,False,low,02:58,14.1,True,True,long,24.5,13.7,256.4,07:03,245.0,63.928571428571516,False
2023-08-28,Monday,238,180,False,1.07969,1.08094,1.08101,23:56,1.07961,20:00,False,14.0,1.081,1.08005,1.08208,1.07993,21.5,False,high,02:00,12.0,True,False,short,13.7,9.5,80.0,,,57.157142857143,False
2023-08-29,Tuesday,240,180,False,1.08255,1.08362,1.08382,23:28,1.08213,20:55,False,16.9,1.08215,1.08102,1.08296,1.08082,21.4,False,low,02:00,39.1,True,True,long,20.7,38.6,210.7,10:02,482.0,63.38571428571448,False
2023-08-30,Wednesday,239,180,False,1.08691,1.08691,1.08721,21:51,1.08636,22:40,True,8.5,1.08666,1.08672,1.08766,1.08551,21.5,True,high,02:06,73.3,True,True,short,8.6,4.9,200.0,03:15,69.0,63.74285714285729,False
2023-08-31,Thursday,238,180,False,1.09292,1.09204,1.09394,21:34,1.092,23:45,True,19.4,1.09178,1.08777,1.09244,1.0877,47.4,False,low,02:00,83.4,True,False,long,7.6,80.2,22.7,,,66.18571428571457,False
2023-09-01,Friday,240,180,False,1.08422,1.08417,1.08541,21:24,1.08363,20:55,False,17.8,1.08457,1.08483,1.08595,1.08284,31.1,True,low,02:22,50.0,True,True,long,23.8,2.5,256.2,03:30,68.0,68.87142857142885,False
2023-09-04,Monday,240,180,False,1.07758,1.07857,1.07872,22:51,1.07731,20:07,False,14.1,1.07867,1.07977,1.08068,1.07834,23.4,False,high,02:03,21.5,True,False,short,4.3,21.2,28.4,,,64.514285714286,False
2023-09-05,Tuesday,239,180,False,1.07912,1.07884,1.07982,21:31,1.07807,23:15,True,17.5,1.07858,1.07481,1.07863,1.0742,44.3,False,low,02:06,74.5,True,False,long,2.2,75.7,19.4,,,69.50714285714318,False
2023-09-06,Wednesday,240,180,False,1.07246,1.07332,1.07343,23:00,1.07131,21:54,False,21.2,1.0738,1.07338,1.0748,1.07231,24.9,False,high,02:00,14.5,True,True,short,25.0,18.0,150.0,10:00,480.0,69.70714285714323,False
2023-09-07,Thursday,237,180,False,1.07238,1.07297,1.07317,23:43,1.0719,20:50,False,12.7,1.07191,1.07103,1.07256,1.07077,17.9,False,low,02:00,32.9,True,False,long,6.6,32.9,52.0,,,65.90000000000047,False
2023-09-08,Friday,240,180,False,1.06975,1.07164,1.07232,22:39,1.06971,20:01,False,26.1,1.07238,1.07116,1.07279,1.07076,20.3,False,high,02:00,20.6,True,True,short,26.4,4.5,111.5,06:37,277.0,64.27142857142901,False
2023-09-11,Monday,239,180,False,1.07165,1.07225,1.0728,22:36,1.07099,20:17,False,18.1,1.07286,1.07285,1.07374,1.07222,15.2,False,high,02:00,31.3,True,False,short,13.9,30.0,69.6,,,57.264285714286245,False
2023-09-12,Tuesday,240,180,False,1.07476,1.07463,1.07692,21:12,1.07375,21:46,True,31.7,1.07362,1.07144,1.07408,1.07121,28.7,False,low,02:00,32.0,True,False,long,3.8,31.5,10.4,,,60.30000000000059,False
2023-09-13,Wednesday,239,180,False,1.0753,1.07471,1.07648,21:17,1.07446,23:21,True,20.2,1.07442,1.0735,1.07488,1.0731,17.8,False,low,02:00,33.6,True,False,long,18.4,32.0,83.2,,,61.09285714285785,False
2023-09-14,Thursday,240,180,False,1.07327,1.07445,1.07464,23:53,1.07301,20:12,False,16.3,1.07478,1.07338,1.07487,1.07321,16.6,False,high,02:00,2.3,True,True,short,18.7,1.0,567.5,05:30,210.0,61.85000000000059,False
2023-09-15,Friday,240,180,False,1.06349,1.06474,1.06483,22:03,1.06332,21:32,False,15.1,1.06563,1.06655,1.06688,1.06498,19.0,False,high,02:00,39.4,True,False,short,9.0,33.6,21.2,,,58.50000000000053,False
2023-09-18,Monday,240,180,False,1.0668,1.06641,1.06736,21:07,1.06609,21:32,True,12.7,1.0669,1.06639,1.06777,1.06562,21.5,True,high,02:01,25.0,True,True,short,13.5,4.1,149.6,02:57,56.0,48.48571428571472,False
2023-09-19,Tuesday,239,180,False,1.06918,1.06826,1.06965,20:22,1.06807,21:34,True,15.8,1.06796,1.06865,1.06952,1.0675,20.2,False,low,02:00,5.7,True,True,long,18.8,3.9,236.1,06:30,270.0,50.471428571429,False
2023-09-20,Wednesday,240,180,False,1.06814,1.06795,1.06897,22:15,1.06781,23:48,True,11.6,1.06808,1.06961,1.06968,1.06729,23.9,True,low,02:00,5.2,True,True,long,13.6,4.6,422.4,02:18,18.0,57.05000000000056,False
2023-09-21,Thursday,240,180,False,1.06498,1.06365,1.06503,20:15,1.06167,22:31,True,33.6,1.06343,1.06555,1.06637,1.06336,30.1,False,high,02:52,23.1,True,False,short,27.8,21.0,76.5,,,54.27857142857191,False
2023-09-22,Friday,240,180,False,1.06603,1.06514,1.06626,20:00,1.06409,21:41,True,21.7,1.06491,1.06462,1.06678,1.0615,52.8,True,high,03:08,9.0,True,True,short,40.6,2.8,219.4,03:15,7.0,55.01428571428609,False
2023-09-25,Monday,240,180,False,1.06482,1.0648,1.06555,20:57,1.0643,22:26,True,12.5,1.06441,1.06256,1.06531,1.06241,29.0,False,low,02:43,67.7,True,False,long,9.9,67.9,80.8,,,54.80714285714315,False
2023-09-26,Tuesday,240,180,False,1.05912,1.05858,1.05919,20:00,1.05783,23:13,True,13.6,1.05878,1.05959,1.05999,1.05699,30.0,True,low,02:39,10.6,True,True,long,13.3,9.1,225.7,04:03,84.0,57.135714285714606,False
2023-09-27,Wednesday,240,180,False,1.05691,1.05619,1.0572,20:08,1.05559,20:54,True,16.1,1.05599,1.05598,1.0574,1.05572,16.8,False,high,03:04,2.0,True,True,short,15.5,2.7,396.9,05:15,131.0,59.43571428571444,False
2023-09-28,Thursday,240,180,False,1.05053,1.0504,1.0516,21:12,1.04987,22:56,True,17.3,1.05087,1.05166,1.05242,1.0491,33.2,True,low,02:37,7.7,True,True,long,19.3,8.5,463.0,03:19,42.0,61.7500000000001,False
2023-09-29,Friday,239,180,False,1.05622,1.05754,1.05827,22:20,1.05579,20:51,False,24.8,1.05765,1.06093,1.06165,1.05743,42.2,False,high,02:06,34.2,True,False,short,13.7,33.4,52.0,,,61.94285714285707,False
2023-10-02,Monday,240,180,False,1.05641,1.05698,1.05707,22:37,1.05623,20:04,False,8.4,1.05617,1.05621,1.05919,1.05599,32.0,True,low,02:00,70.1,True,True,long,7.3,2.9,352.4,02:32,32.0,60.42142857142853,False
2023-10-03,Tuesday,239,180,False,1.04798,1.04683,1.04803,20:00,1.04638,22:31,True,16.5,1.04657,1.04853,1.04933,1.04623,31.0,True,low,02:00,15.5,True,True,long,17.3,1.1,178.8,03:44,104.0,62.507142857142846,False
2023-10-04,Wednesday,240,180,False,1.04684,1.04592,1.04755,20:51,1.0457,23:53,True,18.5,1.04682,1.0486,1.04887,1.04514,37.3,True,low,02:25,5.6,True,True,long,20.5,5.4,405.9,03:35,70.0,65.12857142857146,False
2023-10-05,Thursday,240,180,False,1.05068,1.0525,1.05288,21:57,1.05022,20:26,False,26.6,1.05174,1.05041,1.05209,1.05014,19.5,False,low,03:28,2.2,True,True,long,26.2,2.1,132.0,08:06,278.0,65.72857142857143,False
2023-10-06,Friday,240,180,False,1.05463,1.05423,1.05479,20:01,1.05381,21:17,True,9.8,1.05349,1.05482,1.05532,1.05314,21.8,True,low,02:00,55.7,True,True,long,14.1,4.1,630.6,03:31,91.0,65.54285714285703,False
2023-10-09,Monday,240,180,False,1.05662,1.05521,1.05742,20:56,1.05515,23:57,True,22.7,1.05539,1.05416,1.05585,1.05194,39.1,False,low,02:02,32.1,True,False,long,6.1,33.0,30.8,,,64.3714285714284,False
2023-10-10,Tuesday,240,180,False,1.05788,1.05694,1.05836,20:01,1.0566,23:01,True,17.6,1.05617,1.06043,1.06095,1.05542,55.3,True,low,02:00,11.8,True,True,long,20.8,10.8,304.0,04:13,133.0,68.12142857142838,False
2023-10-11,Wednesday,240,180,False,1.06043,1.06047,1.06142,20:41,1.06012,21:38,True,13.0,1.06014,1.06084,1.06283,1.05933,35.0,True,low,02:00,20.6,True,True,long,13.6,1.6,256.9,02:47,47.0,66.42142857142849,False
2023-10-12,Thursday,240,180,False,1.06234,1.06287,1.0629,23:58,1.06199,20:52,False,9.1,1.06311,1.06263,1.06397,1.06193,20.4,True,high,02:00,10.7,True,True,short,12.1,8.0,929.7,04:01,121.0,70.77142857142861,False
2023-10-13,Friday,240,180,False,1.05358,1.05455,1.0548,23:05,1.05345,20:45,False,13.5,1.05483,1.05537,1.05584,1.05313,27.1,True,high,02:00,10.4,True,True,short,11.5,3.5,389.6,02:55,55.0,69.12857142857148,False
2023-10-16,Monday,240,180,False,1.05221,1.05235,1.05257,22:28,1.05156,20:25,False,10.1,1.05293,1.05406,1.05428,1.05235,19.3,False,high,02:00,29.7,True,False,short,7.0,24.9,21.8,,,63.32857142857156,False
2023-10-17,Tuesday,239,180,False,1.05543,1.05498,1.05607,20:35,1.05462,22:09,True,14.5,1.05442,1.05358,1.05547,1.05328,21.9,False,low,02:00,13.4,True,True,long,19.5,9.8,320.7,06:13,253.0,66.73571428571437,False
2023-10-18,Wednesday,240,180,False,1.05726,1.05754,1.05789,22:33,1.05604,20:53,False,18.5,1.05824,1.05831,1.05941,1.05704,23.7,False,high,02:00,15.2,True,True,short,25.0,10.6,286.5,06:11,251.0,62.657142857142865,False
2023-10-19,Thursday,240,180,False,1.05381,1.05338,1.05418,21:05,1.05323,21:41,True,9.5,1.0533,1.05356,1.05482,1.05282,20.0,True,low,02:00,4.1,True,True,long,10.0,3.7,518.9,02:47,47.0,65.73571428571417,False
2023-10-20,Friday,240,180,False,1.05862,1.05759,1.05864,20:01,1.05683,21:23,True,18.1,1.0574,1.05877,1.05953,1.05649,30.4,True,low,02:17,3.4,True,True,long,19.3,3.5,179.6,04:27,130.0,62.72857142857128,False
2023-10-23,Monday,240,180,False,1.05893,1.05751,1.05902,20:00,1.05733,22:56,True,16.9,1.05773,1.06025,1.06105,1.05714,39.1,True,low,02:18,1.9,True,True,long,20.1,1.0,433.7,03:48,90.0,60.57857142857131,False
2023-10-24,Tuesday,240,180,False,1.06699,1.06824,1.06871,22:31,1.06668,20:41,False,20.3,1.06809,1.06503,1.06942,1.06441,50.1,True,high,03:02,7.1,True,True,short,23.0,6.1,512.8,03:30,28.0,66.74999999999986,False
2023-10-25,Wednesday,240,180,False,1.05952,1.0602,1.0605,23:20,1.05897,20:55,False,15.3,1.06009,1.0585,1.0604,1.05783,25.7,False,low,03:02,23.9,True,False,long,4.9,26.1,46.4,,,66.82857142857132,False
2023-10-26,Thursday,240,180,False,1.05661,1.05467,1.05691,20:08,1.05414,23:31,True,27.7,1.05427,1.05453,1.05525,1.0533,19.5,False,low,02:04,19.3,True,False,long,20.1,18.1,68.2,,,65.32142857142843,False
2023-10-27,Friday,240,180,False,1.05637,1.05644,1.05666,22:40,1.05525,21:15,False,14.1,1.05691,1.05619,1.05697,1.0552,17.7,True,high,02:00,30.4,True,True,short,15.8,1.9,221.3,03:01,61.0,65.86428571428564,False
2023-10-30,Monday,240,180,False,1.05625,1.05609,1.05658,21:03,1.05584,23:36,True,7.4,1.0565,1.05824,1.0586,1.05471,38.9,True,high,02:00,59.2,True,True,short,8.4,1.4,252.7,02:29,29.0,60.19999999999993,False
2023-10-31,Tuesday,240,180,False,1.06114,1.05938,1.06126,20:01,1.05906,22:48,True,22.0,1.06086,1.06684,1.06748,1.06034,71.4,False,high,02:32,62.2,True,True,short,27.7,61.4,250.9,10:06,454.0,66.92857142857135,False
2023-11-01,Wednesday,240,180,False,1.05733,1.05672,1.05764,20:43,1.05659,23:52,True,10.5,1.05739,1.05492,1.05774,1.05454,32.0,True,high,02:02,1.0,True,True,short,11.5,0.2,521.9,02:38,36.0,70.14285714285703,False
2023-11-02,Thursday,240,180,False,1.06018,1.05959,1.06021,20:21,1.05932,21:30,True,8.9,1.06,1.06236,1.06247,1.0591,33.7,True,high,02:29,65.4,True,True,short,12.6,6.4,124.7,03:08,39.0,71.17857142857143,False
2023-11-03,Friday,240,180,False,1.0618,1.06264,1.06287,22:28,1.06146,20:07,False,14.1,1.0631,1.06479,1.06483,1.06197,28.6,False,high,02:00,110.6,True,False,short,9.3,110.3,63.8,,,75.17857142857147,False
2023-11-06,Monday,240,180,False,1.07243,1.07356,1.07375,23:23,1.07222,20:15,False,15.3,1.07363,1.07471,1.07562,1.07315,24.7,False,high,02:00,18.7,True,False,short,13.4,16.7,74.5,,,70.9785714285714,False
2023-11-07,Tuesday,240,180,False,1.07136,1.07064,1.07139,22:34,1.07051,23:46,True,8.8,1.07005,1.06836,1.07063,1.0683,23.3,False,low,02:00,41.1,True,False,long,6.0,36.3,13.6,,,72.69999999999997,False
2023-11-08,Wednesday,240,180,False,1.06903,1.0692,1.06992,21:22,1.06863,20:40,False,12.9,1.06819,1.0665,1.06841,1.06602,23.9,False,low,02:00,27.0,True,True,long,22.2,22.3,230.2,10:51,531.0,68.48571428571427,False
2023-11-09,Thursday,240,180,False,1.07034,1.07088,1.07156,21:11,1.07028,20:03,False,12.8,1.07075,1.06978,1.07098,1.06936,16.2,False,low,02:16,22.4,True,True,long,13.2,22.0,176.6,09:51,455.0,65.20714285714293,False
2023-11-10,Friday,239,180,False,1.06683,1.06712,1.0675,20:53,1.06667,20:03,False,8.3,1.06654,1.06771,1.068,1.0656,24.0,True,low,02:00,10.7,True,True,long,11.3,8.9,313.3,03:20,80.0,63.16428571428572,False
2023-11-13,Monday,237,180,False,1.06838,1.06842,1.0689,23:32,1.0681,20:25,False,8.0,1.06901,1.06896,1.07013,1.06855,15.8,False,high,02:00,14.8,True,True,short,9.7,10.6,300.0,07:03,303.0,59.285714285714256,False
2023-11-14,Tuesday,238,180,False,1.06998,1.06963,1.07022,21:18,1.06945,20:22,False,7.7,1.06992,1.07156,1.07176,1.0696,21.6,False,high,02:04,161.8,True,False,short,5.8,162.2,80.5,,,71.7785714285714,False
2023-11-15,Wednesday,240,180,False,1.08694,1.08777,1.08836,23:45,1.08673,20:34,False,16.3,1.08732,1.08521,1.08794,1.08439,35.5,False,low,02:09,35.8,True,True,long,18.1,23.8,113.5,08:30,381.0,70.20000000000009,False
2023-11-16,Thursday,235,180,False,1.08552,1.08369,1.08558,20:00,1.083,21:39,True,25.8,1.0839,1.08509,1.08607,1.08339,26.8,False,high,04:00,39.7,True,False,short,17.7,38.8,65.1,,,66.25000000000007,False
2023-11-17,Friday,239,180,False,1.08533,1.08502,1.08569,20:03,1.08492,21:43,True,7.7,1.08512,1.08528,1.08583,1.08247,33.6,True,low,02:00,24.5,True,True,long,9.5,22.9,572.7,04:15,135.0,66.58571428571433,False
2023-11-20,Monday,240,180,False,1.09014,1.0922,1.09358,23:18,1.09014,20:00,False,34.4,1.09169,1.09366,1.09401,1.09129,27.2,False,high,04:24,9.9,True,False,short,17.1,9.9,49.7,,,58.521428571428615,False
2023-11-21,Tuesday,240,180,False,1.09454,1.09586,1.09651,23:14,1.0943,20:13,False,22.1,1.09584,1.09436,1.09639,1.09424,21.5,False,low,04:30,20.7,True,False,long,18.3,20.6,82.4,,,61.87857142857157,False
2023-11-22,Wednesday,240,180,False,1.09195,1.09137,1.09229,20:16,1.09088,20:37,True,14.1,1.09001,1.09025,1.09197,1.08826,37.1,False,low,02:00,56.6,True,False,long,17.9,49.6,77.3,,,63.05000000000022,False
2023-11-23,Thursday,239,180,False,1.08919,1.09025,1.09057,22:49,1.08885,20:08,False,17.2,1.09082,1.09231,1.09303,1.08955,34.8,False,high,02:00,24.6,True,True,short,21.0,21.6,108.7,09:23,443.0,62.7428571428574,False
2023-11-24,Friday,239,180,False,1.09069,1.09035,1.09102,20:13,1.08949,22:10,True,15.3,1.09073,1.09027,1.09207,1.09014,19.3,False,high,02:37,35.0,True,False,short,8.5,35.3,57.5,,,62.06428571428581,False
2023-11-27,Monday,240,180,False,1.09287,1.09473,1.09497,23:55,1.09267,20:00,False,23.0,1.09501,1.09483,1.09592,1.09392,20.0,False,high,02:00,9.5,True,True,short,25.3,7.2,107.0,09:37,457.0,59.11428571428568,False
2023-11-28,Tuesday,239,180,False,1.0958,1.09524,1.09628,21:35,1.0952,23:35,True,10.8,1.09468,1.09536,1.0955,1.09344,20.6,False,low,02:00,17.6,True,True,long,19.0,10.9,498.1,08:26,386.0,64.25714285714288,False
2023-11-29,Wednesday,240,180,False,1.10061,1.10025,1.10171,20:02,1.09967,23:25,True,20.4,1.1001,1.09744,1.1001,1.09717,29.3,False,low,02:03,36.6,True,False,long,1.4,36.8,7.8,,,64.49285714285713,False
2023-11-30,Thursday,240,180,False,1.09825,1.09689,1.09825,20:00,1.09672,21:00,True,15.3,1.09787,1.09249,1.09787,1.092,58.7,False,low,02:30,74.8,True,False,long,1.6,74.1,5.9,,,57.89285714285719,False
2023-12-01,Friday,240,180,False,1.09017,1.09066,1.09127,21:43,1.08982,23:07,True,14.5,1.09087,1.08978,1.09118,1.0886,25.8,False,low,02:57,69.5,True,False,long,8.6,67.3,44.1,,,59.871428571428574,False
2023-12-04,Monday,240,180,False,1.08715,1.08714,1.08858,22:27,1.08665,20:37,False,19.3,1.08686,1.08746,1.08807,1.08498,30.9,False,low,02:02,62.5,True,False,long,12.1,64.6,73.6,,,56.50000000000012,False
2023-12-05,Tuesday,240,180,False,1.08433,1.0844,1.08444,23:41,1.08345,20:38,False,9.9,1.08338,1.08318,1.08425,1.0804,38.5,False,low,02:00,52.6,True,False,long,11.5,49.1,80.8,,,58.707142857143005,False
2023-12-06,Wednesday,240,180,False,1.07953,1.07943,1.07996,23:18,1.07879,20:32,False,11.7,1.07876,1.0791,1.07977,1.0775,22.7,False,low,02:00,15.4,True,True,long,19.4,7.7,143.6,08:54,414.0,58.31428571428582,False
2023-12-07,Thursday,240,180,False,1.07686,1.07603,1.07711,20:14,1.0758,23:52,True,13.1,1.07638,1.07797,1.07845,1.07552,29.3,True,low,02:00,2.8,True,True,long,13.7,2.7,304.6,02:25,25.0,58.207142857142905,False
2023-12-08,Friday,240,180,False,1.0796,1.07829,1.08005,20:02,1.07827,23:59,True,17.8,1.07795,1.07767,1.07911,1.07723,18.8,False,low,02:00,59.1,True,False,long,11.1,56.4,47.2,,,58.207142857142905,False
2023-12-11,Monday,238,180,False,1.0772,1.0763,1.07739,20:38,1.07608,23:24,True,13.1,1.07694,1.07669,1.07706,1.07513,19.3,False,low,02:35,19.3,True,True,long,13.7,9.2,138.2,05:15,160.0,55.721428571428824,False
2023-12-12,Tuesday,240,180,False,1.07649,1.07651,1.07703,21:37,1.07612,22:00,True,9.1,1.07792,1.07932,1.07975,1.07731,24.4,False,high,02:00,57.6,True,False,short,10.5,50.3,35.2,,,58.55000000000023,False
2023-12-13,Wednesday,238,180,False,1.07938,1.07862,1.07961,20:33,1.07842,21:52,True,11.9,1.07841,1.07872,1.07928,1.07801,12.7,False,low,02:00,11.1,True,True,long,21.2,7.8,210.9,08:30,390.0,66.01428571428599,False
2023-12-14,Thursday,240,180,False,1.08932,1.08993,1.09153,22:44,1.08854,20:14,False,29.9,1.09015,1.09039,1.0913,1.088,33.0,False,low,02:41,5.4,True,True,long,30.4,5.6,393.3,06:01,200.0,69.33571428571443,False
2023-12-15,Friday,240,180,False,1.0983,1.0998,1.10036,23:43,1.09817,20:02,False,21.9,1.09874,1.09603,1.09992,1.0946,53.2,False,low,03:15,80.2,True,False,long,20.5,75.6,72.6,,,74.07142857142865,False
2023-12-18,Monday,240,180,False,1.09005,1.09128,1.09136,22:41,1.08945,20:47,False,19.1,1.09183,1.09196,1.09299,1.09138,16.1,False,high,02:00,17.5,True,False,short,10.0,14.0,34.0,,,64.05714285714285,False
2023-12-19,Tuesday,240,180,False,1.09202,1.0923,1.09289,22:18,1.09148,21:20,False,14.1,1.09276,1.09412,1.09493,1.09238,25.5,False,high,02:08,58.4,True,False,short,1.4,59.5,17.7,,,66.79285714285697,False
2023-12-20,Wednesday,239,180,False,1.0973,1.09686,1.09742,20:00,1.09658,23:52,True,8.4,1.09589,1.09643,1.09713,1.09506,20.7,False,low,02:00,31.9,True,True,long,19.7,21.2,116.7,10:41,521.0,64.58571428571409,False
2023-12-21,Thursday,240,180,False,1.09497,1.09491,1.09542,21:03,1.09451,21:30,True,9.1,1.0945,1.09438,1.09548,1.09352,19.6,True,low,02:00,9.9,True,True,long,9.6,2.8,628.6,03:32,92.0,65.15714285714259,False
2023-12-22,Friday,240,180,False,1.10047,1.10004,1.10064,20:05,1.09954,21:23,True,11.0,1.0994,1.10043,1.10134,1.09938,19.6,True,low,02:00,1.6,False,True,long,9.1,4.6,406.4,02:34,34.0,65.12857142857114,False
2023-12-25,Monday,135,51,True,1.09994,1.10025,1.10105,22:43,1.09982,20:32,False,12.3,1.10149,1.10097,1.10202,1.09974,22.8,True,high,02:00,9.7,True,True,short,17.5,0.2,106.5,02:23,23.0,59.69999999999983,False
2023-12-26,Tuesday,237,180,False,1.10194,1.10224,1.10286,22:19,1.10177,20:41,False,10.9,1.10236,1.10141,1.10265,1.10096,16.9,False,low,03:52,9.2,True,True,long,13.4,8.8,182.6,10:05,373.0,60.99999999999979,False
2023-12-27,Wednesday,239,180,False,1.10366,1.10416,1.1042,23:53,1.10286,22:09,False,13.4,1.1044,1.10543,1.10547,1.10364,18.3,False,high,02:00,80.6,True,False,short,6.7,79.5,41.8,,,64.48571428571407,False
2023-12-28,Thursday,240,180,False,1.11147,1.11102,1.11224,21:00,1.11096,21:35,True,12.8,1.11134,1.11292,1.11394,1.11042,35.2,True,high,02:33,17.0,True,True,short,14.6,1.3,417.2,03:14,41.0,66.02857142857117,False
2023-12-29,Friday,240,180,False,1.10766,1.10666,1.10842,20:49,1.10637,22:56,True,20.5,1.10732,1.1049,1.10774,1.10442,33.2,False,low,03:40,21.2,True,False,long,16.8,21.3,82.4,,,59.20714285714263,False
2024-01-01,Monday,0,0,True,,,,,,,,,,,,,,,,,,,,,,,,,,51.99285714285708,False
2024-01-02,Tuesday,240,180,False,1.1038,1.10208,1.10432,20:06,1.10165,23:54,True,26.7,1.10286,1.1015,1.10387,1.10107,28.0,False,low,02:59,75.7,True,False,long,23.4,74.5,83.1,,,51.314285714285646,False
2024-01-03,Wednesday,239,180,False,1.09493,1.09622,1.09624,23:02,1.09448,20:17,False,17.6,1.09585,1.09362,1.09654,1.09348,30.6,True,high,02:31,3.0,True,True,short,17.6,3.1,365.9,04:13,102.0,54.949999999999804,False
2024-01-04,Thursday,239,180,False,1.09224,1.09258,1.09306,22:35,1.0916,21:21,False,14.6,1.09323,1.09675,1.0969,1.09295,39.5,False,high,02:00,41.5,True,False,short,2.1,40.5,7.5,,,56.89999999999988,False
2024-01-05,Friday,239,180,False,1.09508,1.09371,1.09558,20:45,1.09363,23:47,True,19.5,1.09275,1.09126,1.09333,1.09028,30.5,False,low,02:00,59.6,True,True,long,49.5,50.1,318.5,10:00,480.0,60.83571428571425,False
2024-01-08,Monday,239,180,False,1.09484,1.0934,1.0953,20:46,1.09306,23:09,True,22.4,1.09459,1.09369,1.09522,1.09226,29.6,False,low,03:14,8.0,True,True,long,21.2,9.6,214.7,08:31,317.0,57.65714285714279,False
2024-01-09,Tuesday,240,180,False,1.0955,1.09561,1.09663,22:16,1.09514,20:41,False,14.9,1.09501,1.0944,1.09629,1.09379,25.0,False,low,02:00,41.1,True,False,long,14.9,37.7,77.2,,,58.107142857142875,False
2024-01-10,Wednesday,240,180,False,1.09307,1.09321,1.0936,22:27,1.09261,20:11,False,9.9,1.09246,1.09471,1.09519,1.09228,29.1,True,low,02:00,3.3,True,True,long,10.3,2.5,433.3,02:34,34.0,60.914285714285725,False
2024-01-11,Thursday,239,180,False,1.09778,1.09777,1.09847,21:18,1.09749,20:39,False,9.8,1.09858,1.09637,1.09867,1.09588,27.9,True,high,02:00,15.3,True,True,short,12.6,1.3,556.1,03:04,64.0,63.671428571428564,False
2024-01-12,Friday,239,180,False,1.09754,1.09755,1.09853,21:09,1.09725,20:11,False,12.8,1.09752,1.09624,1.09827,1.09608,21.9,False,low,02:03,36.6,True,True,long,14.4,35.7,111.7,10:08,485.0,64.70000000000007,False
2024-01-15,Monday,239,180,False,1.09533,1.09628,1.09675,22:23,1.09494,20:29,False,18.1,1.09637,1.09466,1.09662,1.0943,23.2,False,low,04:36,15.9,True,False,long,9.5,15.9,52.5,,,58.2428571428571,False
2024-01-16,Tuesday,240,180,False,1.09197,1.09175,1.09315,20:48,1.09134,23:55,True,18.1,1.09176,1.0886,1.09265,1.08839,42.6,False,low,02:10,51.4,True,False,long,13.6,50.9,72.4,,,59.5142857142856,False
2024-01-17,Wednesday,240,180,False,1.08778,1.08709,1.08844,21:08,1.08647,23:02,True,19.7,1.08625,1.08766,1.08814,1.08586,22.8,False,low,02:00,20.2,True,False,long,19.0,20.4,97.5,,,61.66428571428556,False
2024-01-18,Thursday,240,180,False,1.08939,1.08941,1.09028,21:19,1.08905,22:07,True,12.3,1.0904,1.08845,1.09063,1.08766,29.7,True,high,02:00,3.5,True,True,short,11.5,4.3,456.9,02:40,40.0,58.7285714285714,False
2024-01-19,Friday,240,180,False,1.08799,1.08864,1.08896,21:49,1.08762,20:09,False,13.4,1.08809,1.08829,1.08862,1.08681,18.1,False,low,02:13,10.6,True,True,long,14.8,6.7,125.4,06:29,256.0,55.88571428571434,False
2024-01-22,Monday,240,180,False,1.09012,1.09028,1.09091,21:21,1.08987,20:27,False,10.4,1.09047,1.08969,1.09079,1.0887,20.9,False,low,02:36,18.7,True,False,long,4.5,19.1,47.1,,,47.464285714285644,False
2024-01-23,Tuesday,240,180,False,1.08831,1.08983,1.08986,23:56,1.08766,20:32,False,22.0,1.0914,1.08874,1.09162,1.08837,32.5,False,high,02:00,17.6,True,True,short,36.5,4.6,350.5,05:47,227.0,52.6285714285714,False
2024-01-24,Wednesday,240,180,False,1.08558,1.08645,1.0866,23:51,1.08514,20:04,False,14.6,1.08633,1.09027,1.09077,1.08602,47.5,False,high,02:05,66.3,True,False,short,4.0,65.8,24.0,,,53.83571428571424,False
2024-01-25,Thursday,239,180,False,1.08742,1.08754,1.08818,22:06,1.08702,20:04,False,11.6,1.0886,1.08959,1.08996,1.08828,16.8,False,high,02:00,20.0,True,True,short,17.3,15.9,496.6,08:54,414.0,55.80714285714272,False
2024-01-26,Friday,238,180,False,1.08399,1.08395,1.08488,21:22,1.08379,23:46,True,10.9,1.08292,1.08441,1.08505,1.08128,37.7,True,low,02:00,25.1,True,True,long,21.3,14.9,435.8,04:49,169.0,56.57142857142836,False
2024-01-29,Monday,240,180,False,1.08448,1.08448,1.08489,20:33,1.08393,21:21,True,9.6,1.08464,1.08251,1.085,1.08231,26.9,True,high,02:33,1.1,True,True,short,11.4,1.1,553.1,02:54,21.0,52.51428571428541,False
2024-01-30,Tuesday,240,180,False,1.08407,1.08253,1.08407,20:00,1.08241,23:57,True,16.6,1.08149,1.08269,1.08321,1.08119,20.2,False,low,02:00,12.2,True,True,long,27.8,1.8,200.0,06:23,263.0,53.842857142856985,False
2024-01-31,Wednesday,240,180,False,1.08426,1.08205,1.08436,20:01,1.08159,22:39,True,27.7,1.08155,1.08221,1.08367,1.0806,30.7,False,low,02:00,9.9,True,True,long,35.5,9.1,258.1,08:15,375.0,56.64999999999983,False
2024-02-01,Thursday,240,180,False,1.08082,1.08076,1.08217,21:41,1.08045,20:08,False,17.2,1.07958,1.07983,1.08016,1.07799,21.7,False,low,02:00,24.6,True,True,long,29.2,14.6,356.4,08:30,390.0,59.164285714285676,False
2024-02-02,Friday,240,180,False,1.08727,1.0873,1.08788,22:00,1.08701,20:52,False,8.7,1.08757,1.08908,1.08974,1.08735,23.9,False,high,02:01,18.6,True,True,short,46.8,18.6,1109.2,08:30,389.0,63.3571428571427,False
2024-02-05,Monday,240,180,False,1.07726,1.07788,1.07811,21:28,1.07686,20:27,False,12.5,1.07778,1.07537,1.07861,1.07519,34.2,True,high,02:42,5.0,True,True,short,14.2,4.1,464.0,03:43,61.0,62.54999999999979,False
2024-02-06,Tuesday,240,180,False,1.07439,1.07489,1.07503,23:29,1.07415,20:42,False,8.8,1.07509,1.07291,1.07623,1.07254,36.9,True,high,02:00,12.0,True,True,short,13.0,8.3,315.9,04:12,132.0,64.1714285714285,False
2024-02-07,Wednesday,238,180,False,1.07592,1.0759,1.07665,22:17,1.07566,23:07,True,9.9,1.07612,1.07693,1.07734,1.07578,15.6,False,high,02:06,17.3,True,True,short,11.8,16.4,110.1,10:56,530.0,64.09285714285704,False
2024-02-08,Thursday,240,180,False,1.07778,1.07799,1.07883,23:23,1.07751,20:40,False,13.2,1.07839,1.07828,1.07889,1.07684,20.5,True,high,02:20,0.6,False,True,short,14.6,0.7,353.8,03:24,64.0,60.70714285714263,False
2024-02-09,Friday,240,180,False,1.07729,1.07711,1.07786,20:21,1.07693,23:11,True,9.3,1.07747,1.0767,1.07847,1.0766,18.7,True,high,02:16,16.5,True,True,short,9.6,6.4,177.4,04:39,143.0,57.84285714285686,False
2024-02-12,Monday,234,180,False,1.07987,1.07904,1.07987,20:00,1.07893,23:57,True,9.4,1.07914,1.07691,1.08055,1.07667,38.8,True,high,02:28,6.8,True,True,short,8.9,7.6,455.3,03:13,45.0,52.12142857142824,False
2024-02-13,Tuesday,238,180,False,1.07727,1.07637,1.07744,20:04,1.07606,22:33,True,13.8,1.07704,1.07666,1.07776,1.07567,20.9,True,high,02:04,24.1,True,True,short,13.0,4.0,534.8,04:09,125.0,58.42857142857117,False
2024-02-14,Wednesday,240,180,False,1.07078,1.07143,1.07145,23:58,1.07032,20:04,False,11.3,1.07163,1.07,1.07173,1.06949,22.4,True,high,02:00,19.9,True,True,short,6.8,8.2,173.5,03:04,64.0,57.44999999999969,False
2024-02-15,Thursday,238,180,False,1.0734,1.07259,1.07351,20:00,1.07246,23:35,True,10.5,1.07308,1.0733,1.07413,1.07275,13.8,False,high,02:23,49.6,True,False,short,7.8,49.0,68.6,,,58.399999999999714,False
2024-02-16,Friday,240,180,False,1.0765,1.07593,1.07661,20:27,1.07573,23:21,True,8.8,1.07626,1.07661,1.07717,1.07595,12.2,False,high,02:26,13.9,True,True,short,25.0,13.8,388.6,08:30,364.0,55.75714285714255,False
2024-02-19,Monday,240,180,False,1.0787,1.07778,1.0788,20:02,1.07748,23:02,True,13.2,1.07863,1.07747,1.07894,1.07723,17.1,True,high,02:11,1.4,True,True,short,13.9,1.3,196.2,04:27,136.0,43.4928571428569,False
2024-02-20,Tuesday,239,180,False,1.07695,1.07689,1.07712,20:38,1.07615,21:49,True,9.7,1.07708,1.07977,1.07988,1.07674,31.4,False,high,02:00,67.5,True,False,short,5.5,65.8,39.2,,,47.428571428570955,False
2024-02-21,Wednesday,239,180,False,1.08102,1.08141,1.08191,23:07,1.08055,20:22,False,13.6,1.08114,1.07999,1.08146,1.07899,24.7,False,low,03:40,15.6,True,True,long,12.3,17.1,105.9,10:12,392.0,45.942857142856774,False
2024-02-22,Thursday,240,180,False,1.08301,1.08303,1.08309,23:57,1.0819,21:15,False,11.9,1.08385,1.08529,1.08882,1.08376,50.6,False,high,02:00,57.3,True,True,short,19.7,50.2,237.8,09:07,427.0,48.91428571428514,False
2024-02-23,Friday,239,180,False,1.08216,1.08254,1.08318,20:45,1.08216,20:00,False,10.2,1.08256,1.08173,1.08324,1.0814,18.4,True,high,03:04,7.7,True,True,short,10.9,0.6,197.1,03:55,51.0,48.564285714285234,False
2024-02-26,Monday,240,180,False,1.08165,1.08211,1.08226,23:43,1.08126,20:17,False,10.0,1.08241,1.08399,1.08403,1.08229,17.4,False,high,02:00,37.1,True,False,short,1.1,35.7,-3.0,,,47.14999999999977,False
2024-02-27,Tuesday,237,180,False,1.08473,1.08534,1.08553,23:37,1.08454,20:15,False,9.9,1.08501,1.08529,1.08659,1.08498,16.1,False,high,02:11,10.6,True,True,short,11.5,10.5,225.3,05:09,178.0,47.93571428571397,False
2024-02-28,Wednesday,240,180,False,1.08447,1.08323,1.08447,20:00,1.08318,23:55,True,12.9,1.08223,1.08,1.08248,1.07966,28.2,False,low,02:00,35.2,True,False,long,18.6,27.1,81.4,,,47.90714285714267,False
2024-02-29,Thursday,240,180,False,1.08363,1.08363,1.08403,20:35,1.0828,20:58,True,12.3,1.08327,1.08505,1.0852,1.08259,26.1,True,low,02:50,23.6,True,True,long,13.5,2.4,226.0,03:03,13.0,45.192857142856944,False
2024-03-01,Friday,238,180,False,1.08114,1.08135,1.08218,21:01,1.08109,20:00,False,10.9,1.0809,1.08153,1.08199,1.08086,11.3,False,low,02:00,12.8,True,True,long,12.6,1.5,281.7,05:00,180.0,45.52142857142845,False
2024-03-04,Monday,236,180,False,1.08458,1.08436,1.08458,20:00,1.08385,20:54,True,7.3,1.0847,1.0849,1.08578,1.08377,20.1,True,high,02:00,20.9,True,True,short,9.3,10.0,111.0,03:32,92.0,40.36428571428576,False
2024-03-05,Tuesday,240,180,False,1.0853,1.08505,1.08547,22:40,1.08475,20:52,False,7.2,1.08468,1.08514,1.08558,1.08414,14.4,True,low,02:00,7.2,True,True,long,7.3,6.8,395.8,04:23,143.0,41.692857142857164,False
2024-03-06,Wednesday,240,180,False,1.08497,1.08516,1.08533,21:57,1.08421,20:49,False,11.2,1.08594,1.08765,1.08777,1.08586,19.1,False,high,02:00,61.6,True,False,short,1.3,55.0,-47.3,,,44.249999999999964,False
2024-03-07,Thursday,240,180,False,1.09031,1.09035,1.09055,23:44,1.08936,21:30,False,11.9,1.09016,1.09016,1.09043,1.08876,16.7,False,low,02:40,25.8,True,True,long,14.5,25.4,406.7,09:36,416.0,45.264285714285826,False
2024-03-08,Friday,240,180,False,1.09513,1.09456,1.09528,20:03,1.09442,22:01,True,8.6,1.0948,1.09352,1.0951,1.09261,24.9,False,low,02:19,25.9,True,True,long,19.5,25.2,430.2,08:30,371.0,46.7428571428571,False
2024-03-11,Monday,239,180,False,1.09423,1.09386,1.09457,20:15,1.09369,23:51,True,8.8,1.09421,1.09346,1.0948,1.09339,14.1,True,high,02:27,2.3,True,True,short,9.0,2.2,354.5,04:48,141.0,41.792857142857024,False
2024-03-12,Tuesday,238,180,False,1.09286,1.09368,1.09381,22:40,1.09267,20:17,False,11.4,1.09379,1.09303,1.09393,1.09212,18.1,True,high,02:00,5.7,True,True,short,10.7,2.0,314.0,03:24,84.0,43.35714285714268,False
2024-03-13,Wednesday,240,180,False,1.09269,1.09234,1.09306,22:30,1.0922,23:56,True,8.6,1.09279,1.09232,1.09327,1.09201,12.6,True,high,02:11,18.7,True,True,short,9.3,0.6,122.1,02:25,14.0,43.55714285714256,False
2024-03-14,Thursday,240,180,False,1.09489,1.09424,1.09527,20:06,1.09389,23:32,True,13.8,1.09377,1.09413,1.09443,1.09317,12.6,False,low,02:00,56.0,True,False,long,7.2,55.3,47.1,,,46.29285714285701,False
2024-03-15,Friday,240,180,False,1.08778,1.08763,1.08801,20:55,1.0873,21:42,True,7.1,1.08797,1.0898,1.08995,1.0878,21.5,False,high,02:00,19.5,True,False,short,1.2,20.4,29.6,,,44.66428571428554,False
2024-03-18,Monday,240,180,False,1.08852,1.08875,1.08917,21:53,1.08829,20:28,False,8.8,1.08889,1.08992,1.09005,1.08887,11.8,False,high,02:04,14.4,True,True,short,8.9,14.3,253.4,10:37,513.0,40.81428571428553,False
2024-03-19,Tuesday,240,180,False,1.08694,1.08706,1.08765,23:12,1.08667,20:34,False,9.8,1.08675,1.08366,1.08675,1.08347,32.8,False,low,02:00,32.0,True,False,long,1.5,31.3,8.2,,,42.55714285714267,False
2024-03-20,Wednesday,238,180,False,1.08644,1.08665,1.08711,22:55,1.08622,20:34,False,8.9,1.08702,1.0839,1.0872,1.08364,35.6,True,high,02:10,0.9,True,True,short,10.6,0.6,389.9,03:01,51.0,47.80714285714265,False
2024-03-21,Thursday,240,180,False,1.09334,1.09331,1.09389,20:16,1.09326,21:25,True,6.3,1.09377,1.09129,1.09426,1.08872,55.4,True,high,02:01,3.7,True,True,short,7.6,3.1,1322.2,02:39,38.0,53.22142857142847,False
2024-03-22,Friday,240,180,False,1.08651,1.08332,1.08657,20:15,1.08311,23:51,True,34.6,1.08302,1.08161,1.08345,1.08081,26.4,False,low,02:00,25.4,True,False,long,2.1,26.7,9.8,,,51.54285714285698,False
2024-03-25,Monday,240,180,False,1.08036,1.08131,1.0822,21:52,1.08021,20:02,False,19.9,1.08173,1.08176,1.08237,1.08071,16.6,False,high,02:40,20.4,True,False,short,15.3,20.0,74.9,,,44.9357142857143,False
2024-03-26,Tuesday,240,180,False,1.08427,1.08401,1.08454,20:22,1.08358,22:44,True,9.6,1.08507,1.08536,1.08558,1.08386,17.2,False,high,02:00,18.9,True,True,short,15.1,14.1,220.8,10:36,516.0,47.30714285714301,False
2024-03-27,Wednesday,237,180,False,1.08295,1.08298,1.08308,20:16,1.08205,20:43,True,10.3,1.08322,1.08276,1.0839,1.08212,17.8,False,high,02:00,8.2,True,True,short,10.0,9.0,194.2,06:56,296.0,47.128571428571696,False
2024-03-28,Thursday,240,180,False,1.08173,1.08234,1.0826,21:30,1.08149,20:35,False,11.1,1.08178,1.07755,1.08185,1.07751,43.4,False,low,02:07,39.8,True,False,long,4.3,39.4,35.1,,,47.942857142857356,False
2024-03-29,Friday,237,180,False,1.07839,1.07766,1.07848,20:01,1.07736,21:08,True,11.2,1.07756,1.07821,1.07821,1.07678,14.3,False,low,02:52,5.8,True,True,long,14.7,3.6,281.2,05:28,156.0,47.48571428571451,False
2024-04-01,Monday,240,180,False,1.07932,1.07903,1.07987,20:32,1.07847,23:28,True,14.0,1.0785,1.07897,1.07921,1.07829,9.2,False,low,02:00,53.8,True,False,long,6.8,54.4,52.9,,,45.90000000000015,False
2024-04-02,Tuesday,239,180,False,1.0737,1.073,1.07388,20:54,1.07295,22:16,True,9.3,1.07266,1.07313,1.07427,1.07246,18.1,True,low,02:00,4.9,True,True,long,13.9,0.4,532.3,03:51,111.0,49.00714285714306,False
2024-04-03,Wednesday,238,180,False,1.07678,1.07772,1.07793,23:15,1.07658,21:01,False,13.5,1.07754,1.07716,1.07773,1.0764,13.3,False,low,03:05,1.8,True,True,long,13.5,2.0,479.3,07:10,245.0,51.89285714285737,False
2024-04-04,Thursday,238,180,False,1.0838,1.08425,1.08444,22:47,1.08347,20:33,False,9.7,1.08419,1.08619,1.08626,1.08389,23.7,False,high,02:07,32.1,True,False,short,5.7,31.9,56.7,,,53.021428571428736,False
2024-04-05,Friday,240,180,False,1.08363,1.08267,1.08439,20:54,1.08233,22:37,True,20.6,1.08272,1.08375,1.08463,1.08224,23.9,True,low,02:12,32.0,True,True,long,21.5,0.6,119.4,04:30,138.0,49.74285714285724,False
2024-04-08,Monday,240,180,False,1.08297,1.08333,1.08432,22:49,1.0823,20:42,False,20.2,1.08345,1.08234,1.08377,1.08221,15.6,False,low,04:57,2.2,True,True,long,21.1,1.8,177.7,09:33,276.0,43.4000000000001,False
2024-04-09,Tuesday,240,180,False,1.0862,1.08553,1.08635,20:01,1.0854,23:46,True,9.5,1.08578,1.08575,1.08626,1.0849,13.6,False,low,02:52,5.0,True,True,long,10.3,4.8,326.3,05:29,157.0,44.642857142857146,False
2024-04-10,Wednesday,240,180,False,1.08587,1.08529,1.08588,20:00,1.08509,22:30,True,7.9,1.08517,1.08603,1.08605,1.08477,12.8,True,low,02:03,117.5,True,True,long,8.8,2.9,197.5,04:28,145.0,51.74285714285703,False
2024-04-11,Thursday,240,180,False,1.07411,1.07446,1.07489,23:19,1.07383,20:00,False,10.6,1.07427,1.07405,1.07498,1.07265,23.3,True,low,02:06,39.1,True,True,long,11.8,11.0,170.8,04:09,123.0,52.69999999999981,False
2024-04-12,Friday,240,180,False,1.0726,1.0717,1.07281,21:07,1.07153,23:52,True,12.8,1.07111,1.0671,1.0712,1.06707,41.3,False,low,02:00,92.7,True,False,long,3.8,85.6,-25.8,,,57.25714285714254,False
2024-04-15,Monday,240,180,False,1.06461,1.06519,1.06549,22:04,1.06391,21:15,False,15.8,1.06577,1.06562,1.06648,1.06499,14.9,False,high,02:00,10.2,True,True,short,22.3,8.4,209.5,08:30,390.0,56.74285714285695,False
2024-04-16,Tuesday,238,180,False,1.06246,1.06113,1.06253,20:05,1.06061,22:39,True,19.2,1.06184,1.06161,1.06247,1.06023,22.4,False,low,02:22,3.8,True,True,long,18.3,4.9,246.9,05:05,163.0,59.492857142856884,False
2024-04-17,Wednesday,240,180,False,1.0621,1.06271,1.06355,22:51,1.06171,20:05,False,18.4,1.06116,1.06405,1.06489,1.0606,42.9,True,low,02:00,11.1,True,True,long,27.0,4.8,194.0,02:53,53.0,60.32142857142834,False
2024-04-18,Thursday,240,180,False,1.0669,1.06799,1.06802,23:58,1.06643,20:14,False,15.9,1.0681,1.06784,1.069,1.06748,15.2,False,high,02:00,9.8,True,True,short,21.3,8.3,212.6,08:31,391.0,62.09999999999969,False
2024-04-19,Friday,240,180,False,1.06424,1.06371,1.06446,20:56,1.06104,22:10,True,34.2,1.06308,1.06456,1.06592,1.0627,32.2,False,high,02:54,32.9,True,False,short,1.6,32.9,4.7,,,59.964285714285374,False
2024-04-22,Monday,239,180,False,1.06577,1.06617,1.06706,22:21,1.06527,20:58,False,17.9,1.06637,1.06568,1.06691,1.06473,21.8,False,low,03:39,28.8,True,False,long,8.5,29.9,53.6,,,57.13571428571397,False
2024-04-23,Tuesday,239,180,False,1.06537,1.06561,1.06605,22:50,1.06534,21:54,False,7.1,1.06508,1.06706,1.0695,1.06385,56.5,True,low,02:00,14.9,True,True,long,14.4,10.3,814.1,03:25,85.0,61.0999999999998,False
2024-04-24,Wednesday,240,180,False,1.07025,1.07062,1.07142,21:39,1.07002,20:02,False,14.0,1.07013,1.06833,1.07054,1.06808,24.6,False,low,02:10,22.3,True,False,long,3.0,21.6,16.4,,,60.257142857142696,False
2024-04-25,Thursday,240,180,False,1.07001,1.07058,1.07087,21:30,1.06969,21:15,False,11.8,1.07122,1.07256,1.07288,1.07113,17.5,False,high,02:00,31.5,True,True,short,17.1,28.4,257.6,08:32,392.0,62.01428571428547,False
2024-04-26,Friday,240,180,False,1.07267,1.07231,1.07291,21:53,1.07185,22:47,True,10.6,1.0726,1.07408,1.07527,1.07257,27.0,False,high,02:09,23.6,True,True,short,9.7,24.9,521.7,07:53,344.0,57.81428571428556,False
2024-04-29,Monday,240,180,False,1.0707,1.07162,1.07199,22:47,1.07061,20:30,False,13.8,1.07254,1.07044,1.07287,1.07011,27.6,True,high,02:00,8.8,True,True,short,18.5,4.2,215.2,04:42,162.0,52.21428571428551,False
2024-04-30,Tuesday,239,180,False,1.07146,1.07054,1.07178,21:30,1.07026,23:29,True,15.2,1.06992,1.07108,1.07122,1.06899,22.3,False,low,02:00,19.5,True,True,long,21.4,9.0,215.1,05:02,182.0,56.178571428571345,False
2024-05-01,Wednesday,238,180,False,1.0666,1.06564,1.06671,20:00,1.06558,23:48,True,11.3,1.06554,1.06693,1.06705,1.06494,21.1,True,low,02:00,6.4,True,True,long,12.0,6.0,314.2,04:29,149.0,57.90714285714284,False
2024-05-02,Thursday,240,180,False,1.0717,1.07146,1.07207,22:05,1.07069,21:33,False,13.8,1.0716,1.07042,1.07281,1.06998,28.3,True,high,02:13,7.4,True,True,short,15.5,6.3,337.0,04:22,129.0,58.807142857142864,False
2024-05-03,Friday,240,180,False,1.073,1.07348,1.07393,21:36,1.07243,20:12,False,15.0,1.07359,1.07425,1.07441,1.07244,19.7,False,high,04:04,73.1,True,False,short,2.9,71.9,11.3,,,59.7928571428571,False
2024-05-06,Monday,240,180,False,1.07582,1.07648,1.07715,22:10,1.07553,20:01,False,16.2,1.0761,1.07684,1.07761,1.07576,18.5,False,high,04:19,19.2,True,False,short,5.1,19.5,33.3,,,54.02142857142847,False
2024-05-07,Tuesday,240,180,False,1.07671,1.07687,1.07768,21:02,1.07607,22:22,True,16.1,1.07583,1.07637,1.07696,1.07542,15.4,False,low,02:00,6.5,True,True,long,20.8,3.5,165.2,08:39,399.0,55.75714285714271,False
2024-05-08,Wednesday,240,180,False,1.07498,1.07411,1.07541,20:30,1.0738,22:10,True,16.1,1.07408,1.07441,1.0749,1.0735,14.0,False,low,03:52,3.0,True,True,long,16.3,2.9,120.5,10:14,382.0,54.12857142857124,False
2024-05-09,Thursday,240,180,False,1.07468,1.07476,1.07515,23:22,1.07423,20:43,False,9.2,1.07437,1.0728,1.07445,1.0726,18.5,False,low,02:03,18.4,True,True,long,9.3,19.3,428.3,08:33,390.0,53.142857142857,False
2024-05-10,Friday,239,180,False,1.07817,1.0776,1.07825,21:26,1.07731,22:21,True,9.4,1.07756,1.07805,1.07866,1.07715,15.1,True,high,02:12,7.5,True,True,short,11.1,0.6,236.2,02:48,36.0,53.05714285714263,False
2024-05-13,Monday,239,180,False,1.07701,1.07716,1.07731,21:37,1.07658,22:29,True,7.3,1.0773,1.07837,1.07845,1.07687,15.8,False,high,02:00,33.7,True,False,short,5.5,32.6,60.3,,,46.39285714285703,False
2024-05-14,Tuesday,240,180,False,1.07922,1.07876,1.07922,20:00,1.07843,21:38,True,7.9,1.07865,1.07835,1.07893,1.07753,14.0,False,low,02:29,17.4,True,True,long,9.3,8.5,522.8,05:17,168.0,48.58571428571425,False
2024-05-15,Wednesday,240,180,False,1.08137,1.08261,1.08277,23:32,1.0813,20:01,False,14.7,1.0827,1.08297,1.08345,1.08225,12.0,False,high,02:00,46.7,True,False,short,5.9,46.7,40.1,,,50.7928571428573,False
2024-05-16,Thursday,240,180,False,1.08883,1.08872,1.08949,20:57,1.08814,22:16,True,13.5,1.08795,1.08733,1.08828,1.08662,16.6,False,low,02:00,27.0,True,False,long,2.5,25.9,10.4,,,47.4642857142858,False
2024-05-17,Friday,236,180,False,1.08679,1.0859,1.08688,20:00,1.08543,22:37,True,14.5,1.0861,1.08441,1.08683,1.08415,26.8,False,low,04:06,18.7,True,True,long,14.4,19.3,166.2,10:43,397.0,44.57857142857132,False
2024-05-20,Monday,239,180,False,1.08725,1.08779,1.08786,23:51,1.08689,20:15,False,9.7,1.08803,1.08746,1.08844,1.08693,15.1,False,high,02:00,5.8,True,True,short,12.8,2.7,253.6,05:24,204.0,37.07857142857136,False
2024-05-21,Tuesday,240,180,False,1.08603,1.08559,1.08618,20:54,1.08509,22:18,True,10.9,1.08583,1.08667,1.08695,1.08568,12.7,False,high,02:16,12.9,True,True,short,15.9,13.1,177.1,09:00,404.0,38.22142857142853,False
2024-05-22,Wednesday,239,180,False,1.08539,1.08556,1.08633,22:01,1.08536,23:46,True,9.7,1.08557,1.08486,1.08633,1.08461,17.2,False,low,03:07,31.7,True,False,long,4.1,32.7,52.6,,,39.135714285714364,False
2024-05-23,Thursday,240,180,False,1.08251,1.08303,1.08312,23:56,1.08219,22:19,False,9.3,1.08237,1.08385,1.08448,1.08124,32.4,True,low,02:02,9.5,True,True,long,11.2,11.0,420.4,03:30,88.0,39.62857142857156,False
2024-05-24,Friday,239,180,False,1.08115,1.08063,1.08137,21:40,1.08056,23:57,True,8.1,1.08107,1.08247,1.08282,1.0809,19.2,False,high,02:14,42.1,True,False,short,4.2,41.5,44.4,,,41.771428571428636,False
2024-05-27,Monday,239,180,False,1.08467,1.0849,1.08519,22:06,1.08466,20:00,False,5.3,1.08491,1.08493,1.08533,1.08442,9.1,True,low,02:05,6.1,True,True,long,5.9,2.3,392.5,03:21,76.0,38.5785714285715,False
2024-05-28,Tuesday,240,180,False,1.08615,1.08784,1.08785,23:53,1.08608,20:00,False,17.7,1.08751,1.08699,1.088,1.0867,13.0,False,high,02:18,10.5,True,True,short,19.0,9.7,116.9,10:00,462.0,41.00000000000008,False
2024-05-29,Wednesday,239,180,False,1.08512,1.08471,1.08569,21:26,1.08457,23:10,True,11.2,1.08445,1.08372,1.08588,1.08291,29.7,True,low,02:00,36.9,True,True,long,11.7,1.1,117.0,03:17,77.0,42.92142857142856,False
2024-05-30,Thursday,240,180,False,1.08011,1.07979,1.08044,21:21,1.07938,22:45,True,10.6,1.07901,1.08149,1.08186,1.07895,29.1,True,low,02:00,4.3,True,True,long,14.1,1.6,484.0,03:46,106.0,42.63571428571429,False
2024-05-31,Friday,240,180,False,1.08312,1.08191,1.08335,21:05,1.08112,23:00,True,22.3,1.08197,1.08341,1.08385,1.08145,24.0,False,high,04:32,48.7,True,False,short,2.0,48.6,8.5,,,42.157142857142745,False
2024-06-03,Monday,240,180,False,1.08526,1.08497,1.08587,21:52,1.08493,23:54,True,9.4,1.08524,1.084,1.08587,1.08334,25.3,False,low,02:12,21.5,True,True,long,8.8,3.2,437.2,03:00,48.0,44.007142857142654,False
2024-06-04,Tuesday,240,180,False,1.09072,1.09074,1.0916,20:55,1.09051,22:32,True,10.9,1.09031,1.08808,1.09048,1.0874,30.8,False,low,02:00,46.1,True,False,long,1.8,44.0,-2.8,,,46.66428571428548,False
2024-06-05,Wednesday,239,180,False,1.08816,1.08784,1.0886,20:44,1.08766,23:35,True,9.4,1.0879,1.08758,1.08801,1.087,10.1,False,low,02:06,16.7,True,True,long,9.9,16.7,158.5,09:01,415.0,47.221428571428326,False
2024-06-06,Thursday,240,180,False,1.08738,1.08906,1.08957,22:47,1.08738,20:00,False,21.9,1.08848,1.08772,1.08882,1.08711,17.1,False,low,04:08,11.9,True,True,long,28.2,11.9,128.8,08:30,262.0,47.7857142857141,False
2024-06-07,Friday,240,180,False,1.08915,1.08945,1.08978,22:52,1.08867,20:43,False,11.1,1.08905,1.08889,1.08983,1.08831,15.2,True,high,03:13,4.0,True,True,short,11.7,0.4,844.1,04:20,67.0,51.82857142857108,False
2024-06-10,Monday,239,180,False,1.07788,1.07555,1.07814,20:05,1.07554,23:59,True,26.0,1.07534,1.07566,1.07681,1.07478,20.3,False,low,02:00,22.7,True,False,long,14.7,20.7,48.8,,,48.521428571428444,False
2024-06-11,Tuesday,240,180,False,1.07635,1.07685,1.0769,23:07,1.07612,20:08,False,7.8,1.07654,1.07452,1.07734,1.07435,29.9,True,high,02:09,4.4,True,True,short,8.7,3.7,635.9,03:20,71.0,51.74285714285703,False
2024-06-12,Wednesday,240,180,False,1.07398,1.07402,1.07432,23:01,1.07346,21:06,False,8.6,1.0746,1.07466,1.07539,1.07355,18.4,False,high,02:00,108.9,True,False,short,7.3,109.3,89.5,,,57.35714285714272,False
2024-06-13,Thursday,240,180,False,1.08126,1.08068,1.08157,21:05,1.08038,21:53,True,11.9,1.08046,1.08061,1.08163,1.08007,15.6,True,low,02:00,50.5,True,True,long,10.8,4.3,105.0,03:47,107.0,60.22857142857139,False
2024-06-14,Friday,240,180,False,1.07374,1.07401,1.07449,23:15,1.07353,21:01,False,9.6,1.07305,1.06917,1.07326,1.06896,43.0,False,low,02:00,67.7,True,False,long,2.4,62.6,-28.1,,,60.821428571428605,False
2024-06-17,Monday,240,180,False,1.07026,1.07036,1.07072,20:54,1.06989,22:03,True,8.3,1.06996,1.07071,1.07122,1.06863,25.9,True,low,02:00,12.6,True,True,long,11.8,9.2,310.8,03:26,86.0,56.54999999999997,False
2024-06-18,Tuesday,240,180,False,1.074,1.07246,1.07407,20:01,1.07209,23:33,True,19.8,1.07231,1.07192,1.07351,1.07149,20.2,False,low,04:05,11.0,True,True,long,18.1,12.8,205.1,09:45,340.0,59.278571428571354,False
2024-06-19,Wednesday,240,180,False,1.07385,1.07377,1.07423,22:37,1.07353,21:13,False,7.0,1.07379,1.07403,1.07417,1.07248,16.9,False,low,02:00,10.5,True,True,long,6.6,11.5,257.1,05:15,195.0,55.01428571428562,False
2024-06-20,Thursday,240,180,False,1.07469,1.07419,1.07483,20:54,1.07388,22:43,True,9.5,1.07373,1.07167,1.07383,1.07126,25.7,False,low,02:00,31.8,True,False,long,1.5,29.8,-5.3,,,54.4357142857142,False
2024-06-21,Friday,240,180,False,1.07059,1.07162,1.07175,22:34,1.07033,20:17,False,14.2,1.07178,1.06909,1.07205,1.0671,49.5,True,high,02:00,3.0,True,True,short,14.8,3.7,327.5,03:08,68.0,55.02142857142852,False
2024-06-24,Monday,240,180,False,1.06878,1.06916,1.06936,20:55,1.06837,21:15,True,9.9,1.06987,1.07135,1.07178,1.06973,20.5,False,high,02:00,52.7,True,False,short,0.1,48.9,-37.4,,,49.599999999999966,False
2024-06-25,Tuesday,240,180,False,1.07322,1.07385,1.07394,23:11,1.07319,20:25,False,7.5,1.07416,1.07342,1.07416,1.07208,20.8,True,high,02:00,2.2,True,True,short,8.7,1.6,650.7,02:59,59.0,51.564285714285695,False
2024-06-26,Wednesday,240,180,False,1.0709,1.0711,1.07179,22:10,1.07061,20:11,False,11.8,1.07038,1.06947,1.07055,1.06852,20.3,False,low,02:00,40.1,True,False,long,0.7,38.8,-5.1,,,52.221428571428575,False
2024-06-27,Thursday,240,180,False,1.06798,1.06908,1.06923,23:30,1.0677,20:49,False,15.3,1.06957,1.06879,1.06989,1.06805,18.4,False,high,02:00,34.1,True,False,short,13.7,32.2,77.1,,,51.64285714285716,False
2024-06-28,Friday,240,180,False,1.07078,1.06921,1.07108,20:12,1.06852,21:42,True,25.6,1.06903,1.06977,1.0704,1.06899,14.1,,none,,,,,,,,,,,46.10000000000003,False
2024-07-01,Monday,240,180,False,1.0735,1.07528,1.07615,21:35,1.07348,20:00,False,26.7,1.07555,1.07682,1.07763,1.07495,26.8,False,high,02:01,14.8,True,True,short,27.8,14.2,156.6,10:49,528.0,41.04999999999993,False
2024-07-02,Tuesday,240,180,False,1.07364,1.07322,1.07385,20:13,1.07308,23:43,True,7.7,1.07319,1.07204,1.07357,1.0712,23.7,False,low,02:13,20.8,True,True,long,7.8,21.7,209.1,09:37,444.0,43.49285714285721,False
2024-07-03,Wednesday,237,180,False,1.0748,1.07435,1.07542,20:08,1.07404,21:54,True,13.8,1.07385,1.07581,1.07635,1.07368,26.7,True,low,02:00,3.6,True,True,long,15.7,1.9,553.6,03:06,66.0,45.335714285714225,False
2024-07-04,Thursday,238,180,False,1.0791,1.07852,1.07949,21:06,1.07836,23:48,True,11.3,1.079,1.08018,1.0803,1.07849,18.1,False,high,03:03,18.9,True,False,short,5.2,19.7,53.1,,,44.49285714285711,False
2024-07-05,Friday,240,180,False,1.08105,1.08218,1.08245,23:36,1.08102,20:00,False,14.3,1.08214,1.0828,1.08305,1.08164,14.1,False,high,02:38,17.8,True,True,short,26.0,15.0,176.2,08:30,352.0,45.55000000000007,False
2024-07-08,Monday,240,180,False,1.08255,1.08314,1.08363,23:39,1.0819,20:51,False,17.3,1.08223,1.08383,1.0843,1.08146,28.4,True,low,02:08,4.4,True,True,long,18.5,4.6,150.3,03:47,99.0,43.671428571428706,False
2024-07-09,Tuesday,239,180,False,1.08307,1.08281,1.08333,20:15,1.08192,22:08,True,14.1,1.08287,1.08223,1.08302,1.08151,15.1,False,low,03:45,13.8,True,False,long,8.2,14.7,64.5,,,44.664285714285846,False
2024-07-10,Wednesday,239,180,False,1.08142,1.08199,1.0821,23:31,1.08108,21:37,False,10.2,1.08177,1.08153,1.08249,1.08118,13.1,False,high,02:48,7.8,True,False,short,8.6,8.4,90.2,,,42.75714285714303,False
2024-07-11,Thursday,239,180,False,1.08332,1.08379,1.084,21:58,1.08325,20:00,False,7.5,1.08344,1.08473,1.08478,1.08322,15.6,True,low,02:47,0.3,False,True,long,7.0,0.8,898.7,04:00,73.0,43.771428571428565,False
2024-07-12,Friday,239,180,False,1.0874,1.08687,1.08744,20:03,1.08634,22:19,True,11.0,1.08694,1.08868,1.08872,1.08617,25.5,True,low,02:54,1.7,True,True,long,10.9,1.8,431.8,03:52,58.0,44.06428571428557,False
2024-07-15,Monday,236,180,False,1.08857,1.0894,1.08956,23:46,1.08833,20:04,False,12.3,1.08944,1.09083,1.09093,1.08837,25.6,False,high,02:13,26.6,True,False,short,12.1,26.4,96.7,,,41.73571428571411,False
2024-07-16,Tuesday,239,180,False,1.0898,1.0893,1.08981,20:00,1.08887,22:43,True,9.4,1.08884,1.09002,1.09027,1.08836,19.1,True,low,02:00,17.2,True,True,long,10.7,3.8,177.7,03:49,109.0,42.14999999999985,False
2024-07-17,Wednesday,239,180,False,1.09019,1.09061,1.09068,22:43,1.08955,21:11,False,11.3,1.09044,1.09416,1.09437,1.0895,48.7,True,low,03:06,0.5,False,True,long,13.1,0.9,464.6,03:30,24.0,41.892857142857046,False
2024-07-18,Thursday,240,180,False,1.09402,1.09328,1.09407,20:00,1.09321,22:26,True,8.6,1.09369,1.09306,1.09388,1.09261,12.7,False,low,02:23,27.1,True,False,long,8.1,25.7,77.9,,,42.48571428571411,False
2024-07-19,Friday,238,180,False,1.09002,1.08883,1.09003,20:00,1.08863,21:49,True,14.0,1.08887,1.0879,1.08905,1.08761,14.4,False,low,02:05,10.2,True,False,long,8.0,10.0,55.7,,,38.05714285714269,False
2024-07-22,Monday,239,180,False,1.08988,1.08915,1.08998,20:00,1.08846,22:01,True,15.2,1.08845,1.0888,1.08924,1.08788,13.6,False,low,02:00,11.6,True,False,long,11.7,10.6,70.4,,,35.38571428571423,False
2024-07-23,Tuesday,240,180,False,1.08888,1.08941,1.08967,23:27,1.0887,20:48,False,9.7,1.089,1.08778,1.08903,1.08679,22.4,False,low,02:05,43.2,True,False,long,1.2,43.6,16.5,,,36.57142857142835,False
2024-07-24,Wednesday,240,180,False,1.08495,1.0845,1.08503,21:52,1.08416,22:54,True,8.7,1.08526,1.08349,1.08537,1.08256,28.1,True,high,02:00,16.1,True,True,short,15.5,2.3,283.9,03:30,90.0,37.314285714285596,False
2024-07-25,Thursday,240,180,False,1.08379,1.08427,1.08439,23:30,1.08349,20:35,False,9.0,1.08451,1.0846,1.08577,1.08282,29.5,True,high,02:00,20.7,True,True,short,8.8,1.9,174.4,02:36,36.0,38.45714285714278,False
2024-07-26,Friday,239,180,False,1.08514,1.08583,1.08604,22:25,1.08514,20:00,False,9.0,1.08572,1.08514,1.08572,1.0842,15.2,False,low,02:19,9.4,True,True,long,9.9,9.3,185.6,07:52,333.0,38.30714285714274,False
2024-07-29,Monday,240,180,False,1.08524,1.08622,1.087,22:25,1.08508,20:02,False,19.2,1.08589,1.08321,1.08621,1.08316,30.5,False,low,03:15,48.0,True,False,long,4.8,48.5,27.6,,,35.650000000000084,False
2024-07-30,Tuesday,238,180,False,1.08191,1.08221,1.08224,23:54,1.08142,21:42,False,8.2,1.08204,1.08283,1.08346,1.0816,18.6,False,high,02:27,13.2,True,True,short,12.9,12.7,295.1,08:34,367.0,37.33571428571431,False
2024-07-31,Wednesday,240,180,False,1.08156,1.0822,1.08302,23:30,1.08127,20:10,False,17.5,1.08249,1.08224,1.08276,1.08065,21.1,False,low,03:16,6.2,True,True,long,18.4,5.9,209.1,06:04,168.0,37.97142857142864,False
2024-08-01,Thursday,240,180,False,1.08235,1.08328,1.08345,23:37,1.08232,20:00,False,11.3,1.0827,1.07843,1.08277,1.07813,46.4,False,low,02:09,45.8,True,False,long,1.2,45.5,8.0,,,39.592857142857206,False
2024-08-02,Friday,240,180,False,1.07864,1.0793,1.07951,23:24,1.07818,20:06,False,13.3,1.08041,1.08145,1.08152,1.07861,29.1,False,high,02:00,131.4,True,False,short,16.3,124.1,67.7,,,45.835714285714175,False
2024-08-05,Monday,240,180,False,1.09104,1.09305,1.09311,23:57,1.09068,20:07,False,24.3,1.09124,1.09508,1.09748,1.08923,82.5,True,low,02:04,14.5,True,True,long,26.0,13.4,419.8,03:14,70.0,51.10714285714302,False
2024-08-06,Tuesday,240,180,False,1.09506,1.0954,1.09631,21:00,1.09437,20:15,False,19.4,1.09466,1.09276,1.09486,1.09185,30.1,False,low,02:12,40.0,True,False,long,4.0,40.7,24.2,,,53.25714285714299,False
2024-08-07,Wednesday,240,180,False,1.09259,1.09157,1.09305,20:59,1.09109,21:49,True,19.6,1.09101,1.09186,1.09279,1.09053,22.6,False,low,02:00,5.6,True,True,long,24.5,1.3,131.1,10:40,520.0,53.800000000000196,False
2024-08-08,Thursday,240,180,False,1.09275,1.09348,1.09354,23:55,1.09235,21:33,False,11.9,1.09356,1.09369,1.09451,1.09335,11.6,False,high,02:00,9.7,True,True,short,12.8,9.2,453.8,06:06,246.0,54.5571428571431,False
2024-08-09,Friday,240,180,False,1.09147,1.09228,1.09243,22:48,1.09114,20:46,False,12.9,1.09194,1.09175,1.0929,1.09129,16.1,False,high,02:26,7.0,True,True,short,13.1,4.7,118.6,07:49,323.0,53.23571428571444,False
2024-08-12,Monday,238,180,False,1.09125,1.0914,1.0923,21:32,1.09116,20:00,False,11.4,1.09185,1.09206,1.09284,1.09157,12.7,False,high,02:54,16.3,True,False,short,7.7,16.4,68.4,,,51.15714285714303,False
2024-08-13,Tuesday,239,180,False,1.0936,1.09369,1.09384,23:42,1.09292,20:44,False,9.2,1.09398,1.09233,1.09408,1.09206,20.2,True,high,02:00,23.9,True,True,short,10.8,0.9,268.5,03:14,74.0,55.92142857142887,False
2024-08-14,Wednesday,240,180,False,1.09958,1.099,1.09971,20:01,1.09887,23:51,True,8.4,1.09908,1.10192,1.10199,1.09863,33.6,True,low,02:00,2.4,True,True,long,9.3,2.1,697.6,02:48,48.0,55.92857142857161,False
2024-08-15,Thursday,237,180,False,1.10117,1.1008,1.10142,20:38,1.1003,21:30,True,11.2,1.10098,1.10061,1.10154,1.10052,10.2,False,high,02:15,1.2,True,True,short,33.5,1.7,577.7,08:30,375.0,57.964285714285744,False
2024-08-16,Friday,239,180,False,1.09723,1.0977,1.09825,22:47,1.09718,20:00,False,10.7,1.09856,1.09808,1.09897,1.09767,13.0,False,high,02:00,21.9,True,False,short,7.6,20.1,54.2,,,58.407142857142944,False
2024-08-19,Monday,240,180,False,1.10246,1.10389,1.10403,23:38,1.10231,20:00,False,17.2,1.10475,1.10372,1.10504,1.10356,14.8,False,high,02:00,33.2,True,False,short,17.2,26.2,59.3,,,49.59285714285721,False
2024-08-20,Tuesday,239,180,False,1.10855,1.10755,1.10871,20:04,1.1075,22:58,True,12.1,1.10766,1.10795,1.10888,1.10719,16.9,True,low,02:05,3.1,True,True,long,13.2,2.6,345.5,04:00,115.0,51.90000000000011,False
2024-08-21,Wednesday,237,180,False,1.11274,1.1121,1.11325,20:31,1.11171,23:57,True,15.4,1.11179,1.11184,1.11287,1.11103,18.4,False,low,02:09,17.9,True,True,long,20.2,17.8,198.1,11:25,556.0,48.92142857142853,False
2024-08-22,Thursday,240,180,False,1.11549,1.11446,1.11567,20:03,1.11404,22:12,True,16.3,1.11429,1.11424,1.11646,1.11272,37.4,True,high,03:15,7.9,False,True,short,22.1,8.6,360.1,03:30,15.0,49.957142857142934,False
2024-08-23,Friday,240,180,False,1.11159,1.11247,1.11286,22:08,1.11129,20:09,False,15.7,1.11258,1.11226,1.11318,1.11124,19.4,True,high,02:51,67.4,True,True,short,17.2,2.0,147.1,03:50,59.0,54.52857142857148,False
2024-08-26,Monday,240,180,False,1.11892,1.11834,1.12015,20:52,1.11815,23:55,True,20.0,1.11791,1.11804,1.11892,1.11757,13.5,False,low,02:00,31.5,True,False,long,8.5,30.7,38.5,,,52.61428571428576,False
2024-08-27,Tuesday,238,180,False,1.11646,1.11667,1.11706,21:55,1.11595,20:54,False,11.1,1.11667,1.11666,1.11739,1.11612,12.7,False,high,02:20,8.0,True,True,short,11.9,7.3,184.7,08:02,342.0,54.57142857142859,False
2024-08-28,Wednesday,240,180,False,1.11769,1.11657,1.118,20:58,1.11624,23:32,True,17.6,1.11438,1.11413,1.11593,1.11351,24.2,False,low,02:00,57.4,True,False,long,14.6,39.7,-17.6,,,57.228571428571406,False
2024-08-29,Thursday,240,180,False,1.11245,1.11356,1.11357,23:57,1.11241,20:00,False,11.6,1.11354,1.10848,1.11399,1.10719,68.0,True,high,02:01,4.2,True,True,short,12.6,3.7,690.5,03:03,62.0,57.11428571428558,False
2024-08-30,Friday,240,180,False,1.10802,1.10737,1.10828,20:54,1.10697,22:07,True,13.1,1.10769,1.10749,1.1095,1.10735,21.5,False,high,02:45,12.2,True,True,short,12.9,15.9,227.5,08:44,359.0,56.41428571428559,False
2024-09-02,Monday,240,180,False,1.10445,1.10484,1.10556,20:55,1.10419,20:09,False,13.7,1.10551,1.10674,1.10773,1.10548,22.5,False,high,02:01,21.7,True,False,short,1.5,20.9,5.1,,,51.24285714285724,False
2024-09-03,Tuesday,240,180,False,1.10671,1.10579,1.10702,22:17,1.10573,23:37,True,12.9,1.10595,1.10485,1.10676,1.10479,19.7,False,low,02:00,24.3,True,False,long,11.6,24.4,90.7,,,53.03571428571439,False
2024-09-04,Wednesday,240,180,False,1.10485,1.1054,1.10562,22:38,1.10464,20:13,False,9.8,1.10577,1.10516,1.10628,1.10468,16.0,False,high,02:00,38.9,True,True,short,7.8,8.6,165.3,07:15,315.0,52.871428571428716,False
2024-09-05,Thursday,240,180,False,1.108,1.10769,1.10854,21:24,1.10756,20:36,False,9.8,1.10802,1.10988,1.11002,1.10796,20.6,False,high,02:40,34.3,True,False,short,9.9,33.6,93.9,,,51.76428571428558,False
2024-09-06,Friday,240,180,False,1.11111,1.11151,1.11161,23:53,1.11092,22:50,False,6.9,1.11169,1.11173,1.11208,1.11108,10.0,False,high,02:00,39.5,True,True,short,7.3,5.0,731.9,05:14,194.0,52.84999999999999,False
2024-09-09,Monday,240,180,False,1.10864,1.10799,1.1091,20:21,1.10786,23:13,True,12.4,1.10691,1.10476,1.10718,1.10456,26.2,False,low,02:00,44.6,True,False,long,3.6,34.2,-54.8,,,45.91428571428563,False
2024-09-10,Tuesday,236,180,False,1.10352,1.10384,1.10391,23:56,1.10283,20:26,False,10.8,1.10394,1.10377,1.10496,1.10335,16.1,False,high,02:00,10.5,True,True,short,11.9,10.0,222.2,07:51,351.0,46.94999999999988,False
2024-09-11,Wednesday,240,180,False,1.102,1.10385,1.10443,22:08,1.10166,20:20,False,27.7,1.10437,1.10437,1.1052,1.10366,15.4,False,high,02:02,10.6,True,True,short,30.2,10.4,153.1,08:30,388.0,47.93571428571429,False
2024-09-12,Thursday,240,180,False,1.10101,1.10136,1.1014,23:57,1.10059,20:56,False,8.1,1.10219,1.10154,1.10238,1.10055,18.3,True,high,02:00,33.1,True,True,short,13.9,4.0,104.9,03:21,81.0,51.09999999999995,False
2024-09-13,Friday,240,180,False,1.10786,1.10869,1.10902,23:32,1.10775,20:02,False,12.7,1.10825,1.10927,1.1094,1.1073,21.0,True,low,02:23,4.5,True,True,long,13.8,3.7,190.6,03:53,90.0,48.721428571428646,False
2024-09-16,Monday,240,180,False,1.10872,1.1104,1.11049,23:57,1.10867,22:15,False,18.2,1.10982,1.11228,1.1126,1.10975,28.5,False,high,02:34,32.5,True,False,short,1.8,31.7,5.5,,,44.214285714285765,False
2024-09-17,Tuesday,240,180,False,1.11291,1.11239,1.11311,20:08,1.11219,20:55,True,9.2,1.11267,1.11445,1.11461,1.11156,30.5,True,high,02:30,15.0,True,True,short,10.7,1.9,210.9,02:59,29.0,45.750000000000114,False
2024-09-18,Wednesday,240,180,False,1.11221,1.11262,1.11303,21:22,1.11215,20:05,False,8.8,1.11204,1.11294,1.11332,1.11152,18.0,True,low,02:00,13.3,True,True,long,9.5,5.7,208.0,03:49,109.0,51.99285714285724,False
2024-09-19,Thursday,240,180,False,1.1114,1.11185,1.11191,23:51,1.10683,21:34,False,50.8,1.11309,1.11626,1.1169,1.11287,40.3,False,high,02:00,59.6,True,False,short,16.4,45.9,5.3,,,53.49999999999998,False
2024-09-20,Friday,240,180,False,1.11593,1.11656,1.11692,23:39,1.11571,20:12,False,12.1,1.1164,1.11643,1.11818,1.11523,29.5,True,high,02:05,12.6,True,True,short,13.0,12.7,274.4,04:13,128.0,52.835714285714346,False
2024-09-23,Monday,240,180,False,1.11589,1.11615,1.11648,23:14,1.11558,21:26,False,9.0,1.11632,1.10924,1.11642,1.10831,81.1,False,low,02:26,72.7,True,False,long,3.9,72.9,45.6,,,49.83571428571437,False
2024-09-24,Tuesday,240,180,False,1.1111,1.11126,1.11137,20:15,1.11033,22:50,True,10.4,1.11162,1.11401,1.11449,1.11042,40.7,False,high,02:00,49.8,True,False,short,8.5,50.8,91.3,,,55.664285714285754,False
2024-09-25,Wednesday,240,180,False,1.11907,1.1198,1.11987,23:58,1.11853,21:50,False,13.4,1.11955,1.11848,1.11964,1.11821,14.3,False,low,04:27,43.5,True,True,long,21.4,7.3,214.2,08:30,243.0,58.564285714285724,False
2024-09-26,Thursday,239,180,False,1.11297,1.11405,1.11451,23:16,1.1129,20:00,False,16.1,1.11498,1.11413,1.11579,1.11257,32.2,True,high,02:00,44.2,True,True,short,23.5,6.7,120.5,04:00,120.0,60.642857142857125,False
2024-09-27,Friday,240,180,False,1.1177,1.1169,1.11776,20:02,1.11624,21:51,True,15.2,1.11638,1.11444,1.1176,1.11248,51.2,False,low,02:06,37.6,True,True,long,17.3,37.7,267.1,08:42,396.0,62.44285714285718,False
2024-09-30,Monday,240,180,False,1.11688,1.11581,1.11739,20:20,1.11562,23:51,True,17.7,1.11665,1.12056,1.12089,1.1156,52.9,True,low,02:19,21.2,True,True,long,19.0,0.4,297.7,03:52,93.0,62.60714285714301,False
2024-10-01,Tuesday,240,180,False,1.11365,1.11377,1.11433,21:59,1.11271,20:41,False,16.2,1.11374,1.11026,1.1141,1.10981,42.9,False,low,03:06,70.6,True,False,long,8.2,63.7,8.0,,,67.4285714285716,False
2024-10-02,Wednesday,240,180,False,1.10645,1.10706,1.10739,21:46,1.10633,20:56,False,10.6,1.1062,1.10722,1.10828,1.10599,22.9,True,low,02:00,30.8,True,True,long,13.5,0.7,184.0,04:15,135.0,68.07142857142885,False
2024-10-03,Thursday,240,180,False,1.10459,1.10357,1.10465,20:00,1.1032,23:36,True,14.5,1.10285,1.10375,1.10461,1.10264,19.7,False,low,02:00,23.8,True,True,long,18.4,1.7,102.1,05:31,211.0,68.314285714286,False
2024-10-04,Friday,240,180,False,1.1035,1.1027,1.10395,20:10,1.10255,23:42,True,14.0,1.10333,1.10254,1.10355,1.10212,14.3,False,low,03:56,70.7,True,False,long,9.9,72.0,80.0,,,65.79285714285723,False
2024-10-07,Monday,240,180,False,1.09705,1.09719,1.09775,21:36,1.09681,20:50,False,9.4,1.09688,1.09699,1.09788,1.09581,20.7,True,low,02:00,13.9,True,True,long,12.2,7.5,177.7,04:25,145.0,61.40000000000018,False
2024-10-08,Tuesday,240,180,False,1.09742,1.09832,1.09868,23:39,1.09727,22:35,False,14.1,1.0983,1.09938,1.09971,1.09785,18.6,False,high,02:01,10.3,True,True,short,13.7,11.8,184.4,08:56,415.0,63.35000000000027,False
2024-10-09,Wednesday,240,180,False,1.09754,1.09678,1.09787,20:53,1.09667,23:55,True,12.0,1.0973,1.09577,1.0973,1.0951,22.0,False,low,02:13,27.1,True,False,long,3.2,27.9,33.3,,,60.18571428571444,False
2024-10-10,Thursday,240,180,False,1.0941,1.09435,1.09459,21:43,1.09389,22:12,True,7.0,1.09388,1.09329,1.0943,1.09282,14.8,False,low,02:00,30.1,True,True,long,17.4,28.0,227.1,08:30,390.0,57.350000000000136,False
2024-10-11,Friday,240,180,False,1.09335,1.09395,1.09407,23:57,1.09294,21:39,False,11.3,1.09354,1.09495,1.09537,1.09321,21.6,False,high,03:00,13.0,True,True,short,13.2,12.1,130.1,07:18,258.0,52.72142857142868,False
2024-10-14,Monday,240,180,False,1.09231,1.09256,1.09291,23:29,1.09153,20:04,False,13.8,1.0926,1.09268,1.09316,1.09236,8.0,False,high,02:02,7.5,True,True,short,12.7,8.6,176.8,07:27,325.0,47.357142857143025,False
2024-10-15,Tuesday,240,180,False,1.0909,1.08964,1.09097,20:01,1.08957,23:58,True,14.0,1.08915,1.09103,1.09161,1.08849,31.2,True,low,02:00,10.8,True,True,long,20.0,4.8,150.0,04:40,160.0,48.321428571428555,False
2024-10-16,Wednesday,240,180,False,1.08832,1.08909,1.08956,23:12,1.08821,20:06,False,13.5,1.08882,1.08832,1.08892,1.08752,14.0,False,low,02:01,16.0,True,True,long,12.2,8.4,143.0,05:17,196.0,45.09999999999998,False
2024-10-17,Thursday,240,180,False,1.08588,1.0853,1.0865,22:04,1.08512,23:35,True,13.8,1.0854,1.08517,1.08583,1.0849,9.3,False,low,02:57,40.2,True,True,long,14.8,1.5,163.0,07:00,243.0,42.571428571428484,False
2024-10-18,Friday,240,180,False,1.08291,1.08385,1.08396,22:40,1.08274,20:31,False,12.2,1.08432,1.08378,1.08486,1.08345,14.1,False,high,02:00,24.9,True,False,short,7.4,23.0,45.1,,,41.464285714285666,False
2024-10-21,Monday,239,180,False,1.08682,1.08662,1.08688,20:00,1.08636,21:17,True,5.2,1.08598,1.08552,1.08598,1.08462,13.6,False,low,02:00,43.7,True,False,long,1.9,38.0,-73.1,,,37.33571428571416,True
2024-10-22,Tuesday,240,180,False,1.08151,1.0819,1.08213,22:06,1.08142,20:05,False,7.1,1.08193,1.0827,1.0838,1.0818,20.0,False,high,02:05,16.7,True,True,short,7.7,16.8,287.3,08:35,390.0,39.49999999999993,False
2024-10-23,Wednesday,240,180,False,1.07962,1.08021,1.08053,22:57,1.07922,20:47,False,13.1,1.08066,1.07882,1.08066,1.07794,27.2,True,high,02:00,1.3,True,True,short,14.8,1.2,336.6,03:00,60.0,40.41428571428561,False
2024-10-24,Thursday,240,180,False,1.07804,1.07868,1.07898,20:53,1.07798,20:00,False,10.0,1.07887,1.0803,1.0808,1.07706,37.4,True,high,02:10,21.5,True,True,short,17.7,0.2,192.0,03:15,65.0,42.049999999999976,False
2024-10-25,Friday,240,180,False,1.08239,1.08217,1.08275,22:52,1.082,21:09,False,7.5,1.08217,1.08237,1.08372,1.08136,23.6,True,low,02:12,9.3,True,True,long,7.8,6.5,256.0,04:12,120.0,42.50714285714298,False
2024-10-28,Monday,240,180,False,1.07941,1.07876,1.07959,20:09,1.0782,22:58,True,13.9,1.0794,1.0813,1.08213,1.07932,28.1,False,high,02:12,31.7,True,False,short,1.8,30.3,2.9,,,41.27142857142869,False
2024-10-29,Tuesday,240,180,False,1.08158,1.08086,1.08181,21:27,1.08061,22:37,True,12.0,1.08112,1.08178,1.08263,1.08054,20.9,True,low,02:12,37.3,True,True,long,13.1,0.5,168.3,03:29,77.0,44.07857142857138,False
2024-10-30,Wednesday,240,180,False,1.08217,1.08165,1.08257,20:26,1.0813,23:01,True,12.7,1.08236,1.08397,1.08593,1.08158,43.5,False,high,03:00,41.1,True,True,short,12.8,33.6,140.2,07:15,255.0,45.14285714285709,False
2024-10-31,Thursday,240,180,False,1.08533,1.08478,1.08581,20:10,1.08441,20:59,True,14.0,1.08516,1.08665,1.08673,1.08476,19.7,False,high,02:37,30.0,True,False,short,12.1,29.9,85.7,,,45.6857142857143,False
2024-11-01,Friday,240,180,False,1.08866,1.0877,1.08885,20:14,1.08751,22:21,True,13.4,1.08729,1.08583,1.08775,1.08573,20.2,False,low,02:00,28.8,True,True,long,22.8,22.0,228.4,07:30,330.0,47.385714285714336,False
2024-11-04,Monday,240,180,False,1.08772,1.08974,1.09049,22:53,1.08767,20:08,False,28.2,1.08915,1.08962,1.09021,1.08871,15.0,,none,,,,,,,,,,,45.90714285714289,False
2024-11-05,Tuesday,240,180,False,1.08756,1.08752,1.08797,21:32,1.0873,20:12,False,6.7,1.08809,1.08917,1.08976,1.08809,16.7,False,high,02:00,40.8,True,False,short,1.9,37.7,-17.9,,,60.67142857142858,False
2024-11-06,Wednesday,240,180,False,1.08367,1.07775,1.08571,20:17,1.0719,22:44,True,138.1,1.07258,1.07551,1.07812,1.07258,55.4,,none,,,,,,,,,,,64.73571428571428,False
2024-11-07,Thursday,240,180,False,1.0721,1.07377,1.07454,23:22,1.07129,20:24,False,32.5,1.07475,1.07462,1.07716,1.0745,26.6,False,high,02:00,79.3,True,False,short,0.0,79.7,1.2,,,67.70000000000006,False
2024-11-08,Friday,240,180,False,1.07905,1.07828,1.07913,20:00,1.07765,23:05,True,14.8,1.07773,1.07789,1.07891,1.07609,28.2,False,low,02:08,67.3,True,True,long,15.4,15.8,141.2,06:18,250.0,72.3571428571428,False
2024-11-11,Monday,240,180,False,1.07168,1.07138,1.07277,20:25,1.07078,23:45,True,19.9,1.07208,1.06815,1.07221,1.0668,54.1,False,low,02:23,79.2,True,False,long,2.7,78.2,8.5,,,72.94999999999987,False
2024-11-12,Tuesday,240,180,False,1.06583,1.0644,1.06598,20:45,1.06378,23:00,True,22.0,1.06342,1.0626,1.06372,1.06165,20.7,False,low,02:00,41.8,True,False,long,4.2,37.0,-2.7,,,75.17142857142856,False
2024-11-13,Wednesday,240,180,False,1.06127,1.06177,1.06294,21:00,1.0612,20:00,False,17.4,1.06134,1.06269,1.06298,1.05933,36.5,True,low,02:00,56.4,True,True,long,17.8,18.7,241.4,04:55,175.0,79.6857142857142,False
2024-11-14,Thursday,240,180,False,1.05651,1.05484,1.05651,20:00,1.05451,23:45,True,20.0,1.0545,1.05202,1.05579,1.05177,40.2,False,low,02:00,49.1,True,True,long,24.8,48.1,187.0,09:38,458.0,81.75714285714268,False
2024-11-15,Friday,240,180,False,1.05306,1.05425,1.05459,22:04,1.05281,20:03,False,17.8,1.0554,1.05621,1.05799,1.05508,29.1,False,high,02:00,47.1,True,True,short,24.0,41.6,128.1,09:37,457.0,82.70714285714257,False
2024-11-18,Monday,240,180,False,1.05486,1.05407,1.05505,20:05,1.05302,22:47,True,20.3,1.05428,1.05661,1.05711,1.05379,33.2,False,high,03:24,35.3,True,False,short,18.1,35.2,88.7,,,81.32857142857117,False
2024-11-19,Tuesday,240,180,False,1.05898,1.0587,1.06007,22:19,1.05864,23:58,True,14.3,1.05928,1.05492,1.05948,1.05233,71.5,False,low,02:05,63.1,True,True,long,14.7,63.0,102.1,10:43,518.0,84.99999999999967,False
2024-11-20,Wednesday,240,180,False,1.05993,1.05929,1.06039,20:02,1.05877,23:26,True,16.2,1.05873,1.05555,1.05947,1.0553,41.7,False,low,02:00,80.9,True,False,long,6.9,81.0,43.2,,,88.30714285714248,False
2024-11-21,Thursday,240,180,False,1.05458,1.05512,1.05548,23:02,1.05449,20:57,False,9.9,1.05453,1.05168,1.05472,1.05139,33.3,False,low,02:03,73.6,True,False,long,4.2,71.7,23.2,,,79.32857142857107,False
2024-11-22,Friday,240,180,False,1.04754,1.04747,1.04782,22:28,1.04671,21:13,False,11.1,1.04692,1.04019,1.04981,1.03325,165.6,True,low,02:00,134.6,True,True,long,8.5,7.4,279.3,02:25,25.0,83.15714285714252,False
2024-11-25,Monday,240,180,False,1.04811,1.04791,1.049,20:38,1.04741,20:15,False,15.9,1.04835,1.04895,1.0497,1.0449,48.0,True,low,02:05,25.1,True,True,long,17.3,25.6,353.5,04:53,168.0,79.36428571428527,False
2024-11-26,Tuesday,240,180,False,1.04347,1.04797,1.04904,23:11,1.04303,20:04,False,60.1,1.04762,1.05072,1.05189,1.047,48.9,False,high,03:54,54.3,True,False,short,30.3,50.8,44.6,,,84.17857142857112,False
2024-11-27,Wednesday,240,180,False,1.04893,1.04786,1.04928,20:22,1.04773,23:38,True,15.5,1.04798,1.05165,1.05402,1.04797,60.5,False,high,02:25,91.8,True,False,short,0.7,93.0,12.3,,,85.58571428571382,False
2024-11-28,Thursday,239,180,False,1.05517,1.05546,1.05627,20:49,1.05473,20:05,False,15.4,1.05484,1.05319,1.05563,1.05275,28.8,False,low,02:00,19.8,True,False,long,11.3,18.2,63.0,,,85.48571428571381,False
2024-11-29,Friday,240,180,False,1.05625,1.05699,1.05767,23:23,1.05564,20:50,False,20.3,1.05803,1.05574,1.05971,1.05518,45.3,True,high,02:00,20.4,True,True,short,29.8,15.5,173.9,04:41,161.0,81.68571428571383,False
2024-12-02,Monday,240,180,False,1.05361,1.05233,1.05391,20:01,1.05189,23:50,True,20.2,1.0533,1.05135,1.0537,1.04959,41.1,False,low,02:13,58.2,True,False,long,20.0,57.5,95.5,,,79.44999999999979,False
2024-12-03,Tuesday,240,180,False,1.04913,1.04853,1.04971,20:15,1.04823,21:20,True,14.8,1.04878,1.05204,1.05307,1.04863,44.4,False,high,02:20,33.6,True,False,short,5.3,33.4,34.5,,,81.72142857142833,False
2024-12-04,Wednesday,240,180,False,1.04993,1.05107,1.05134,23:57,1.04879,22:33,False,25.5,1.05227,1.05028,1.05266,1.04825,44.1,True,high,02:00,30.5,True,True,short,32.7,6.8,161.2,04:00,120.0,81.5071428571425,False
2024-12-05,Thursday,239,180,False,1.05141,1.05182,1.05256,23:22,1.0509,20:49,False,16.6,1.05255,1.05285,1.05463,1.05213,25.0,False,high,02:00,64.0,True,False,short,6.4,61.9,25.9,,,80.51428571428536,False
2024-12-06,Friday,240,180,False,1.05772,1.05752,1.05803,22:14,1.05659,20:51,False,14.4,1.05745,1.05772,1.0594,1.05674,26.6,False,high,02:51,49.5,True,True,short,14.8,50.4,251.4,10:05,434.0,80.43571428571404,False
2024-12-09,Monday,240,180,False,1.05593,1.05346,1.0561,20:01,1.0532,23:42,True,29.0,1.05442,1.05661,1.05751,1.05411,34.0,False,high,02:55,33.4,True,False,short,6.2,32.3,17.6,,,69.01428571428566,False
2024-12-10,Tuesday,240,180,False,1.0553,1.05575,1.05614,21:08,1.05452,20:40,False,16.2,1.05664,1.05311,1.05664,1.0523,43.4,True,high,02:00,5.0,True,True,short,19.6,2.0,388.9,03:03,63.0,71.16428571428563,False
2024-12-11,Wednesday,239,180,False,1.05288,1.05245,1.05393,21:29,1.05204,23:44,True,18.9,1.0526,1.05005,1.05284,1.0488,40.4,False,low,02:09,40.2,True,False,long,23.9,33.2,89.4,,,67.72142857142862,False
2024-12-12,Thursday,239,156,False,1.05065,1.05089,1.0509,23:29,1.05009,22:12,False,8.1,1.0514,1.051,1.05308,1.05046,26.2,False,high,02:00,21.8,True,True,short,13.7,17.9,559.3,05:54,234.0,66.79285714285712,False
2024-12-13,Friday,240,180,False,1.04794,1.04634,1.04808,20:00,1.04562,23:16,True,24.6,1.04655,1.04871,1.0494,1.04531,40.9,True,low,02:06,3.1,True,True,long,28.7,5.1,276.0,04:56,170.0,63.77857142857149,False
2024-12-16,Monday,240,180,False,1.05143,1.05159,1.05228,21:12,1.05097,21:56,True,13.1,1.05136,1.0505,1.05247,1.05002,24.5,True,low,02:53,35.2,True,True,long,15.3,9.2,114.5,03:32,39.0,63.27857142857171,False
2024-12-17,Tuesday,240,180,False,1.05291,1.05081,1.05299,20:00,1.05078,23:57,True,22.1,1.05028,1.04852,1.05091,1.04804,28.7,False,low,02:00,28.8,True,False,long,9.1,23.4,16.7,,,62.0285714285716,False
2024-12-18,Wednesday,240,180,False,1.04991,1.0503,1.05056,23:45,1.04955,20:50,False,10.1,1.05113,1.04941,1.05127,1.04874,25.3,True,high,02:00,7.1,True,True,short,14.8,2.4,381.2,02:53,53.0,68.55000000000024,False
2024-12-19,Thursday,240,180,False,1.03732,1.03789,1.03909,22:00,1.0371,20:31,False,19.9,1.03851,1.04124,1.04222,1.03849,37.3,False,high,02:02,31.3,True,True,short,21.4,30.6,174.9,11:13,551.0,69.50714285714301,False
2024-12-20,Friday,240,180,False,1.0365,1.03587,1.03675,20:36,1.03583,23:57,True,9.2,1.03748,1.03828,1.03983,1.03724,25.9,False,high,02:00,67.9,True,False,short,5.7,57.3,-53.3,,,71.85714285714319,False
2024-12-23,Monday,240,180,False,1.04319,1.04429,1.04452,23:55,1.04268,20:15,False,18.4,1.0434,1.04077,1.04367,1.04072,29.5,False,low,02:42,42.6,True,False,long,3.9,39.1,2.2,,,66.03571428571455,False
2024-12-24,Tuesday,240,180,False,1.04003,1.03963,1.04086,21:12,1.03887,22:48,True,19.9,1.03959,1.0392,1.04055,1.03901,15.4,,none,,,,,,,,,,,65.31428571428584,False
2024-12-25,Wednesday,83,53,True,1.04043,1.04058,1.04074,22:46,1.04008,20:01,False,6.6,1.04016,1.04004,1.04083,1.0397,11.3,True,high,02:01,0.9,False,True,short,1.3,7.0,157.6,02:15,14.0,62.07142857142871,True
2024-12-26,Thursday,240,180,False,1.03964,1.03977,1.04042,22:28,1.03941,20:01,False,10.1,1.03981,1.03991,1.04001,1.03905,9.6,False,low,02:18,3.6,True,True,long,11.6,3.0,284.2,08:14,356.0,59.92857142857164,False
2024-12-27,Friday,239,180,False,1.0418,1.0409,1.04181,20:00,1.04065,22:21,True,11.6,1.04119,1.04167,1.04257,1.04049,20.8,True,low,02:43,1.6,True,True,long,13.6,0.8,323.3,02:55,12.0,58.64285714285734,False
2024-12-30,Monday,239,180,False,1.04275,1.04253,1.04308,20:36,1.04208,22:14,True,10.0,1.04287,1.04338,1.04393,1.04093,30.0,True,low,03:18,49.1,True,True,long,9.7,12.1,375.0,04:51,93.0,55.41428571428601,False
2024-12-31,Tuesday,240,180,False,1.04035,1.04041,1.04148,21:05,1.04022,20:04,False,12.6,1.04039,1.04185,1.04243,1.04023,22.0,False,high,03:56,9.5,True,True,short,18.1,6.2,540.5,07:31,215.0,58.42857142857165,False
2025-01-01,Wednesday,0,0,True,,,,,,,,,,,,,,,,,,,,,,,,,,56.400000000000254,False
2025-01-02,Thursday,240,180,False,1.03521,1.03692,1.03756,23:14,1.03442,20:00,False,31.4,1.03637,1.03515,1.03723,1.03461,26.2,,none,,,,,,,,,,,64.37857142857177,False
2025-01-03,Friday,240,180,False,1.02728,1.02695,1.02745,21:50,1.02665,20:57,False,8.0,1.0279,1.02901,1.02999,1.02687,31.2,False,high,02:00,31.2,True,False,short,10.7,26.3,72.5,,,55.5571428571433,False
2025-01-06,Monday,240,180,False,1.03031,1.03151,1.03182,22:54,1.03012,20:02,False,17.0,1.03127,1.03554,1.03688,1.03099,58.9,False,high,02:28,118.5,True,False,short,2.1,117.5,6.5,,,54.26428571428625,False
2025-01-07,Tuesday,240,180,False,1.03841,1.03917,1.03943,23:38,1.03761,20:43,False,18.2,1.03975,1.04274,1.04342,1.03975,36.7,False,high,02:00,40.0,True,True,short,28.3,33.9,215.4,10:00,480.0,59.77142857142934,False
2025-01-08,Wednesday,240,180,False,1.03468,1.03512,1.03547,21:09,1.03452,20:06,False,9.5,1.03512,1.03194,1.03513,1.03154,35.9,False,low,02:01,72.1,True,False,long,2.9,71.8,27.4,,,61.507142857143585,False
2025-01-09,Thursday,240,180,False,1.03131,1.0309,1.03214,22:11,1.03056,23:12,True,15.8,1.03001,1.03056,1.03175,1.02836,33.9,False,low,02:00,22.0,True,False,long,16.0,19.4,84.8,,,62.100000000000804,False
2025-01-10,Friday,240,180,False,1.02953,1.0295,1.03044,20:40,1.02935,20:01,False,10.9,1.02817,1.02998,1.03118,1.02811,30.7,True,low,02:00,80.8,True,True,long,21.6,2.0,167.9,03:27,87.0,68.08571428571513,False
2025-01-13,Monday,240,180,False,1.02424,1.02117,1.02499,20:26,1.02076,23:43,True,42.3,1.02166,1.01932,1.02312,1.01772,54.0,False,low,02:28,30.4,True,False,long,22.7,31.3,55.8,,,72.64285714285818,False
2025-01-14,Tuesday,240,180,False,1.0248,1.02502,1.02552,22:11,1.02384,21:42,False,16.8,1.02527,1.02595,1.02748,1.02499,24.9,False,high,02:00,49.1,True,False,short,16.4,48.5,94.0,,,76.60000000000095,False
2025-01-15,Wednesday,240,180,False,1.03012,1.03023,1.03048,20:05,1.02953,21:49,True,9.5,1.02963,1.03098,1.03171,1.02866,30.5,True,low,02:00,36.3,True,True,long,10.9,9.3,622.1,02:46,46.0,77.22857142857221,False
2025-01-16,Thursday,240,180,False,1.0299,1.02869,1.02995,20:02,1.02845,22:28,True,15.0,1.02888,1.0286,1.03014,1.02816,19.8,True,high,02:37,12.0,True,True,short,16.0,1.1,260.7,04:42,125.0,75.38571428571505,False
2025-01-17,Friday,239,180,False,1.03048,1.02936,1.03093,20:48,1.02918,23:46,True,17.5,1.02903,1.02964,1.0304,1.02776,26.4,False,low,02:00,26.6,True,True,long,22.6,9.8,221.7,06:17,257.0,77.81428571428637,False
2025-01-20,Monday,240,180,False,1.02864,1.03042,1.03071,23:04,1.02791,20:33,False,28.0,1.03103,1.03061,1.03184,1.0305,13.4,False,high,02:00,122.9,True,False,short,4.8,120.2,7.5,,,76.51428571428626,False
2025-01-21,Tuesday,240,180,False,1.0362,1.03897,1.04008,22:15,1.03556,20:04,False,45.2,1.03687,1.03533,1.03861,1.0342,44.1,False,low,03:39,13.6,True,True,long,47.0,13.4,148.5,10:33,414.0,81.39285714285776,False
2025-01-22,Wednesday,240,180,False,1.0423,1.04171,1.04231,20:00,1.04061,21:06,True,17.0,1.04037,1.04463,1.04473,1.04033,44.0,True,low,02:00,2.8,True,True,long,18.6,1.5,301.2,03:57,117.0,76.50000000000045,False
2025-01-23,Thursday,240,180,False,1.04102,1.04107,1.04158,20:13,1.03967,21:06,True,19.1,1.04033,1.04115,1.04147,1.03899,24.8,False,low,02:10,24.8,True,True,long,25.1,2.4,169.1,05:15,185.0,75.5214285714288,False
2025-01-24,Friday,240,180,False,1.04192,1.04472,1.04537,22:04,1.04115,20:54,False,42.2,1.04572,1.04942,1.0515,1.04471,67.9,False,high,02:00,66.9,True,False,short,8.6,64.9,15.6,,,75.0428571428574,False
2025-01-27,Monday,240,180,False,1.04726,1.04632,1.04787,20:14,1.04588,21:38,True,19.9,1.04593,1.04886,1.04936,1.04539,39.7,True,low,02:00,4.9,True,True,long,17.9,7.2,372.9,03:41,101.0,75.0714285714287,False
2025-01-28,Tuesday,240,180,False,1.04452,1.04335,1.04564,20:31,1.04244,21:06,True,32.0,1.04375,1.04351,1.04441,1.04194,24.7,False,low,03:55,10.7,True,False,long,20.1,10.3,61.6,,,74.22857142857143,False
2025-01-29,Wednesday,240,180,False,1.043,1.04384,1.04424,23:20,1.04256,21:00,False,16.8,1.04369,1.04035,1.04377,1.0402,35.7,False,low,02:25,43.4,True,False,long,5.4,42.7,28.0,,,71.44285714285714,False
2025-01-30,Thursday,240,180,False,1.04258,1.04189,1.04276,23:07,1.04175,23:42,True,10.1,1.04138,1.04074,1.04288,1.04019,26.9,True,low,02:00,27.4,True,True,long,16.2,3.3,497.0,03:00,60.0,72.99285714285713,False
2025-01-31,Friday,240,180,False,1.03865,1.03873,1.03948,21:40,1.03768,20:27,False,18.0,1.03944,1.03834,1.04125,1.03652,47.3,True,high,02:04,17.7,True,True,short,22.5,15.8,192.8,04:00,116.0,72.20714285714294,False
2025-02-03,Monday,240,180,False,1.02317,1.02264,1.0252,20:31,1.0212,22:39,True,40.0,1.02428,1.02303,1.02543,1.02126,41.7,False,high,04:30,83.1,True,False,short,24.3,85.3,66.2,,,77.72857142857137,False
2025-02-04,Tuesday,240,180,False,1.03175,1.03057,1.03238,21:53,1.03057,23:55,True,18.1,1.03064,1.03385,1.03494,1.02997,49.7,True,low,02:00,6.0,True,True,long,24.3,3.0,450.3,03:21,81.0,83.04999999999991,False
2025-02-05,Wednesday,240,180,False,1.03787,1.03784,1.03864,20:28,1.0372,20:56,True,14.4,1.03847,1.04037,1.04174,1.03819,35.5,False,high,02:09,56.0,True,False,short,2.8,56.0,19.4,,,78.35714285714279,False
2025-02-06,Thursday,240,180,False,1.03973,1.03869,1.04053,21:10,1.03852,23:52,True,20.1,1.039,1.03592,1.03912,1.03559,35.3,False,low,02:13,32.9,True,False,long,6.5,32.4,29.9,,,74.8428571428569,False
2025-02-07,Friday,240,180,False,1.0378,1.0381,1.03867,20:56,1.03741,20:14,False,12.6,1.03756,1.0391,1.03997,1.03739,25.8,True,low,02:00,52.0,True,True,long,11.9,1.2,304.0,02:52,52.0,78.19285714285695,False
2025-02-10,Monday,240,180,False,1.03102,1.03132,1.03158,23:40,1.02985,21:56,False,17.3,1.03187,1.03266,1.03346,1.03064,28.2,False,high,02:00,20.5,True,False,short,17.1,15.1,67.6,,,72.42857142857137,False
2025-02-11,Tuesday,240,180,False,1.03045,1.0304,1.03045,20:00,1.02919,22:10,True,12.6,1.0305,1.03177,1.03218,1.02998,22.0,False,high,02:00,46.7,True,False,short,4.7,46.7,37.3,,,76.3714285714285,False
2025-02-12,Wednesday,240,180,False,1.03571,1.03561,1.03677,21:33,1.03537,20:07,False,14.0,1.03588,1.03733,1.03797,1.03587,21.0,False,high,02:50,27.7,True,True,short,43.8,18.0,363.6,08:30,340.0,77.07857142857155,False
2025-02-13,Thursday,240,180,False,1.03895,1.04344,1.04353,23:40,1.03871,20:02,False,48.2,1.04307,1.04229,1.04364,1.04101,26.3,False,high,02:03,9.8,True,True,short,47.8,1.9,123.9,07:15,312.0,81.74285714285736,False
2025-02-14,Friday,240,180,False,1.04607,1.04547,1.04667,20:22,1.04536,22:05,True,13.1,1.04584,1.04809,1.04875,1.04582,29.3,False,high,02:07,47.3,True,False,short,10.4,46.9,76.3,,,82.15714285714294,False
2025-02-17,Monday,240,180,False,1.04927,1.04954,1.05062,20:57,1.0489,23:11,True,17.2,1.04917,1.04741,1.04953,1.04708,24.5,False,low,02:05,22.3,True,False,long,5.9,22.7,36.6,,,74.23571428571434,False
2025-02-18,Tuesday,240,180,False,1.04749,1.0457,1.04753,20:05,1.04552,23:46,True,20.1,1.04611,1.04635,1.04691,1.04547,14.4,False,low,03:13,13.8,True,False,long,13.6,14.2,69.7,,,72.42857142857153,False
2025-02-19,Wednesday,240,180,False,1.04458,1.04523,1.0453,23:15,1.04409,20:46,False,12.1,1.04551,1.04287,1.04593,1.04281,31.2,True,high,02:00,6.3,True,True,short,17.1,2.4,405.0,03:57,117.0,66.90714285714311,False
2025-02-20,Thursday,240,180,False,1.04292,1.04302,1.04375,21:54,1.04185,20:47,False,19.0,1.04254,1.04369,1.04418,1.04233,18.5,False,high,03:05,40.6,True,False,short,9.9,39.8,47.9,,,64.53571428571455,False
2025-02-21,Friday,240,180,False,1.04899,1.04988,1.05047,23:19,1.04843,20:43,False,20.4,1.04885,1.04691,1.04994,1.04665,32.9,False,low,03:15,35.1,True,False,long,19.0,25.0,43.6,,,63.25714285714299,False
2025-02-24,Monday,240,180,False,1.05041,1.05154,1.05282,21:55,1.05021,20:31,False,26.1,1.05088,1.04717,1.05147,1.04686,46.1,False,low,02:35,49.4,True,False,long,6.0,47.6,16.1,,,61.95000000000029,False
2025-02-25,Tuesday,240,180,False,1.04633,1.0473,1.04771,23:27,1.04605,20:21,False,16.6,1.04767,1.04729,1.04787,1.0456,22.7,True,high,02:01,42.0,True,True,short,16.9,0.7,127.1,03:00,59.0,64.42142857142872,False
2025-02-26,Wednesday,240,180,False,1.05226,1.04971,1.05235,20:10,1.04966,23:57,True,26.9,1.04943,1.04968,1.05113,1.04913,20.0,False,low,02:00,21.9,True,False,long,19.9,20.7,69.5,,,66.23571428571442,False
2025-02-27,Thursday,240,180,False,1.04773,1.04626,1.04831,20:47,1.04589,23:54,True,24.2,1.04716,1.04841,1.04851,1.04683,16.8,False,high,04:53,6.2,True,True,short,24.9,5.7,330.6,08:41,228.0,68.2071428571429,False
2025-02-28,Friday,240,180,False,1.04024,1.03864,1.04042,20:00,1.03802,21:16,True,24.0,1.03873,1.03952,1.04078,1.03854,22.4,False,high,04:00,15.6,True,False,short,14.2,13.4,50.0,,,64.03571428571412,False
2025-03-03,Monday,240,180,False,1.04092,1.04177,1.04231,21:53,1.04074,20:00,False,15.7,1.04081,1.04269,1.04288,1.03883,40.5,True,low,02:00,19.1,True,True,long,21.2,18.3,612.7,04:55,175.0,62.34999999999991,False
2025-03-04,Tuesday,240,180,False,1.0488,1.04778,1.04959,20:34,1.0471,23:07,True,24.9,1.0486,1.05118,1.0527,1.04809,46.1,False,high,02:44,63.7,True,False,short,9.9,63.6,39.4,,,72.67857142857126,False
2025-03-05,Wednesday,240,180,False,1.06209,1.06189,1.06274,20:24,1.06018,22:00,True,25.6,1.06321,1.07116,1.0722,1.06294,92.6,False,high,02:00,159.2,True,False,short,6.3,150.9,-7.8,,,83.99999999999996,False
2025-03-06,Thursday,240,180,False,1.07942,1.08033,1.082,20:52,1.0784,23:10,True,36.0,1.08024,1.07995,1.08221,1.07802,41.9,True,high,02:43,33.4,True,True,short,36.3,4.6,110.6,04:35,112.0,87.8357142857143,False
2025-03-07,Friday,234,180,False,1.07877,1.08128,1.08146,22:39,1.0781,20:23,False,33.6,1.08231,1.0861,1.08714,1.08198,51.6,False,high,02:00,73.8,True,False,short,3.4,65.2,-15.5,,,89.29999999999993,False
2025-03-10,Monday,240,180,False,1.0864,1.08306,1.08711,20:03,1.083,23:57,True,41.1,1.08374,1.0851,1.08566,1.08051,51.5,False,low,02:24,24.9,True,True,long,44.0,25.3,108.0,05:27,183.0,87.8785714285714,False
2025-03-11,Tuesday,240,180,False,1.08515,1.08543,1.08615,23:37,1.08435,20:35,False,18.0,1.08562,1.09082,1.09207,1.08551,65.6,False,high,02:06,69.1,True,False,short,4.7,65.8,7.8,,,91.11428571428578,False
2025-03-12,Wednesday,240,180,False,1.09088,1.08988,1.09151,20:37,1.08957,23:08,True,19.4,1.08919,1.09142,1.09263,1.08872,39.1,True,low,02:00,20.2,True,True,long,23.6,4.7,184.0,03:39,99.0,90.32857142857144,False
2025-03-13,Thursday,240,180,False,1.08914,1.08933,1.0897,21:51,1.08816,23:05,True,15.4,1.08743,1.08792,1.08852,1.08591,26.1,False,low,02:00,59.4,True,False,long,10.3,52.7,23.4,,,90.47857142857147,False
2025-03-14,Friday,240,180,False,1.08489,1.08407,1.08493,20:00,1.08341,21:33,True,15.2,1.0838,1.0852,1.0862,1.08304,31.6,True,low,02:01,3.7,True,True,long,15.1,4.1,515.8,03:13,72.0,91.35714285714293,False
2025-03-17,Monday,240,180,False,1.08793,1.08818,1.08936,23:06,1.08741,20:06,False,19.5,1.08775,1.08996,1.09003,1.08685,31.8,True,low,02:31,5.6,True,True,long,21.0,5.1,285.1,04:39,128.0,85.03571428571452,False
2025-03-18,Tuesday,240,180,False,1.09157,1.09108,1.09189,20:09,1.09062,22:31,True,12.7,1.09206,1.09497,1.09545,1.09161,38.4,False,high,02:00,35.6,True,True,short,14.7,33.7,208.7,07:35,335.0,87.76428571428589,False
2025-03-19,Wednesday,240,180,False,1.09346,1.09298,1.09449,21:40,1.09279,23:55,True,17.0,1.09206,1.09021,1.0923,1.08731,49.9,False,low,02:00,54.8,True,False,long,1.3,48.6,-28.8,,,84.93571428571434,False
2025-03-20,Thursday,240,180,False,1.0912,1.09031,1.09171,21:33,1.09003,23:54,True,16.8,1.08932,1.08519,1.08941,1.08381,56.0,False,low,02:00,85.8,True,False,long,3.0,76.6,-36.9,,,79.40714285714284,False
2025-03-21,Friday,240,180,False,1.08529,1.08301,1.08555,20:38,1.08274,23:50,True,28.1,1.08338,1.08255,1.08453,1.08239,21.4,False,low,02:03,30.4,True,True,long,29.4,3.8,119.9,07:03,300.0,69.59999999999982,False
2025-03-24,Monday,240,180,False,1.0837,1.08227,1.08374,20:00,1.08169,23:25,True,20.5,1.08394,1.0839,1.08579,1.08283,29.6,False,high,02:00,20.5,True,True,short,32.7,18.3,273.7,08:45,405.0,65.03571428571402,False
2025-03-25,Tuesday,240,180,False,1.08,1.08032,1.08087,23:30,1.0794,21:51,False,14.7,1.07944,1.08005,1.08039,1.07767,27.2,False,low,02:00,17.3,True,True,long,17.4,18.8,244.9,05:13,193.0,65.685714285714,False
2025-03-26,Wednesday,240,180,False,1.0784,1.07841,1.0797,21:52,1.07777,20:07,False,19.3,1.07868,1.07958,1.08025,1.07811,21.4,False,high,03:52,5.5,True,True,short,23.7,6.6,153.9,08:18,266.0,65.71428571428545,False
2025-03-27,Thursday,240,180,False,1.07555,1.07803,1.07869,23:36,1.0755,20:01,False,31.9,1.07729,1.07707,1.0779,1.0754,25.0,False,low,02:33,1.0,False,True,long,32.0,1.1,206.9,06:04,211.0,62.52142857142833,False
2025-03-28,Friday,240,180,False,1.07949,1.07884,1.07987,20:37,1.07845,23:22,True,14.2,1.07848,1.07734,1.07998,1.07687,31.1,True,low,02:02,20.1,True,True,long,14.7,0.5,423.9,02:28,26.0,64.26428571428548,False
2025-03-31,Monday,240,180,False,1.08235,1.08327,1.08458,22:45,1.0823,20:03,False,22.8,1.08342,1.08273,1.08492,1.08115,37.7,True,high,03:06,3.4,True,True,short,22.3,4.4,271.9,03:39,33.0,60.914285714285725,False
2025-04-01,Tuesday,240,180,False,1.08174,1.08265,1.08281,22:23,1.08168,21:53,False,11.3,1.0807,1.08176,1.08178,1.07986,19.2,False,low,02:00,38.6,True,True,long,22.4,8.1,108.8,05:05,185.0,63.21428571428557,False
2025-04-02,Wednesday,240,180,False,1.07947,1.07955,1.08017,22:32,1.07869,21:33,False,14.8,1.07895,1.07974,1.08017,1.078,21.7,False,low,03:12,6.9,True,True,long,15.9,5.8,581.8,04:34,82.0,69.1571428571428,False
2025-04-03,Thursday,240,180,False,1.09038,1.09147,1.09244,22:25,1.08795,20:31,False,44.9,1.09443,1.1009,1.10203,1.09346,85.7,False,high,02:00,221.8,True,False,short,9.4,202.2,-22.7,,,81.9285714285713,False
2025-04-04,Friday,240,180,False,1.10448,1.10933,1.10984,23:53,1.10364,20:19,False,62.0,1.10838,1.09961,1.10861,1.09749,111.2,False,low,03:37,76.5,True,False,long,58.4,71.5,86.1,,,89.62142857142854,False
2025-04-07,Monday,240,180,False,1.09833,1.09502,1.09837,20:00,1.09198,22:45,True,63.9,1.1018,1.09917,1.10498,1.09675,82.3,False,high,02:00,66.1,True,True,short,97.5,32.6,129.9,10:50,530.0,98.02857142857161,False
2025-04-08,Tuesday,240,180,False,1.09147,1.09633,1.09802,22:45,1.09146,20:00,False,65.6,1.09679,1.09362,1.09916,1.09211,70.5,False,high,02:09,11.4,True,True,short,67.2,11.6,139.6,05:24,195.0,106.80000000000021,False
2025-04-09,Wednesday,240,180,False,1.09771,1.10193,1.10397,21:23,1.09709,20:06,False,68.8,1.10615,1.10271,1.10897,1.09976,92.1,False,high,02:00,55.1,True,False,short,64.1,33.1,61.2,,,114.3000000000002,False
2025-04-10,Thursday,240,180,False,1.09504,1.09814,1.09891,23:15,1.09499,20:00,False,39.2,1.09851,1.10373,1.10477,1.09624,85.3,False,high,03:16,239.6,True,False,short,6.2,244.5,28.3,,,140.6928571428572,False
2025-04-11,Friday,240,180,False,1.12574,1.13407,1.13852,20:33,1.1251,20:18,False,134.2,1.12847,1.14269,1.14736,1.12466,227.0,True,low,02:38,4.4,True,True,long,164.7,5.4,165.9,04:02,84.0,151.9285714285715,False
2025-04-14,Monday,240,180,False,1.13419,1.13714,1.14087,21:40,1.13407,20:00,False,68.0,1.13854,1.13873,1.14244,1.13763,48.1,False,high,02:33,15.7,True,True,short,78.0,8.1,166.3,08:56,383.0,157.59999999999997,False
2025-04-15,Tuesday,240,180,False,1.1336,1.13474,1.13528,23:01,1.13157,21:40,False,37.1,1.13508,1.13465,1.13789,1.13203,58.6,False,high,02:01,26.1,True,True,short,35.3,29.2,190.6,07:40,339.0,162.89285714285703,False
2025-04-16,Wednesday,240,180,False,1.1293,1.1343,1.13433,23:59,1.12925,20:00,False,50.8,1.13804,1.13694,1.1392,1.13379,54.1,False,high,02:00,48.7,True,False,short,39.2,14.9,10.6,,,163.94285714285692,False
2025-04-17,Thursday,240,180,False,1.13955,1.1364,1.13967,20:00,1.13551,21:33,True,41.6,1.1352,1.13785,1.13884,1.13433,45.1,False,low,02:00,20.2,True,False,long,35.5,18.0,80.0,,,164.0714285714284,False
2025-04-18,Friday,240,180,False,1.13717,1.13733,1.13853,20:55,1.13637,20:54,False,21.6,1.13703,1.13707,1.13763,1.13578,18.5,False,low,02:58,5.9,True,True,long,22.7,4.8,155.1,08:04,306.0,156.57142857142844,False
2025-04-21,Monday,240,180,False,1.14491,1.15148,1.15319,22:28,1.14488,20:00,False,83.1,1.15309,1.15578,1.15672,1.15044,62.8,False,high,02:03,41.0,True,False,short,51.1,40.3,60.6,,,142.74999999999974,False
2025-04-22,Tuesday,240,180,False,1.15139,1.15346,1.15406,23:42,1.14818,20:52,False,58.8,1.15422,1.14995,1.15456,1.14831,62.5,False,high,02:00,5.0,True,True,short,67.0,4.5,144.2,08:01,361.0,151.1714285714283,False
2025-04-23,Wednesday,240,180,False,1.13502,1.13789,1.14152,21:54,1.1349,20:00,False,66.2,1.13765,1.14128,1.14151,1.13746,40.5,,none,,,,,,,,,,,149.78571428571414,False
2025-04-24,Thursday,240,180,False,1.13293,1.13379,1.13574,21:48,1.13212,20:08,False,36.2,1.13361,1.13804,1.13928,1.13356,57.2,False,high,03:00,37.0,True,False,short,11.7,35.2,27.3,,,144.17857142857133,False
2025-04-25,Friday,240,180,False,1.13725,1.13258,1.13725,20:00,1.13249,23:59,True,47.6,1.13311,1.13503,1.1368,1.13214,46.6,False,low,02:06,3.5,True,True,long,49.7,2.8,120.2,10:34,508.0,136.42142857142838,False
2025-04-28,Monday,240,180,False,1.13449,1.13561,1.13664,21:00,1.13432,22:12,True,23.2,1.13741,1.13438,1.13742,1.13292,45.0,True,high,02:00,47.3,True,True,short,30.7,1.2,160.3,02:53,53.0,98.73571428571434,False
2025-04-29,Tuesday,240,180,False,1.14076,1.13903,1.14199,22:14,1.13863,23:47,True,33.6,1.13866,1.13852,1.1412,1.13814,30.6,False,low,02:00,16.3,True,False,long,31.3,16.0,92.3,,,96.30714285714302,False
2025-04-30,Wednesday,240,180,False,1.13904,1.13685,1.13951,20:20,1.13547,22:00,True,40.4,1.13825,1.13708,1.13994,1.13622,37.2,False,high,02:39,4.3,True,True,short,44.1,2.2,178.5,10:04,445.0,94.22857142857161,False
2025-05-01,Thursday,240,180,False,1.13221,1.13118,1.13291,20:21,1.12997,23:41,True,29.4,1.12997,1.13196,1.13309,1.12874,43.5,True,low,02:00,34.0,True,True,long,29.7,12.0,140.1,04:20,140.0,91.38571428571439,False
2025-05-02,Friday,240,180,False,1.12955,1.13126,1.13153,23:57,1.1274,20:46,False,41.3,1.13076,1.13319,1.13379,1.13057,32.2,False,high,02:05,65.5,True,False,short,10.0,66.8,27.4,,,91.99285714285726,False
2025-05-05,Monday,240,180,False,1.13212,1.13321,1.13466,22:36,1.1314,20:28,False,32.6,1.13329,1.13257,1.13369,1.13111,25.8,False,low,03:57,2.9,True,True,long,32.5,3.1,155.2,07:00,183.0,95.42857142857153,False
2025-05-06,Tuesday,240,180,False,1.13121,1.13149,1.13172,23:58,1.12797,21:03,False,37.5,1.13181,1.13272,1.13494,1.13137,35.7,False,high,02:00,52.2,True,False,short,10.8,53.5,32.3,,,90.87857142857172,False
2025-05-07,Wednesday,240,180,False,1.13396,1.13455,1.13514,21:14,1.13248,20:24,False,26.6,1.13651,1.13578,1.1378,1.1354,24.0,False,high,02:00,26.6,True,False,short,25.9,10.8,38.0,,,90.51428571428598,False
2025-05-08,Thursday,240,180,False,1.13032,1.1327,1.13361,23:12,1.13019,20:00,False,34.2,1.13033,1.12877,1.13074,1.12701,37.3,False,low,02:00,67.6,True,False,long,16.1,69.8,53.5,,,83.02142857142893,False
2025-05-09,Friday,240,180,False,1.12268,1.12223,1.12332,20:07,1.11964,22:10,True,36.8,1.12356,1.12563,1.1259,1.1232,27.0,False,high,02:00,59.6,True,False,short,3.4,57.4,3.3,,,79.10000000000036,False
2025-05-12,Monday,240,180,False,1.12281,1.12328,1.12426,21:06,1.12223,21:28,True,20.3,1.12219,1.11375,1.12355,1.10822,153.3,False,low,02:00,150.5,True,False,long,11.6,152.1,65.0,,,84.62857142857183,False
2025-05-13,Tuesday,240,180,False,1.10954,1.11161,1.11168,23:53,1.10948,20:00,False,22.0,1.11104,1.11119,1.11242,1.11012,23.0,False,high,02:55,60.8,True,False,short,20.2,60.6,90.9,,,89.92857142857183,False
2025-05-14,Wednesday,240,180,False,1.11858,1.11952,1.11976,21:30,1.1182,20:04,False,15.6,1.1186,1.12384,1.1252,1.11798,72.2,True,low,02:05,2.2,False,True,long,16.4,2.2,535.3,02:30,25.0,90.3142857142861,False
2025-05-15,Thursday,240,180,False,1.11811,1.11965,1.12012,23:30,1.11758,20:04,False,25.4,1.11929,1.12096,1.12279,1.11892,38.7,False,high,02:21,26.7,True,True,short,28.6,23.7,112.2,10:43,502.0,89.88571428571456,False
2025-05-16,Friday,240,180,False,1.11915,1.12002,1.12086,21:47,1.11902,20:00,False,18.4,1.12153,1.11987,1.12195,1.11968,22.7,False,high,02:00,10.9,True,True,short,26.6,4.2,373.4,06:08,248.0,89.10000000000021,False
2025-05-19,Monday,240,180,False,1.11885,1.1181,1.11988,21:00,1.11721,22:06,True,26.7,1.11847,1.12569,1.12591,1.11816,77.5,False,high,02:16,89.1,True,False,short,1.8,91.1,14.2,,,87.3642857142858,False
2025-05-20,Tuesday,240,180,False,1.1232,1.12449,1.12512,21:19,1.12178,20:33,False,33.4,1.12543,1.12582,1.12778,1.12473,30.5,False,high,02:00,26.6,True,False,short,31.9,22.4,82.9,,,91.66428571428591,False
2025-05-21,Wednesday,240,180,False,1.12881,1.1334,1.13398,23:53,1.12866,21:36,False,53.2,1.13316,1.13225,1.1353,1.13121,40.9,False,high,02:15,22.2,True,False,short,32.6,17.3,52.1,,,89.32142857142864,False
2025-05-22,Thursday,240,180,False,1.13318,1.1333,1.13448,22:44,1.13172,21:05,False,27.6,1.13332,1.13018,1.13417,1.12953,46.4,False,low,03:10,51.5,True,False,long,18.8,50.2,63.4,,,90.04999999999993,False
2025-05-23,Friday,240,180,False,1.12818,1.13112,1.13186,21:51,1.12787,20:06,False,39.9,1.13222,1.13418,1.13446,1.13094,35.2,False,high,02:00,56.8,True,False,short,26.2,51.9,53.4,,,89.46428571428577,False
2025-05-26,Monday,240,180,False,1.13747,1.14114,1.14185,22:06,1.13743,20:00,False,44.2,1.14166,1.13844,1.14183,1.13827,35.6,,none,,,,,,,,,,,82.34285714285703,False
2025-05-27,Tuesday,240,180,False,1.13885,1.13934,1.14071,21:09,1.13878,20:01,False,19.3,1.13783,1.13484,1.13927,1.1337,55.7,False,low,02:00,64.8,True,False,long,13.5,56.2,25.4,,,85.53571428571414,False
2025-05-28,Wednesday,240,180,False,1.13367,1.13072,1.13454,20:30,1.13004,23:27,True,45.0,1.13146,1.1332,1.13343,1.13029,31.4,,none,,,,,,,,,,,82.67142857142855,False
2025-05-29,Thursday,240,180,False,1.12294,1.12484,1.12568,22:48,1.1223,20:01,False,33.8,1.12435,1.12718,1.12826,1.12422,40.4,False,high,02:15,113.7,True,False,short,3.2,114.0,10.4,,,86.81428571428569,False
2025-05-30,Friday,240,180,False,1.13768,1.13494,1.13897,21:20,1.13456,23:56,True,44.1,1.13512,1.13238,1.13519,1.13231,28.8,False,low,02:04,33.3,True,False,long,14.5,31.6,29.0,,,83.5,False
2025-06-02,Monday,240,180,False,1.13527,1.13616,1.13819,21:39,1.13524,20:00,False,29.5,1.13793,1.142,1.14367,1.13782,58.5,False,high,02:02,67.9,True,False,short,2.6,68.5,10.8,,,82.54285714285722,False
2025-06-03,Tuesday,240,180,False,1.1453,1.14196,1.14544,20:00,1.14158,23:45,True,38.6,1.14217,1.14113,1.14322,1.14053,26.9,False,low,02:10,51.9,True,False,long,14.8,53.5,42.5,,,85.44285714285719,False
2025-06-04,Wednesday,240,180,False,1.13838,1.13676,1.13931,21:39,1.13654,23:42,True,27.7,1.13624,1.13995,1.14039,1.13572,46.7,True,low,02:00,8.2,True,True,long,29.7,6.9,249.1,03:27,87.0,83.02142857142861,False
2025-06-05,Thursday,240,180,False,1.14209,1.14104,1.14347,21:04,1.14087,23:57,True,26.0,1.14061,1.14127,1.1425,1.1405,20.0,False,low,02:00,3.7,True,True,long,29.3,0.6,331.2,08:15,375.0,81.1642857142858,False
2025-06-06,Friday,240,180,False,1.14532,1.14401,1.14572,20:06,1.14328,22:23,True,24.4,1.14355,1.14142,1.14424,1.14115,30.9,False,low,02:14,61.3,True,False,long,8.9,62.0,39.3,,,82.50714285714285,False
2025-06-09,Monday,240,180,False,1.14063,1.14119,1.14253,22:32,1.13927,20:58,False,32.6,1.1422,1.14282,1.14359,1.14176,18.3,False,high,02:46,13.8,True,True,short,35.5,12.3,119.3,09:09,383.0,77.09285714285718,False
2025-06-10,Tuesday,240,180,False,1.1426,1.14029,1.14355,20:21,1.13859,22:05,True,49.6,1.14052,1.14081,1.14146,1.13729,41.7,False,low,03:07,13.0,True,True,long,57.8,9.1,124.2,08:02,295.0,78.13571428571436,False
2025-06-11,Wednesday,240,180,False,1.14375,1.14161,1.14387,20:16,1.14061,21:58,True,32.6,1.14219,1.14307,1.14384,1.14052,33.2,False,low,03:10,0.9,True,True,long,32.1,1.8,258.3,05:10,120.0,83.45000000000014,False
2025-06-12,Thursday,240,180,False,1.15102,1.15196,1.15291,21:34,1.15017,20:22,False,27.4,1.15277,1.15443,1.15471,1.15056,41.5,False,high,02:01,102.0,True,False,short,23.5,102.0,85.8,,,85.46428571428591,False
2025-06-13,Friday,240,180,False,1.16083,1.1537,1.16143,20:05,1.15275,23:18,True,86.8,1.15296,1.15283,1.15603,1.15237,36.6,False,low,02:38,38.5,True,False,long,38.2,42.2,48.3,,,81.90000000000013,False
2025-06-16,Monday,240,180,False,1.15376,1.15272,1.15463,20:26,1.15238,23:20,True,22.5,1.1557,1.15785,1.15865,1.15397,46.8,False,high,02:00,68.4,True,False,short,17.5,57.5,29.3,,,74.55000000000005,False
2025-06-17,Tuesday,240,180,False,1.15536,1.15619,1.15638,23:34,1.15423,20:32,False,21.5,1.15579,1.15516,1.15723,1.15453,27.0,False,high,02:16,15.8,True,True,short,22.6,15.9,247.9,10:21,485.0,79.32857142857154,False
2025-06-18,Wednesday,240,180,False,1.14817,1.14997,1.15049,23:36,1.14807,20:17,False,24.2,1.15042,1.15018,1.15234,1.14983,25.1,False,high,02:00,25.1,True,False,short,23.1,22.9,86.4,,,78.2571428571431,False
2025-06-19,Thursday,240,180,False,1.14758,1.14657,1.14835,20:54,1.14502,22:34,True,33.3,1.14564,1.14765,1.14792,1.14461,33.1,False,low,02:21,4.1,True,True,long,34.3,3.9,111.7,07:24,303.0,79.3857142857146,False
2025-06-20,Friday,240,180,False,1.15112,1.15293,1.15302,23:54,1.15105,20:00,False,19.7,1.15271,1.15226,1.15295,1.15099,19.6,False,low,03:39,15.5,True,True,long,19.5,0.9,123.9,06:10,151.0,77.31428571428611,False
2025-06-23,Monday,240,180,False,1.14995,1.14939,1.15066,22:31,1.1472,21:29,False,34.6,1.15129,1.14815,1.15211,1.14802,40.9,False,high,02:00,45.3,True,True,short,45.7,3.5,154.0,05:04,184.0,80.74285714285763,False
2025-06-24,Tuesday,240,180,False,1.15977,1.16056,1.16096,23:54,1.15865,22:09,False,23.1,1.16105,1.15924,1.16221,1.15798,42.3,True,high,02:00,32.1,True,True,short,29.6,10.7,129.0,03:31,91.0,82.6642857142861,False
2025-06-25,Wednesday,240,180,False,1.1612,1.16116,1.16314,21:13,1.16109,23:57,True,20.5,1.1619,1.16099,1.16224,1.15898,32.6,False,low,02:51,21.1,True,False,long,18.6,21.2,91.2,,,87.9785714285719,False
2025-06-26,Thursday,240,180,False,1.16832,1.16945,1.17174,23:06,1.16673,21:25,False,50.1,1.16849,1.17275,1.17449,1.16716,73.3,False,high,04:05,27.5,True,False,short,34.1,21.0,55.1,,,87.8857142857148,False
2025-06-27,Friday,240,180,False,1.16931,1.16959,1.17093,23:28,1.16859,21:38,False,23.4,1.16888,1.17094,1.17269,1.16837,43.2,True,low,02:03,2.2,True,True,long,27.1,2.7,290.6,02:45,42.0,84.05000000000044,False
2025-06-30,Monday,240,180,False,1.17264,1.17121,1.17347,21:42,1.17115,23:59,True,23.2,1.17262,1.17294,1.17506,1.17135,37.1,False,high,02:41,36.9,True,True,short,25.8,14.5,117.2,08:32,351.0,78.42142857142908,False
2025-07-01,Tuesday,240,180,False,1.17862,1.17892,1.18076,21:20,1.17776,22:01,True,30.0,1.17864,1.18043,1.18172,1.17673,49.9,True,low,02:13,10.3,True,True,long,38.9,11.0,174.0,04:54,161.0,81.67857142857187,False
2025-07-02,Wednesday,240,180,False,1.18048,1.18002,1.18098,21:45,1.1788,22:06,True,21.8,1.17875,1.17755,1.17934,1.17698,23.6,False,low,02:00,41.3,True,False,long,4.2,42.5,24.8,,,79.95714285714328,False
2025-07-03,Thursday,240,180,False,1.17985,1.17916,1.181,21:17,1.1789,23:52,True,21.0,1.1796,1.17977,1.18099,1.17913,18.6,,none,,,,,,,,,,,79.0785714285718,False
2025-07-04,Friday,240,180,False,1.1769,1.17701,1.17725,23:55,1.17561,21:57,False,16.4,1.17839,1.17744,1.17847,1.17675,17.2,False,high,02:00,14.8,True,False,short,17.0,6.7,54.3,,,75.07142857142887,False
2025-07-07,Monday,240,180,False,1.17805,1.17689,1.17901,20:17,1.17644,22:34,True,25.7,1.17711,1.17241,1.17733,1.17232,50.1,False,low,02:07,46.5,True,False,long,4.0,46.9,17.1,,,73.61428571428598,False
2025-07-08,Tuesday,240,180,False,1.17365,1.17467,1.17487,23:41,1.17305,21:16,False,18.2,1.17346,1.17487,1.1765,1.17315,33.5,False,high,03:02,16.3,True,True,short,18.6,15.9,363.7,06:29,207.0,75.72857142857174,False
2025-07-09,Wednesday,240,180,False,1.17233,1.17038,1.17258,20:01,1.17027,23:16,True,23.1,1.17167,1.17133,1.17284,1.17021,26.3,True,high,02:53,2.6,True,True,short,23.6,2.7,157.1,04:18,85.0,68.84285714285755,False
2025-07-10,Thursday,240,180,False,1.17375,1.17338,1.17494,20:44,1.17336,23:43,True,15.8,1.17392,1.17276,1.17433,1.17259,17.4,False,low,02:35,71.3,True,False,long,5.6,69.9,26.6,,,70.20714285714332,False
2025-07-11,Friday,240,180,False,1.17016,1.16817,1.17047,20:01,1.16645,20:37,True,40.2,1.16783,1.16821,1.16958,1.167,25.8,,none,,,,,,,,,,,64.28571428571482,False
2025-07-14,Monday,240,180,False,1.16822,1.16809,1.16978,21:20,1.16725,22:42,True,25.3,1.16694,1.16823,1.16887,1.16541,34.6,False,low,02:00,18.4,True,False,long,28.0,14.9,96.8,,,59.72142857142902,False
2025-07-15,Tuesday,240,180,False,1.1665,1.16756,1.16775,23:23,1.16646,20:00,False,12.9,1.16855,1.16863,1.16925,1.16716,20.9,False,high,02:00,15.0,True,True,short,18.7,10.0,595.3,08:39,399.0,64.92142857142882,False
2025-07-16,Wednesday,240,180,False,1.16073,1.16108,1.16152,21:52,1.16023,20:22,False,12.9,1.16202,1.16253,1.16281,1.16127,15.4,False,high,02:00,106.0,True,True,short,16.6,9.3,410.1,07:57,357.0,69.12142857142874,False
2025-07-17,Thursday,240,180,False,1.16353,1.16188,1.16361,20:00,1.16136,21:33,True,22.5,1.16168,1.1601,1.16176,1.15733,44.3,False,low,02:00,57.0,True,False,long,1.5,59.5,17.8,,,69.74285714285742,False
2025-07-18,Friday,240,180,False,1.16151,1.16237,1.1634,21:51,1.16143,20:00,False,19.7,1.16168,1.16355,1.16456,1.16119,33.7,True,low,02:02,2.4,True,True,long,20.7,2.6,290.9,04:01,119.0,69.48571428571462,False
2025-07-21,Monday,240,180,False,1.16296,1.16253,1.16362,20:15,1.16145,22:04,True,21.7,1.16334,1.16422,1.16522,1.16291,23.1,False,high,02:28,80.4,True,False,short,2.5,80.5,12.0,,,69.38571428571444,False
2025-07-22,Tuesday,240,180,False,1.1695,1.16871,1.16955,22:24,1.16823,21:41,False,13.2,1.16867,1.16984,1.17033,1.16815,21.8,True,low,03:53,3.5,True,True,long,14.2,0.2,503.8,04:32,39.0,73.40000000000012,False
2025-07-23,Wednesday,240,180,False,1.17377,1.17387,1.17488,21:00,1.17303,21:47,True,18.5,1.17302,1.17327,1.17527,1.173,22.7,True,low,02:00,19.4,True,True,long,16.1,3.5,149.2,03:16,76.0,72.12857142857148,False
2025-07-24,Thursday,240,180,False,1.17732,1.1775,1.178,23:47,1.17621,20:49,False,17.9,1.17707,1.17579,1.17728,1.1755,17.8,False,low,02:53,31.8,True,True,long,19.7,31.6,148.6,10:02,429.0,70.40714285714289,False
2025-07-25,Friday,240,180,False,1.17548,1.17425,1.17585,20:45,1.17339,22:46,True,24.6,1.17464,1.1743,1.17609,1.17413,19.6,False,high,02:35,2.4,True,True,short,26.5,1.3,226.4,05:07,152.0,70.2785714285714,False
2025-07-28,Monday,240,180,False,1.17554,1.17562,1.177,20:16,1.17463,22:18,True,23.7,1.17405,1.1679,1.17444,1.16703,74.1,False,low,02:00,138.5,True,False,long,3.2,133.4,-8.0,,,75.5999999999998,False
2025-07-29,Tuesday,240,180,False,1.1596,1.15829,1.15989,22:24,1.15814,23:37,True,17.5,1.15788,1.1569,1.15857,1.15265,59.2,False,low,02:00,62.6,True,False,long,10.1,59.5,40.0,,,78.07857142857112,False
2025-07-30,Wednesday,240,180,False,1.15506,1.15616,1.15725,21:16,1.15504,20:00,False,22.1,1.155,1.15564,1.15685,1.15399,28.6,False,low,02:00,92.4,True,False,long,19.6,90.9,81.9,,,86.99285714285688,False
2025-07-31,Thursday,240,180,False,1.14278,1.14233,1.14379,21:44,1.14073,23:26,True,30.6,1.14362,1.14499,1.14606,1.1433,27.6,False,high,02:02,22.7,True,True,short,31.2,22.1,104.9,09:17,435.0,83.85714285714266,False
2025-08-01,Friday,240,180,False,1.14217,1.14181,1.14288,20:49,1.14047,21:54,True,24.1,1.14305,1.14062,1.1438,1.14052,32.8,False,high,02:00,159.1,True,True,short,27.0,8.2,154.8,05:22,202.0,87.17857142857126,False
2025-08-04,Monday,240,180,False,1.15876,1.15792,1.15887,20:00,1.15501,21:24,True,38.6,1.15703,1.15579,1.15831,1.15497,33.4,False,low,04:37,0.4,False,False,long,38.0,0.8,99.5,,,83.45714285714243,False
2025-08-05,Tuesday,240,180,False,1.1584,1.15552,1.15876,20:03,1.15539,23:24,True,33.7,1.15479,1.15365,1.15621,1.15312,30.9,False,low,02:00,26.2,True,False,long,40.6,16.3,91.1,,,86.07142857142813,False
2025-08-06,Wednesday,240,180,False,1.15781,1.15799,1.15852,20:06,1.15642,22:04,True,21.0,1.15783,1.15747,1.15882,1.15705,17.7,False,high,02:27,61.7,True,False,short,14.3,62.1,70.0,,,86.37142857142837,False
2025-08-07,Thursday,240,180,False,1.16628,1.16643,1.16651,22:13,1.16495,21:03,False,15.6,1.16751,1.16824,1.16986,1.16678,30.8,False,high,02:00,33.5,True,True,short,34.3,23.7,348.1,07:34,334.0,86.79285714285699,False
2025-08-08,Friday,240,180,False,1.16768,1.16597,1.16792,20:01,1.16548,23:06,True,24.4,1.16412,1.16369,1.16644,1.16344,30.0,False,low,02:00,26.1,True,False,long,24.5,14.5,52.9,,,84.64285714285701,False
2025-08-11,Monday,240,180,False,1.16474,1.16713,1.16754,23:24,1.16417,20:44,False,33.7,1.16691,1.16551,1.16737,1.16439,29.8,,none,,,,,,,,,,,84.82142857142834,False
2025-08-12,Tuesday,240,180,False,1.16162,1.16207,1.16254,22:24,1.16116,20:19,False,13.8,1.16136,1.16144,1.16239,1.16078,16.1,False,low,02:19,13.0,True,True,long,37.9,13.4,619.6,08:30,371.0,90.1642857142856,False
2025-08-13,Wednesday,240,180,False,1.16774,1.16838,1.16875,23:45,1.16703,22:10,False,17.2,1.16793,1.1714,1.17206,1.16786,42.0,False,high,02:21,42.6,True,False,short,3.4,43.7,26.2,,,81.37857142857149,False
2025-08-14,Thursday,240,180,False,1.1712,1.17033,1.1715,21:24,1.16988,22:35,True,16.2,1.17013,1.16682,1.17063,1.16678,38.5,False,low,02:02,61.5,True,False,long,7.5,61.5,46.3,,,81.67142857142865,False
2025-08-15,Friday,240,180,False,1.16506,1.16599,1.16644,23:47,1.16467,20:04,False,17.7,1.1671,1.16822,1.16849,1.16651,19.8,False,high,02:00,50.7,True,False,short,3.5,46.5,-4.0,,,73.70714285714294,False
2025-08-18,Monday,240,180,False,1.17061,1.17033,1.17106,20:22,1.16935,21:32,True,17.1,1.17056,1.16818,1.17076,1.1671,36.6,False,low,02:57,33.1,True,False,long,9.5,33.4,57.3,,,61.71428571428589,False
2025-08-19,Tuesday,240,180,False,1.16678,1.16549,1.16699,20:15,1.1639,21:31,True,30.9,1.1655,1.16749,1.16842,1.16511,33.1,False,high,02:46,22.9,True,False,short,11.5,23.8,40.1,,,63.4642857142861,False
2025-08-20,Wednesday,239,180,False,1.16413,1.16329,1.16423,20:02,1.16221,22:47,True,20.2,1.16391,1.16375,1.16467,1.16231,23.6,False,high,02:00,31.3,True,False,short,16.8,33.7,95.0,,,64.30000000000047,False
2025-08-21,Thursday,240,180,False,1.16507,1.1646,1.16516,20:00,1.16409,20:47,True,10.7,1.16495,1.16547,1.16613,1.16249,36.4,True,low,02:21,39.9,True,True,long,12.5,15.3,202.8,03:31,70.0,65.40714285714344,False
2025-08-22,Friday,239,180,False,1.16122,1.15895,1.16164,20:25,1.15888,23:59,True,27.6,1.15864,1.15994,1.15995,1.15833,16.2,False,low,02:00,5.5,True,True,long,31.8,1.7,519.2,09:05,425.0,69.82857142857195,False
2025-08-25,Monday,240,180,False,1.17077,1.17066,1.17082,20:00,1.16935,21:47,True,14.7,1.17007,1.1704,1.17204,1.16945,25.9,False,high,02:07,12.2,True,True,short,20.2,9.7,292.5,05:51,224.0,71.48571428571488,False
2025-08-26,Tuesday,240,180,False,1.16145,1.16256,1.166,20:38,1.161,20:01,False,50.0,1.16409,1.16178,1.1641,1.16021,38.9,False,low,03:11,7.9,True,True,long,53.5,4.9,110.4,07:54,283.0,73.58571428571483,False
2025-08-27,Wednesday,240,180,False,1.1637,1.16251,1.16415,20:09,1.16215,23:54,True,20.0,1.16199,1.15886,1.16239,1.15771,46.8,False,low,02:00,47.5,True,False,long,3.6,46.3,12.0,,,73.25000000000057,False
2025-08-28,Thursday,240,180,False,1.16474,1.16428,1.16546,22:13,1.16414,21:36,False,13.2,1.1637,1.16422,1.16494,1.16289,20.5,False,low,02:00,12.5,True,True,long,17.8,8.2,344.7,06:13,253.0,71.0928571428577,False
2025-08-29,Friday,240,180,False,1.16786,1.16624,1.16821,20:05,1.1656,21:57,True,26.1,1.16696,1.16756,1.16901,1.16611,29.0,False,high,04:30,26.8,True,True,short,28.7,8.7,120.3,08:11,221.0,71.4285714285718,False
2025-09-01,Monday,240,180,False,1.16899,1.1708,1.17142,23:01,1.16879,21:36,False,26.3,1.17142,1.17353,1.17362,1.17133,22.9,False,high,02:00,22.0,True,False,short,15.0,21.8,56.3,,,67.30000000000045,False
2025-09-02,Tuesday,240,180,False,1.17148,1.16951,1.17156,20:00,1.1692,22:15,True,23.6,1.16944,1.16446,1.17064,1.16336,72.8,False,low,03:14,79.3,True,False,long,9.2,72.1,8.5,,,72.40714285714314,False
2025-09-03,Wednesday,240,180,False,1.16327,1.16234,1.16361,20:54,1.1623,23:59,True,13.1,1.163,1.16562,1.16575,1.16081,49.4,True,high,02:30,45.9,True,True,short,14.9,6.0,213.7,03:17,47.0,72.60000000000028,False
2025-09-04,Thursday,240,180,False,1.16611,1.16531,1.16694,21:36,1.16502,23:14,True,19.2,1.16551,1.16572,1.16612,1.16439,17.3,False,low,02:58,20.4,True,False,long,8.8,21.0,49.0,,,70.74285714285747,False
2025-09-05,Friday,240,180,False,1.16566,1.16713,1.16745,22:11,1.16522,20:17,False,22.3,1.16766,1.16828,1.16843,1.16649,19.4,False,high,02:00,84.7,True,False,short,9.2,85.1,43.0,,,73.88571428571458,False
2025-09-08,Monday,240,180,False,1.17122,1.17092,1.17173,21:04,1.17046,20:05,False,12.7,1.1715,1.1731,1.17427,1.17118,30.9,False,high,02:04,38.8,True,False,short,5.9,38.4,43.3,,,63.499999999999986,False
2025-09-09,Tuesday,240,180,False,1.17685,1.17638,1.17779,21:55,1.17634,23:58,True,14.5,1.17789,1.17593,1.17798,1.17441,35.7,True,high,02:00,1.9,False,True,short,15.6,1.9,429.7,02:44,44.0,67.6714285714286,False
2025-09-10,Wednesday,240,180,False,1.1702,1.1708,1.171,23:47,1.16891,21:30,False,20.9,1.17085,1.16997,1.17184,1.16824,36.0,True,high,02:03,20.6,True,True,short,27.5,8.5,132.1,03:01,58.0,62.714285714285786,False
2025-09-11,Thursday,240,180,False,1.17023,1.16956,1.17025,21:30,1.16927,21:00,False,9.8,1.16897,1.1692,1.16966,1.16836,13.0,False,low,02:00,33.8,True,True,long,20.1,30.6,543.9,08:30,390.0,64.42857142857147,False
2025-09-12,Friday,240,180,False,1.17329,1.17249,1.17344,21:00,1.17227,23:10,True,11.7,1.17307,1.17172,1.17475,1.17154,32.1,True,low,02:06,21.4,True,True,long,11.9,1.1,212.0,02:50,44.0,61.971428571428696,False
2025-09-15,Monday,240,180,False,1.17256,1.17312,1.17342,23:54,1.17218,20:30,False,12.4,1.17284,1.17369,1.17441,1.1716,28.1,True,low,02:20,5.8,True,True,long,13.7,5.1,413.7,03:10,50.0,58.87857142857159,False
2025-09-16,Tuesday,240,180,False,1.17627,1.17802,1.17866,23:39,1.17572,20:54,False,29.4,1.1778,1.17946,1.18037,1.17778,25.9,False,high,02:16,66.6,True,False,short,4.9,67.1,18.4,,,64.24285714285739,False
2025-09-17,Wednesday,240,180,False,1.18711,1.18518,1.18727,20:18,1.18511,22:39,True,21.6,1.18581,1.18479,1.18598,1.18378,22.0,False,low,03:02,18.5,True,False,long,13.7,12.7,36.6,,,69.02857142857162,False
2025-09-18,Thursday,240,180,False,1.18253,1.18121,1.18287,21:00,1.18074,21:54,True,21.3,1.17905,1.18276,1.18385,1.17802,58.3,True,low,02:00,57.4,True,True,long,36.0,13.0,191.5,03:39,99.0,69.35000000000024,False
2025-09-19,Friday,240,180,False,1.1789,1.17816,1.17925,23:48,1.17719,22:04,False,20.6,1.17729,1.1761,1.17781,1.17509,27.2,False,low,02:00,43.3,True,False,long,8.8,40.7,30.1,,,68.42857142857166,False
2025-09-22,Monday,240,180,False,1.17363,1.17324,1.17407,21:02,1.17262,20:56,False,14.5,1.17381,1.17623,1.1769,1.1736,33.0,False,high,02:02,47.0,True,False,short,5.5,46.2,32.4,,,66.70714285714307,False
2025-09-23,Tuesday,240,180,False,1.18002,1.18054,1.18199,21:50,1.17963,23:11,True,23.6,1.17984,1.18027,1.18054,1.17787,26.7,False,low,02:03,17.6,True,False,long,16.0,17.7,68.2,,,68.43571428571457,False
2025-09-24,Wednesday,240,180,False,1.18153,1.17974,1.18163,20:00,1.17947,23:00,True,21.6,1.17979,1.17717,1.18027,1.17661,36.6,False,low,02:12,66.7,True,False,long,2.8,66.4,11.6,,,68.78571428571465,False
2025-09-25,Thursday,240,180,False,1.17422,1.17524,1.17535,23:57,1.17405,21:47,False,13.0,1.1742,1.17427,1.17521,1.17305,21.6,False,low,02:00,74.0,True,True,long,13.2,10.1,102.3,06:45,285.0,70.04285714285749,False
2025-09-26,Friday,240,180,False,1.16615,1.16782,1.16793,22:51,1.16579,20:07,False,21.4,1.16771,1.16806,1.16877,1.16684,19.3,False,high,02:05,25.1,True,False,short,18.7,24.2,83.2,,,69.864285714286,False
2025-09-29,Monday,240,180,False,1.17047,1.17251,1.17292,23:32,1.17044,20:00,False,24.8,1.17283,1.17234,1.17329,1.17075,25.4,False,high,03:12,25.2,True,False,short,21.6,25.3,87.5,,,65.87857142857176,False
2025-09-30,Tuesday,240,180,False,1.17307,1.17236,1.17313,20:25,1.17119,22:01,True,19.4,1.17332,1.17555,1.17615,1.17308,30.7,False,high,02:00,30.2,True,False,short,16.7,28.4,76.8,,,68.20000000000032,False
2025-10-01,Wednesday,240,180,False,1.17342,1.17378,1.17406,21:44,1.17296,20:06,False,11.0,1.17523,1.17492,1.17785,1.17418,36.7,False,high,02:00,37.9,True,True,short,26.3,23.5,226.4,06:03,243.0,67.66428571428602,False
2025-10-02,Thursday,240,180,False,1.17325,1.17346,1.17418,22:13,1.17237,21:03,False,18.1,1.17354,1.17535,1.17567,1.17339,22.8,False,high,02:02,16.5,True,True,short,19.2,16.6,325.4,09:49,467.0,65.5642857142859,False
2025-10-03,Friday,240,180,False,1.17245,1.17262,1.17292,21:53,1.17161,21:27,False,13.1,1.17169,1.17399,1.17444,1.1716,28.4,True,low,02:00,0.1,False,True,long,12.3,2.1,328.2,03:34,94.0,60.80000000000022,False
2025-10-06,Monday,240,180,False,1.17121,1.17242,1.17307,22:30,1.171,20:40,False,20.7,1.17172,1.16677,1.17196,1.16516,68.0,False,low,02:11,58.4,True,False,long,10.7,58.8,53.6,,,56.6000000000003,False
2025-10-07,Tuesday,239,180,False,1.17093,1.1703,1.1711,20:21,1.16963,21:58,True,14.7,1.16915,1.16657,1.16916,1.16648,26.8,False,low,02:00,42.5,True,False,long,3.6,34.2,-32.0,,,61.52142857142876,False
2025-10-08,Wednesday,240,180,False,1.16527,1.16237,1.1653,20:00,1.16168,22:20,True,36.2,1.1617,1.16144,1.16353,1.16068,28.5,False,low,02:02,13.8,True,False,long,26.9,14.8,77.1,,,58.357142857143096,False
2025-10-09,Thursday,240,180,False,1.16289,1.16447,1.16476,22:49,1.1628,20:00,False,19.6,1.16383,1.16123,1.16385,1.1603,35.5,False,low,02:14,81.0,True,False,long,3.7,83.1,29.6,,,63.05000000000036,False
2025-10-10,Friday,240,180,False,1.1565,1.15729,1.1574,23:43,1.15606,20:10,False,13.4,1.15697,1.15787,1.15895,1.15609,28.6,False,high,02:37,56.5,True,True,short,12.1,17.3,111.9,07:59,322.0,62.664285714286095,False
2025-10-13,Monday,240,180,False,1.16012,1.16205,1.16275,22:12,1.16,20:03,False,27.5,1.16146,1.15853,1.16297,1.15815,48.2,True,high,02:19,2.2,True,True,short,30.3,2.1,254.9,03:57,98.0,59.55000000000028,False
2025-10-14,Tuesday,240,180,False,1.15657,1.15787,1.15818,23:50,1.15549,20:29,False,26.9,1.15843,1.15587,1.15894,1.15423,47.1,True,high,02:00,26.3,True,True,short,32.2,2.6,146.8,03:37,97.0,63.32857142857156,False
2025-10-15,Wednesday,240,180,False,1.1603,1.16221,1.16258,22:54,1.16017,20:00,False,24.1,1.16195,1.16326,1.16453,1.16175,27.8,False,high,02:11,21.4,True,False,short,15.1,21.8,64.3,,,64.6285714285715,False
2025-10-16,Thursday,240,180,False,1.16455,1.16621,1.16754,21:51,1.16425,20:07,False,32.9,1.16609,1.16587,1.16678,1.16429,24.9,,none,,,,,,,,,,,66.35714285714285,False
2025-10-17,Friday,240,180,False,1.16989,1.17091,1.17122,23:49,1.16951,20:09,False,17.1,1.1723,1.16968,1.17265,1.16915,35.0,True,high,02:00,14.3,True,True,short,26.7,4.7,326.9,03:22,82.0,67.47142857142856,False
2025-10-20,Monday,240,180,False,1.16579,1.16681,1.16706,22:34,1.16564,21:40,False,14.2,1.16735,1.16633,1.16735,1.16535,20.0,True,high,02:00,2.9,False,True,short,14.2,4.5,185.2,03:00,60.0,63.321428571428655,False
2025-10-21,Tuesday,240,180,False,1.16438,1.16346,1.1655,20:55,1.16326,22:51,True,22.4,1.16251,1.1621,1.16353,1.16127,22.6,False,low,02:00,35.1,True,False,long,10.3,27.5,12.1,,,64.40714285714292,False
2025-10-22,Wednesday,240,180,False,1.15996,1.16069,1.16107,22:48,1.15996,20:00,False,11.1,1.16134,1.15974,1.16147,1.15897,25.0,True,high,02:00,6.1,True,True,short,8.6,6.6,306.3,03:25,85.0,62.264285714285684,False
2025-10-23,Thursday,240,180,False,1.16071,1.15929,1.16072,20:01,1.1592,23:58,True,15.2,1.16012,1.15961,1.16061,1.15905,15.6,False,low,02:41,6.7,True,True,long,17.3,5.3,182.2,09:33,412.0,58.39285714285713,False
2025-10-24,Friday,238,180,False,1.1617,1.16091,1.16215,20:37,1.1607,23:19,True,14.5,1.16053,1.16102,1.16278,1.16008,27.0,True,low,02:00,6.2,True,True,long,20.3,4.5,289.7,03:31,91.0,58.31428571428567,False
2025-10-27,Monday,239,180,False,1.16348,1.16242,1.16475,20:18,1.16207,23:22,True,26.8,1.16263,1.16378,1.16398,1.16176,22.2,False,low,02:55,3.1,True,True,long,26.6,4.6,114.6,07:03,248.0,51.09999999999996,False
2025-10-28,Tuesday,240,180,False,1.16556,1.16659,1.16673,23:55,1.16537,21:51,False,13.6,1.16555,1.16568,1.16627,1.16451,17.6,False,low,02:00,28.2,True,True,long,14.1,27.9,103.7,11:58,598.0,51.62857142857151,False
2025-10-29,Wednesday,238,180,False,1.16544,1.16341,1.16559,20:01,1.16314,23:55,True,24.5,1.16295,1.16412,1.16472,1.16185,28.7,False,low,02:00,12.9,True,True,long,26.3,11.4,141.2,10:41,521.0,52.62142857142866,False
2025-10-30,Thursday,240,180,False,1.16119,1.16319,1.16374,23:28,1.16067,22:33,False,30.7,1.16191,1.16161,1.16283,1.16066,21.7,False,low,03:13,59.7,True,False,long,20.7,60.6,70.4,,,52.85714285714306,False
2025-10-31,Friday,240,180,False,1.15737,1.15719,1.15775,20:29,1.15649,21:01,True,12.6,1.15611,1.15757,1.15767,1.15548,21.9,False,low,02:00,42.9,True,False,long,15.2,39.5,93.7,,,52.15714285714307,False
2025-11-03,Monday,240,180,False,1.15258,1.15338,1.15369,23:13,1.15215,20:08,False,15.4,1.15376,1.15143,1.1541,1.15093,31.7,True,high,02:00,4.1,True,True,short,18.1,1.5,207.1,03:34,94.0,45.87857142857175,False
2025-11-04,Tuesday,239,180,False,1.15082,1.15094,1.15176,22:33,1.1498,20:29,False,19.6,1.15233,1.1501,1.15334,1.14998,33.6,False,high,02:00,15.8,True,True,short,27.8,8.9,228.1,06:40,280.0,48.83571428571463,False
2025-11-05,Wednesday,239,180,False,1.14835,1.14906,1.14978,20:44,1.14797,20:10,False,18.1,1.14878,1.14844,1.14952,1.14812,14.0,,none,,,,,,,,,,,48.65714285714314,False
2025-11-06,Thursday,238,180,False,1.15008,1.15069,1.15089,21:11,1.15007,20:00,False,8.2,1.1507,1.15134,1.15237,1.15058,17.9,False,high,02:08,34.9,True,False,short,3.0,35.0,37.8,,,49.28571428571456,False
2025-11-07,Friday,240,180,False,1.15395,1.15364,1.15428,21:12,1.15323,23:22,True,10.5,1.15307,1.15381,1.15422,1.15294,12.8,False,low,02:00,2.9,True,True,long,10.8,2.6,559.0,05:04,184.0,50.42142857142884,False
2025-11-10,Monday,238,180,False,1.15543,1.15609,1.15624,23:36,1.15464,20:03,False,16.0,1.15536,1.15682,1.15829,1.15534,29.5,False,high,02:30,20.5,True,True,short,17.5,19.4,122.5,10:55,505.0,48.900000000000134,False
2025-11-11,Tuesday,237,180,False,1.15521,1.15579,1.15592,23:52,1.15468,20:28,False,12.4,1.15523,1.15646,1.15684,1.15495,18.9,False,high,02:49,46.5,True,False,short,5.6,46.8,47.6,,,51.00000000000024,False
2025-11-12,Wednesday,240,180,False,1.15793,1.15719,1.15821,20:09,1.157,23:48,True,12.1,1.15819,1.15699,1.15882,1.15681,20.1,True,high,02:00,15.6,True,True,short,13.8,5.1,160.3,04:53,173.0,49.95000000000018,False
2025-11-13,Thursday,240,180,False,1.15804,1.15901,1.15928,21:02,1.15789,20:17,False,13.9,1.15854,1.16164,1.16347,1.1583,51.7,False,high,02:29,56.0,True,False,short,1.0,55.7,5.0,,,52.292857142857294,False
2025-11-14,Friday,240,180,False,1.16328,1.16417,1.16448,22:34,1.16297,21:12,False,15.1,1.16376,1.16216,1.16463,1.16202,26.1,True,high,02:16,8.8,True,True,short,16.3,0.9,257.0,03:02,46.0,49.35714285714281,False
2025-11-17,Monday,240,180,False,1.16061,1.16028,1.16097,20:10,1.15961,22:42,True,13.6,1.16073,1.16013,1.16149,1.15969,18.0,False,high,02:19,5.2,True,True,short,14.6,4.4,205.1,05:59,220.0,43.59285714285693,False
2025-11-18,Tuesday,240,180,False,1.15867,1.15994,1.16036,23:26,1.15845,20:18,False,19.1,1.15939,1.15892,1.16062,1.15872,19.0,False,high,03:06,4.0,True,True,short,18.2,4.0,163.4,05:19,133.0,44.98571428571415,False
2025-11-19,Wednesday,240,180,False,1.15821,1.1584,1.15849,20:14,1.15723,21:05,True,12.6,1.15868,1.15729,1.15971,1.15657,31.4,True,high,02:00,12.2,True,True,short,14.3,10.9,398.4,03:40,100.0,48.107142857142556,False
2025-11-20,Thursday,240,180,False,1.15341,1.15194,1.15353,20:00,1.15101,22:46,True,25.2,1.15198,1.15274,1.15277,1.15113,16.4,,none,,,,,,,,,,,47.25714285714238,False
2025-11-21,Friday,240,180,False,1.1535,1.15386,1.1542,23:16,1.15322,20:32,False,9.8,1.15403,1.15253,1.15524,1.15249,27.5,True,high,02:04,10.4,True,True,short,10.2,10.7,521.4,04:42,158.0,48.77857142857108,False
2025-11-24,Monday,239,180,False,1.15068,1.15206,1.15215,23:56,1.15049,20:22,False,16.6,1.15207,1.15297,1.15344,1.15097,24.7,False,high,02:32,28.8,True,False,short,12.0,28.6,71.1,,,45.207142857142586,False
2025-11-25,Tuesday,240,180,False,1.15231,1.15149,1.15301,22:00,1.15143,23:25,True,15.8,1.15185,1.15338,1.15366,1.15176,19.0,False,high,02:36,53.8,True,False,short,9.6,54.9,67.7,,,49.42142857142831,False
2025-11-26,Wednesday,240,180,False,1.15682,1.15834,1.15915,22:41,1.15652,20:14,False,26.3,1.15862,1.15719,1.15921,1.15656,26.5,False,high,02:05,9.3,True,True,short,30.3,0.1,169.2,08:35,390.0,51.14999999999964,False
2025-11-27,Thursday,240,180,False,1.16019,1.16008,1.16132,21:39,1.15998,22:30,True,13.4,1.15921,1.15774,1.15954,1.15763,19.1,False,low,02:00,23.5,True,False,long,7.8,16.1,3.0,,,49.271428571428125,False
2025-11-28,Friday,240,180,False,1.15941,1.15889,1.15986,20:04,1.158,21:47,True,18.6,1.15833,1.15678,1.15894,1.1566,23.4,False,low,02:57,25.0,True,True,long,20.7,23.1,147.8,10:55,478.0,50.52142857142807,False
2025-12-01,Monday,240,177,False,1.1603,1.15986,1.16158,20:25,1.15893,22:05,True,26.5,1.15963,1.16221,1.16235,1.15954,28.1,False,high,03:14,36.4,True,False,short,9.3,36.9,37.0,,,48.01428571428528,False
2025-12-02,Tuesday,239,180,False,1.16055,1.16089,1.1614,23:05,1.16037,20:16,False,10.3,1.16094,1.16098,1.16162,1.16024,13.8,True,high,02:14,9.0,True,True,short,10.4,2.2,223.3,04:45,151.0,49.62857142857109,False
2025-12-03,Wednesday,239,180,False,1.16306,1.1641,1.16419,23:56,1.16304,20:00,False,11.5,1.16429,1.16455,1.16526,1.16356,17.0,False,high,02:00,33.3,True,False,short,9.9,29.7,54.8,,,50.25714285714268,False
2025-12-04,Thursday,239,180,False,1.16626,1.1657,1.16647,20:14,1.16533,22:37,True,11.4,1.16578,1.16773,1.16819,1.16553,26.6,False,high,02:57,17.2,True,True,short,12.7,17.5,114.0,08:30,333.0,50.59285714285694,False
2025-12-05,Friday,240,180,False,1.16498,1.16535,1.16543,21:00,1.16462,22:36,True,8.1,1.1659,1.16543,1.16717,1.16481,23.6,False,high,02:00,17.4,True,True,short,14.2,11.3,325.9,06:17,257.0,47.507142857142746,False
2025-12-08,Monday,240,180,False,1.1651,1.16543,1.16554,22:07,1.16455,20:21,False,9.9,1.16605,1.16486,1.16678,1.16479,19.9,False,high,02:00,12.4,True,True,short,17.3,5.0,394.9,08:43,403.0,45.12857142857144,False
2025-12-09,Tuesday,238,180,False,1.16384,1.16466,1.16486,22:31,1.16358,20:04,False,12.8,1.16437,1.16522,1.16571,1.16334,23.7,True,low,03:07,20.9,True,True,long,14.1,1.3,166.4,03:30,23.0,46.73571428571436,False
2025-12-10,Wednesday,237,180,False,1.16259,1.16273,1.16289,23:50,1.16214,22:06,False,7.5,1.16352,1.16365,1.16576,1.16343,23.3,False,high,02:00,28.7,True,False,short,7.5,22.7,20.0,,,49.60714285714302,False
2025-12-11,Thursday,240,180,False,1.17021,1.16902,1.17072,20:06,1.16854,23:26,True,21.8,1.16888,1.17021,1.17065,1.1687,19.5,,none,,,,,,,,,,,49.64285714285738,False
2025-12-12,Friday,240,180,False,1.17405,1.17317,1.17461,20:27,1.1731,23:16,True,15.1,1.17388,1.17328,1.17432,1.17267,16.5,False,low,03:58,11.5,True,False,long,14.0,11.4,92.1,,,47.07142857142894,False
2025-12-15,Monday,240,180,False,1.1733,1.17321,1.17447,21:50,1.17294,20:19,False,15.3,1.17351,1.17431,1.17434,1.17264,17.0,False,low,02:54,3.0,True,True,long,15.3,3.0,257.5,05:23,149.0,45.42857142857166,False
2025-12-16,Tuesday,239,180,False,1.17497,1.1751,1.1759,22:04,1.17467,20:50,False,12.3,1.17524,1.17557,1.17639,1.17442,19.7,True,low,02:09,2.5,True,True,long,13.4,1.4,465.9,03:03,54.0,49.00000000000015,False
2025-12-17,Wednesday,240,180,False,1.17502,1.17296,1.17523,20:23,1.17275,23:34,True,24.8,1.17098,1.17158,1.17209,1.1703,17.9,False,low,02:00,24.5,True,True,long,42.9,7.3,123.0,10:33,513.0,48.50714285714311,False
2025-12-18,Thursday,240,180,False,1.17438,1.17427,1.17454,20:02,1.1735,20:53,True,10.4,1.1744,1.17219,1.17496,1.17171,32.5,True,high,02:00,17.3,True,True,short,12.0,3.9,318.3,02:57,57.0,48.47142857142875,False
2025-12-19,Friday,239,180,False,1.17266,1.17177,1.17285,20:18,1.17154,23:52,True,13.1,1.17196,1.17121,1.17203,1.17031,17.2,False,low,02:06,13.3,True,True,long,16.1,12.4,170.2,09:04,418.0,48.02142857142866,False
2025-12-22,Monday,240,180,False,1.17158,1.17199,1.17216,23:51,1.17133,20:08,False,8.3,1.17157,1.17299,1.17381,1.17147,23.4,False,high,02:34,47.7,True,False,short,3.2,46.2,20.5,,,47.921428571428635,False
2025-12-23,Tuesday,240,180,False,1.17685,1.17751,1.17803,21:50,1.17657,20:29,False,14.6,1.17711,1.17924,1.17928,1.17691,23.7,False,high,02:57,21.8,True,True,short,16.0,21.3,113.7,10:44,467.0,49.55714285714301,False
2025-12-24,Wednesday,240,180,False,1.17988,1.17911,1.18079,21:11,1.17857,23:14,True,22.2,1.17999,1.17995,1.18017,1.17797,22.0,False,low,03:06,12.7,True,False,long,14.2,13.6,68.0,,,48.04285714285721,False
2025-12-25,Thursday,76,43,True,1.17748,1.17751,1.17835,20:23,1.1771,20:57,True,12.5,1.17759,1.17752,1.17819,1.17663,15.6,False,low,02:39,4.7,True,False,long,11.8,3.8,87.2,,,46.9642857142857,False
2025-12-26,Friday,239,180,False,1.1786,1.17831,1.17934,21:57,1.17797,23:19,True,13.7,1.17767,1.17701,1.17778,1.17662,11.6,False,low,02:00,17.7,True,True,long,18.4,9.0,123.4,08:08,368.0,43.699999999999854,False
2025-12-29,Monday,239,180,False,1.17796,1.1764,1.17862,20:47,1.17637,23:59,True,22.5,1.17695,1.17761,1.1789,1.17652,23.8,False,high,03:50,2.8,True,True,short,24.9,1.4,150.7,06:00,130.0,40.27142857142848,False
2025-12-30,Tuesday,238,180,False,1.17729,1.17768,1.17777,23:57,1.17695,20:09,False,8.2,1.17785,1.17688,1.17785,1.17641,14.4,True,high,02:00,0.8,False,True,short,8.0,2.2,395.1,02:21,21.0,42.39285714285715,False
2025-12-31,Wednesday,239,180,False,1.17472,1.17343,1.17489,20:15,1.1733,23:51,True,15.9,1.17372,1.17348,1.17397,1.17199,19.8,False,low,02:17,13.1,True,True,long,17.1,12.9,164.8,07:00,283.0,42.171428571428564,False
