ts,open,high,low,close,bar_count,range_pips,atr14_pips
2021-01-03,1.22396,1.22584,1.22296,1.22488,415,28.799999999999937,
2021-01-04,1.22489,1.23096,1.22413,1.22689,1438,68.30000000000113,
2021-01-05,1.22689,1.23261,1.22538,1.22917,1433,72.3000000000007,
2021-01-06,1.22915,1.23494,1.22655,1.23246,1433,83.89999999999897,
2021-01-07,1.23246,1.23255,1.22349,1.22632,1434,90.60000000000068,68.78000000000029
2021-01-08,1.2263,1.22845,1.21929,1.22174,1020,91.60000000000056,72.58333333333367
2021-01-10,1.22175,1.22284,1.21666,1.21738,418,61.79999999999852,71.04285714285722
2021-01-11,1.21739,1.21998,1.21321,1.21427,1434,67.70000000000165,70.62500000000027
2021-01-12,1.21427,1.22201,1.21371,1.22085,1434,82.99999999999973,72.0000000000002
2021-01-13,1.22085,1.22227,1.21355,1.21496,1438,87.2000000000006,73.52000000000024
2021-01-14,1.21495,1.21784,1.2111,1.21468,1431,67.39999999999968,72.96363636363657
2021-01-15,1.21468,1.21469,1.20747,1.20748,1019,72.20000000000005,72.90000000000019
2021-01-17,1.20838,1.20865,1.20649,1.207,412,21.599999999999397,68.95384615384627
2021-01-18,1.20701,1.20986,1.20535,1.20953,1416,45.100000000000136,67.25000000000013
2021-01-19,1.20953,1.21492,1.20852,1.21403,1437,63.99999999999961,69.76428571428582
2021-01-20,1.21403,1.21581,1.20767,1.21294,1425,81.40000000000036,70.70000000000005
2021-01-21,1.21295,1.21777,1.21148,1.21735,1434,62.900000000001285,70.02857142857151
2021-01-22,1.21736,1.21894,1.21515,1.21667,1019,37.8999999999996,66.74285714285728
2021-01-24,1.21688,1.21802,1.21601,1.2176,416,20.100000000000673,61.70714285714298
2021-01-25,1.2176,1.21832,1.21158,1.21301,1431,67.39999999999968,59.9785714285715
2021-01-26,1.21301,1.21758,1.21076,1.21572,1427,68.20000000000049,60.43571428571449
2021-01-27,1.21572,1.21659,1.20585,1.20936,1435,107.39999999999971,63.27142857142864
2021-01-28,1.20934,1.21424,1.20807,1.20995,1437,61.70000000000009,61.7500000000001
2021-01-29,1.20995,1.2156,1.20944,1.21298,1020,61.59999999999943,59.921428571428585
2021-01-31,1.21297,1.21363,1.21201,1.21275,418,16.199999999999548,56.26428571428572
2021-02-01,1.21276,1.21326,1.2056,1.20756,1435,76.6,56.57857142857142
2021-02-02,1.20755,1.20871,1.20115,1.20432,1438,75.60000000000011,60.43571428571433
2021-02-03,1.20434,1.20456,1.2004,1.20197,1434,41.600000000001636,60.18571428571444
2021-02-04,1.20196,1.20196,1.19522,1.1956,1425,67.39999999999968,60.428571428571594
2021-02-05,1.19561,1.20498,1.19552,1.20481,1019,94.60000000000024,61.37142857142873
2021-02-07,1.20375,1.2055,1.20296,1.20345,416,25.399999999999867,58.69285714285719
2021-02-08,1.20346,1.2082,1.20196,1.20756,1415,62.40000000000023,60.44285714285724
2021-02-09,1.20757,1.21297,1.20672,1.21288,1434,62.50000000000089,63.47142857142869
2021-02-10,1.21287,1.2144,1.21131,1.21215,1428,30.89999999999815,60.864285714285714
2021-02-11,1.21215,1.21494,1.21179,1.21224,1421,31.49999999999986,58.2428571428571
2021-02-12,1.21225,1.21316,1.20815,1.21177,1018,50.09999999999959,54.149999999999956
2021-02-14,1.21244,1.21376,1.21167,1.21321,412,20.899999999999253,51.235714285714174
2021-02-15,1.2132,1.21501,1.21207,1.21395,1417,29.399999999999427,48.93571428571418
2021-02-16,1.21396,1.21693,1.20832,1.20917,1435,86.10000000000007,53.92857142857135
2021-02-17,1.20919,1.20951,1.20232,1.20371,1435,71.90000000000029,53.59285714285709
2021-02-18,1.20372,1.20985,1.20363,1.20929,1428,62.20000000000114,52.63571428571431
2021-02-19,1.20929,1.21444,1.20904,1.21167,1019,54.00000000000071,53.52142857142853
2021-02-21,1.21151,1.21355,1.21124,1.21205,413,23.099999999998122,50.357142857142705
2021-02-22,1.21206,1.21771,1.20911,1.21718,1432,86.00000000000162,49.74285714285708
2021-02-23,1.21718,1.21801,1.21353,1.21486,1427,44.800000000000395,51.12857142857141
2021-02-24,1.21485,1.21773,1.21092,1.21764,1437,68.09999999999982,51.535714285714235
2021-02-25,1.21767,1.22433,1.21372,1.21548,1437,106.10000000000008,54.6499999999999
2021-02-26,1.21549,1.21595,1.20621,1.20704,1020,97.40000000000082,59.400000000000084
2021-02-28,1.20702,1.21011,1.20699,1.20774,418,31.200000000000117,59.37857142857154
2021-03-01,1.20776,1.20928,1.20151,1.20207,1430,77.69999999999833,61.35000000000001
2021-03-02,1.20209,1.20943,1.19916,1.20885,1437,102.7,67.1928571428572
2021-03-03,1.20884,1.21132,1.20427,1.20552,1428,70.5,70.12857142857153
2021-03-04,1.20553,1.20624,1.19515,1.19561,1435,110.90000000000043,71.90000000000013
2021-03-05,1.19562,1.19618,1.18932,1.19128,1020,68.60000000000088,71.6642857142859
2021-03-07,1.19177,1.19321,1.18987,1.19057,412,33.40000000000121,69.60714285714303
2021-03-08,1.19056,1.19145,1.18355,1.18574,1430,78.99999999999795,71.39285714285712
2021-03-09,1.18574,1.19156,1.18511,1.18795,1435,64.49999999999845,74.35000000000001
2021-03-10,1.18796,1.19345,1.18688,1.19273,1435,65.69999999999965,72.89999999999986
2021-03-11,1.19274,1.19899,1.19189,1.1966,1428,71.00000000000107,74.77142857142849
2021-03-12,1.19659,1.1967,1.19099,1.19476,1020,57.10000000000104,73.98571428571428
2021-03-14,1.19451,1.19674,1.19425,1.19431,475,24.899999999998812,68.18571428571418
2021-03-15,1.19429,1.19435,1.1911,1.19377,1437,32.49999999999975,63.549999999999834
2021-03-16,1.19375,1.19518,1.18819,1.19035,1430,69.8999999999983,66.31428571428542
2021-03-17,1.19033,1.19877,1.18861,1.19613,1429,101.59999999999947,68.02142857142836
2021-03-18,1.19613,1.19888,1.1902,1.19186,1432,86.80000000000021,66.88571428571409
2021-03-19,1.19186,1.19371,1.18738,1.19031,960,63.299999999999464,66.37142857142832
2021-03-21,1.18712,1.18989,1.18708,1.18934,478,28.099999999999792,60.45714285714257
2021-03-22,1.18933,1.19468,1.18744,1.19231,1434,72.39999999999912,60.72857142857102
2021-03-23,1.19231,1.19318,1.1836,1.18464,1431,95.79999999999922,65.18571428571373
2021-03-24,1.18463,1.18473,1.18041,1.18206,1431,43.20000000000101,62.6285714285711
2021-03-25,1.18205,1.18261,1.17617,1.17763,1432,64.4,62.621428571428346
2021-03-26,1.17764,1.18049,1.17717,1.17918,957,33.199999999999896,60.2999999999998
2021-03-28,1.17917,1.17935,1.1775,1.17862,344,18.499999999999073,56.54999999999966
2021-03-29,1.17861,1.17939,1.17606,1.17666,1428,33.29999999999833,54.84999999999946
2021-03-30,1.17667,1.17677,1.17044,1.17071,1426,63.30000000000169,57.592857142856815
2021-03-31,1.17071,1.17598,1.1704,1.17243,1435,55.79999999999918,59.25714285714248
2021-04-01,1.17243,1.1784,1.17125,1.17794,1418,71.4999999999999,59.37142857142832
2021-04-02,1.17792,1.17866,1.1749,1.17603,1011,37.59999999999985,54.79999999999977
2021-04-04,1.17544,1.17718,1.17532,1.17699,405,18.599999999999728,49.92857142857116
2021-04-05,1.17701,1.18215,1.17379,1.18025,1411,83.60000000000144,51.378571428571306
2021-04-06,1.18026,1.18777,1.17951,1.18667,1429,82.59999999999934,55.271428571428416
2021-04-07,1.18667,1.19147,1.18608,1.18708,1426,53.900000000000055,53.94999999999991
2021-04-08,1.18709,1.19274,1.18616,1.19067,1423,65.79999999999808,51.807142857142686
2021-04-09,1.19067,1.19103,1.18669,1.18977,1008,43.400000000000105,51.82142857142833
2021-04-11,1.18903,1.19038,1.18853,1.18924,418,18.499999999999073,48.54285714285684
2021-04-12,1.18926,1.1919,1.1871,1.18903,1424,47.999999999999154,49.59999999999964
2021-04-13,1.18902,1.1963,1.18776,1.19581,1429,85.39999999999992,54.37857142857113
2021-04-14,1.1958,1.19897,1.19509,1.19746,1406,38.800000000001056,54.77142857142847
2021-04-15,1.19746,1.19932,1.19503,1.19571,1412,42.89999999999905,53.31428571428542
2021-04-16,1.19571,1.19946,1.19566,1.19805,1012,38.000000000000256,52.042857142856924
2021-04-18,1.19722,1.19771,1.19424,1.1956,414,34.70000000000084,49.41428571428556
2021-04-19,1.19561,1.20717,1.19552,1.20666,1431,116.50000000000159,55.049999999999976
2021-04-20,1.20666,1.20797,1.20224,1.20304,1402,57.300000000000125,57.814285714285724
2021-04-21,1.20304,1.20467,1.19985,1.20362,1407,48.19999999999824,55.285714285714064
2021-04-22,1.20362,1.20694,1.19936,1.20214,1425,75.7999999999992,54.79999999999977
2021-04-23,1.20215,1.20999,1.20208,1.20938,1017,79.09999999999862,56.59999999999967
2021-04-25,1.20913,1.21167,1.20885,1.21101,415,28.200000000000447,53.91428571428555
2021-04-26,1.21101,1.21154,1.20608,1.2069,1412,54.6000000000002,54.71428571428556
2021-04-27,1.20691,1.20927,1.20567,1.20762,1429,36.000000000000476,55.96428571428566
2021-04-28,1.20763,1.21498,1.2056,1.21258,1426,93.79999999999943,59.235714285714245
2021-04-29,1.21259,1.21367,1.21021,1.21174,1417,34.600000000000186,55.60714285714284
2021-04-30,1.21175,1.21198,1.20165,1.20169,1016,103.2999999999995,60.21428571428559
2021-05-02,1.20309,1.20354,1.20183,1.20223,408,17.100000000001003,58.371428571428574
2021-05-03,1.20224,1.2076,1.2013,1.20394,1385,62.99999999999972,60.15714285714283
2021-05-04,1.20394,1.20428,1.19989,1.20241,1422,43.90000000000116,60.8142857142857
2021-05-05,1.2024,1.20254,1.19859,1.19988,1399,39.49999999999898,55.31428571428552
2021-05-06,1.19986,1.20716,1.19981,1.20678,1425,73.49999999999967,56.471428571428355
2021-05-07,1.20677,1.21713,1.20527,1.21615,1019,118.59999999999981,61.499999999999886
2021-05-09,1.21601,1.21769,1.21509,1.21548,418,25.999999999999357,57.942857142857044
2021-05-10,1.21549,1.21782,1.21259,1.21397,1419,52.299999999998455,56.02857142857131
2021-05-11,1.21397,1.21815,1.21153,1.21168,1426,66.2000000000007,58.742857142857055
2021-05-12,1.21167,1.2152,1.20655,1.20764,1425,86.50000000000045,61.02142857142849
2021-05-13,1.20764,1.2106,1.20514,1.20854,1423,54.59999999999798,62.349999999999746
2021-05-14,1.20855,1.21477,1.20842,1.2142,1019,63.49999999999856,60.18571428571397
2021-05-16,1.2145,1.21511,1.21289,1.21315,410,22.199999999998887,59.29999999999959
2021-05-17,1.21316,1.21691,1.21259,1.21675,1415,43.199999999998795,55.0071428571424
2021-05-18,1.21674,1.22339,1.21629,1.22294,1423,70.99999999999883,58.85714285714224
2021-05-19,1.22294,1.22451,1.21598,1.21822,1421,85.29999999999926,60.44999999999935
2021-05-20,1.21823,1.22391,1.2177,1.22321,1427,62.100000000000485,61.749999999999304
2021-05-21,1.2232,1.22396,1.21607,1.21778,1017,78.89999999999952,64.56428571428505
2021-05-23,1.21778,1.21871,1.21722,1.21813,414,14.899999999999913,60.37857142857079
2021-05-24,1.21813,1.22301,1.21749,1.22266,1434,55.19999999999969,55.84999999999935
2021-05-25,1.22262,1.22664,1.22202,1.22579,1431,46.19999999999846,57.29285714285643
2021-05-26,1.22578,1.22629,1.21751,1.21934,1431,87.8000000000001,59.82857142857083
2021-05-27,1.21936,1.22149,1.21797,1.21871,1428,35.199999999999676,57.61428571428505
2021-05-28,1.21869,1.22048,1.21325,1.21905,1019,72.3000000000007,56.59999999999934
2021-05-30,1.2199,1.22042,1.21845,1.21988,412,19.700000000000273,54.107142857142364
2021-05-31,1.22325,1.22364,1.22237,1.22301,238,12.700000000001044,50.478571428571115
2021-06-01,1.223,1.22542,1.2211,1.22229,1415,43.199999999998795,51.97857142857111
2021-06-02,1.22229,1.2223,1.2164,1.22063,1408,59.00000000000016,53.10714285714264
2021-06-03,1.22064,1.22082,1.21143,1.21148,1426,93.90000000000009,54.74285714285702
2021-06-04,1.2115,1.21856,1.21039,1.21644,1018,81.7000000000001,54.48571428571422
2021-06-06,1.21601,1.21726,1.21596,1.21674,400,13.000000000000789,50.978571428571385
2021-06-07,1.21672,1.22017,1.21448,1.21798,1419,56.89999999999973,49.40714285714282
2021-06-08,1.21795,1.2193,1.21642,1.21804,1411,28.799999999999937,50.39999999999997
2021-06-09,1.21804,1.22179,1.21663,1.21694,1410,51.59999999999831,50.14285714285701
2021-06-10,1.21696,1.21945,1.21433,1.21872,1422,51.20000000000013,50.499999999999986
2021-06-11,1.21871,1.21929,1.20925,1.21072,1015,100.40000000000049,51.40000000000002
2021-06-13,1.21045,1.21121,1.20945,1.20996,404,17.599999999999838,50.14285714285717
2021-06-14,1.20994,1.21305,1.20942,1.21231,1405,36.30000000000022,47.57142857142856
2021-06-15,1.21232,1.21473,1.21013,1.21227,1416,46.00000000000159,49.45000000000009
2021-06-16,1.21225,1.21347,1.19841,1.19935,1436,150.60000000000073,59.30000000000007
2021-06-17,1.19937,1.20062,1.18916,1.19217,1438,114.60000000000025,64.40000000000018
2021-06-18,1.19216,1.19243,1.18472,1.18592,1020,77.10000000000105,65.69285714285738
2021-06-20,1.18542,1.18764,1.18476,1.1856,418,28.799999999999937,61.042857142857365
2021-06-21,1.18561,1.19213,1.18511,1.19117,1438,70.19999999999804,60.221428571428646
2021-06-22,1.19116,1.19526,1.18808,1.19223,1429,71.79999999999964,64.42142857142856
2021-06-23,1.19226,1.197,1.19113,1.19213,1432,58.700000000000415,64.55000000000004
2021-06-24,1.19216,1.19562,1.19176,1.194,1424,38.599999999999746,65.25000000000003
2021-06-25,1.19399,1.19751,1.19261,1.19347,1018,49.000000000001265,65.06428571428596
2021-06-27,1.19296,1.19419,1.192,1.19248,410,21.900000000001363,62.971428571428895
2021-06-28,1.19246,1.19444,1.19022,1.19112,1431,42.1999999999989,58.81428571428592
2021-06-29,1.19115,1.1923,1.18775,1.19022,1425,45.499999999998316,60.80714285714297
2021-06-30,1.19023,1.19079,1.1845,1.18504,1422,62.89999999999907,62.70714285714288
2021-07-01,1.18505,1.18842,1.18373,1.18427,1432,46.90000000000083,62.771428571428544
2021-07-02,1.1843,1.18741,1.1807,1.18622,1011,67.09999999999994,56.807142857142765
2021-07-04,1.18598,1.18685,1.18518,1.1853,405,16.700000000000603,49.814285714285646
2021-07-05,1.1853,1.18804,1.18513,1.18735,1428,29.09999999999968,46.38571428571412
2021-07-06,1.18735,1.18951,1.18068,1.18248,1430,88.30000000000115,50.63571428571421
2021-07-07,1.18249,1.18364,1.17815,1.17921,1435,54.89999999999995,49.5428571428572
2021-07-08,1.1792,1.18678,1.17914,1.18393,1427,76.39999999999868,49.87142857142857
2021-07-09,1.18394,1.1881,1.18249,1.1871,1018,56.09999999999893,49.68571428571418
2021-07-11,1.18751,1.18802,1.1865,1.18692,407,15.199999999999658,48.0142857142856
2021-07-12,1.1869,1.18797,1.1836,1.18696,1422,43.69999999999985,47.635714285714066
2021-07-13,1.18698,1.18705,1.17717,1.17833,1432,98.79999999999889,53.128571428571036
2021-07-14,1.17832,1.18387,1.17759,1.1832,1434,62.80000000000063,54.59999999999973
2021-07-15,1.18318,1.18506,1.17962,1.18116,1435,54.400000000001114,55.23571428571421
2021-07-16,1.18116,1.18221,1.17921,1.18047,1019,29.999999999998916,52.885714285714194
2021-07-18,1.18054,1.18138,1.17978,1.18045,407,16.00000000000046,50.67857142857132
2021-07-19,1.18047,1.18244,1.17636,1.17932,1419,60.79999999999863,50.22857142857123
2021-07-20,1.17932,1.18024,1.17555,1.17748,1425,46.899999999998606,52.385714285713945
2021-07-21,1.17748,1.18046,1.17518,1.17958,1419,52.80000000000173,54.07857142857123
2021-07-22,1.17958,1.18304,1.17572,1.17696,1421,73.19999999999993,52.99999999999971
2021-07-23,1.17695,1.17865,1.17544,1.17683,1020,32.09999999999935,51.37142857142824
2021-07-25,1.17681,1.17786,1.17632,1.17785,395,15.399999999998748,47.01428571428539
2021-07-26,1.17787,1.18172,1.17669,1.18052,1433,50.3000000000009,46.59999999999982
2021-07-27,1.18055,1.18409,1.17698,1.18215,1427,71.10000000000171,50.592857142857106
2021-07-28,1.18212,1.18578,1.17721,1.18542,1435,85.69999999999966,53.59285714285709
2021-07-29,1.18542,1.18942,1.18502,1.18781,1432,43.999999999999595,49.67857142857143
2021-07-30,1.18782,1.19085,1.18515,1.18667,1016,57.000000000000384,49.26428571428569
2021-08-01,1.18641,1.18727,1.18587,1.18712,403,14.000000000000679,46.37857142857138
2021-08-02,1.18713,1.18968,1.18641,1.18744,1422,32.70000000000106,46.571428571428676
2021-08-03,1.18744,1.18932,1.18535,1.18732,1415,39.70000000000029,48.264285714285805
2021-08-04,1.18734,1.18996,1.18315,1.18339,1420,68.09999999999982,48.78571428571446
2021-08-05,1.1834,1.18572,1.18185,1.18231,1415,38.7000000000004,48.20000000000031
2021-08-06,1.18229,1.18298,1.17543,1.17596,1007,75.49999999999945,49.82142857142872
2021-08-08,1.1758,1.1761,1.17422,1.17591,415,18.799999999998818,45.935714285714354
2021-08-09,1.1759,1.17689,1.1732,1.17388,1394,36.89999999999971,46.27857142857152
2021-08-10,1.1739,1.17427,1.17095,1.17184,1418,33.199999999999896,47.550000000000175
2021-08-11,1.17185,1.17541,1.17059,1.17444,1411,48.200000000000465,47.40000000000014
2021-08-12,1.17444,1.17481,1.17236,1.17395,1415,24.499999999998412,44.07142857142848
2021-08-13,1.17396,1.18045,1.17302,1.17933,1012,74.30000000000047,43.25714285714282
2021-08-15,1.17934,1.18007,1.17898,1.179,396,10.900000000000354,40.89285714285716
2021-08-16,1.17899,1.17941,1.17666,1.17683,1391,27.500000000000302,38.78571428571429
2021-08-17,1.17683,1.17846,1.17017,1.17164,1430,82.9000000000013,43.70714285714291
2021-08-18,1.17167,1.17427,1.16656,1.16752,1431,77.09999999999883,46.87857142857132
2021-08-19,1.16753,1.17041,1.16686,1.16853,1419,35.49999999999942,46.57857142857126
2021-08-20,1.16855,1.17044,1.16638,1.16951,1013,40.599999999999525,44.61428571428552
2021-08-22,1.16935,1.17236,1.16925,1.172,394,31.100000000001682,44.07142857142846
2021-08-23,1.172,1.17501,1.17063,1.17376,1412,43.8000000000005,41.80714285714283
2021-08-24,1.17377,1.1765,1.17272,1.17381,1393,37.80000000000116,43.16428571428586
2021-08-25,1.1738,1.17745,1.1726,1.17628,1417,48.500000000000206,43.992857142857325
2021-08-26,1.17627,1.17789,1.1742,1.17595,1413,36.90000000000193,44.25714285714319
2021-08-27,1.17596,1.18022,1.17348,1.1791,1016,67.39999999999968,45.628571428571696
2021-08-29,1.17937,1.18097,1.17898,1.18038,410,19.900000000001583,45.30000000000049
2021-08-30,1.18038,1.18198,1.17827,1.18193,1402,37.10000000000102,42.64285714285768
2021-08-31,1.18194,1.1845,1.17964,1.18043,1424,48.60000000000086,45.33571428571486
2021-09-01,1.18043,1.18571,1.17935,1.18377,1402,63.60000000000143,47.91428571428637
2021-09-02,1.18377,1.18842,1.18342,1.18786,1411,50.00000000000115,45.564285714286356
2021-09-03,1.18787,1.1909,1.18655,1.18773,1017,43.50000000000076,43.1642857142865
2021-09-05,1.1876,1.18862,1.18648,1.18678,411,21.400000000000308,42.157142857143704
2021-09-06,1.18679,1.18851,1.18557,1.18784,1418,29.399999999999427,41.35714285714369
2021-09-07,1.18784,1.18822,1.18358,1.18421,1426,46.39999999999977,42.450000000000706
2021-09-08,1.1842,1.18448,1.18019,1.18181,1425,42.89999999999905,42.38571428571488
2021-09-09,1.1818,1.18412,1.18051,1.18302,1423,36.10000000000113,42.2642857142863
2021-09-10,1.18303,1.1851,1.18092,1.18101,1020,41.80000000000072,41.78571428571491
2021-09-12,1.18111,1.18157,1.18021,1.18048,403,13.600000000000279,40.12142857142908
2021-09-13,1.18049,1.18188,1.177,1.18155,1404,48.799999999999955,38.79285714285767
2021-09-14,1.18156,1.18458,1.18,1.18061,1412,45.80000000000028,40.64285714285758
2021-09-15,1.18061,1.18318,1.17991,1.18121,1413,32.69999999999884,40.32857142857171
2021-09-16,1.18121,1.18127,1.17504,1.17688,1426,62.29999999999958,41.30714285714305
2021-09-17,1.17689,1.17888,1.17235,1.17239,1016,65.29999999999924,41.42857142857146
2021-09-19,1.17288,1.17305,1.17097,1.17106,403,20.799999999998597,39.34285714285699
2021-09-20,1.17106,1.17399,1.17001,1.17319,1424,39.80000000000094,39.078571428571294
2021-09-21,1.1732,1.17486,1.17147,1.172,1426,33.90000000000004,39.97142857142842
2021-09-22,1.17199,1.17555,1.16834,1.17067,1431,72.1000000000016,43.02142857142858
2021-09-23,1.17067,1.175,1.1705,1.1741,1431,44.99999999999948,42.92142857142856
2021-09-24,1.17409,1.17418,1.17005,1.17181,1014,41.29999999999967,42.807142857142885
2021-09-26,1.17253,1.17261,1.1716,1.17221,412,10.099999999999554,40.94999999999992
2021-09-27,1.17221,1.17247,1.16846,1.16916,1416,40.09999999999847,40.82857142857118
2021-09-28,1.16916,1.17031,1.16682,1.16848,1426,34.89999999999993,42.34999999999973
2021-09-29,1.16846,1.16878,1.15894,1.16039,1428,98.39999999999849,45.89285714285677
2021-09-30,1.16039,1.16096,1.15624,1.15757,1436,47.20000000000057,45.992857142856785
2021-10-01,1.15756,1.16072,1.15724,1.15923,1015,34.79999999999927,46.14285714285682
2021-10-03,1.15954,1.16136,1.15876,1.15891,417,25.999999999999357,43.549999999999656
2021-10-04,1.15894,1.164,1.15894,1.15987,1426,50.599999999998424,42.499999999999595
2021-10-05,1.15988,1.16131,1.15804,1.15935,1422,32.70000000000106,43.349999999999774
2021-10-06,1.15935,1.15936,1.15291,1.15555,1426,64.49999999999845,45.11428571428531
2021-10-07,1.15555,1.1572,1.15474,1.15522,1422,24.599999999999067,44.44999999999953
2021-10-08,1.15522,1.15861,1.15413,1.15721,1015,44.79999999999817,42.49999999999928
2021-10-10,1.15674,1.15792,1.15636,1.15722,419,15.600000000000058,40.39999999999933
2021-10-11,1.1572,1.15867,1.15471,1.15595,1428,39.600000000001856,40.278571428570906
2021-10-12,1.15595,1.15703,1.15242,1.15513,1404,46.10000000000003,42.84999999999951
2021-10-13,1.15514,1.16009,1.15361,1.15938,1417,64.80000000000041,44.614285714285366
2021-10-14,1.15938,1.16242,1.15839,1.16079,1423,40.29999999999978,44.999999999999645
2021-10-15,1.16079,1.16185,1.15887,1.15983,1017,29.799999999999827,40.09999999999973
2021-10-17,1.15903,1.16052,1.15812,1.15818,414,23.999999999999577,38.442857142856816
2021-10-18,1.15818,1.16466,1.15717,1.16466,1416,74.89999999999996,41.30714285714258
2021-10-19,1.16466,1.16693,1.16276,1.16438,1428,41.70000000000007,42.4285714285712
2021-10-20,1.16437,1.16674,1.16168,1.16647,1419,50.60000000000064,42.42857142857135
2021-10-21,1.16649,1.16651,1.16194,1.1627,1421,45.699999999999626,43.357142857142684
2021-10-22,1.16271,1.16556,1.16218,1.16395,1017,33.799999999999386,41.164285714285604
2021-10-24,1.16382,1.16648,1.16356,1.16638,413,29.200000000000337,41.492857142857126
2021-10-25,1.16637,1.16649,1.15907,1.16008,1399,74.19999999999982,43.592857142857234
2021-10-26,1.16006,1.16257,1.15848,1.16014,1424,40.90000000000149,45.4000000000002
2021-10-27,1.16014,1.16259,1.15849,1.16057,1421,40.99999999999992,45.500000000000064
2021-10-28,1.16056,1.16921,1.15821,1.16764,1428,110.00000000000121,50.06428571428586
2021-10-29,1.16762,1.16772,1.1535,1.15529,1020,142.2000000000012,55.59285714285735
2021-10-31,1.15576,1.15642,1.1546,1.15513,475,18.199999999999328,54.01428571428588
2021-11-01,1.15516,1.1609,1.15472,1.16037,1428,61.80000000000074,56.30000000000024
2021-11-02,1.16039,1.16133,1.15748,1.15835,1419,38.49999999999909,57.33571428571448
2021-11-03,1.15835,1.16164,1.15622,1.15907,1432,54.199999999999804,55.857142857143046
2021-11-04,1.15908,1.15921,1.15282,1.15574,1432,63.90000000000118,57.44285714285741
2021-11-05,1.15572,1.15731,1.15132,1.15631,959,59.90000000000162,58.107142857143195
2021-11-07,1.15566,1.15698,1.15531,1.1561,414,16.699999999998383,56.035714285714526
2021-11-08,1.15609,1.15992,1.15503,1.15968,1427,48.90000000000061,57.11428571428605
2021-11-09,1.15968,1.16087,1.15698,1.1584,1435,38.90000000000171,57.80714285714329
2021-11-10,1.15841,1.15849,1.14647,1.14804,1434,120.19999999999919,61.09285714285754
2021-11-11,1.14802,1.14849,1.14359,1.14416,1431,48.99999999999904,61.67142857142879
2021-11-12,1.14416,1.1462,1.14328,1.14413,1017,29.200000000000337,60.82857142857167
2021-11-14,1.14473,1.14638,1.1441,1.14555,412,22.800000000000598,54.60000000000021
2021-11-15,1.14556,1.1463,1.13562,1.13836,1439,106.80000000000022,52.071428571428704
2021-11-16,1.13837,1.13844,1.12635,1.12981,1438,120.89999999999934,59.40714285714299
2021-11-17,1.1298,1.13379,1.12916,1.13251,1439,46.30000000000134,58.300000000000175
2021-11-18,1.13249,1.1374,1.13137,1.13522,1431,60.2999999999998,59.85714285714308
2021-11-19,1.1352,1.13604,1.12499,1.12794,1018,110.50000000000004,63.87857142857167
2021-11-21,1.12873,1.12907,1.12648,1.1278,417,25.900000000000922,61.16428571428594
2021-11-22,1.12781,1.12904,1.12259,1.1236,1438,64.50000000000067,61.492857142857304
2021-11-23,1.12359,1.1275,1.12316,1.12427,1432,43.400000000000105,63.40000000000028
2021-11-24,1.12427,1.12552,1.11859,1.12142,1427,69.30000000000102,64.85714285714316
2021-11-25,1.12142,1.12296,1.12055,1.12209,1432,24.100000000000232,63.8000000000002
2021-11-26,1.12209,1.13301,1.12206,1.13071,1020,109.50000000000014,63.035714285714555
2021-11-28,1.13004,1.13134,1.12727,1.12727,420,40.70000000000018,62.442857142857505
2021-11-29,1.12726,1.13046,1.12583,1.12962,1437,46.299999999999116,63.66428571428598
2021-11-30,1.12962,1.13828,1.12349,1.13315,1440,147.89999999999858,72.60000000000012
2021-12-01,1.13318,1.13596,1.13025,1.13225,1437,57.10000000000104,69.05000000000018
2021-12-02,1.13226,1.13476,1.12907,1.12975,1436,56.89999999999973,64.47857142857164
2021-12-03,1.12975,1.13333,1.12665,1.13117,1020,66.8000000000002,65.94285714285728
2021-12-05,1.13046,1.13129,1.12877,1.12878,418,25.199999999998557,63.435714285714326
2021-12-06,1.12881,1.13101,1.12663,1.12881,1432,43.8000000000005,58.67142857142865
2021-12-07,1.1288,1.12984,1.12275,1.12907,1432,70.9000000000004,61.885714285714315
2021-12-08,1.12906,1.13547,1.12667,1.1336,1435,87.99999999999919,63.56428571428564
2021-12-09,1.13358,1.13358,1.12783,1.12989,1432,57.49999999999922,64.57142857142843
2021-12-10,1.1299,1.13239,1.12651,1.13146,1018,58.80000000000107,63.82142857142844
2021-12-12,1.131,1.13192,1.12921,1.12946,404,27.099999999999902,64.03571428571414
2021-12-13,1.12943,1.13071,1.126,1.12774,1428,47.10000000000214,59.57857142857142
2021-12-14,1.12773,1.13238,1.12535,1.12639,1420,70.29999999999869,61.69285714285702
2021-12-15,1.12637,1.12991,1.12215,1.12863,1435,77.59999999999988,63.92857142857137
2021-12-16,1.12863,1.13603,1.12834,1.13354,1437,76.90000000000197,58.85714285714304
2021-12-17,1.13354,1.13488,1.1235,1.1237,1020,113.80000000000167,62.90714285714308
2021-12-19,1.12371,1.1251,1.12344,1.12492,414,16.599999999999948,60.02857142857166
2021-12-20,1.12492,1.13037,1.12471,1.12803,1428,56.59999999999998,59.300000000000225
2021-12-21,1.12804,1.13026,1.12607,1.12737,1434,41.90000000000138,60.49285714285757
2021-12-22,1.12737,1.13423,1.12644,1.13392,1426,77.89999999999964,62.928571428571786
2021-12-23,1.13392,1.13418,1.129,1.1334,1433,51.79999999999962,61.56428571428602
2021-12-24,1.13341,1.13433,1.13031,1.13102,1012,40.200000000001346,58.15000000000047
2021-12-26,1.13101,1.1326,1.13076,1.13186,404,18.400000000000638,55.35714285714342
2021-12-27,1.13186,1.13344,1.13028,1.13268,1410,31.600000000000517,53.41428571428624
2021-12-28,1.13269,1.13331,1.12895,1.1304,1425,43.600000000001415,54.592857142857774
2021-12-29,1.13041,1.13688,1.12737,1.13326,1422,95.09999999999907,58.021428571428984
2021-12-30,1.13325,1.13444,1.12984,1.13174,1423,45.999999999999375,56.28571428571474
2021-12-31,1.13174,1.13863,1.13032,1.13686,1010,83.10000000000039,56.678571428571935
2022-01-02,1.1369,1.13782,1.13385,1.13403,411,39.70000000000029,54.02142857142895
2022-01-03,1.13404,1.13661,1.12797,1.13005,1428,86.3999999999998,52.06428571428596
2022-01-04,1.13005,1.13224,1.12721,1.12887,1434,50.299999999998676,54.471428571428724
2022-01-05,1.12889,1.13463,1.12873,1.13122,1436,59.00000000000016,54.6428571428573
2022-01-06,1.13122,1.13318,1.12845,1.13006,1429,47.300000000001226,55.02857142857158
2022-01-07,1.13006,1.13647,1.12922,1.13593,1016,72.500000000002,54.642857142857466
2022-01-09,1.13515,1.13602,1.13332,1.13341,415,26.999999999999247,52.871428571428865
2022-01-10,1.13341,1.13444,1.12847,1.13407,1425,59.699999999998084,54.264285714285776
2022-01-11,1.1341,1.13755,1.1313,1.13725,1430,62.50000000000089,57.41428571428579
2022-01-12,1.13727,1.14526,1.13547,1.14421,1430,97.89999999999965,62.15000000000002
2022-01-13,1.14421,1.14817,1.14383,1.14736,1438,43.400000000000105,62.13571428571421
2022-01-14,1.14736,1.14827,1.13984,1.1409,1018,84.29999999999937,61.36428571428566
2022-01-16,1.14118,1.14212,1.14,1.14188,414,21.200000000001218,59.59285714285723
2022-01-17,1.14191,1.14344,1.13849,1.14015,1410,49.5000000000001,57.19285714285719
2022-01-18,1.14014,1.14057,1.13146,1.13301,1432,91.10000000000173,60.86428571428587
2022-01-19,1.133,1.13651,1.13269,1.13505,1439,38.19999999999934,57.4214285714287
2022-01-20,1.13506,1.13688,1.13009,1.13243,1439,67.89999999999851,58.678571428571544
2022-01-21,1.13243,1.13596,1.13223,1.13418,1020,37.30000000000011,57.12857142857155
2022-01-23,1.13396,1.1345,1.13274,1.13296,415,17.599999999999838,55.007142857142874
2022-01-24,1.13297,1.13363,1.12904,1.13117,1430,45.89999999999872,53.10714285714264
2022-01-25,1.13118,1.13156,1.12631,1.13016,1434,52.499999999999766,54.92857142857125
2022-01-26,1.13016,1.13052,1.12185,1.12222,1436,86.69999999999955,56.85714285714278
2022-01-27,1.12221,1.12221,1.11312,1.1152,1433,90.8999999999982,58.885714285714016
2022-01-28,1.11519,1.11735,1.11213,1.1145,1020,52.200000000000024,55.62142857142833
2022-01-30,1.11422,1.11636,1.1138,1.11616,414,25.600000000001177,54.34999999999984
2022-01-31,1.11615,1.12478,1.11462,1.1243,1426,101.59999999999947,55.585714285714126
2022-02-01,1.1243,1.12786,1.12342,1.12745,1423,44.39999999999999,57.24285714285689
2022-02-02,1.12743,1.133,1.12665,1.12967,1424,63.500000000000774,58.24285714285695
2022-02-03,1.12967,1.14719,1.12672,1.1466,1439,204.69999999999987,66.35714285714252
2022-02-04,1.14659,1.14837,1.14115,1.14477,1020,72.19999999999781,68.78571428571385
2022-02-06,1.14638,1.14646,1.14247,1.14385,420,39.89999999999938,66.78571428571391
2022-02-07,1.14385,1.14587,1.14151,1.14236,1436,43.59999999999919,67.23571428571384
2022-02-08,1.14236,1.14335,1.13961,1.14268,1435,37.400000000000766,68.64999999999962
2022-02-09,1.14267,1.14477,1.14024,1.1425,1434,45.30000000000145,68.60714285714268
2022-02-10,1.14249,1.14948,1.13748,1.13808,1435,120.0000000000001,73.42857142857126
2022-02-11,1.13809,1.1418,1.13296,1.13463,1019,88.39999999999958,73.54999999999984
2022-02-13,1.13369,1.1369,1.13365,1.1345,420,32.49999999999975,69.37857142857139
2022-02-14,1.1345,1.13522,1.12799,1.1319,1433,72.29999999999848,70.81428571428556
2022-02-15,1.13189,1.13681,1.13093,1.13477,1428,58.80000000000107,73.18571428571411
2022-02-16,1.13478,1.13957,1.1323,1.13422,1437,72.69999999999888,71.12142857142837
2022-02-17,1.13421,1.1386,1.13421,1.13636,1437,43.90000000000116,71.08571428571416
2022-02-18,1.13639,1.13769,1.1314,1.13203,1018,62.900000000001285,71.04285714285706
2022-02-20,1.13186,1.13679,1.1313,1.13621,418,54.89999999999995,60.342857142857056
2022-02-21,1.13621,1.13905,1.1288,1.12984,1438,102.49999999999869,62.50714285714283
2022-02-22,1.12984,1.13667,1.12925,1.13254,1433,74.19999999999982,64.95714285714287
2022-02-23,1.13254,1.13588,1.12083,1.12453,1437,150.50000000000006,72.59285714285721
2022-02-24,1.12452,1.12624,1.11062,1.12214,1433,156.19999999999968,81.07857142857142
2022-02-25,1.12213,1.12739,1.11659,1.12719,1020,107.9999999999992,85.5571428571427
2022-02-27,1.11237,1.11944,1.11225,1.11458,420,71.90000000000029,82.12142857142842
2022-02-28,1.11462,1.12464,1.11445,1.11964,1432,101.90000000000143,83.08571428571427
2022-03-01,1.11962,1.12329,1.10896,1.1123,1436,143.29999999999953,90.99999999999997
2022-03-02,1.11228,1.11437,1.10573,1.10977,1437,86.3999999999998,92.00714285714291
2022-03-03,1.10978,1.11062,1.101,1.10354,1437,96.19999999999962,94.6785714285714
2022-03-04,1.10354,1.10391,1.08856,1.09311,1020,153.49999999999974,100.45000000000002
2022-03-06,1.09199,1.09287,1.08213,1.08795,419,107.39999999999971,104.9857142857142
2022-03-07,1.08791,1.09325,1.08059,1.08699,1439,126.60000000000115,109.53571428571419
2022-03-08,1.08698,1.09582,1.08511,1.09168,1436,107.09999999999997,113.26428571428563
2022-03-09,1.09168,1.10951,1.09091,1.10538,1438,185.9999999999995,119.22857142857139
2022-03-10,1.10539,1.11212,1.0976,1.1001,1438,145.20000000000087,124.30000000000004
2022-03-11,1.10015,1.10435,1.09018,1.09099,1020,141.70000000000016,123.6714285714286
2022-03-13,1.09205,1.09387,1.09005,1.09171,478,38.19999999999934,115.24285714285716
2022-03-14,1.0917,1.09938,1.09084,1.09823,1440,85.39999999999992,113.6285714285715
2022-03-15,1.09824,1.10196,1.0926,1.09677,1439,93.60000000000035,115.17857142857149
2022-03-16,1.09677,1.10523,1.095,1.10343,1440,102.29999999999961,115.2071428571428
2022-03-17,1.10344,1.11375,1.10219,1.10767,1438,115.60000000000014,113.22857142857141
2022-03-18,1.10766,1.10942,1.1003,1.10492,960,91.20000000000016,113.57142857142858
2022-03-20,1.10561,1.10584,1.10374,1.10409,478,20.999999999999908,108.20000000000003
2022-03-21,1.10409,1.10701,1.0981,1.09853,1434,89.09999999999972,103.60000000000002
2022-03-22,1.09852,1.10457,1.09608,1.10274,1438,84.90000000000109,101.99285714285728
2022-03-23,1.10273,1.10397,1.09639,1.09855,1438,75.7999999999992,98.36428571428571
2022-03-24,1.09855,1.10376,1.09659,1.10318,1429,71.70000000000121,95.83571428571437
2022-03-25,1.10317,1.10339,1.09797,1.09805,960,54.20000000000202,86.42142857142883
2022-03-27,1.09845,1.09869,1.09504,1.09554,355,36.49999999999931,78.657142857143
2022-03-28,1.09554,1.09995,1.09446,1.09926,1431,54.89999999999995,72.457142857143
2022-03-29,1.09926,1.1137,1.09749,1.11149,1435,162.09999999999835,81.30714285714292
2022-03-30,1.1115,1.11848,1.11054,1.1164,1434,79.39999999999836,80.87857142857138
2022-03-31,1.1164,1.11756,1.10595,1.10652,1428,116.1000000000012,82.4857142857143
2022-04-01,1.10652,1.10757,1.10279,1.10427,1019,47.80000000000006,78.5928571428572
2022-04-03,1.10301,1.10544,1.10301,1.10478,417,24.299999999999322,72.07142857142857
2022-04-04,1.10477,1.10539,1.09603,1.09723,1431,93.60000000000035,72.24285714285715
2022-04-05,1.09722,1.09886,1.08906,1.09003,1432,98.0000000000003,77.74285714285718
2022-04-06,1.09002,1.09379,1.08745,1.0907,1432,63.40000000000012,75.90714285714293
2022-04-07,1.09071,1.09383,1.08565,1.08638,1428,81.80000000000075,75.68571428571433
2022-04-08,1.08637,1.08917,1.08364,1.08744,1020,55.300000000000345,74.22142857142867
2022-04-10,1.09202,1.09202,1.0875,1.08831,420,45.20000000000079,72.32857142857152
2022-04-11,1.08833,1.09332,1.08665,1.08745,1436,66.70000000000175,73.22142857142865
2022-04-12,1.08746,1.09036,1.08113,1.08371,1430,92.30000000000071,77.20714285714303
2022-04-13,1.08371,1.09093,1.08088,1.0907,1438,100.49999999999892,80.46428571428581
2022-04-14,1.0907,1.09233,1.07575,1.08043,1436,165.80000000000038,80.72857142857167
2022-04-15,1.0804,1.08236,1.08018,1.08057,1018,21.800000000000708,76.61428571428613
2022-04-17,1.08029,1.08216,1.07907,1.07928,414,30.90000000000037,70.52857142857178
2022-04-18,1.0793,1.08145,1.0761,1.07724,1437,53.49999999999966,70.93571428571461
2022-04-19,1.07724,1.08226,1.07665,1.08186,1437,56.09999999999893,73.20714285714315
2022-04-20,1.08187,1.0867,1.08057,1.08304,1439,61.299999999999685,70.90000000000025
2022-04-21,1.08305,1.09362,1.08289,1.08413,1439,107.30000000000128,71.56428571428603
2022-04-22,1.08413,1.08515,1.07707,1.07947,1020,80.80000000000086,72.80714285714323
2022-04-24,1.08041,1.08153,1.07772,1.07814,416,38.10000000000091,69.68571428571467
2022-04-25,1.07812,1.07853,1.06966,1.07321,1432,88.69999999999933,72.07142857142888
2022-04-26,1.07322,1.07343,1.06336,1.06406,1436,100.70000000000023,76.03571428571456
2022-04-27,1.06405,1.06546,1.05089,1.05089,1435,145.6999999999997,81.67857142857154
2022-04-28,1.0509,1.05647,1.0471,1.05131,1426,93.700000000001,81.77857142857157
2022-04-29,1.05131,1.05928,1.05087,1.05409,1020,84.10000000000028,80.6071428571431
2022-05-01,1.05444,1.05597,1.05173,1.05239,414,42.40000000000021,71.79285714285737
2022-05-02,1.05239,1.05682,1.04901,1.05184,1434,78.10000000000095,75.81428571428596
2022-05-03,1.05184,1.05776,1.04921,1.05161,1429,85.50000000000057,79.71428571428598
2022-05-04,1.0516,1.06417,1.05059,1.06176,1432,135.80000000000146,85.59285714285753
2022-05-05,1.06177,1.06192,1.04925,1.0533,1436,126.69999999999959,90.63571428571473
2022-05-06,1.0533,1.05988,1.04826,1.05452,1020,116.19999999999963,94.55714285714329
2022-05-08,1.05398,1.05426,1.05027,1.051,413,39.89999999999938,89.74285714285745
2022-05-09,1.051,1.05924,1.04951,1.05787,1438,97.30000000000015,90.92142857142882
2022-05-10,1.05785,1.05852,1.05253,1.05365,1431,59.899999999999395,92.47857142857156
2022-05-11,1.05364,1.05771,1.05017,1.0522,1438,75.3999999999988,91.52857142857154
2022-05-12,1.0522,1.05255,1.03539,1.03911,1433,171.60000000000062,96.59285714285727
2022-05-13,1.03909,1.04195,1.03496,1.04116,1019,69.8999999999983,91.17857142857144
2022-05-15,1.03952,1.0417,1.03889,1.03965,415,28.099999999999792,86.49285714285709
2022-05-16,1.03964,1.0454,1.03893,1.04401,1429,64.70000000000198,85.1071428571429
2022-05-17,1.044,1.05636,1.04358,1.05323,1422,127.80000000000013,91.20714285714291
2022-05-18,1.05322,1.0542,1.04597,1.04999,1431,82.29999999999959,91.5071428571428
2022-05-19,1.04999,1.0607,1.0465,1.0566,1433,141.9999999999999,95.54285714285706
2022-05-20,1.05659,1.0599,1.05328,1.0561,1020,66.2000000000007,90.57142857142843
2022-05-22,1.05601,1.05946,1.05552,1.05924,417,39.400000000000546,84.3357142857142
2022-05-23,1.05925,1.06973,1.05884,1.06725,1430,108.90000000000066,83.8142857142857
2022-05-24,1.06727,1.07485,1.06622,1.07136,1430,86.30000000000138,87.12857142857156
2022-05-25,1.07135,1.0714,1.06421,1.07013,1434,71.89999999999807,85.31428571428569
2022-05-26,1.07014,1.0765,1.06624,1.07556,1431,102.59999999999935,88.36428571428569
2022-05-27,1.07555,1.07582,1.06968,1.07317,1020,61.40000000000034,87.3642857142858
2022-05-29,1.07347,1.07558,1.07261,1.07445,419,29.69999999999917,77.22857142857141
2022-05-30,1.07444,1.07867,1.07342,1.07511,1429,52.499999999999766,75.98571428571438
2022-05-31,1.07511,1.07551,1.06789,1.07181,1433,76.19999999999959,79.42142857142865
2022-06-01,1.07182,1.07393,1.06271,1.06541,1431,112.20000000000007,82.81428571428566
2022-06-02,1.06542,1.07643,1.06495,1.0753,1434,114.79999999999934,81.88571428571417
2022-06-03,1.07531,1.07624,1.0704,1.07169,1019,58.400000000000674,80.1785714285714
2022-06-05,1.07167,1.07316,1.07099,1.07251,407,21.699999999997832,71.5857142857141
2022-06-06,1.07251,1.07518,1.06705,1.06815,1439,81.2999999999997,72.66428571428547
2022-06-07,1.06815,1.07142,1.06519,1.06836,1431,62.29999999999958,74.29999999999968
2022-06-08,1.06835,1.07484,1.06713,1.07294,1436,77.10000000000105,72.02857142857114
2022-06-09,1.07294,1.07738,1.0611,1.06341,1438,162.80000000000072,77.4928571428568
2022-06-10,1.0634,1.06422,1.05057,1.05137,1020,136.4999999999994,82.10714285714262
2022-06-12,1.0513,1.05201,1.04756,1.04916,411,44.49999999999843,77.95714285714254
2022-06-13,1.04916,1.04954,1.0397,1.04271,1435,98.39999999999849,80.59999999999955
2022-06-14,1.0427,1.04846,1.03997,1.04426,1436,84.89999999999885,84.54285714285668
2022-06-15,1.04425,1.05077,1.0359,1.04429,1427,148.6999999999994,91.41428571428523
2022-06-16,1.04429,1.06014,1.03808,1.05203,1436,220.6000000000019,101.72857142857109
2022-06-17,1.05206,1.05357,1.04444,1.04934,1020,91.2999999999986,100.23571428571385
2022-06-19,1.04731,1.05287,1.04729,1.05283,419,55.79999999999918,96.02142857142813
2022-06-20,1.05281,1.05458,1.04979,1.0532,1428,47.900000000000716,95.27142857142813
2022-06-21,1.0532,1.05824,1.05021,1.05107,1423,80.29999999999981,99.45714285714256
2022-06-22,1.05107,1.06057,1.04687,1.05692,1430,137.00000000000045,103.43571428571404
2022-06-23,1.05692,1.05792,1.04826,1.05328,1435,96.60000000000001,105.88571428571409
2022-06-24,1.05327,1.05712,1.05141,1.05519,1020,57.10000000000104,104.45714285714266
2022-06-26,1.05479,1.05746,1.05457,1.05563,415,28.900000000000592,94.89285714285691
2022-06-27,1.05562,1.0615,1.05535,1.05811,1440,61.500000000000995,89.53571428571418
2022-06-28,1.0581,1.06061,1.05032,1.05296,1428,102.90000000000131,93.70714285714295
2022-06-29,1.05298,1.0535,1.04329,1.04516,1433,102.10000000000052,93.9714285714288
2022-06-30,1.04517,1.04887,1.03824,1.04543,1437,106.29999999999917,95.50000000000026
2022-07-01,1.0454,1.0474,1.03658,1.04262,1019,108.20000000000051,92.6071428571432
2022-07-03,1.04174,1.04442,1.04142,1.04259,414,29.999999999998916,78.99285714285726
2022-07-04,1.04258,1.04627,1.0417,1.04346,1432,45.699999999999626,75.7357142857145
2022-07-05,1.04346,1.04485,1.0235,1.02637,1437,213.4999999999998,87.00000000000026
2022-07-06,1.02636,1.02765,1.01614,1.02035,1434,115.09999999999908,91.80000000000014
2022-07-07,1.02035,1.02209,1.01439,1.01581,1426,77.0000000000004,91.5642857142859
2022-07-08,1.01582,1.01907,1.0072,1.01822,1020,118.69999999999824,90.25714285714288
2022-07-10,1.01697,1.01834,1.01348,1.01494,407,48.60000000000086,86.82857142857151
2022-07-11,1.01493,1.01544,1.00059,1.00258,1438,148.49999999999807,93.3571428571427
2022-07-12,1.00257,1.00738,0.99999,1.00363,1437,73.89999999999897,96.57142857142831
2022-07-13,1.00363,1.01222,0.99979,1.00328,1438,124.2999999999994,101.0571428571425
2022-07-14,1.00329,1.00503,0.99521,1.00256,1433,98.2000000000005,100.72142857142815
2022-07-15,1.00256,1.00979,1.00068,1.00821,1020,91.09999999999951,99.93571428571379
2022-07-17,1.00811,1.01143,1.00785,1.01042,417,35.80000000000138,94.89999999999966
2022-07-18,1.01041,1.02011,1.00812,1.01267,1438,119.90000000000167,95.73571428571404
2022-07-19,1.01267,1.0269,1.01241,1.0243,1437,144.89999999999893,103.94285714285688
2022-07-20,1.02429,1.02729,1.01553,1.02088,1437,117.59999999999992,109.0785714285712
2022-07-21,1.02088,1.02781,1.01531,1.01907,1439,124.99999999999955,102.7571428571426
2022-07-22,1.01904,1.02553,1.01297,1.02119,1020,125.60000000000126,103.50714285714275
2022-07-24,1.02083,1.02185,1.01809,1.0207,404,37.59999999999985,100.692857142857
2022-07-25,1.0207,1.02578,1.01784,1.023,1434,79.39999999999836,97.88571428571416
2022-07-26,1.02299,1.02361,1.01074,1.01426,1437,128.69999999999936,103.60714285714263
2022-07-27,1.01424,1.02206,1.00966,1.02095,1435,123.99999999999966,101.85714285714275
2022-07-28,1.02094,1.02343,1.01138,1.02131,1435,120.50000000000115,105.18571428571433
2022-07-29,1.0213,1.02542,1.0146,1.02248,1020,108.20000000000051,104.0357142857144
2022-07-31,1.02098,1.02411,1.02053,1.02254,416,35.80000000000138,99.5785714285716
2022-08-01,1.02253,1.02939,1.02132,1.02736,1435,80.70000000000022,98.83571428571452
2022-08-02,1.02735,1.02795,1.01498,1.01912,1429,129.69999999999925,105.54285714285722
2022-08-03,1.01912,1.02102,1.01226,1.01626,1440,87.600000000001,103.2357142857143
2022-08-04,1.01626,1.02537,1.01565,1.02363,1439,97.1999999999995,99.82857142857151
2022-08-05,1.02363,1.02391,1.01415,1.01825,1020,97.59999999999991,98.40000000000008
2022-08-07,1.01726,1.01856,1.0159,1.01855,417,26.599999999998847,91.3714285714286
2022-08-08,1.01854,1.02217,1.01712,1.01961,1435,50.499999999999986,86.00714285714278
2022-08-09,1.01957,1.02472,1.01916,1.02137,1438,55.600000000000094,87.29285714285709
2022-08-10,1.02139,1.03685,1.0202,1.02883,1436,166.50000000000054,93.5142857142858
2022-08-11,1.02886,1.03642,1.02752,1.03171,1437,88.99999999999908,90.67857142857149
2022-08-12,1.0317,1.03241,1.0238,1.0259,1020,86.10000000000007,87.97142857142867
2022-08-14,1.02551,1.02682,1.02397,1.02518,416,28.500000000000192,81.40000000000005
2022-08-15,1.02519,1.02557,1.01473,1.01619,1440,108.40000000000182,81.41428571428585
2022-08-16,1.0162,1.01948,1.01225,1.01733,1429,72.29999999999848,84.0214285714285
2022-08-17,1.01733,1.02029,1.01453,1.01705,1437,57.59999999999987,82.37142857142848
2022-08-18,1.01704,1.0188,1.00697,1.008,1435,118.30000000000007,81.55714285714282
2022-08-19,1.00801,1.00954,1.00318,1.00326,1020,63.60000000000143,79.84285714285714
2022-08-21,1.00366,1.00466,1.00233,1.00428,416,23.300000000001653,74.56428571428587
2022-08-22,1.00427,1.00428,0.9926,0.99418,1438,116.80000000000022,75.93571428571445
2022-08-23,0.99417,1.00181,0.99002,0.99474,1438,117.90000000000077,82.45714285714317
2022-08-24,0.99473,0.99993,0.99099,0.99863,1440,89.39999999999948,85.23571428571456
2022-08-25,0.99862,1.00334,0.9949,0.99703,1438,84.39999999999891,87.29285714285733
2022-08-26,0.99703,1.00898,0.99463,0.99623,1020,143.49999999999974,85.65000000000013
2022-08-28,0.99657,0.9967,0.9918,0.99238,416,49.00000000000015,82.79285714285736
2022-08-29,0.99239,1.00291,0.99141,0.99982,1439,114.99999999999955,84.85714285714302
2022-08-30,0.99983,1.00547,0.99821,1.0032,1430,72.60000000000043,88.00714285714305
2022-08-31,1.00322,1.0079,0.99712,1.00162,1438,107.80000000000011,87.96428571428578
2022-09-01,1.00163,1.00485,0.99107,0.99618,1438,137.80000000000013,92.64285714285732
2022-09-02,0.99617,1.00335,0.99449,0.99515,1020,88.59999999999978,94.85714285714303
2022-09-04,0.99285,0.99347,0.99008,0.99128,420,33.90000000000004,88.8285714285716
2022-09-05,0.99127,0.99706,0.98772,0.9944,1433,93.39999999999904,90.95714285714287
2022-09-06,0.9944,0.99862,0.98638,0.98863,1440,122.39999999999917,98.0357142857141
2022-09-07,0.98859,1.00128,0.98756,0.99861,1436,137.19999999999953,99.49285714285692
2022-09-08,0.9986,1.0084,0.99303,1.00693,1434,153.69999999999993,102.04999999999971
2022-09-09,1.00692,1.01131,1.0032,1.00425,1020,81.09999999999839,101.45714285714249
2022-09-11,1.01039,1.01039,1.00596,1.0081,418,44.299999999999336,98.59285714285681
2022-09-12,1.00809,1.01977,1.00732,1.013,1434,124.50000000000071,97.23571428571402
2022-09-13,1.013,1.0187,0.99554,0.99886,1435,231.59999999999957,110.27857142857111
2022-09-14,0.99887,1.00234,0.99595,0.99739,1437,63.90000000000006,106.62857142857115
2022-09-15,0.9974,1.00177,0.99556,0.99972,1432,62.100000000000485,105.87857142857116
2022-09-16,0.99973,1.00363,0.99448,1.00146,1020,91.49999999999991,104.71428571428544
2022-09-18,1.00072,1.00291,0.99943,0.99979,397,34.79999999999927,97.35714285714252
2022-09-19,0.9998,1.00504,0.99657,1.00294,1434,84.69999999999978,97.07857142857108
2022-09-20,1.00294,1.0042,0.9955,0.99659,1440,86.99999999999929,100.87142857142818
2022-09-21,0.9966,0.99683,0.9808,0.98193,1439,160.29999999999987,105.64999999999966
2022-09-22,0.98191,0.99074,0.98119,0.98233,1434,95.49999999999947,103.7285714285711
2022-09-23,0.98234,0.9838,0.9668,0.96885,1020,170.00000000000014,106.0714285714283
2022-09-25,0.96666,0.97098,0.95503,0.96338,420,159.4999999999991,106.48571428571395
2022-09-26,0.96338,0.97013,0.95839,0.96408,1439,117.40000000000083,109.07857142857128
2022-09-27,0.96408,0.96707,0.95426,0.95578,1440,128.09999999999988,115.06428571428559
2022-09-28,0.95579,0.97508,0.95357,0.96859,1438,215.09999999999917,121.53571428571406
2022-09-29,0.96856,0.98437,0.96353,0.97994,1440,208.3999999999997,119.87857142857122
2022-09-30,0.97996,0.98537,0.97346,0.98013,1020,119.09999999999975,123.82142857142833
2022-10-02,0.97933,0.98287,0.97852,0.98054,413,43.50000000000076,122.49285714285692
2022-10-03,0.98054,0.98453,0.97525,0.98422,1425,92.80000000000065,122.58571428571413
2022-10-04,0.98423,0.99995,0.98258,0.99692,1435,173.69999999999996,132.50714285714272
2022-10-05,0.99691,0.99947,0.98346,0.99165,1439,160.09999999999968,137.89285714285703
2022-10-06,0.99166,0.99258,0.97862,0.98047,1437,139.5999999999997,141.6499999999999
2022-10-07,0.98047,0.98167,0.97259,0.97388,1020,90.80000000000088,136.68571428571425
2022-10-09,0.97336,0.97531,0.97246,0.97375,402,28.500000000000192,131.90000000000003
2022-10-10,0.97375,0.97457,0.96807,0.9682,1435,65.00000000000061,124.40000000000006
2022-10-11,0.96819,0.97745,0.96698,0.96982,1439,104.7000000000009,120.48571428571448
2022-10-12,0.96979,0.97346,0.96678,0.97004,1437,66.8000000000002,116.87142857142872
2022-10-13,0.97003,0.98086,0.96315,0.9787,1440,177.10000000000002,120.37142857142872
2022-10-14,0.97869,0.97996,0.9707,0.97182,1020,92.60000000000045,111.62142857142882
2022-10-16,0.97201,0.97521,0.97182,0.97395,410,33.90000000000004,99.15714285714311
2022-10-17,0.97397,0.98525,0.97197,0.98409,1426,132.79999999999959,100.13571428571456
2022-10-18,0.9841,0.98755,0.98124,0.9844,1428,63.10000000000038,101.53571428571452
2022-10-19,0.98441,0.98461,0.97544,0.97612,1435,91.70000000000012,101.45714285714304
2022-10-20,0.9761,0.98454,0.9759,0.97684,1435,86.3999999999998,95.22142857142876
2022-10-21,0.97686,0.98689,0.97048,0.98613,1020,164.10000000000034,95.5071428571431
2022-10-23,0.98712,0.9899,0.98254,0.98343,418,73.60000000000034,90.79285714285743
2022-10-24,0.98342,0.98984,0.98067,0.98846,1433,91.70000000000012,90.85714285714309
2022-10-25,0.98845,0.99768,0.98484,0.99571,1434,128.3999999999996,97.99285714285733
2022-10-26,0.9957,1.00934,0.99508,1.00694,1438,142.5999999999994,103.53571428571438
2022-10-27,1.00692,1.00836,0.99575,0.99922,1415,126.09999999999899,105.06428571428566
2022-10-28,0.99921,0.99925,0.99265,0.99631,1020,65.99999999999939,105.00714285714275
2022-10-30,0.99464,0.99656,0.99431,0.99605,468,22.49999999999974,93.9642857142856
2022-10-31,0.99605,0.99616,0.98717,0.99049,1439,89.90000000000053,93.77142857142846
2022-11-01,0.9905,0.99539,0.98527,0.98841,1437,101.20000000000017,98.57857142857132
2022-11-02,0.98841,0.99757,0.98098,0.98345,1432,165.89999999999992,100.94285714285705
2022-11-03,0.98346,0.98359,0.97299,0.97861,1433,105.99999999999942,104.00714285714271
2022-11-04,0.97863,0.99664,0.9751,0.9956,956,215.40000000000003,112.842857142857
2022-11-06,0.99036,0.99469,0.99001,0.99388,420,46.800000000000175,110.01428571428558
2022-11-07,0.99389,1.0034,0.99239,1.00057,1439,110.10000000000075,106.15714285714274
2022-11-08,1.00058,1.00963,0.99715,1.00691,1437,124.80000000000047,109.8142857142856
2022-11-09,1.00693,1.00861,0.99927,1.00286,1438,93.40000000000015,109.9357142857142
2022-11-10,1.00286,1.02218,0.99354,1.01922,1439,286.40000000000106,121.22142857142858
2022-11-11,1.0192,1.0364,1.01893,1.03538,1020,174.70000000000095,123.51428571428585
2022-11-13,1.03354,1.03501,1.03051,1.03122,419,44.99999999999948,117.72142857142875
2022-11-14,1.03123,1.03584,1.02713,1.03211,1433,87.09999999999995,119.22857142857163
2022-11-15,1.03209,1.04808,1.02799,1.0345,1437,200.8999999999994,131.97142857142873
2022-11-16,1.03453,1.04384,1.03407,1.03708,1434,97.70000000000056,132.5285714285716
2022-11-17,1.03707,1.04065,1.03051,1.03648,1439,101.40000000000038,132.54285714285734
2022-11-18,1.03648,1.03959,1.03134,1.03235,1020,82.5000000000009,126.58571428571454
2022-11-20,1.03227,1.0333,1.02765,1.02809,419,56.50000000000155,123.05000000000041
2022-11-21,1.02809,1.02869,1.02227,1.02601,1438,64.20000000000093,112.25000000000047
2022-11-22,1.02601,1.03247,1.02456,1.0317,1439,79.10000000000083,114.55714285714339
2022-11-23,1.03168,1.04484,1.02963,1.04462,1438,152.09999999999945,117.55714285714329
2022-11-24,1.04463,1.04466,1.03816,1.04212,1424,64.9999999999995,113.28571428571466
2022-11-25,1.04213,1.04282,1.03546,1.03926,1020,73.60000000000034,111.87142857142895
2022-11-27,1.03716,1.03836,1.0341,1.0362,412,42.599999999999305,94.45714285714311
2022-11-28,1.03621,1.04967,1.033,1.03928,1436,166.70000000000184,93.8857142857146
2022-11-29,1.03928,1.03933,1.03188,1.03557,1439,74.50000000000178,95.99285714285762
2022-11-30,1.03558,1.04477,1.029,1.0439,1439,157.7000000000006,101.0357142857148
2022-12-01,1.04389,1.05393,1.03929,1.05231,1438,146.39999999999986,97.1428571428577
2022-12-02,1.05232,1.05448,1.0428,1.05325,1020,116.80000000000135,98.50714285714346
2022-12-04,1.05303,1.05832,1.05303,1.0581,420,52.90000000000017,95.04285714285776
2022-12-05,1.05809,1.05948,1.048,1.04906,1436,114.79999999999934,97.35000000000049
2022-12-06,1.04905,1.05326,1.04549,1.04635,1433,77.70000000000054,98.86428571428613
2022-12-07,1.04634,1.05496,1.04431,1.05008,1440,106.49999999999825,101.88571428571451
2022-12-08,1.0501,1.05853,1.04895,1.05759,1436,95.79999999999922,103.07857142857154
2022-12-09,1.05759,1.05881,1.05027,1.05316,1020,85.39999999999992,98.31428571428584
2022-12-11,1.05264,1.05372,1.05057,1.0516,419,31.49999999999986,95.92142857142873
2022-12-12,1.05158,1.058,1.05079,1.05411,1430,72.1000000000016,95.81428571428596
2022-12-13,1.05412,1.06731,1.05278,1.06239,1435,145.2999999999993,103.15000000000025
2022-12-14,1.06238,1.0695,1.06187,1.06475,1434,76.29999999999804,96.69285714285714
2022-12-15,1.06474,1.07361,1.05921,1.06461,1431,143.9999999999997,101.6571428571427
2022-12-16,1.06459,1.0663,1.05839,1.05839,1020,79.10000000000083,96.042857142857
2022-12-18,1.05895,1.0613,1.0582,1.06063,419,30.999999999998806,87.7999999999998
2022-12-19,1.06063,1.06578,1.05757,1.06071,1435,82.1000000000005,85.3214285714283
2022-12-20,1.06071,1.06584,1.05788,1.06083,1438,79.59999999999967,87.2285714285711
2022-12-21,1.0608,1.06459,1.05901,1.06445,1437,55.79999999999918,83.01428571428539
2022-12-22,1.06444,1.06593,1.0573,1.06055,1433,86.30000000000138,83.62857142857116
2022-12-23,1.06053,1.06328,1.05922,1.06172,1020,40.599999999999525,78.92142857142838
2022-12-25,1.06114,1.06344,1.05979,1.06265,390,36.49999999999931,74.68571428571411
2022-12-26,1.06264,1.06604,1.06151,1.06454,1364,45.30000000000145,71.82142857142851
2022-12-27,1.06454,1.06694,1.06113,1.06415,1435,58.100000000000925,73.72142857142858
2022-12-28,1.06415,1.06742,1.06065,1.0625,1435,67.69999999999942,73.40714285714272
2022-12-29,1.06249,1.06902,1.06109,1.06551,1430,79.29999999999993,68.69285714285705
2022-12-30,1.06551,1.07131,1.06385,1.07054,1019,74.60000000000022,68.57142857142864
2023-01-01,1.0697,1.07087,1.06788,1.06993,383,29.90000000000048,60.421428571428685
2023-01-02,1.06994,1.06997,1.06499,1.06672,1426,49.79999999999984,58.32857142857147
2023-01-03,1.06673,1.06706,1.05194,1.05727,1429,151.199999999998,66.9142857142857
2023-01-04,1.05726,1.06354,1.05594,1.0604,1434,75.99999999999828,66.47857142857126
2023-01-05,1.06041,1.06288,1.05148,1.05243,1427,114.00000000000077,68.9357142857142
2023-01-06,1.05245,1.0648,1.04823,1.06413,1020,165.69999999999973,76.78571428571423
2023-01-08,1.06406,1.06782,1.06381,1.06764,412,40.10000000000069,73.48571428571418
2023-01-09,1.06764,1.07605,1.066,1.07306,1436,100.49999999999892,77.76428571428558
2023-01-10,1.07304,1.07592,1.07119,1.07384,1425,47.29999999999901,78.53571428571412
2023-01-11,1.07383,1.07762,1.07254,1.07715,1436,50.799999999999734,78.92857142857115
2023-01-12,1.07715,1.08679,1.07297,1.08398,1434,138.19999999999942,84.64999999999961
2023-01-13,1.08396,1.0864,1.07803,1.08302,1020,83.69999999999987,85.79285714285677
2023-01-15,1.08288,1.08741,1.08201,1.08526,413,54.00000000000071,83.98571428571397
2023-01-16,1.08527,1.08609,1.08013,1.0826,1423,59.59999999999965,82.91428571428537
2023-01-17,1.08258,1.08693,1.07661,1.07742,1440,103.19999999999884,88.14999999999954
2023-01-18,1.07743,1.08873,1.07679,1.07956,1437,119.40000000000062,93.12142857142815
2023-01-19,1.07958,1.0844,1.07825,1.08294,1433,61.500000000000995,86.71428571428552
2023-01-20,1.08293,1.08587,1.08022,1.08549,1020,56.499999999999325,85.32142857142844
2023-01-22,1.08678,1.09029,1.08611,1.08946,415,41.80000000000072,80.1642857142856
2023-01-23,1.08945,1.09267,1.08461,1.08761,1427,80.59999999999955,74.08571428571415
2023-01-24,1.08763,1.09028,1.08349,1.08986,1432,67.89999999999851,76.07142857142829
2023-01-25,1.08986,1.09246,1.08571,1.09143,1422,67.50000000000034,73.71428571428552
2023-01-26,1.09142,1.09293,1.08505,1.08661,1433,78.79999999999886,75.96428571428552
2023-01-27,1.08662,1.08953,1.08377,1.08649,959,57.60000000000209,76.44999999999996
2023-01-29,1.08643,1.08792,1.08595,1.08761,417,19.700000000000273,67.98571428571431
2023-01-30,1.0876,1.09137,1.08389,1.0846,1432,74.7999999999993,67.35
2023-01-31,1.0846,1.08747,1.08019,1.08656,1437,72.79999999999953,68.69285714285705
2023-02-01,1.08655,1.10327,1.08653,1.10195,1433,167.39999999999975,76.39285714285704
2023-02-02,1.10197,1.10246,1.08851,1.08931,1415,139.49999999999906,78.98571428571422
2023-02-03,1.08931,1.09399,1.07924,1.07929,1020,147.5000000000004,80.99285714285705
2023-02-05,1.0782,1.07987,1.07813,1.07962,420,17.400000000000748,77.84285714285704
2023-02-06,1.07961,1.07979,1.07092,1.07326,1433,88.69999999999933,80.14285714285704
2023-02-07,1.07327,1.07664,1.0669,1.07334,1435,97.40000000000082,84.11428571428561
2023-02-08,1.07333,1.07607,1.07092,1.07319,1437,51.49999999999988,82.0357142857142
2023-02-09,1.07319,1.07907,1.07171,1.07183,1438,73.60000000000034,82.44285714285719
2023-02-10,1.07182,1.07525,1.06661,1.06754,1020,86.3999999999998,83.79285714285716
2023-02-12,1.06808,1.06821,1.06553,1.06671,413,26.800000000000157,80.07857142857154
2023-02-13,1.06671,1.07398,1.06628,1.07379,1432,77.0000000000004,81.4642857142857
2023-02-14,1.07378,1.08044,1.07066,1.07182,1434,97.80000000000122,87.04285714285719
2023-02-15,1.0718,1.07327,1.06604,1.0707,1436,72.29999999999848,86.86428571428571
2023-02-16,1.0707,1.07222,1.06326,1.06381,1438,89.59999999999856,88.06428571428565
2023-02-17,1.06381,1.06982,1.06126,1.06929,1020,85.599999999999,82.22142857142845
2023-02-19,1.06849,1.06933,1.06728,1.06864,354,20.499999999998852,73.72142857142843
2023-02-20,1.06865,1.07044,1.0662,1.06683,994,42.40000000000021,66.21428571428555
2023-02-21,1.06682,1.0698,1.06397,1.06585,1018,58.30000000000002,69.13571428571407
2023-02-22,1.06584,1.06632,1.05989,1.06243,1011,64.29999999999936,67.39285714285694
2023-02-23,1.06242,1.06275,1.0579,1.05998,1019,48.500000000000206,63.89999999999975
2023-02-24,1.05997,1.06021,1.05359,1.05469,660,66.2000000000007,64.9499999999998
2023-02-26,1.05451,1.05598,1.054,1.05488,357,19.799999999998708,61.10714285714254
2023-02-27,1.05487,1.06148,1.05328,1.059,1015,81.99999999999984,60.79285714285684
2023-02-28,1.05899,1.06406,1.05651,1.0589,1019,75.49999999999945,64.27142857142822
2023-03-01,1.05889,1.06913,1.05888,1.06479,1020,102.49999999999869,66.09285714285667
2023-03-02,1.06478,1.06485,1.05764,1.06085,1004,72.1000000000016,64.2571428571424
2023-03-03,1.06085,1.06384,1.05924,1.0635,660,45.999999999999375,62.37857142857104
2023-03-05,1.06266,1.06498,1.06232,1.06426,360,26.600000000001067,57.87857142857121
2023-03-06,1.06428,1.06942,1.06219,1.06903,1018,72.3000000000007,56.92857142857133
2023-03-07,1.06902,1.06943,1.05274,1.05349,996,166.90000000000092,67.38571428571434
2023-03-08,1.05348,1.05614,1.05241,1.05517,997,37.30000000000011,67.02142857142863
2023-03-09,1.05516,1.05993,1.0548,1.05945,1007,51.300000000000786,66.52142857142867
2023-03-10,1.05944,1.06873,1.05738,1.06368,660,113.4999999999997,70.03571428571442
2023-03-12,1.06808,1.07369,1.06637,1.07176,358,73.19999999999993,71.80000000000011
2023-03-13,1.07176,1.07423,1.065,1.07025,1020,92.30000000000071,73.66428571428582
2023-03-14,1.07024,1.07597,1.06787,1.07447,1001,80.99999999999996,78.03571428571448
2023-03-15,1.07447,1.07462,1.05158,1.06027,987,230.3999999999995,88.63571428571446
2023-03-16,1.06025,1.06491,1.05728,1.0649,1020,76.30000000000025,88.69285714285738
2023-03-17,1.06491,1.06852,1.06122,1.06647,660,72.99999999999862,86.58571428571452
2023-03-19,1.06821,1.06898,1.06646,1.06697,360,25.200000000000777,83.23571428571447
2023-03-20,1.06695,1.07295,1.06311,1.07121,1020,98.4000000000007,86.97857142857171
2023-03-21,1.07121,1.07825,1.07038,1.07686,1020,78.69999999999821,90.70000000000005
2023-03-22,1.07688,1.09056,1.0759,1.09035,1018,146.59999999999894,96.00714285714278
2023-03-23,1.09036,1.09296,1.08171,1.08341,1020,112.49999999999982,92.12142857142842
2023-03-24,1.08341,1.0837,1.07131,1.07589,600,123.90000000000123,98.3071428571428
2023-03-26,1.07752,1.07798,1.07575,1.07715,346,22.299999999999542,96.23571428571414
2023-03-27,1.07715,1.08194,1.07449,1.0815,999,74.49999999999956,93.44999999999985
2023-03-28,1.08151,1.08494,1.0806,1.08364,1017,43.400000000000105,91.32142857142843
2023-03-29,1.08364,1.08713,1.08177,1.08329,1011,53.600000000000314,88.5571428571427
2023-03-30,1.0833,1.09262,1.08235,1.09068,1007,102.7,90.10714285714268
2023-03-31,1.09067,1.09107,1.08368,1.08386,720,73.90000000000008,78.9285714285713
2023-04-02,1.08398,1.0844,1.07882,1.07899,350,55.800000000001404,77.46428571428567
2023-04-03,1.079,1.09097,1.07891,1.08885,1019,120.5999999999996,80.86428571428574
2023-04-04,1.08886,1.09701,1.08828,1.09596,1020,87.30000000000126,85.30000000000007
2023-04-05,1.09596,1.09673,1.08845,1.08918,1077,82.80000000000065,84.18571428571434
2023-04-06,1.08918,1.09375,1.08858,1.09194,1173,51.699999999998965,82.25714285714297
2023-04-09,1.0898,1.09145,1.08968,1.08991,354,17.700000000000493,73.05000000000021
2023-04-10,1.08992,1.09171,1.08373,1.08815,1015,79.79999999999876,70.71428571428585
2023-04-11,1.08814,1.09287,1.08808,1.09241,1016,47.900000000000716,65.28571428571439
2023-04-12,1.0924,1.10049,1.09159,1.09883,1016,88.99999999999908,70.05000000000008
2023-04-13,1.09882,1.10751,1.09767,1.10703,1004,98.4000000000007,71.75714285714301
2023-04-14,1.10702,1.10758,1.09752,1.09922,720,100.59999999999957,75.84285714285726
2023-04-16,1.09888,1.09942,1.09615,1.09762,353,32.70000000000106,74.35000000000016
2023-04-17,1.09761,1.09997,1.09116,1.09357,957,88.09999999999984,73.30714285714302
2023-04-18,1.09356,1.0984,1.09337,1.09742,1020,50.3000000000009,71.62142857142878
2023-04-19,1.09742,1.09793,1.0926,1.09594,1020,53.300000000000566,71.4428571428573
2023-04-20,1.09593,1.09849,1.09334,1.09639,1019,51.49999999999988,66.50714285714302
2023-04-21,1.09639,1.09936,1.0938,1.09874,720,55.59999999999787,64.24285714285708
2023-04-23,1.09866,1.0995,1.09798,1.09815,299,15.199999999999658,59.41428571428558
2023-04-24,1.09813,1.1067,1.09658,1.10527,1007,101.19999999999906,62.94999999999987
2023-04-25,1.10528,1.10588,1.09641,1.09751,1017,94.69999999999867,68.44999999999973
2023-04-26,1.0975,1.10858,1.0972,1.10456,1017,113.79999999999946,70.87857142857122
2023-04-27,1.10456,1.10634,1.0992,1.10194,1020,71.40000000000146,72.5571428571427
2023-04-28,1.10193,1.10449,1.09723,1.10193,660,72.60000000000043,71.38571428571422
2023-04-30,1.10191,1.1022,1.10007,1.1014,300,21.299999999999653,65.87857142857129
2023-05-01,1.10143,1.10355,1.09653,1.09839,995,70.20000000000026,63.70714285714276
2023-05-02,1.0984,1.10297,1.09422,1.10294,1011,87.50000000000036,67.62142857142842
2023-05-03,1.10294,1.10916,1.10142,1.10812,1020,77.39999999999857,66.85714285714263
2023-05-04,1.10812,1.10917,1.09952,1.10439,1008,96.49999999999936,70.15714285714252
2023-05-05,1.10441,1.10477,1.09667,1.10162,720,80.99999999999996,72.1357142857139
2023-05-07,1.10213,1.10399,1.10143,1.1039,300,25.600000000001177,70.285714285714
2023-05-08,1.1039,1.10535,1.09849,1.09936,1019,68.60000000000088,71.21428571428564
2023-05-09,1.09939,1.10007,1.09492,1.09761,1020,51.500000000002096,73.80714285714295
2023-05-10,1.0976,1.10068,1.09414,1.09744,1019,65.40000000000212,71.25000000000031
2023-05-11,1.09744,1.09822,1.09,1.09222,1008,82.19999999999894,70.35714285714319
2023-05-12,1.09221,1.09354,1.08476,1.08477,720,87.8000000000001,68.50000000000038
2023-05-14,1.0861,1.08643,1.08478,1.08599,349,16.499999999999293,64.57857142857166
2023-05-15,1.08598,1.08908,1.08554,1.08824,1075,35.400000000000986,61.92142857142884
2023-05-16,1.08823,1.09046,1.0855,1.08654,999,49.600000000000755,63.9428571428575
2023-05-17,1.08654,1.08676,1.08147,1.08398,1003,52.90000000000017,62.7071428571432
2023-05-18,1.08398,1.08404,1.076,1.07683,1016,80.39999999999824,62.200000000000195
2023-05-19,1.07683,1.08249,1.07605,1.08019,720,64.4,61.271428571428864
2023-05-21,1.08062,1.08298,1.08062,1.08208,299,23.600000000001398,56.06428571428615
2023-05-22,1.08208,1.08241,1.07955,1.0808,1016,28.600000000000847,52.321428571429074
2023-05-23,1.08079,1.08129,1.07601,1.07788,1008,52.80000000000173,54.26428571428625
2023-05-24,1.07787,1.08012,1.0736,1.07374,1019,65.1999999999986,54.02142857142894
2023-05-25,1.07374,1.07438,1.07073,1.07374,1018,36.49999999999931,52.95000000000017
2023-05-26,1.07373,1.07572,1.07018,1.07292,660,55.400000000001,52.23571428571438
2023-05-28,1.07219,1.07354,1.07172,1.07303,300,18.199999999999328,47.66428571428584
2023-05-29,1.07304,1.07434,1.07013,1.07065,1009,42.10000000000047,44.40000000000015
2023-05-30,1.07065,1.07465,1.06725,1.06977,1019,74.00000000000072,48.50714285714311
2023-05-31,1.06977,1.07051,1.06355,1.0687,1004,69.60000000000078,50.95000000000024
2023-06-01,1.0687,1.0769,1.06617,1.0768,1019,107.29999999999906,55.07142857142868
2023-06-02,1.0768,1.07789,1.0705,1.07063,719,73.90000000000008,56.57142857142868
2023-06-04,1.07098,1.07107,1.06902,1.07025,351,20.499999999998852,52.2928571428573
2023-06-05,1.07026,1.07246,1.06777,1.07159,1012,46.899999999998606,51.0428571428572
2023-06-06,1.07161,1.07328,1.06669,1.06927,1001,65.90000000000096,54.064285714285745
2023-06-07,1.06926,1.07396,1.06682,1.07082,1018,71.39999999999924,57.121428571428474
2023-06-08,1.07082,1.07856,1.07009,1.07777,1013,84.69999999999978,59.39999999999977
2023-06-09,1.07777,1.07841,1.07428,1.0744,660,41.30000000000189,57.69285714285716
2023-06-11,1.07491,1.07503,1.0733,1.07409,298,17.300000000000093,56.32142857142863
2023-06-12,1.07409,1.079,1.0739,1.0779,1010,50.99999999999882,56.00714285714277
2023-06-13,1.0779,1.08234,1.0776,1.07899,1018,47.40000000000188,58.09285714285723
2023-06-14,1.07899,1.0864,1.07739,1.08132,1020,90.09999999999962,61.5214285714286
2023-06-15,1.08132,1.09507,1.08036,1.09381,1019,147.1,66.74285714285712
2023-06-16,1.09382,1.09658,1.09217,1.09351,660,44.10000000000025,64.9214285714285
2023-06-18,1.09426,1.09462,1.09335,1.09369,300,12.699999999998823,58.16428571428564
2023-06-19,1.09369,1.09412,1.09099,1.09197,992,31.30000000000077,55.121428571428545
2023-06-20,1.09197,1.09461,1.08996,1.09149,1007,46.500000000000426,56.97857142857151
2023-06-21,1.09149,1.09949,1.09058,1.09929,959,89.09999999999972,59.992857142857304
2023-06-22,1.09928,1.10081,1.09321,1.09356,1017,76.00000000000051,60.71428571428584
2023-06-23,1.09356,1.09368,1.08443,1.0892,660,92.4999999999998,62.221428571428746
2023-06-25,1.09042,1.09097,1.08978,1.0906,349,11.900000000000244,57.02142857142877
2023-06-26,1.09061,1.0935,1.08873,1.09266,1017,47.699999999999406,57.47857142857145
2023-06-27,1.09265,1.09766,1.09161,1.09508,1018,60.50000000000111,60.56428571428581
2023-06-28,1.09508,1.09621,1.08905,1.08929,957,71.59999999999833,62.03571428571434
2023-06-29,1.08929,1.09414,1.08602,1.08713,1019,81.19999999999905,64.44999999999986
2023-06-30,1.08713,1.09224,1.08352,1.09095,720,87.2000000000006,64.24285714285706
2023-07-02,1.09089,1.09176,1.09004,1.09127,300,17.20000000000166,54.96428571428577
2023-07-03,1.09127,1.09339,1.08702,1.09044,1016,63.69999999999987,56.36428571428574
2023-07-04,1.09046,1.09146,1.0875,1.08773,1014,39.600000000001856,58.28571428571452
2023-07-05,1.08774,1.09078,1.08399,1.084,1014,67.90000000000073,60.90000000000024
2023-07-06,1.08401,1.08977,1.08337,1.08878,1008,63.99999999999961,62.15000000000017
2023-07-07,1.08876,1.09731,1.08669,1.09675,659,106.20000000000073,63.371428571428815
2023-07-09,1.09593,1.09695,1.09528,1.09559,352,16.700000000000603,59.13571428571454
2023-07-10,1.0956,1.102,1.09434,1.10173,1015,76.6,58.00000000000027
2023-07-11,1.10173,1.10334,1.09783,1.10295,1012,55.099999999999035,61.08571428571447
2023-07-12,1.10295,1.11486,1.10148,1.11456,1016,133.79999999999947,67.23571428571448
2023-07-13,1.11456,1.12429,1.11298,1.12413,1020,113.09999999999931,70.9928571428572
2023-07-14,1.12413,1.12448,1.12041,1.12259,660,40.70000000000018,68.78571428571448
2023-07-16,1.12273,1.12315,1.12147,1.12264,300,16.80000000000126,64.18571428571464
2023-07-17,1.12263,1.12559,1.12033,1.12537,1017,52.60000000000042,61.714285714286056
2023-07-18,1.12539,1.12756,1.12089,1.12261,1016,66.69999999999953,65.25000000000018
2023-07-19,1.12262,1.124,1.11895,1.12258,1020,50.50000000000221,64.3071428571432
2023-07-20,1.12259,1.12267,1.11184,1.1136,1019,108.30000000000116,69.21428571428602
2023-07-21,1.11361,1.11449,1.11079,1.11254,660,37.00000000000036,67.00714285714314
2023-07-23,1.11197,1.11327,1.11194,1.11255,343,13.300000000000534,63.385714285714634
2023-07-24,1.11254,1.11469,1.10602,1.10782,1020,86.69999999999955,61.99285714285741
2023-07-25,1.10782,1.10868,1.10255,1.10493,1020,61.30000000000191,65.17857142857179
2023-07-26,1.10492,1.11178,1.10462,1.11002,1018,71.60000000000055,64.82142857142897
2023-07-27,1.11002,1.11439,1.09662,1.09765,1016,177.7000000000006,73.57857142857195
2023-07-28,1.09766,1.10475,1.09435,1.10125,720,103.99999999999964,71.45000000000051
2023-07-30,1.10206,1.10282,1.10091,1.10123,414,19.099999999998563,64.73571428571475
2023-07-31,1.10124,1.10458,1.09803,1.09855,1435,65.49999999999834,66.5071428571432
2023-08-01,1.09854,1.10192,1.09523,1.09868,1436,66.90000000000084,70.08571428571459
2023-08-02,1.09869,1.10006,1.09178,1.09347,1436,82.80000000000065,72.24285714285746
2023-08-03,1.09347,1.09628,1.09122,1.09542,1433,50.599999999998424,71.09285714285738
2023-08-04,1.09543,1.10419,1.09349,1.10029,1020,106.99999999999932,75.12857142857146
2023-08-06,1.10141,1.10151,1.09951,1.09955,415,20.000000000000018,68.82142857142853
2023-08-07,1.09955,1.10116,1.09654,1.09818,1434,46.19999999999846,69.47857142857124
2023-08-08,1.09817,1.10111,1.0929,1.09665,1438,82.1000000000005,74.39285714285695
2023-08-09,1.09665,1.09953,1.0962,1.09791,1434,33.29999999999833,70.57857142857115
2023-08-10,1.09791,1.1065,1.09761,1.09872,1435,88.90000000000065,72.54999999999963
2023-08-11,1.09872,1.10049,1.09429,1.09433,1020,61.99999999999983,71.86428571428529
2023-08-13,1.09493,1.09517,1.09292,1.09321,410,22.500000000000853,60.77857142857103
2023-08-14,1.09321,1.096,1.08747,1.09143,1432,85.30000000000148,59.44285714285688
2023-08-15,1.09145,1.09524,1.08969,1.09064,1437,55.49999999999944,62.04285714285693
2023-08-16,1.09064,1.09345,1.08618,1.08642,1430,72.7000000000011,62.55714285714284
2023-08-17,1.08642,1.0918,1.08563,1.08859,1437,61.70000000000009,62.18571428571422
2023-08-18,1.08861,1.08879,1.0845,1.08678,1020,42.89999999999905,59.335714285714104
2023-08-20,1.08672,1.08841,1.08664,1.08803,415,17.700000000000493,56.98571428571425
2023-08-21,1.08804,1.09158,1.08723,1.0915,1429,43.50000000000076,52.45000000000007
2023-08-22,1.09149,1.09303,1.08329,1.08574,1427,97.3999999999986,57.9785714285714
2023-08-23,1.08574,1.0875,1.08025,1.08657,1440,72.49999999999979,59.857142857142925
2023-08-24,1.08658,1.08764,1.07799,1.07804,1435,96.49999999999936,60.88571428571428
2023-08-25,1.07804,1.08417,1.07658,1.07906,1020,75.89999999999985,63.928571428571516
2023-08-27,1.07957,1.08101,1.07933,1.08094,414,16.80000000000126,58.77857142857157
2023-08-28,1.08093,1.08382,1.07989,1.08362,1435,39.29999999999989,57.157142857143
2023-08-29,1.08362,1.08919,1.07822,1.08691,1434,109.70000000000145,63.38571428571448
2023-08-30,1.0869,1.09454,1.08551,1.09204,1437,90.30000000000094,63.74285714285729
2023-08-31,1.09205,1.09244,1.08347,1.08417,1434,89.70000000000144,66.18571428571457
2023-09-01,1.08416,1.08819,1.07716,1.07717,1017,110.30000000000095,68.87142857142885
2023-09-03,1.07748,1.07872,1.07716,1.07857,415,15.600000000000058,65.5785714285717
2023-09-04,1.07857,1.08087,1.07807,1.07884,1387,27.999999999999137,64.514285714286
2023-09-05,1.07884,1.07938,1.07062,1.07332,1428,87.600000000001,69.50714285714318
2023-09-06,1.07331,1.07488,1.07025,1.07297,1428,46.30000000000134,69.70714285714323
2023-09-07,1.07295,1.07302,1.06861,1.07164,1429,44.10000000000025,65.90000000000047
2023-09-08,1.07165,1.07438,1.06941,1.06974,1020,49.699999999999186,64.27142857142901
2023-09-10,1.07147,1.0728,1.07075,1.07225,415,20.499999999998852,58.84285714285755
2023-09-11,1.07226,1.07692,1.07154,1.07463,1428,53.800000000001624,57.264285714286245
2023-09-12,1.07462,1.07648,1.07055,1.07471,1437,59.30000000000213,60.30000000000059
2023-09-13,1.07472,1.07614,1.0711,1.07445,1426,50.400000000001555,61.09285714285785
2023-09-14,1.07446,1.07521,1.06318,1.06474,1419,120.29999999999984,61.85000000000059
2023-09-15,1.06476,1.06877,1.06443,1.06576,1015,43.400000000000105,58.50000000000053
2023-09-17,1.06588,1.06736,1.06578,1.06641,417,15.800000000001369,53.2214285714291
2023-09-18,1.06641,1.06986,1.06546,1.06826,1426,43.999999999999595,48.48571428571472
2023-09-19,1.06826,1.0718,1.06746,1.06795,1432,43.400000000000105,50.471428571429
2023-09-20,1.06794,1.07368,1.06167,1.06365,1431,120.10000000000076,57.05000000000056
2023-09-21,1.06366,1.06734,1.06246,1.06514,1437,48.799999999999955,54.27857142857191
2023-09-22,1.06514,1.06716,1.0615,1.06419,1020,56.59999999999998,55.01428571428609
2023-09-24,1.06513,1.06555,1.06424,1.0648,415,13.099999999999223,52.8000000000003
2023-09-25,1.06479,1.06531,1.05753,1.05858,1368,77.79999999999897,54.80714285714315
2023-09-26,1.05857,1.0609,1.05559,1.05619,1431,53.099999999999255,57.135714285714606
2023-09-27,1.05619,1.0574,1.0488,1.0504,1437,85.9999999999994,59.43571428571444
2023-09-28,1.0504,1.05827,1.0491,1.05754,1436,91.70000000000122,61.7500000000001
2023-09-29,1.05753,1.06169,1.05638,1.05694,1020,53.099999999999255,61.94285714285707
2023-10-01,1.05672,1.05721,1.05578,1.05698,417,14.300000000000423,54.371428571428545
2023-10-02,1.05697,1.05919,1.04638,1.04683,1435,128.09999999999988,60.42142857142853
2023-10-03,1.04683,1.04933,1.04483,1.04592,1432,45.000000000001705,62.507142857142846
2023-10-04,1.04593,1.05321,1.04514,1.0525,1437,80.70000000000022,65.12857142857146
2023-10-05,1.05249,1.05518,1.05,1.05423,1430,51.79999999999962,65.72857142857143
2023-10-06,1.05424,1.05999,1.04824,1.05828,1020,117.49999999999926,65.54285714285703
2023-10-08,1.05529,1.05742,1.05494,1.05521,420,24.800000000000377,63.828571428571344
2023-10-09,1.05522,1.05836,1.05194,1.05694,1437,64.1999999999987,64.3714285714284
2023-10-10,1.05693,1.06198,1.05542,1.06047,1433,65.59999999999899,68.12142857142838
2023-10-11,1.06047,1.06346,1.05806,1.06287,1434,54.00000000000071,66.42142857142849
2023-10-12,1.06285,1.06397,1.05257,1.05455,1439,114.00000000000077,70.77142857142861
2023-10-13,1.05453,1.05584,1.04954,1.05073,1020,62.99999999999972,69.12857142857148
2023-10-15,1.05083,1.05257,1.05025,1.05235,416,23.200000000000998,64.23571428571434
2023-10-16,1.05234,1.05627,1.05223,1.05498,1435,40.40000000000043,63.32857142857156
2023-10-17,1.05499,1.05948,1.05328,1.05754,1439,61.99999999999983,66.73571428571437
2023-10-18,1.05754,1.05941,1.05231,1.05338,1435,70.99999999999883,62.657142857142865
2023-10-19,1.05336,1.06163,1.05282,1.05759,1436,88.09999999999984,65.73571428571417
2023-10-20,1.0576,1.06035,1.05649,1.05927,1020,38.599999999999746,62.72857142857128
2023-10-22,1.0595,1.05968,1.05733,1.05751,416,23.499999999998522,60.70714285714262
2023-10-23,1.0575,1.06871,1.05714,1.06824,1436,115.7000000000008,60.57857142857131
2023-10-24,1.06825,1.06942,1.0583,1.0602,1436,111.20000000000019,66.74999999999986
2023-10-25,1.06019,1.06067,1.05414,1.05467,1437,65.29999999999924,66.82857142857132
2023-10-26,1.05467,1.05666,1.05221,1.05644,1436,44.49999999999843,65.32142857142843
2023-10-27,1.05644,1.0597,1.05354,1.05605,1020,61.60000000000165,65.86428571428564
2023-10-29,1.05644,1.05749,1.05551,1.05609,473,19.800000000000928,59.13571428571423
2023-10-30,1.05609,1.0625,1.05471,1.05938,1436,77.89999999999964,60.19999999999993
2023-10-31,1.05938,1.06748,1.05574,1.05672,1437,117.40000000000083,66.92857142857135
2023-11-01,1.05671,1.06021,1.05167,1.05959,1437,85.39999999999992,70.14285714285703
2023-11-02,1.05958,1.06675,1.0591,1.06264,1436,76.50000000000156,71.17857142857143
2023-11-03,1.06264,1.07467,1.06197,1.07295,960,126.99999999999933,75.17857142857147
2023-11-05,1.07232,1.07375,1.07207,1.07356,418,16.799999999999038,70.08571428571427
2023-11-06,1.07355,1.07562,1.07051,1.07064,1435,51.099999999999476,70.9785714285714
2023-11-07,1.07065,1.07116,1.0664,1.0692,1434,47.59999999999875,72.69999999999997
2023-11-08,1.0692,1.0716,1.06593,1.07088,1440,56.700000000000635,68.48571428571427
2023-11-09,1.07088,1.07254,1.06601,1.06712,1433,65.30000000000146,65.20714285714293
2023-11-10,1.06712,1.06927,1.0656,1.06848,1020,36.6999999999984,63.16428571428572
2023-11-12,1.06818,1.06906,1.06799,1.06842,413,10.699999999999044,60.75000000000004
2023-11-13,1.06842,1.07061,1.0665,1.06963,1433,41.10000000000058,59.285714285714256
2023-11-14,1.06962,1.08875,1.06928,1.08777,1437,194.70000000000098,71.7785714285714
2023-11-15,1.08778,1.08858,1.083,1.08369,1429,55.800000000001404,70.20000000000009
2023-11-16,1.08369,1.08955,1.08334,1.08502,1438,62.100000000000485,66.25000000000007
2023-11-17,1.08504,1.09148,1.08247,1.09138,1019,90.09999999999962,66.58571428571433
2023-11-19,1.09095,1.09358,1.08974,1.0922,420,38.40000000000065,63.86428571428571
2023-11-20,1.09219,1.09651,1.09129,1.09586,1439,52.200000000000024,58.521428571428615
2023-11-21,1.09589,1.09639,1.09001,1.09137,1437,63.80000000000052,61.87857142857157
2023-11-22,1.09136,1.09197,1.08522,1.09025,1433,67.50000000000034,63.05000000000022
2023-11-23,1.09025,1.09303,1.0887,1.09035,1408,43.29999999999945,62.7428571428574
2023-11-24,1.09035,1.09486,1.09014,1.09341,1015,47.199999999998354,62.06428571428581
2023-11-26,1.09438,1.09497,1.09267,1.09473,419,22.999999999999687,59.0428571428571
2023-11-27,1.09472,1.09628,1.09251,1.09524,1434,37.69999999999829,59.11428571428568
2023-11-28,1.09523,1.10171,1.09344,1.10025,1438,82.69999999999999,64.25714285714288
2023-11-29,1.10024,1.10045,1.09601,1.09689,1438,44.39999999999999,64.49285714285713
2023-11-30,1.0969,1.09817,1.08794,1.09066,1438,102.30000000000183,57.89285714285719
2023-12-01,1.09066,1.09122,1.08287,1.08788,1020,83.5000000000008,59.871428571428574
2023-12-03,1.08771,1.08948,1.08665,1.08714,420,28.300000000001102,57.457142857142905
2023-12-04,1.08715,1.08807,1.0804,1.0844,1435,76.70000000000066,56.50000000000012
2023-12-05,1.0844,1.08474,1.07781,1.07943,1435,69.30000000000102,58.707142857143005
2023-12-06,1.07942,1.08047,1.0758,1.07603,1437,46.69999999999952,58.31428571428582
2023-12-07,1.07604,1.08175,1.07552,1.07829,1439,62.29999999999958,58.207142857142905
2023-12-08,1.07828,1.07911,1.07236,1.07592,1020,67.50000000000034,58.207142857142905
2023-12-10,1.07592,1.07739,1.07556,1.0763,417,18.299999999999983,56.42142857142865
2023-12-11,1.07629,1.07789,1.07415,1.07651,1432,37.400000000000766,55.721428571428824
2023-12-12,1.07654,1.08279,1.07653,1.07862,1435,62.59999999999932,58.55000000000023
2023-12-13,1.07864,1.09153,1.07731,1.08993,1439,142.199999999999,66.01428571428599
2023-12-14,1.08993,1.10092,1.088,1.0998,1440,129.1999999999982,69.33571428571443
2023-12-15,1.0998,1.09992,1.08885,1.08922,1020,110.69999999999912,74.07142857142865
2023-12-17,1.08973,1.09136,1.0892,1.09128,416,21.600000000001618,68.30714285714292
2023-12-18,1.0913,1.09311,1.09071,1.0923,1438,23.999999999999577,64.05714285714285
2023-12-19,1.09229,1.09873,1.09207,1.09686,1434,66.59999999999889,66.79285714285697
2023-12-20,1.09686,1.09756,1.09298,1.09491,1439,45.80000000000028,64.58571428571409
2023-12-21,1.09492,1.10125,1.09352,1.10004,1440,77.30000000000014,65.15714285714259
2023-12-22,1.10003,1.10401,1.09938,1.10135,1016,46.299999999999116,65.12857142857114
2023-12-24,1.10108,1.10159,1.09933,1.10025,186,22.600000000001508,62.29285714285699
2023-12-25,1.10025,1.10286,1.09974,1.10224,552,31.200000000000117,59.69999999999983
2023-12-26,1.10223,1.1045,1.10085,1.10416,1429,36.49999999999931,60.99999999999979
2023-12-27,1.10416,1.11226,1.10364,1.11102,1436,86.20000000000071,64.48571428571407
2023-12-28,1.11101,1.11394,1.10552,1.10666,1437,84.19999999999871,66.02857142857117
2023-12-29,1.10666,1.10806,1.10339,1.10361,1019,46.69999999999952,59.20714285714263
2024-01-01,1.10427,1.10447,1.10165,1.10208,415,28.200000000000447,51.99285714285708
2024-01-02,1.10208,1.10387,1.09375,1.09622,1436,101.19999999999906,51.314285714285646
2024-01-03,1.09623,1.09654,1.08929,1.09258,1436,72.49999999999979,54.949999999999804
2024-01-04,1.09259,1.09721,1.09208,1.09371,1434,51.300000000000786,56.89999999999988
2024-01-05,1.09371,1.09984,1.08767,1.09392,1019,121.70000000000013,60.83571428571425
2024-01-07,1.09386,1.0953,1.09306,1.0934,413,22.400000000000198,59.164285714285676
2024-01-08,1.09342,1.09788,1.09226,1.09561,1432,56.199999999999584,57.65714285714279
2024-01-09,1.0956,1.09629,1.09103,1.09321,1438,52.60000000000042,58.107142857142875
2024-01-10,1.09321,1.09847,1.09228,1.09777,1437,61.9000000000014,60.914285714285725
2024-01-11,1.09775,1.1,1.09302,1.09755,1437,69.79999999999986,63.671428571428564
2024-01-12,1.09756,1.09868,1.09359,1.09483,1020,50.90000000000039,64.70000000000007
2024-01-14,1.0948,1.09675,1.09407,1.09628,418,26.799999999997937,60.457142857142735
2024-01-15,1.09629,1.09666,1.09134,1.09175,1360,53.19999999999991,58.2428571428571
2024-01-16,1.09175,1.09265,1.0862,1.08709,1200,64.49999999999845,59.5142857142856
2024-01-17,1.08709,1.09028,1.08445,1.08941,1438,58.30000000000002,61.66428571428556
2024-01-18,1.0894,1.09067,1.08466,1.08864,1440,60.100000000000705,58.7285714285714
2024-01-19,1.08865,1.08983,1.08656,1.0896,1020,32.70000000000106,55.88571428571434
2024-01-21,1.08906,1.09091,1.08878,1.09028,417,21.299999999999653,53.742857142857126
2024-01-22,1.09029,1.09094,1.08756,1.08983,1436,33.799999999999386,47.464285714285644
2024-01-23,1.08984,1.09162,1.08215,1.08645,1435,94.70000000000088,52.6285714285714
2024-01-24,1.08644,1.09323,1.08592,1.08754,1439,73.09999999999927,53.83571428571424
2024-01-25,1.08754,1.09018,1.08216,1.08395,1435,80.19999999999915,55.80714285714272
2024-01-26,1.08395,1.08854,1.08128,1.08504,1020,72.60000000000043,56.57142857142836
2024-01-28,1.08468,1.0849,1.08393,1.08448,420,9.699999999999154,52.278571428571176
2024-01-29,1.08446,1.085,1.07958,1.08253,1438,54.199999999999804,52.51428571428541
2024-01-30,1.08251,1.08573,1.08119,1.08205,1436,45.399999999999885,53.842857142856985
2024-01-31,1.08203,1.08874,1.07949,1.08076,1434,92.4999999999998,56.64999999999983
2024-02-01,1.08076,1.08796,1.07799,1.0873,1434,99.70000000000034,59.164285714285676
2024-02-02,1.0873,1.08974,1.07804,1.07849,1020,116.99999999999821,63.3571428571427
2024-02-04,1.07854,1.07858,1.07673,1.07788,420,18.500000000001293,60.385714285714165
2024-02-05,1.07788,1.07861,1.07231,1.07489,1437,62.99999999999972,62.54999999999979
2024-02-06,1.0749,1.07665,1.07225,1.0759,1434,44.00000000000181,64.1714285714285
2024-02-07,1.07589,1.07883,1.07556,1.07799,1440,32.69999999999884,64.09285714285704
2024-02-08,1.07797,1.07889,1.07416,1.07711,1437,47.29999999999901,60.70714285714263
2024-02-09,1.0771,1.07951,1.07621,1.07821,1019,32.999999999998586,57.84285714285686
2024-02-11,1.07767,1.07997,1.07766,1.07904,414,23.100000000000342,53.76428571428551
2024-02-12,1.07903,1.08055,1.07559,1.07637,1435,49.59999999999853,52.12142857142824
2024-02-13,1.07635,1.07985,1.07005,1.07143,1439,98.0000000000003,58.42857142857117
2024-02-14,1.07144,1.07354,1.06949,1.07259,1436,40.49999999999887,57.44999999999969
2024-02-15,1.0726,1.07847,1.0726,1.07593,1438,58.700000000000415,58.399999999999714
2024-02-16,1.07591,1.07874,1.07319,1.07749,1020,55.49999999999944,55.75714285714255
2024-02-18,1.07718,1.07889,1.07718,1.07778,420,17.099999999998783,49.85714285714244
2024-02-19,1.07779,1.07894,1.07615,1.07689,1417,27.900000000000702,43.4928571428569
2024-02-20,1.0769,1.08387,1.07651,1.08141,1436,73.5999999999981,47.428571428570955
2024-02-21,1.08141,1.08321,1.07899,1.08303,1440,42.200000000001125,45.942857142856774
2024-02-22,1.08302,1.08882,1.08026,1.08254,1434,85.599999999999,48.91428571428514
2024-02-23,1.08253,1.08395,1.08117,1.08174,1019,27.800000000000047,48.564285714285234
2024-02-25,1.08318,1.08322,1.08126,1.08211,415,19.599999999999618,46.58571428571384
2024-02-26,1.0821,1.08597,1.08188,1.08534,1431,40.90000000000149,47.14999999999977
2024-02-27,1.08533,1.08659,1.08318,1.08323,1435,34.09999999999913,47.93571428571397
2024-02-28,1.08322,1.08458,1.07966,1.08363,1437,49.20000000000035,47.90714285714267
2024-02-29,1.08363,1.08558,1.07958,1.08135,1435,60.00000000000005,45.192857142856944
2024-03-01,1.08135,1.08432,1.07981,1.08368,1020,45.100000000000136,45.52142857142845
2024-03-03,1.08359,1.0848,1.0835,1.08436,414,13.000000000000789,42.25714285714277
2024-03-04,1.08435,1.08667,1.08377,1.08505,1429,29.000000000001247,40.36428571428576
2024-03-05,1.08504,1.0876,1.08403,1.08516,1435,35.69999999999851,41.692857142857164
2024-03-06,1.08516,1.09153,1.08516,1.09035,1438,63.69999999999987,44.249999999999964
2024-03-07,1.09034,1.09556,1.08678,1.09456,1435,87.8000000000001,45.264285714285826
2024-03-08,1.09456,1.09812,1.09183,1.09348,1020,62.89999999999907,46.7428571428571
2024-03-10,1.09411,1.09465,1.09359,1.09386,478,10.599999999998388,41.3857142857142
2024-03-11,1.09386,1.0948,1.09145,1.09368,1433,33.49999999999964,41.792857142857024
2024-03-12,1.09369,1.09438,1.09023,1.09234,1433,41.49999999999876,43.35714285714268
2024-03-13,1.09233,1.09638,1.09201,1.09424,1430,43.69999999999985,43.55714285714256
2024-03-14,1.09424,1.09454,1.0873,1.08763,1434,72.40000000000136,46.29285714285701
2024-03-15,1.08763,1.08996,1.08732,1.08869,957,26.399999999999757,44.66428571428554
2024-03-17,1.08905,1.08917,1.08805,1.08875,477,11.200000000000099,41.17857142857125
2024-03-18,1.08875,1.09061,1.08661,1.08706,1425,40.000000000000036,40.81428571428553
2024-03-19,1.08706,1.08721,1.08347,1.08665,1432,37.400000000000766,42.55714285714267
2024-03-20,1.08666,1.09389,1.08364,1.09331,1439,102.50000000000092,47.80714285714265
2024-03-21,1.09331,1.09426,1.08311,1.08332,1436,111.49999999999993,53.22142857142847
2024-03-22,1.08332,1.08419,1.08017,1.08065,959,40.19999999999912,51.54285714285698
2024-03-24,1.08068,1.0822,1.08021,1.08131,470,19.900000000001583,46.692857142857086
2024-03-25,1.08131,1.08454,1.08071,1.08401,1428,38.3,44.9357142857143
2024-03-26,1.084,1.08643,1.08205,1.08298,1425,43.8000000000005,47.30714285714301
2024-03-27,1.08298,1.0839,1.0808,1.08234,1433,31.000000000001027,47.128571428571696
2024-03-28,1.08235,1.08265,1.07736,1.07766,1432,52.899999999997945,47.942857142857356
2024-03-29,1.07765,1.08051,1.07678,1.07898,955,37.30000000000011,47.48571428571451
2024-03-31,1.07882,1.07987,1.07847,1.07903,359,14.000000000000679,43.314285714285894
2024-04-01,1.07902,1.07921,1.07295,1.073,1427,62.59999999999932,45.90000000000015
2024-04-02,1.07302,1.07793,1.07246,1.07772,1426,54.700000000000855,49.00714285714306
2024-04-03,1.07773,1.08444,1.0764,1.08425,1425,80.40000000000046,51.89285714285737
2024-04-04,1.08425,1.08765,1.08233,1.08267,1440,53.19999999999991,53.021428571428736
2024-04-05,1.08266,1.08479,1.07913,1.08352,1020,56.59999999999998,49.74285714285724
2024-04-07,1.08347,1.08432,1.0823,1.08333,418,20.199999999999108,43.22142857142861
2024-04-08,1.08334,1.08635,1.08208,1.08553,1433,42.69999999999996,43.4000000000001
2024-04-09,1.08554,1.0885,1.08477,1.08529,1424,37.30000000000011,44.642857142857146
2024-04-10,1.0853,1.08665,1.07288,1.07446,1440,137.69999999999837,51.74285714285703
2024-04-11,1.07446,1.07564,1.06992,1.0717,1432,57.19999999999947,52.69999999999981
2024-04-12,1.07171,1.07174,1.06226,1.06385,1018,94.79999999999933,57.25714285714254
2024-04-14,1.06352,1.06549,1.06309,1.06519,419,23.999999999999577,55.192857142856944
2024-04-15,1.06519,1.06651,1.06061,1.06113,1436,59.00000000000016,56.74285714285695
2024-04-16,1.06114,1.06535,1.0601,1.06271,1437,52.499999999999766,59.492857142856884
2024-04-17,1.06272,1.06802,1.0606,1.06799,1437,74.19999999999982,60.32142857142834
2024-04-18,1.06799,1.069,1.06104,1.06371,1424,79.59999999999967,62.09999999999969
2024-04-19,1.06372,1.06775,1.0627,1.06526,1020,50.499999999999986,59.964285714285374
2024-04-21,1.06495,1.06706,1.06456,1.06617,415,24.999999999999467,57.949999999999626
2024-04-22,1.06617,1.06691,1.06239,1.06561,1432,45.20000000000079,57.13571428571397
2024-04-23,1.06561,1.07142,1.06385,1.07062,1430,75.70000000000076,61.0999999999998
2024-04-24,1.07062,1.07088,1.06779,1.07058,1434,30.90000000000037,60.257142857142696
2024-04-25,1.07058,1.07402,1.06783,1.07231,1431,61.899999999999174,62.01428571428547
2024-04-26,1.07231,1.07527,1.06738,1.06911,1018,78.89999999999952,57.81428571428556
2024-04-28,1.06898,1.07199,1.06898,1.07162,402,30.09999999999957,55.878571428571284
2024-04-29,1.07161,1.07337,1.06902,1.07054,1434,43.499999999998536,52.21428571428551
2024-04-30,1.07055,1.07353,1.06558,1.06564,1437,79.50000000000124,56.178571428571345
2024-05-01,1.06565,1.07326,1.06494,1.07146,1439,83.20000000000104,57.90714285714284
2024-05-02,1.07147,1.07393,1.06742,1.07348,1438,65.10000000000015,58.807142857142864
2024-05-03,1.07349,1.08124,1.07244,1.07594,1020,87.99999999999919,59.7928571428571
2024-05-05,1.076,1.07715,1.07553,1.07648,404,16.199999999999548,55.26428571428567
2024-05-06,1.07647,1.07907,1.07576,1.07687,1421,33.09999999999924,54.02142857142847
2024-05-07,1.07687,1.07873,1.0738,1.07411,1434,49.29999999999879,55.75714285714271
2024-05-08,1.07411,1.07574,1.0735,1.07476,1425,22.400000000000198,54.12857142857124
2024-05-09,1.07477,1.07858,1.07239,1.0776,1430,61.9000000000014,53.142857142857
2024-05-10,1.07761,1.079,1.07603,1.07694,1014,29.69999999999917,53.05714285714263
2024-05-12,1.07721,1.07752,1.07658,1.07716,410,9.399999999999409,49.307142857142644
2024-05-13,1.07715,1.08068,1.07687,1.07876,1429,38.10000000000091,46.39285714285703
2024-05-14,1.07876,1.08277,1.07669,1.08261,1427,60.80000000000085,48.58571428571425
2024-05-15,1.08261,1.08949,1.08205,1.08872,1434,74.40000000000113,50.7928571428573
2024-05-16,1.08872,1.08872,1.08543,1.0859,1422,32.90000000000015,47.4642857142858
2024-05-17,1.08588,1.08784,1.08356,1.08674,1018,42.79999999999839,44.57857142857132
2024-05-19,1.08664,1.08786,1.0864,1.08779,400,14.600000000000168,40.97142857142847
2024-05-20,1.0878,1.08844,1.08509,1.08559,1428,33.49999999999964,37.07857142857136
2024-05-21,1.08557,1.08747,1.08425,1.08556,1432,32.2,38.22142857142853
2024-05-22,1.08557,1.08633,1.08174,1.08303,1437,45.90000000000094,39.135714285714364
2024-05-23,1.08302,1.0861,1.08048,1.08063,1432,56.199999999999584,39.62857142857156
2024-05-24,1.08063,1.08578,1.08054,1.0846,1017,52.39999999999911,41.771428571428636
2024-05-26,1.0845,1.08519,1.0843,1.0849,405,8.900000000000574,37.98571428571429
2024-05-27,1.08492,1.08785,1.08405,1.08784,1387,38.000000000000256,38.5785714285715
2024-05-28,1.08784,1.0889,1.08457,1.08471,1436,43.29999999999945,41.00000000000008
2024-05-29,1.0847,1.08588,1.07938,1.07979,1432,64.9999999999995,42.92142857142856
2024-05-30,1.07979,1.08451,1.07883,1.08191,1431,56.80000000000129,42.63571428571429
2024-05-31,1.08193,1.08822,1.08145,1.0845,1018,67.69999999999942,42.157142857142745
2024-06-02,1.08462,1.08587,1.08453,1.08497,419,13.399999999998968,40.76428571428552
2024-06-03,1.08497,1.0916,1.08278,1.09074,1438,88.19999999999827,44.007142857142654
2024-06-04,1.09074,1.09108,1.0859,1.08784,1424,51.79999999999962,46.66428571428548
2024-06-05,1.08783,1.08957,1.08544,1.08906,1426,41.29999999999967,47.221428571428326
2024-06-06,1.08906,1.0902,1.08619,1.08945,1421,40.10000000000069,47.7857142857141
2024-06-07,1.08944,1.09018,1.07993,1.08017,1018,102.49999999999869,51.82857142857108
2024-06-09,1.07783,1.07814,1.07554,1.07555,417,26.000000000001577,49.67142857142836
2024-06-10,1.07554,1.0769,1.07327,1.07685,1423,36.30000000000022,48.521428571428444
2024-06-11,1.07683,1.07734,1.07194,1.07402,1423,54.00000000000071,51.74285714285703
2024-06-12,1.07401,1.08521,1.07355,1.08068,1434,116.60000000000004,57.35714285714272
2024-06-13,1.08068,1.08163,1.07328,1.07401,1438,83.5000000000008,60.22857142857139
2024-06-14,1.07401,1.07409,1.06676,1.07025,1020,73.30000000000058,60.821428571428605
2024-06-16,1.07028,1.07089,1.06989,1.07036,413,9.999999999998899,57.47857142857129
2024-06-17,1.07037,1.0741,1.06863,1.07246,1431,54.700000000000855,56.54999999999997
2024-06-18,1.07246,1.07615,1.07099,1.07377,1416,51.59999999999831,59.278571428571354
2024-06-19,1.07377,1.07533,1.07248,1.07419,1378,28.49999999999797,55.01428571428562
2024-06-20,1.07419,1.07449,1.07012,1.07162,1433,43.69999999999985,54.4357142857142
2024-06-21,1.07162,1.07205,1.0671,1.06918,1016,49.5000000000001,55.02142857142852
2024-06-23,1.06849,1.06955,1.06837,1.06916,415,11.799999999999589,52.99999999999987
2024-06-24,1.06916,1.07463,1.06914,1.07385,1420,54.89999999999995,49.599999999999966
2024-06-25,1.07385,1.07441,1.06906,1.0711,1424,53.500000000001876,51.564285714285695
2024-06-26,1.07109,1.07115,1.0666,1.06908,1437,45.50000000000054,52.221428571428575
2024-06-27,1.06907,1.07264,1.06805,1.06921,1432,45.90000000000094,51.64285714285716
2024-06-28,1.06921,1.07246,1.06856,1.07119,1020,39.00000000000014,46.10000000000003
2024-06-30,1.07438,1.07615,1.0732,1.07528,418,29.50000000000008,42.24285714285712
2024-07-01,1.07527,1.07763,1.07197,1.07322,1437,56.59999999999998,41.04999999999993
2024-07-02,1.07323,1.07542,1.071,1.07435,1428,44.200000000000905,43.49285714285721
2024-07-03,1.07434,1.08168,1.07363,1.07852,1412,80.4999999999989,45.335714285714225
2024-07-04,1.07852,1.08245,1.07847,1.08218,1369,39.799999999998725,44.49285714285711
2024-07-05,1.08216,1.08426,1.07993,1.0837,1020,43.29999999999945,45.55000000000007
2024-07-07,1.08014,1.08363,1.07998,1.08314,420,36.50000000000153,45.035714285714484
2024-07-08,1.08314,1.0845,1.08146,1.08281,1407,30.399999999999316,43.671428571428706
2024-07-09,1.08283,1.08311,1.08054,1.08199,1423,25.699999999999612,44.664285714285846
2024-07-10,1.082,1.084,1.08118,1.08379,1430,28.200000000000447,42.75714285714303
2024-07-11,1.08379,1.08999,1.08322,1.08687,1435,67.69999999999942,43.771428571428565
2024-07-12,1.08686,1.09113,1.08617,1.09054,1019,49.59999999999853,44.06428571428557
2024-07-14,1.08852,1.08956,1.08818,1.0894,416,13.800000000001589,41.77142857142848
2024-07-15,1.0894,1.09222,1.08837,1.0893,1434,38.49999999999909,41.73571428571411
2024-07-16,1.08929,1.09068,1.08715,1.09061,1432,35.30000000000033,42.14999999999985
2024-07-17,1.09062,1.0948,1.0895,1.09328,1432,53.000000000000824,41.892857142857046
2024-07-18,1.09329,1.09388,1.08863,1.08883,1432,52.499999999999766,42.48571428571411
2024-07-19,1.08883,1.08941,1.08756,1.08779,1020,18.499999999999073,38.05714285714269
2024-07-21,1.08861,1.09027,1.08807,1.08915,415,21.999999999999797,36.7857142857142
2024-07-22,1.08916,1.08967,1.0873,1.08941,1424,23.699999999999832,35.38571428571423
2024-07-23,1.08941,1.08947,1.08416,1.0845,1424,53.099999999999255,36.57142857142835
2024-07-24,1.08451,1.08664,1.08256,1.08427,1438,40.800000000000836,37.314285714285596
2024-07-25,1.08427,1.08699,1.08282,1.08583,1438,41.70000000000007,38.45714285714278
2024-07-26,1.08582,1.08681,1.0842,1.08547,1020,26.100000000000012,38.30714285714274
2024-07-28,1.08553,1.087,1.08508,1.08622,414,19.199999999999218,34.842857142857014
2024-07-29,1.08623,1.08637,1.08028,1.08221,1428,60.900000000001505,35.650000000000084
2024-07-30,1.0822,1.08356,1.07982,1.0822,1437,37.400000000000766,37.33571428571431
2024-07-31,1.0822,1.08493,1.08019,1.08328,1439,47.399999999999665,37.97142857142864
2024-08-01,1.08328,1.08354,1.07774,1.0793,1440,58.00000000000027,39.592857142857206
2024-08-02,1.07931,1.09265,1.07861,1.09098,1020,140.3999999999983,45.835714285714175
2024-08-04,1.09225,1.09311,1.09028,1.09305,420,28.300000000001102,44.10714285714284
2024-08-05,1.09305,1.10088,1.08923,1.0954,1437,116.50000000000159,51.10714285714302
2024-08-06,1.09541,1.09558,1.09037,1.09157,1440,52.09999999999937,53.25714285714299
2024-08-07,1.09157,1.09366,1.09053,1.09348,1439,31.30000000000077,53.800000000000196
2024-08-08,1.09348,1.09451,1.08814,1.09228,1434,63.69999999999987,54.5571428571431
2024-08-09,1.09228,1.09313,1.0909,1.09167,1019,22.299999999999542,53.23571428571444
2024-08-11,1.09142,1.0923,1.091,1.0914,413,13.000000000000789,51.18571428571448
2024-08-12,1.09138,1.09393,1.09136,1.09369,1431,25.699999999999612,51.15714285714303
2024-08-13,1.09369,1.09996,1.09137,1.099,1438,85.90000000000097,55.92142857142887
2024-08-14,1.099,1.10473,1.09863,1.1008,1430,60.99999999999994,55.92857142857161
2024-08-15,1.10082,1.10154,1.09495,1.0977,1437,65.89999999999874,57.964285714285744
2024-08-16,1.09771,1.10296,1.0976,1.10211,1019,53.600000000000314,58.407142857142944
2024-08-18,1.10265,1.10403,1.10227,1.10389,418,17.599999999999838,55.52142857142862
2024-08-19,1.1039,1.10875,1.10301,1.10755,1430,57.39999999999856,49.59285714285721
2024-08-20,1.10756,1.11325,1.10719,1.1121,1435,60.600000000001764,51.90000000000011
2024-08-21,1.1121,1.1174,1.10992,1.11446,1438,74.7999999999993,48.92142857142853
2024-08-22,1.11446,1.11646,1.1098,1.11247,1434,66.6000000000011,49.957142857142934
2024-08-23,1.11248,1.12008,1.11055,1.1191,1019,95.30000000000038,54.52857142857148
2024-08-25,1.11854,1.12015,1.11815,1.11834,416,20.000000000000018,51.40714285714292
2024-08-26,1.11834,1.11892,1.115,1.11667,1434,39.199999999999235,52.61428571428576
2024-08-27,1.11667,1.11905,1.11501,1.11657,1428,40.40000000000043,54.57142857142859
2024-08-28,1.11657,1.11679,1.1105,1.11356,1430,62.89999999999907,57.228571428571406
2024-08-29,1.11357,1.11399,1.10556,1.10737,1437,84.29999999999937,57.11428571428558
2024-08-30,1.10736,1.1095,1.10438,1.10456,1020,51.20000000000013,56.41428571428559
2024-09-01,1.10462,1.10556,1.10419,1.10484,412,13.700000000000934,52.68571428571432
2024-09-02,1.10485,1.10773,1.10439,1.10579,1387,33.40000000000121,51.24285714285724
2024-09-03,1.10579,1.1069,1.10263,1.1054,1438,42.69999999999996,53.03571428571439
2024-09-04,1.10538,1.10951,1.104,1.10769,1437,55.099999999999035,52.871428571428716
2024-09-05,1.10769,1.11197,1.10746,1.11151,1436,45.09999999999792,51.76428571428558
2024-09-06,1.11151,1.11556,1.10656,1.10825,1020,90.00000000000118,52.84999999999999
2024-09-08,1.10781,1.1091,1.10781,1.10799,418,12.900000000000134,49.01428571428564
2024-09-09,1.10798,1.10802,1.10283,1.10384,1431,51.900000000000276,45.91428571428563
2024-09-10,1.10384,1.10496,1.10151,1.10385,1432,34.49999999999953,46.94999999999988
2024-09-11,1.10386,1.10549,1.10019,1.10136,1436,53.000000000000824,47.93571428571429
2024-09-12,1.10136,1.10902,1.10055,1.10869,1426,84.69999999999978,51.09999999999995
2024-09-13,1.1087,1.11017,1.10721,1.10732,1020,29.600000000000737,48.721428571428646
2024-09-15,1.10757,1.11049,1.10743,1.1104,417,30.600000000000627,44.88571428571445
2024-09-16,1.1104,1.11374,1.10956,1.11239,1432,41.799999999998505,44.214285714285765
2024-09-17,1.1124,1.11461,1.11109,1.11262,1436,35.20000000000189,45.750000000000114
2024-09-18,1.11262,1.11891,1.10683,1.11185,1438,120.8000000000009,51.99285714285724
2024-09-19,1.11185,1.11787,1.11149,1.11656,1431,63.7999999999983,53.49999999999998
2024-09-20,1.11657,1.11818,1.1136,1.11626,1020,45.80000000000028,52.835714285714346
2024-09-22,1.1158,1.11648,1.11558,1.11615,414,8.999999999999009,50.257142857142995
2024-09-23,1.11615,1.11672,1.10831,1.11126,1435,84.10000000000028,49.83571428571437
2024-09-24,1.11125,1.11987,1.11042,1.1198,1430,94.49999999999957,55.664285714285754
2024-09-25,1.1198,1.1214,1.11215,1.11405,1436,92.4999999999998,58.564285714285724
2024-09-26,1.11404,1.11893,1.11257,1.1169,1437,63.59999999999921,60.642857142857125
2024-09-27,1.11689,1.1203,1.11248,1.11619,1020,78.2000000000016,62.44285714285718
2024-09-29,1.11582,1.11739,1.11526,1.11581,414,21.300000000001873,57.9142857142859
2024-09-30,1.11582,1.12089,1.11136,1.11377,1435,95.30000000000038,62.60714285714301
2024-10-01,1.11377,1.11439,1.10458,1.10706,1438,98.10000000000096,67.4285714285716
2024-10-02,1.10706,1.10828,1.1032,1.10357,1435,50.799999999999734,68.07142857142885
2024-10-03,1.10356,1.10468,1.10082,1.1027,1439,38.60000000000196,68.314285714286
2024-10-04,1.1027,1.10367,1.09512,1.09739,1020,85.49999999999835,65.79285714285723
2024-10-06,1.0962,1.09775,1.0962,1.09719,414,15.499999999999403,62.34285714285732
2024-10-07,1.0972,1.09868,1.09542,1.09832,1437,32.600000000000406,61.40000000000018
2024-10-08,1.09832,1.09971,1.09608,1.09678,1437,36.30000000000022,63.35000000000027
2024-10-09,1.09678,1.0976,1.09362,1.09435,1437,39.799999999998725,60.18571428571444
2024-10-10,1.09435,1.09548,1.09,1.09395,1432,54.799999999999294,57.350000000000136
2024-10-11,1.09395,1.09537,1.0926,1.09353,1018,27.69999999999939,52.72142857142868
2024-10-13,1.0931,1.09335,1.09153,1.09256,411,18.20000000000155,49.4785714285717
2024-10-14,1.09255,1.09366,1.08881,1.08964,1434,48.500000000000206,47.357142857143025
2024-10-15,1.08964,1.09167,1.08819,1.08909,1434,34.79999999999927,48.321428571428555
2024-10-16,1.08908,1.09014,1.08512,1.0853,1431,50.200000000000244,45.09999999999998
2024-10-17,1.0853,1.08737,1.0811,1.08385,1438,62.699999999999974,42.571428571428484
2024-10-18,1.08386,1.08694,1.08341,1.08655,1019,35.30000000000033,41.464285714285666
2024-10-20,1.08605,1.08717,1.08605,1.08662,406,11.200000000000099,39.507142857142675
2024-10-21,1.08662,1.08662,1.08111,1.0819,1433,55.099999999999035,37.33571428571416
2024-10-22,1.0819,1.0838,1.07922,1.08021,1438,45.80000000000028,39.49999999999993
2024-10-23,1.08022,1.08066,1.07612,1.07868,1437,45.399999999999885,40.41428571428561
2024-10-24,1.07868,1.08298,1.07706,1.08217,1433,59.200000000001474,42.049999999999976
2024-10-25,1.08216,1.08392,1.0793,1.07945,1019,46.200000000000685,42.50714285714298
2024-10-27,1.07938,1.08015,1.0782,1.07876,420,19.499999999998963,39.98571428571439
2024-10-28,1.07876,1.08276,1.07819,1.08086,1439,45.699999999999626,41.27142857142869
2024-10-29,1.08087,1.08263,1.07688,1.08165,1437,57.49999999999922,44.07857142857138
2024-10-30,1.08166,1.08713,1.08079,1.08478,1436,63.40000000000012,45.14285714285709
2024-10-31,1.08477,1.08885,1.08461,1.0877,1436,42.40000000000021,45.6857142857143
2024-11-01,1.08771,1.09057,1.08317,1.08327,960,74.00000000000072,47.385714285714336
2024-11-03,1.08778,1.09049,1.08699,1.08974,419,35.00000000000058,45.40714285714295
2024-11-04,1.08973,1.09147,1.08724,1.08752,1436,42.29999999999956,45.90714285714289
2024-11-05,1.08752,1.09369,1.0719,1.07775,1433,217.89999999999975,60.67142857142858
2024-11-06,1.07774,1.07944,1.06824,1.07377,1439,111.99999999999876,64.73571428571428
2024-11-07,1.07378,1.08247,1.07374,1.07828,1439,87.30000000000126,67.70000000000006
2024-11-08,1.07828,1.07974,1.06868,1.07182,1020,110.59999999999847,72.3571428571428
2024-11-10,1.07093,1.07277,1.07075,1.07138,419,20.199999999999108,69.57142857142836
2024-11-11,1.07141,1.07221,1.06286,1.0644,1439,93.5000000000019,72.94999999999987
2024-11-12,1.0644,1.06457,1.05951,1.06177,1440,50.60000000000064,75.17142857142856
2024-11-13,1.06178,1.0654,1.05451,1.05484,1439,108.89999999999844,79.6857142857142
2024-11-14,1.05485,1.05825,1.0496,1.05425,1439,86.49999999999824,81.75714285714268
2024-11-15,1.05425,1.0593,1.05163,1.05394,1020,76.69999999999843,82.70714285714257
2024-11-17,1.0528,1.05505,1.0528,1.05407,419,22.500000000000853,81.28571428571406
2024-11-18,1.05406,1.06071,1.05325,1.0587,1440,74.60000000000022,81.32857142857117
2024-11-19,1.0587,1.06097,1.05233,1.05929,1440,86.3999999999998,84.99999999999967
2024-11-20,1.05929,1.05954,1.05068,1.05512,1440,88.59999999999867,88.30714285714248
2024-11-21,1.05513,1.05544,1.04622,1.04747,1439,92.20000000000006,79.32857142857107
2024-11-22,1.04745,1.04981,1.03325,1.04193,1020,165.59999999999908,83.15714285714252
2024-11-24,1.04806,1.05013,1.04618,1.04791,420,39.49999999999898,79.74285714285664
2024-11-25,1.04792,1.05303,1.0425,1.04797,1438,105.29999999999927,79.36428571428527
2024-11-26,1.04795,1.05447,1.04571,1.04786,1440,87.600000000001,84.17857142857112
2024-11-27,1.04785,1.05876,1.04744,1.05546,1433,113.19999999999996,85.58571428571382
2024-11-28,1.05547,1.05767,1.05275,1.05699,1425,49.20000000000035,85.48571428571381
2024-11-29,1.05698,1.05971,1.05414,1.05748,1020,55.699999999998525,81.68571428571383
2024-12-01,1.05711,1.05733,1.05189,1.05233,419,54.400000000001114,79.39285714285688
2024-12-02,1.05233,1.05382,1.04607,1.04853,1436,77.49999999999923,79.44999999999979
2024-12-03,1.04854,1.0535,1.04807,1.05107,1438,54.30000000000046,81.72142857142833
2024-12-04,1.05107,1.05439,1.04723,1.05182,1439,71.59999999999833,81.5071428571425
2024-12-05,1.05181,1.05896,1.05171,1.05752,1436,72.49999999999979,80.51428571428536
2024-12-06,1.05753,1.06298,1.05423,1.05673,1020,87.50000000000036,80.43571428571404
2024-12-08,1.05544,1.05692,1.0532,1.05346,420,37.20000000000167,76.50714285714272
2024-12-09,1.05347,1.05944,1.05337,1.05575,1439,60.700000000000195,69.01428571428566
2024-12-10,1.05574,1.0568,1.04984,1.05245,1431,69.59999999999854,71.16428571428563
2024-12-11,1.05245,1.05373,1.04802,1.05089,1427,57.10000000000104,67.72142857142862
2024-12-12,1.0509,1.05308,1.04562,1.04634,1416,74.60000000000022,66.79285714285712
2024-12-13,1.04636,1.05241,1.04531,1.05017,1019,71.00000000000107,63.77857142857149
2024-12-15,1.04854,1.05228,1.04847,1.05159,418,38.10000000000091,62.98571428571439
2024-12-16,1.05159,1.05343,1.04745,1.05081,1436,59.80000000000096,63.27857142857171
2024-12-17,1.05081,1.05159,1.0479,1.0503,1432,36.89999999999971,62.0285714285716
2024-12-18,1.05029,1.05127,1.03439,1.03789,1437,168.80000000000004,68.55000000000024
2024-12-19,1.03789,1.04222,1.03545,1.03587,1438,67.69999999999942,69.50714285714301
2024-12-20,1.03587,1.04474,1.03429,1.04254,1020,104.5000000000007,71.85714285714319
2024-12-22,1.04308,1.04452,1.04268,1.04429,420,18.399999999998418,67.99285714285737
2024-12-23,1.04429,1.04443,1.03842,1.03963,1433,60.100000000000705,66.03571428571455
2024-12-24,1.03967,1.04106,1.03835,1.04058,1168,27.099999999999902,65.31428571428584
2024-12-25,1.04037,1.04083,1.0393,1.03977,542,15.300000000000313,62.07142857142871
2024-12-26,1.03976,1.04301,1.03905,1.0409,1434,39.59999999999963,59.92857142857164
2024-12-27,1.0409,1.0444,1.04049,1.04225,1020,39.1000000000008,58.64285714285734
2024-12-29,1.04247,1.04346,1.04208,1.04253,419,13.800000000001589,54.3000000000003
2024-12-30,1.04252,1.04583,1.03717,1.04041,1438,86.60000000000112,55.41428571428601
2024-12-31,1.04042,1.04243,1.0344,1.03531,1019,80.29999999999981,58.42857142857165
2025-01-01,1.03503,1.03756,1.03442,1.03692,418,31.400000000001427,56.400000000000254
2025-01-02,1.03693,1.03723,1.02237,1.02695,1436,148.60000000000093,64.37857142857177
2025-01-03,1.02696,1.03099,1.02646,1.03066,1020,45.30000000000145,55.5571428571433
2025-01-05,1.03015,1.03182,1.02932,1.03151,418,24.999999999999467,52.5071428571433
2025-01-06,1.03151,1.04367,1.03076,1.03917,1439,129.10000000000198,54.26428571428625
2025-01-07,1.03918,1.04343,1.03388,1.03512,1440,95.50000000000169,59.77142857142934
2025-01-08,1.03512,1.03575,1.02731,1.0309,1437,84.40000000000002,61.507142857143585
2025-01-09,1.03089,1.0319,1.02836,1.0295,1431,35.400000000000986,62.100000000000804
2025-01-10,1.0295,1.03118,1.02127,1.024,1020,99.10000000000085,68.08571428571513
2025-01-12,1.02357,1.02499,1.02076,1.02117,417,42.30000000000178,68.27857142857242
2025-01-13,1.02116,1.02774,1.01772,1.02502,1440,100.2000000000014,72.64285714285818
2025-01-14,1.02501,1.03086,1.02394,1.03023,1431,69.20000000000037,76.60000000000095
2025-01-15,1.03022,1.03544,1.0259,1.02869,1432,95.39999999999881,77.22857142857221
2025-01-16,1.0287,1.03149,1.02604,1.02936,1433,54.499999999999545,75.38571428571505
2025-01-17,1.02937,1.03306,1.02652,1.0271,1020,65.3999999999999,77.81428571428637
2025-01-19,1.02792,1.03071,1.02663,1.03042,415,40.800000000000836,70.11428571428635
2025-01-20,1.03043,1.04343,1.02994,1.03897,1436,134.9,76.51428571428626
2025-01-21,1.03897,1.04353,1.0342,1.04171,1440,93.3000000000006,81.39285714285776
2025-01-22,1.0417,1.04573,1.03967,1.04107,1433,60.59999999999954,76.50000000000045
2025-01-23,1.04107,1.04537,1.03719,1.04472,1436,81.79999999999853,75.5214285714288
2025-01-24,1.04471,1.05213,1.04436,1.04919,1020,77.70000000000054,75.0428571428574
2025-01-26,1.04763,1.04851,1.04588,1.04632,420,26.300000000001322,74.39285714285744
2025-01-27,1.04632,1.0533,1.04244,1.04335,1440,108.59999999999869,75.0714285714287
2025-01-28,1.04335,1.04442,1.04137,1.04384,1437,30.49999999999997,74.22857142857143
2025-01-29,1.04383,1.04434,1.03822,1.04189,1435,61.20000000000125,71.44285714285714
2025-01-30,1.04188,1.04677,1.03768,1.03873,1440,90.90000000000042,72.99285714285713
2025-01-31,1.03872,1.0434,1.03496,1.03602,1020,84.40000000000002,72.20714285714294
2025-02-02,1.02327,1.02698,1.02103,1.02264,420,59.499999999999,72.56428571428576
2025-02-03,1.02266,1.03503,1.02126,1.03057,1438,137.69999999999837,77.72857142857137
2025-02-04,1.03056,1.03874,1.02721,1.03784,1439,115.3000000000004,83.04999999999991
2025-02-05,1.03784,1.04424,1.03732,1.03869,1438,69.20000000000037,78.35714285714279
2025-02-06,1.03868,1.03964,1.03523,1.0381,1437,44.099999999998026,74.8428571428569
2025-02-07,1.03809,1.04124,1.03049,1.0326,1020,107.50000000000037,78.19285714285695
2025-02-09,1.02918,1.03183,1.02839,1.03132,419,34.40000000000109,74.80714285714284
2025-02-10,1.03134,1.03363,1.02919,1.0304,1437,44.39999999999999,72.42857142857137
2025-02-11,1.03041,1.03813,1.02998,1.03561,1436,81.50000000000101,76.3714285714285
2025-02-12,1.03561,1.04353,1.03168,1.04344,1434,118.50000000000138,77.07857142857155
2025-02-13,1.04345,1.04685,1.03727,1.04547,1436,95.80000000000143,81.74285714285736
2025-02-14,1.04548,1.0514,1.0447,1.04913,1018,66.99999999999928,82.15714285714294
2025-02-16,1.04858,1.05062,1.04847,1.04954,416,21.500000000000963,77.20000000000012
2025-02-17,1.04956,1.04981,1.04552,1.0457,1423,42.89999999999905,74.23571428571434
2025-02-18,1.0457,1.04692,1.0435,1.04523,1438,34.19999999999978,72.42857142857153
2025-02-19,1.04522,1.04613,1.04009,1.04302,1435,60.40000000000045,66.90714285714311
2025-02-20,1.043,1.05054,1.04233,1.04988,1439,82.1000000000005,64.53571428571455
2025-02-21,1.04988,1.05005,1.04492,1.0457,1020,51.29999999999857,63.25714285714299
2025-02-23,1.04706,1.05282,1.04618,1.05154,418,66.39999999999979,64.85000000000026
2025-02-24,1.05152,1.05196,1.04527,1.0473,1438,66.90000000000084,61.95000000000029
2025-02-25,1.04731,1.0525,1.0456,1.04971,1440,68.99999999999906,64.42142857142872
2025-02-26,1.0497,1.05287,1.04589,1.04626,1436,69.79999999999986,66.23571428571442
2025-02-27,1.04628,1.04893,1.03802,1.03864,1436,109.09999999999975,68.2071428571429
2025-02-28,1.03866,1.04198,1.03597,1.03747,1020,60.09999999999849,64.03571428571412
2025-03-02,1.04032,1.04231,1.03992,1.04177,420,23.900000000001143,58.89999999999982
2025-03-03,1.04175,1.05036,1.03883,1.04778,1439,115.3000000000004,62.34999999999991
2025-03-04,1.04778,1.06369,1.04708,1.06189,1439,166.10000000000014,72.67857142857126
2025-03-05,1.06188,1.082,1.06186,1.08033,1439,201.40000000000046,83.99999999999996
2025-03-06,1.08035,1.08534,1.07655,1.08128,1431,87.90000000000074,87.8357142857143
2025-03-07,1.08128,1.08884,1.08075,1.08292,1020,80.8999999999993,89.29999999999993
2025-03-09,1.08312,1.08711,1.08269,1.08306,479,44.200000000000905,86.59285714285711
2025-03-10,1.08303,1.08744,1.08051,1.08543,1440,69.2999999999988,87.8785714285714
2025-03-11,1.08543,1.09471,1.08354,1.08988,1440,111.70000000000124,91.11428571428578
2025-03-12,1.08987,1.09314,1.08755,1.08933,1437,55.899999999999835,90.32857142857144
2025-03-13,1.08933,1.08933,1.08222,1.08407,1435,71.0999999999995,90.47857142857147
2025-03-14,1.08408,1.09125,1.08304,1.08765,960,82.1000000000005,91.35714285714293
2025-03-16,1.08766,1.08936,1.08741,1.08818,476,19.500000000001183,84.95714285714304
2025-03-17,1.0882,1.09297,1.08685,1.09108,1440,61.19999999999903,85.03571428571452
2025-03-18,1.09106,1.09545,1.08924,1.09298,1437,62.100000000000485,87.76428571428589
2025-03-19,1.09296,1.0936,1.08603,1.09031,1439,75.69999999999854,84.93571428571434
2025-03-20,1.09032,1.09032,1.08145,1.08301,1438,88.69999999999933,79.40714285714284
2025-03-21,1.083,1.08611,1.0797,1.08121,959,64.09999999999805,69.59999999999982
2025-03-23,1.0813,1.08398,1.08115,1.08227,469,28.29999999999888,65.34285714285683
2025-03-24,1.08225,1.08579,1.07813,1.08032,1434,76.6,65.03571428571402
2025-03-25,1.08031,1.083,1.07767,1.07841,1433,53.300000000000566,65.685714285714
2025-03-26,1.07839,1.08025,1.07328,1.07803,1440,69.6999999999992,65.71428571428545
2025-03-27,1.07802,1.0821,1.0754,1.07884,1434,67.0000000000015,62.52142857142833
2025-03-28,1.07884,1.08447,1.07644,1.08237,960,80.29999999999981,64.26428571428548
2025-03-30,1.08228,1.08458,1.08049,1.08327,360,40.90000000000149,62.107142857142755
2025-03-31,1.08328,1.08492,1.07838,1.08265,1429,65.40000000000212,60.914285714285725
2025-04-01,1.08266,1.08299,1.07782,1.07955,1437,51.699999999998965,63.21428571428557
2025-04-02,1.07955,1.09244,1.078,1.09147,1435,144.4000000000001,69.1571428571428
2025-04-03,1.09148,1.11462,1.09053,1.10933,1438,240.89999999999944,81.9285714285713
2025-04-04,1.10932,1.11076,1.09242,1.09573,1018,183.40000000000023,89.62142857142854
2025-04-06,1.08894,1.10006,1.08792,1.09502,420,121.40000000000039,91.95714285714291
2025-04-07,1.09501,1.10498,1.09007,1.09633,1434,149.09999999999977,98.02857142857161
2025-04-08,1.09632,1.10397,1.08886,1.10193,1436,151.09999999999957,106.80000000000021
2025-04-09,1.10192,1.10948,1.09132,1.09814,1437,181.59999999999954,114.3000000000002
2025-04-10,1.09813,1.13852,1.09624,1.13407,1437,422.7999999999987,140.6928571428572
2025-04-11,1.13406,1.14736,1.12466,1.13554,1020,226.9999999999994,151.9285714285715
2025-04-13,1.13108,1.14087,1.13108,1.13714,414,97.89999999999965,154.13571428571422
2025-04-14,1.13721,1.14244,1.12956,1.13474,1438,128.8,157.59999999999997
2025-04-15,1.1347,1.13789,1.12639,1.1343,1438,115.00000000000065,162.89285714285703
2025-04-16,1.13431,1.14127,1.13326,1.1364,1435,80.10000000000072,163.94285714285692
2025-04-17,1.13639,1.13884,1.13349,1.13733,1435,53.49999999999966,164.0714285714284
2025-04-18,1.13731,1.13972,1.13578,1.13901,1019,39.400000000000546,156.57142857142844
2025-04-20,1.13946,1.15319,1.13925,1.15148,420,139.3999999999984,149.32142857142838
2025-04-21,1.15149,1.15729,1.14815,1.15346,1440,91.39999999999925,142.74999999999974
2025-04-22,1.15348,1.1547,1.13077,1.13789,1440,239.30000000000007,151.1714285714283
2025-04-23,1.13788,1.14399,1.13102,1.13379,1436,129.70000000000147,149.78571428571414
2025-04-24,1.1338,1.13975,1.13249,1.13258,1438,72.60000000000043,144.17857142857133
2025-04-25,1.1326,1.13885,1.13155,1.13628,1020,72.99999999999862,136.42142857142838
2025-04-27,1.13636,1.13664,1.13398,1.13561,409,26.600000000001067,108.12142857142858
2025-04-28,1.13556,1.14248,1.13292,1.13903,1439,95.60000000000012,98.73571428571434
2025-04-29,1.13904,1.14186,1.13547,1.13685,1440,63.90000000000118,96.30714285714302
2025-04-30,1.13685,1.13994,1.12997,1.13118,1440,99.70000000000034,94.22857142857161
2025-05-01,1.13119,1.13409,1.12657,1.13126,1440,75.1999999999997,91.38571428571439
2025-05-02,1.13127,1.13808,1.12922,1.12946,1020,88.60000000000089,91.99285714285726
2025-05-04,1.12987,1.13466,1.12905,1.13321,415,56.09999999999893,92.17857142857149
2025-05-05,1.13321,1.13646,1.12797,1.13149,1439,84.90000000000109,95.42857142857153
2025-05-06,1.13148,1.13808,1.13051,1.13455,1439,75.70000000000076,90.87857142857172
2025-05-07,1.13456,1.1378,1.12917,1.1327,1438,86.29999999999914,90.51428571428598
2025-05-08,1.13271,1.13308,1.11964,1.12223,1438,134.40000000000117,83.02142857142893
2025-05-09,1.12226,1.12928,1.1218,1.1246,1020,74.80000000000153,79.10000000000036
2025-05-11,1.119,1.12426,1.119,1.12328,420,52.60000000000042,77.67142857142892
2025-05-12,1.12327,1.12355,1.10651,1.11161,1440,170.39999999999944,84.62857142857183
2025-05-13,1.11163,1.11976,1.10968,1.11952,1439,100.80000000000088,89.92857142857183
2025-05-14,1.11952,1.12655,1.11645,1.11965,1438,100.99999999999997,90.3142857142861
2025-05-15,1.11965,1.12279,1.117,1.12002,1439,57.899999999999615,89.88571428571456
2025-05-16,1.12004,1.12195,1.11308,1.11612,1020,88.69999999999933,89.10000000000021
2025-05-18,1.11749,1.11988,1.11711,1.1181,420,27.69999999999939,85.70714285714303
2025-05-19,1.11809,1.12879,1.11761,1.12449,1440,111.79999999999967,87.3642857142858
2025-05-20,1.12448,1.13398,1.12235,1.1334,1439,116.30000000000028,91.66428571428591
2025-05-21,1.13339,1.13628,1.13107,1.1333,1437,52.09999999999937,89.32142857142864
2025-05-22,1.1333,1.13417,1.12558,1.13112,1437,85.89999999999876,90.04999999999993
2025-05-23,1.13112,1.13754,1.12973,1.13592,1020,78.10000000000095,89.46428571428577
2025-05-25,1.13617,1.14185,1.13585,1.14114,416,60.00000000000005,84.14999999999998
2025-05-26,1.14114,1.14183,1.13688,1.13934,1428,49.5000000000001,82.34285714285703
2025-05-27,1.13935,1.13977,1.13004,1.13072,1439,97.30000000000015,85.53571428571414
2025-05-28,1.13072,1.13406,1.12103,1.12484,1440,130.30000000000098,82.67142857142855
2025-05-29,1.12484,1.13897,1.12309,1.13494,1435,158.80000000000115,86.81428571428569
2025-05-30,1.13496,1.13669,1.13123,1.13453,1020,54.6000000000002,83.5
2025-06-01,1.13439,1.13819,1.13435,1.13616,406,38.40000000000065,82.10714285714293
2025-06-02,1.13617,1.14544,1.13596,1.14196,1439,94.79999999999933,82.54285714285722
2025-06-03,1.14196,1.14322,1.13639,1.13676,1438,68.29999999999892,85.44285714285719
2025-06-04,1.13677,1.14347,1.13568,1.14104,1436,77.89999999999964,83.02142857142861
2025-06-05,1.14103,1.14948,1.14045,1.14401,1437,90.30000000000094,81.1642857142858
2025-06-06,1.144,1.14424,1.13715,1.13935,1020,70.89999999999819,82.50714285714285
2025-06-08,1.13952,1.14253,1.13903,1.14119,419,35.00000000000058,78.87142857142871
2025-06-09,1.14118,1.14391,1.13859,1.14029,1433,53.19999999999991,77.09285714285718
2025-06-10,1.14029,1.14475,1.13729,1.14161,1438,74.60000000000022,78.13571428571436
2025-06-11,1.14162,1.15291,1.14052,1.15196,1439,123.90000000000123,83.45000000000014
2025-06-12,1.15196,1.16311,1.15056,1.1537,1433,125.50000000000061,85.46428571428591
2025-06-13,1.15371,1.15694,1.1489,1.15457,1020,80.40000000000046,81.90000000000013
2025-06-15,1.15309,1.15469,1.15238,1.15272,417,23.100000000000342,72.20714285714294
2025-06-16,1.15273,1.16147,1.15273,1.15619,1436,87.3999999999997,74.55000000000005
2025-06-17,1.1562,1.15796,1.14743,1.14997,1435,105.3000000000015,79.32857142857154
2025-06-18,1.15,1.153,1.14502,1.14657,1439,79.80000000000098,78.2571428571431
2025-06-19,1.1466,1.15302,1.14461,1.15293,1437,84.10000000000028,79.3857142857146
2025-06-20,1.15292,1.15439,1.1495,1.15189,1020,48.90000000000061,77.31428571428611
2025-06-22,1.14602,1.15073,1.14544,1.14939,417,52.90000000000017,74.64285714285748
2025-06-23,1.14937,1.16096,1.14533,1.16056,1440,156.30000000000032,80.74285714285763
2025-06-24,1.16056,1.16417,1.15798,1.16116,1435,61.899999999999174,82.6642857142861
2025-06-25,1.16117,1.17174,1.15898,1.16945,1438,127.60000000000105,87.9785714285719
2025-06-26,1.16945,1.17449,1.16716,1.16959,1439,73.30000000000058,87.8857142857148
2025-06-27,1.16958,1.17539,1.16837,1.17162,1020,70.20000000000026,84.05000000000044
2025-06-29,1.17287,1.17385,1.17115,1.17121,417,27.000000000001467,77.0142857142862
2025-06-30,1.17123,1.18076,1.17075,1.17892,1439,100.10000000000073,78.42142857142908
2025-07-01,1.17894,1.18298,1.17611,1.18002,1440,68.69999999999932,81.67857142857187
2025-07-02,1.18001,1.181,1.17467,1.17916,1436,63.299999999999464,79.95714285714328
2025-07-03,1.17914,1.18099,1.17169,1.17701,1432,93.00000000000085,79.0785714285718
2025-07-04,1.177,1.17873,1.17636,1.17719,1018,23.699999999999832,75.07142857142887
2025-07-06,1.17793,1.17901,1.17644,1.17689,418,25.699999999999612,70.90000000000025
2025-07-07,1.17689,1.17737,1.16868,1.17467,1439,86.90000000000086,73.61428571428598
2025-07-08,1.17467,1.1765,1.16825,1.17038,1434,82.5000000000009,75.72857142857174
2025-07-09,1.17035,1.17494,1.16895,1.17338,1434,59.90000000000162,68.84285714285755
2025-07-10,1.17339,1.17433,1.16623,1.16817,1438,80.99999999999996,70.20714285714332
2025-07-11,1.16815,1.17138,1.16691,1.16852,1020,44.70000000000196,64.28571428571482
2025-07-13,1.16658,1.16978,1.16611,1.16809,416,36.70000000000062,61.671428571429104
2025-07-14,1.16808,1.1697,1.16541,1.16756,1432,42.89999999999905,59.72142857142902
2025-07-15,1.16758,1.16925,1.15927,1.16108,1437,99.79999999999878,64.92142857142882
2025-07-16,1.16109,1.17212,1.15623,1.16188,1438,158.89999999999958,69.12142857142874
2025-07-17,1.16189,1.1634,1.15566,1.16237,1438,77.4000000000008,69.74285714285742
2025-07-18,1.16237,1.16716,1.16119,1.16207,1019,59.70000000000031,69.48571428571462
2025-07-20,1.16236,1.16362,1.16145,1.16253,416,21.700000000000053,64.39285714285742
2025-07-21,1.16251,1.17166,1.1623,1.16871,1437,93.59999999999812,69.38571428571444
2025-07-22,1.16873,1.17607,1.16788,1.17387,1435,81.8999999999992,73.40000000000012
2025-07-23,1.17389,1.178,1.17109,1.1775,1439,69.09999999999971,72.12857142857148
2025-07-24,1.17748,1.17887,1.17303,1.17425,1438,58.400000000000674,70.40714285714289
2025-07-25,1.17423,1.17609,1.17028,1.17396,1019,58.100000000000925,70.2785714285714
2025-07-27,1.17552,1.177,1.17463,1.17562,420,23.699999999999832,66.18571428571425
2025-07-28,1.17563,1.17579,1.15814,1.15829,1439,176.49999999999943,75.5999999999998
2025-07-29,1.15827,1.15902,1.15188,1.15616,1429,71.39999999999924,78.07857142857112
2025-07-30,1.15615,1.15685,1.14008,1.14233,1440,167.6999999999995,86.99285714285688
2025-07-31,1.14232,1.14606,1.14047,1.14181,1439,55.899999999999835,83.85714285714266
2025-08-01,1.14182,1.15969,1.13915,1.1583,1020,205.4,87.17857142857126
2025-08-03,1.1591,1.15963,1.15501,1.15792,420,46.19999999999846,84.94999999999968
2025-08-04,1.1579,1.15885,1.15497,1.15552,1438,38.79999999999883,83.45714285714243
2025-08-05,1.1555,1.1586,1.15277,1.15799,1437,58.30000000000002,86.07142857142813
2025-08-06,1.15799,1.16683,1.15705,1.16643,1437,97.80000000000122,86.37142857142837
2025-08-07,1.16643,1.16986,1.16108,1.16597,1435,87.8000000000001,86.79285714285699
2025-08-08,1.16596,1.16677,1.16287,1.16368,1020,39.00000000000014,84.64285714285701
2025-08-10,1.16444,1.16754,1.16417,1.16713,413,33.70000000000095,82.87857142857133
2025-08-11,1.16712,1.16753,1.159,1.16207,1431,85.29999999999926,84.82142857142834
2025-08-12,1.16205,1.16971,1.15986,1.16838,1433,98.50000000000136,90.1642857142856
2025-08-13,1.16836,1.17301,1.16766,1.17033,1436,53.500000000001876,81.37857142857149
2025-08-14,1.17033,1.17064,1.16309,1.16599,1432,75.49999999999945,81.67142857142865
2025-08-15,1.166,1.17151,1.16589,1.17026,1020,56.199999999999584,73.70714285714294
2025-08-17,1.17101,1.17157,1.16935,1.17033,419,22.200000000001108,71.30000000000017
2025-08-18,1.17034,1.17102,1.1639,1.16549,1434,71.20000000000014,61.71428571428589
2025-08-19,1.16549,1.16928,1.16221,1.16329,1431,70.70000000000131,63.4642857142861
2025-08-20,1.16329,1.16736,1.16231,1.1646,1437,50.499999999999986,64.30000000000047
2025-08-21,1.16461,1.16626,1.15888,1.15895,1426,73.80000000000165,65.40714285714344
2025-08-22,1.15897,1.17425,1.15828,1.17148,1018,159.7000000000004,69.82857142857195
2025-08-24,1.17203,1.17259,1.16935,1.17066,419,32.40000000000131,65.87142857142918
2025-08-25,1.17068,1.17204,1.16028,1.16256,1439,117.59999999999992,71.48571428571488
2025-08-26,1.16254,1.16652,1.16021,1.16251,1439,63.10000000000038,73.58571428571483
2025-08-27,1.16251,1.16546,1.1574,1.16428,1439,80.59999999999955,73.25000000000057
2025-08-28,1.16429,1.16972,1.16289,1.16624,1435,68.30000000000113,71.0928571428577
2025-08-29,1.16623,1.17089,1.16507,1.16826,1018,58.19999999999936,71.4285714285718
2025-08-31,1.16935,1.17142,1.16845,1.1708,412,29.69999999999917,68.15714285714321
2025-09-01,1.17081,1.17362,1.1692,1.16951,1420,44.200000000000905,67.30000000000045
2025-09-02,1.16951,1.17064,1.16127,1.16234,1430,93.69999999999878,72.40714285714314
2025-09-03,1.16234,1.1682,1.16081,1.16531,1434,73.90000000000008,72.60000000000028
2025-09-04,1.16531,1.16745,1.16298,1.16713,1433,44.70000000000196,70.74285714285747
2025-09-05,1.16713,1.17593,1.16648,1.17141,1020,94.49999999999957,73.88571428571458
2025-09-07,1.17111,1.17197,1.17036,1.17092,418,16.099999999998893,69.76428571428582
2025-09-08,1.17092,1.17779,1.17059,1.17638,1437,71.99999999999874,63.499999999999986
2025-09-09,1.17639,1.17799,1.16891,1.1708,1436,90.80000000000199,67.6714285714286
2025-09-10,1.1708,1.17306,1.16824,1.16956,1434,48.200000000000465,62.714285714285786
2025-09-11,1.16955,1.1746,1.16589,1.17249,1438,87.09999999999995,64.42857142857147
2025-09-12,1.1725,1.17475,1.17013,1.17301,1019,46.200000000000685,61.971428571428696
2025-09-14,1.17303,1.17344,1.17218,1.17312,410,12.600000000000389,57.99285714285721
2025-09-15,1.17312,1.17866,1.1716,1.17802,1438,70.60000000000066,58.87857142857159
2025-09-16,1.17802,1.18783,1.17735,1.18518,1438,104.80000000000044,64.24285714285739
2025-09-17,1.18517,1.19186,1.18074,1.18121,1439,111.20000000000019,69.02857142857162
2025-09-18,1.1812,1.18482,1.175,1.17816,1432,98.19999999999939,69.35000000000024
2025-09-19,1.17818,1.17896,1.17286,1.17405,1020,60.99999999999994,68.42857142857166
2025-09-21,1.17449,1.17477,1.17262,1.17324,414,21.500000000000963,66.77142857142873
2025-09-22,1.17324,1.18199,1.17263,1.18054,1436,93.60000000000035,66.70714285714307
2025-09-23,1.18056,1.1819,1.17787,1.17974,1436,40.29999999999978,68.43571428571457
2025-09-24,1.17971,1.18049,1.1728,1.17524,1438,76.89999999999974,68.78571428571465
2025-09-25,1.17525,1.17538,1.16454,1.16782,1436,108.40000000000182,70.04285714285749
2025-09-26,1.1678,1.17072,1.16615,1.17005,1020,45.699999999999626,69.864285714286
2025-09-28,1.16986,1.17292,1.16986,1.17251,403,30.600000000000627,65.82857142857175
2025-09-29,1.17249,1.17544,1.17075,1.17236,1428,46.90000000000083,65.87857142857176
2025-09-30,1.17234,1.17615,1.17164,1.17378,1435,45.100000000000136,68.20000000000032
2025-10-01,1.17381,1.17785,1.17154,1.17346,1435,63.10000000000038,67.66428571428602
2025-10-02,1.17345,1.17583,1.16829,1.17262,1435,75.3999999999988,65.5642857142859
2025-10-03,1.17262,1.17591,1.17146,1.17382,1019,44.50000000000065,60.80000000000022
2025-10-05,1.17209,1.17307,1.1706,1.17242,418,24.699999999999722,55.55000000000024
2025-10-06,1.17243,1.17273,1.16516,1.1703,1436,75.70000000000076,56.6000000000003
2025-10-07,1.1703,1.17072,1.16168,1.16237,1435,90.39999999999937,61.52142857142876
2025-10-08,1.16236,1.16476,1.15983,1.16447,1435,49.300000000001006,58.357142857143096
2025-10-09,1.16445,1.1648,1.1542,1.15729,1429,106.00000000000165,63.05000000000036
2025-10-10,1.15727,1.16305,1.1559,1.16149,1020,71.4999999999999,62.664285714286095
2025-10-12,1.16138,1.16275,1.15918,1.16205,419,35.69999999999851,57.47142857142871
2025-10-13,1.16204,1.16297,1.15549,1.15787,1435,74.80000000000153,59.55000000000028
2025-10-14,1.15787,1.16258,1.15423,1.16221,1432,83.49999999999856,63.32857142857156
2025-10-15,1.16223,1.16754,1.16103,1.16621,1436,65.10000000000015,64.6285714285715
2025-10-16,1.16619,1.17122,1.16429,1.17091,1439,69.2999999999988,66.35714285714285
2025-10-17,1.17091,1.17283,1.16496,1.16509,1020,78.70000000000043,67.47142857142856
2025-10-19,1.16646,1.16706,1.16515,1.16681,419,19.100000000000783,63.450000000000124
2025-10-20,1.16679,1.16753,1.16326,1.16346,1429,42.69999999999996,63.321428571428655
2025-10-21,1.16344,1.16374,1.15975,1.16069,1437,39.89999999999938,64.40714285714292
2025-10-22,1.16068,1.16224,1.15767,1.15929,1429,45.699999999999626,62.264285714285684
2025-10-23,1.15927,1.16215,1.15853,1.16091,1433,36.19999999999956,58.39285714285713
2025-10-24,1.16089,1.1649,1.16008,1.16266,1020,48.200000000000465,58.31428571428567
2025-10-26,1.16346,1.16475,1.16207,1.16242,475,26.800000000000157,52.65714285714271
2025-10-27,1.16244,1.16673,1.16176,1.16659,1437,49.70000000000141,51.09999999999996
2025-10-28,1.16659,1.16686,1.16255,1.16341,1435,43.10000000000036,51.62857142857151
2025-10-29,1.1634,1.1666,1.15773,1.16319,1435,88.70000000000155,52.62142857142866
2025-10-30,1.16318,1.16338,1.1547,1.15719,1440,86.80000000000021,52.85714285714306
2025-10-31,1.15718,1.15767,1.15214,1.1537,960,55.300000000000345,52.15714285714307
2025-11-02,1.15294,1.15383,1.15215,1.15338,420,16.799999999999038,48.407142857143086
2025-11-03,1.15338,1.15413,1.1498,1.15094,1433,43.30000000000167,45.87857142857175
2025-11-04,1.15094,1.15334,1.14729,1.14906,1436,60.50000000000111,48.83571428571463
2025-11-05,1.14908,1.15089,1.14687,1.15069,1432,40.19999999999912,48.65714285714314
2025-11-06,1.1507,1.15522,1.15035,1.15364,1437,48.6999999999993,49.28571428571456
2025-11-07,1.15364,1.1591,1.15294,1.15656,1017,61.59999999999943,50.42142857142884
2025-11-09,1.15562,1.15624,1.15413,1.15609,412,21.099999999998342,49.342857142857326
2025-11-10,1.1561,1.15829,1.15409,1.15579,1434,41.999999999999815,48.900000000000134
2025-11-11,1.1558,1.16057,1.15495,1.15719,1436,56.2000000000018,51.00000000000024
2025-11-12,1.15718,1.15977,1.15627,1.15901,1435,35.00000000000058,49.95000000000018
2025-11-13,1.15903,1.16559,1.158,1.16417,1435,75.89999999999985,52.292857142857294
2025-11-14,1.16417,1.16536,1.1606,1.16172,1019,47.59999999999875,49.35714285714281
2025-11-16,1.16143,1.16244,1.15961,1.16028,417,28.29999999999888,45.17857142857129
2025-11-17,1.16029,1.16149,1.15818,1.15994,1438,33.09999999999924,43.59285714285693
2025-11-18,1.15992,1.16076,1.15713,1.1584,1436,36.30000000000022,44.98571428571415
2025-11-19,1.15841,1.15971,1.15101,1.15194,1437,86.99999999999929,48.107142857142556
2025-11-20,1.15193,1.15499,1.15013,1.15386,1437,48.599999999998644,47.25714285714238
2025-11-21,1.15387,1.15524,1.14909,1.15155,1019,61.500000000000995,48.77857142857108
2025-11-23,1.15128,1.15215,1.15018,1.15206,412,19.700000000000273,46.70714285714257
2025-11-24,1.15208,1.15503,1.15097,1.15149,1437,40.599999999999525,45.207142857142586
2025-11-25,1.15148,1.15915,1.15114,1.15834,1437,80.0999999999985,49.42142857142831
2025-11-26,1.15836,1.16132,1.1547,1.16008,1436,66.19999999999848,51.14999999999964
2025-11-27,1.16006,1.16062,1.15763,1.15889,1406,29.90000000000048,49.271428571428125
2025-11-28,1.15889,1.16075,1.1555,1.15973,1011,52.499999999999766,50.52142857142807
2025-11-30,1.1594,1.16158,1.15893,1.15986,418,26.500000000000412,46.99285714285668
2025-12-01,1.15985,1.16522,1.15903,1.16089,1426,61.899999999999174,48.01428571428528
2025-12-02,1.16088,1.16419,1.1591,1.1641,1433,50.90000000000039,49.62857142857109
2025-12-03,1.16411,1.16775,1.16356,1.1657,1435,41.90000000000138,50.25714285714268
2025-12-04,1.16572,1.16819,1.16409,1.16535,1437,40.99999999999992,50.59285714285694
2025-12-05,1.16534,1.16717,1.16279,1.16388,1019,43.8000000000005,47.507142857142746
2025-12-07,1.16373,1.16554,1.16341,1.16543,419,21.299999999999653,45.557142857142814
2025-12-08,1.16543,1.16718,1.16163,1.16466,1436,55.500000000001656,45.12857142857144
2025-12-09,1.16466,1.16571,1.16149,1.16273,1434,42.200000000001125,46.73571428571436
2025-12-10,1.16272,1.17072,1.16264,1.16902,1440,80.80000000000086,49.60714285714302
2025-12-11,1.169,1.17627,1.16821,1.17317,1439,80.59999999999955,49.64285714285738
2025-12-12,1.17317,1.17497,1.17195,1.17396,1019,30.200000000000227,47.07142857142894
2025-12-14,1.17358,1.17447,1.17277,1.17321,418,16.999999999998128,46.1500000000002
2025-12-15,1.17321,1.17688,1.17264,1.1751,1434,42.40000000000021,45.42857142857166
2025-12-16,1.17509,1.1804,1.17275,1.17296,1439,76.49999999999935,49.00000000000015
2025-12-17,1.17295,1.1758,1.1703,1.17427,1432,55.000000000000604,48.50714285714311
2025-12-18,1.17426,1.17627,1.17123,1.17177,1431,50.39999999999933,48.47142857142875
2025-12-19,1.17178,1.17377,1.17021,1.17103,1018,35.60000000000007,48.02142857142866
2025-12-21,1.17149,1.17216,1.17058,1.17199,420,15.800000000001369,46.22142857142876
2025-12-22,1.17199,1.17803,1.17127,1.17751,1438,67.59999999999877,47.921428571428635
2025-12-23,1.1775,1.18079,1.17637,1.17911,1439,44.200000000000905,49.55714285714301
2025-12-24,1.1791,1.18038,1.17695,1.17751,1141,34.30000000000044,48.04285714285721
2025-12-25,1.1775,1.17934,1.17663,1.17831,493,27.099999999999902,46.9642857142857
2025-12-26,1.17831,1.17966,1.17615,1.1768,1020,35.09999999999902,43.699999999999854
2025-12-28,1.17631,1.17862,1.17631,1.1764,412,23.100000000000342,39.59285714285705
2025-12-29,1.1764,1.1789,1.17493,1.17768,1434,39.70000000000029,40.27142857142848
2025-12-30,1.17771,1.17797,1.1733,1.17343,1426,46.69999999999952,42.39285714285715
2025-12-31,1.17344,1.17592,1.17199,1.17455,1015,39.29999999999989,42.171428571428564
