date,day_of_week,asian_high,asian_low,asian_range_pips,yday_high,yday_low,yday_open,yday_close,dby_high,dby_low,setup1_sell,setup1_buy,setup2_sell,setup2_buy,predicted_side_setup1,predicted_side_setup2,predicted_side,actual_side,actual_sweep_time,actual_sweep_hour,session_bucket,reached_yesterday_extreme,mixed_day,agree_day
2021-01-05,Tuesday,1.22767,1.22548,21.9,1.23096,1.22413,1.22489,1.22689,1.22584,1.22296,False,False,False,False,none,none,none,high,03:19,3,in_session,False,False,False
2021-01-06,Wednesday,1.23152,1.22755,39.7,1.23261,1.22538,1.22689,1.22917,1.23096,1.22413,True,False,False,False,high,none,high,high,01:48,1,in_session,False,False,True
2021-01-07,Thursday,1.2337,1.23187,18.3,1.23494,1.22655,1.22915,1.23246,1.23261,1.22538,False,True,False,False,low,none,low,low,00:12,0,before_session,False,False,True
2021-01-08,Friday,1.22647,1.22349,29.8,1.23255,1.22349,1.23246,1.22632,1.23494,1.22655,False,True,False,False,low,none,low,high,00:22,0,before_session,True,True,False
2021-01-11,Monday,1.21907,1.21666,24.1,1.22284,1.21666,1.22175,1.21738,1.22845,1.21929,False,True,False,False,low,none,low,high,02:07,2,in_session,True,True,False
2021-01-12,Tuesday,1.21619,1.21386,23.3,1.21998,1.21321,1.21739,1.21427,1.22284,1.21666,False,False,False,False,none,none,none,high,02:16,2,in_session,False,False,False
2021-01-13,Wednesday,1.22201,1.22048,15.3,1.22201,1.21371,1.21427,1.22085,1.21998,1.21321,True,False,False,False,high,none,high,high,02:30,2,in_session,False,False,True
2021-01-14,Thursday,1.21718,1.21355,36.3,1.22227,1.21355,1.22085,1.21496,1.22201,1.21371,False,False,False,False,none,none,none,low,07:59,7,after_session,False,False,False
2021-01-15,Friday,1.21573,1.21432,14.1,1.21784,1.2111,1.21495,1.21468,1.22227,1.21355,False,False,False,False,none,none,none,low,00:21,0,before_session,False,False,False
2021-01-18,Monday,1.20844,1.20654,19.0,1.20865,1.20649,1.20838,1.207,1.21469,1.20747,True,True,False,False,conflict,none,conflict,high,02:17,2,in_session,True,False,False
2021-01-19,Tuesday,1.20986,1.20859,12.7,1.20986,1.20535,1.20701,1.20953,1.20865,1.20649,True,False,False,False,high,none,high,low,02:24,2,in_session,True,True,False
2021-01-20,Wednesday,1.21492,1.21351,14.1,1.21492,1.20852,1.20953,1.21403,1.20986,1.20535,True,False,False,False,high,none,high,high,01:35,1,in_session,True,False,True
2021-01-21,Thursday,1.21337,1.21153,18.4,1.21581,1.20767,1.21403,1.21294,1.21492,1.20852,False,False,False,False,none,none,none,high,00:36,0,before_session,False,False,False
2021-01-22,Friday,1.21766,1.21613,15.3,1.21777,1.21148,1.21295,1.21735,1.21581,1.20767,True,False,False,False,high,none,high,low,02:01,2,in_session,True,True,False
2021-01-25,Monday,1.21802,1.21601,20.1,1.21802,1.21601,1.21688,1.2176,1.21894,1.21515,True,True,False,False,conflict,none,conflict,high,00:31,0,before_session,True,False,False
2021-01-26,Tuesday,1.21461,1.21274,18.7,1.21832,1.21158,1.2176,1.21301,1.21802,1.21601,False,True,False,False,low,none,low,low,00:24,0,before_session,False,False,True
2021-01-27,Wednesday,1.2167,1.2153,14.0,1.21758,1.21076,1.21301,1.21572,1.21832,1.21158,False,False,False,False,none,none,none,low,02:32,2,in_session,False,False,False
2021-01-28,Thursday,1.21059,1.20859,20.0,1.21659,1.20585,1.21572,1.20936,1.21758,1.21076,False,False,False,False,none,none,none,low,02:23,2,in_session,False,False,False
2021-01-29,Friday,1.2116,1.2095,21.0,1.21424,1.20807,1.20934,1.20995,1.21659,1.20585,False,False,False,False,none,none,none,low,00:41,0,before_session,True,False,False
2021-02-01,Monday,1.21363,1.21246,11.7,1.21363,1.21201,1.21297,1.21275,1.2156,1.20944,False,True,False,False,low,none,low,low,02:07,2,in_session,False,False,True
2021-02-02,Tuesday,1.20877,1.20671,20.6,1.21326,1.2056,1.21276,1.20756,1.21363,1.21201,False,False,False,False,none,none,none,low,01:38,1,in_session,False,False,False
2021-02-03,Wednesday,1.205,1.20392,10.8,1.20871,1.20115,1.20755,1.20432,1.21326,1.2056,False,True,False,False,low,none,low,low,01:12,1,in_session,False,False,True
2021-02-04,Thursday,1.20388,1.20157,23.1,1.20456,1.2004,1.20434,1.20197,1.20871,1.20115,False,True,False,False,low,none,low,low,00:02,0,before_session,False,False,True
2021-02-05,Friday,1.19692,1.19522,17.0,1.20196,1.19522,1.20196,1.1956,1.20456,1.2004,False,False,False,False,none,none,none,high,03:04,3,in_session,False,False,False
2021-02-08,Monday,1.20398,1.20296,10.2,1.2055,1.20296,1.20375,1.20345,1.20498,1.19552,False,True,False,False,low,none,low,high,00:10,0,before_session,True,True,False
2021-02-09,Tuesday,1.2082,1.20561,25.9,1.2082,1.20196,1.20346,1.20756,1.2055,1.20296,True,False,False,False,high,none,high,high,01:16,1,in_session,False,False,True
2021-02-10,Wednesday,1.21297,1.21088,20.9,1.21297,1.20672,1.20757,1.21288,1.2082,1.20196,True,False,False,False,high,none,high,high,02:24,2,in_session,False,False,True
2021-02-11,Thursday,1.2125,1.21138,11.2,1.2144,1.21131,1.21287,1.21215,1.21297,1.20672,False,False,False,False,none,none,none,high,00:19,0,before_session,False,False,False
2021-02-12,Friday,1.21301,1.21185,11.6,1.21494,1.21179,1.21215,1.21224,1.2144,1.21131,False,True,False,False,low,none,low,high,00:57,0,before_session,True,True,False
2021-02-15,Monday,1.21376,1.21174,20.2,1.21376,1.21167,1.21244,1.21321,1.21316,1.20815,True,False,False,False,high,none,high,high,00:22,0,before_session,False,False,True
2021-02-16,Tuesday,1.21501,1.21343,15.8,1.21501,1.21207,1.2132,1.21395,1.21376,1.21167,True,False,False,False,high,none,high,low,00:38,0,before_session,True,True,False
2021-02-17,Wednesday,1.20982,1.20832,15.0,1.21693,1.20832,1.21396,1.20917,1.21501,1.21207,False,True,False,False,low,none,low,low,02:02,2,in_session,False,False,True
2021-02-18,Thursday,1.205,1.20355,14.5,1.20951,1.20232,1.20919,1.20371,1.21693,1.20832,False,False,False,False,none,none,none,high,02:47,2,in_session,False,False,False
2021-02-19,Friday,1.20981,1.20823,15.8,1.20985,1.20363,1.20372,1.20929,1.20951,1.20232,True,False,False,False,high,none,high,high,01:18,1,in_session,False,False,True
2021-02-22,Monday,1.21355,1.21124,23.1,1.21355,1.21124,1.21151,1.21205,1.21444,1.20904,False,True,False,False,low,none,low,low,02:09,2,in_session,True,False,True
2021-02-23,Tuesday,1.21771,1.21638,13.3,1.21771,1.20911,1.21206,1.21718,1.21355,1.21124,True,False,False,False,high,none,high,low,01:24,1,in_session,True,True,False
2021-02-24,Wednesday,1.21662,1.21473,18.9,1.21801,1.21353,1.21718,1.21486,1.21771,1.20911,False,False,False,False,none,none,none,low,00:03,0,before_session,False,False,False
2021-02-25,Thursday,1.21773,1.21559,21.4,1.21773,1.21092,1.21485,1.21764,1.21801,1.21353,True,False,False,False,high,none,high,high,00:00,0,before_session,False,False,True
2021-02-26,Friday,1.21826,1.2145,37.6,1.22433,1.21372,1.21767,1.21548,1.21773,1.21092,False,True,False,False,low,none,low,low,02:01,2,in_session,False,False,True
2021-03-01,Monday,1.20956,1.20747,20.9,1.21011,1.20699,1.20702,1.20774,1.21595,1.20621,False,True,False,False,low,none,low,low,02:59,2,in_session,False,False,True
2021-03-02,Tuesday,1.20407,1.20151,25.6,1.20928,1.20151,1.20776,1.20207,1.21011,1.20699,False,True,False,False,low,none,low,low,02:16,2,in_session,False,False,True
2021-03-03,Wednesday,1.20934,1.20825,10.9,1.20943,1.19916,1.20209,1.20885,1.20928,1.20151,True,False,False,False,high,none,high,low,01:08,1,in_session,True,True,False
2021-03-04,Thursday,1.2063,1.20435,19.5,1.21132,1.20427,1.20884,1.20552,1.20943,1.19916,False,True,False,False,low,none,low,low,03:25,3,in_session,False,False,True
2021-03-05,Friday,1.19665,1.19515,15.0,1.20624,1.19515,1.20553,1.19561,1.21132,1.20427,False,True,False,False,low,none,low,low,02:00,2,in_session,False,False,True
2021-03-08,Monday,1.19287,1.18987,30.0,1.19321,1.18987,1.19177,1.19057,1.19618,1.18932,False,True,False,False,low,none,low,low,01:56,1,in_session,False,False,True
2021-03-09,Tuesday,1.1867,1.18355,31.5,1.19145,1.18355,1.19056,1.18574,1.19321,1.18987,False,False,False,False,none,none,none,high,02:22,2,in_session,False,False,False
2021-03-10,Wednesday,1.18976,1.1877,20.6,1.19156,1.18511,1.18574,1.18795,1.19145,1.18355,False,False,False,False,none,none,none,low,00:04,0,before_session,True,False,False
2021-03-11,Thursday,1.19345,1.19172,17.3,1.19345,1.18688,1.18796,1.19273,1.19156,1.18511,True,False,False,False,high,none,high,high,02:22,2,in_session,False,False,True
2021-03-12,Friday,1.19884,1.19596,28.8,1.19899,1.19189,1.19274,1.1966,1.19345,1.18688,False,True,False,False,low,none,low,low,01:04,1,in_session,False,False,True
2021-03-15,Monday,1.19674,1.19425,24.9,1.19674,1.19425,1.19451,1.19431,1.1967,1.19099,False,True,False,False,low,none,low,low,00:02,0,before_session,False,False,True
2021-03-16,Tuesday,1.19385,1.1922,16.5,1.19435,1.1911,1.19429,1.19377,1.19674,1.19425,False,False,False,False,none,none,none,high,00:39,0,before_session,True,False,False
2021-03-17,Wednesday,1.19041,1.18926,11.5,1.19518,1.18819,1.19375,1.19035,1.19435,1.1911,False,False,False,False,none,none,none,high,00:11,0,before_session,False,False,False
2021-03-18,Thursday,1.19865,1.19552,31.3,1.19877,1.18861,1.19033,1.19613,1.19518,1.18819,True,False,False,False,high,none,high,high,02:10,2,in_session,False,False,True
2021-03-19,Friday,1.19196,1.1902,17.6,1.19888,1.1902,1.19613,1.19186,1.19877,1.18861,False,True,False,False,low,none,low,high,01:17,1,in_session,True,True,False
2021-03-22,Monday,1.18989,1.18751,23.8,1.18989,1.18708,1.18712,1.18934,1.19371,1.18738,True,False,False,False,high,none,high,high,00:51,0,before_session,False,False,True
2021-03-23,Tuesday,1.19369,1.19229,14.0,1.19468,1.18744,1.18933,1.19231,1.18989,1.18708,False,False,False,False,none,none,none,low,00:00,0,before_session,False,False,False
2021-03-24,Wednesday,1.18508,1.18396,11.2,1.19318,1.1836,1.19231,1.18464,1.19468,1.18744,False,True,False,False,low,none,low,low,00:40,0,before_session,False,False,True
2021-03-25,Thursday,1.18277,1.18041,23.6,1.18473,1.18041,1.18463,1.18206,1.19318,1.1836,False,True,False,False,low,none,low,low,03:01,3,in_session,False,False,True
2021-03-26,Friday,1.17845,1.17746,9.9,1.18261,1.17617,1.18205,1.17763,1.18473,1.18041,False,False,False,False,none,none,none,high,01:10,1,in_session,False,False,False
2021-03-29,Monday,1.17911,1.1775,16.1,1.17935,1.1775,1.17917,1.17862,1.18049,1.17717,True,True,False,False,conflict,none,conflict,low,01:52,1,in_session,True,False,False
2021-03-30,Tuesday,1.17737,1.17638,9.9,1.17939,1.17606,1.17861,1.17666,1.17935,1.1775,False,True,False,False,low,none,low,low,00:16,0,before_session,False,False,True
2021-03-31,Wednesday,1.17258,1.17044,21.4,1.17677,1.17044,1.17667,1.17071,1.17939,1.17606,False,True,False,False,low,none,low,low,00:17,0,before_session,False,False,True
2021-04-01,Thursday,1.17328,1.17212,11.6,1.17598,1.1704,1.17071,1.17243,1.17677,1.17044,False,False,False,False,none,none,none,low,00:43,0,before_session,True,False,False
2021-04-02,Friday,1.1784,1.17691,14.9,1.1784,1.17125,1.17243,1.17794,1.17598,1.1704,True,False,False,False,high,none,high,high,04:33,4,in_session,False,False,True
2021-04-05,Monday,1.17718,1.17614,10.4,1.17718,1.17532,1.17544,1.17699,1.17866,1.1749,False,True,False,False,low,none,low,low,00:44,0,before_session,True,False,True
2021-04-06,Tuesday,1.18215,1.17996,21.9,1.18215,1.17379,1.17701,1.18025,1.17718,1.17532,False,False,False,False,none,none,none,low,03:05,3,in_session,True,False,False
2021-04-07,Wednesday,1.18777,1.18655,12.2,1.18777,1.17951,1.18026,1.18667,1.18215,1.17379,True,False,False,False,high,none,high,low,02:10,2,in_session,True,True,False
2021-04-08,Thursday,1.18739,1.18609,13.0,1.19147,1.18608,1.18667,1.18708,1.18777,1.17951,False,False,False,False,none,none,none,high,01:03,1,in_session,False,False,False
2021-04-09,Friday,1.19201,1.19029,17.2,1.19274,1.18616,1.18709,1.19067,1.19147,1.18608,False,False,False,False,none,none,none,low,01:09,1,in_session,False,False,False
2021-04-12,Monday,1.19029,1.18853,17.6,1.19038,1.18853,1.18903,1.18924,1.19103,1.18669,False,True,False,False,low,none,low,low,01:14,1,in_session,True,False,True
2021-04-13,Tuesday,1.1912,1.18899,22.1,1.1919,1.1871,1.18926,1.18903,1.19038,1.18853,False,False,False,False,none,none,none,low,00:07,0,before_session,True,False,False
2021-04-14,Wednesday,1.1963,1.19526,10.4,1.1963,1.18776,1.18902,1.19581,1.1919,1.1871,True,False,False,False,high,none,high,high,00:22,0,before_session,False,False,True
2021-04-15,Thursday,1.19897,1.19722,17.5,1.19897,1.19509,1.1958,1.19746,1.1963,1.18776,True,False,False,False,high,none,high,low,00:46,0,before_session,True,True,False
2021-04-16,Friday,1.19746,1.19503,24.3,1.19932,1.19503,1.19746,1.19571,1.19897,1.19509,False,False,False,False,none,none,none,high,03:48,3,in_session,False,False,False
2021-04-19,Monday,1.19749,1.19424,32.5,1.19771,1.19424,1.19722,1.1956,1.19946,1.19566,True,False,False,False,high,none,high,high,02:45,2,in_session,False,False,True
2021-04-20,Tuesday,1.20717,1.20373,34.4,1.20717,1.19552,1.19561,1.20666,1.19771,1.19424,True,False,False,False,high,none,high,high,02:58,2,in_session,False,False,True
2021-04-21,Wednesday,1.20436,1.20283,15.3,1.20797,1.20224,1.20666,1.20304,1.20717,1.19552,False,True,False,False,low,none,low,low,00:10,0,before_session,False,False,True
2021-04-22,Thursday,1.20467,1.20323,14.4,1.20467,1.19985,1.20304,1.20362,1.20797,1.20224,True,False,False,False,high,none,high,low,00:16,0,before_session,True,True,False
2021-04-23,Friday,1.20263,1.20127,13.6,1.20694,1.19936,1.20362,1.20214,1.20467,1.19985,False,False,False,False,none,none,none,high,00:51,0,before_session,False,False,False
2021-04-26,Monday,1.21167,1.20885,28.2,1.21167,1.20885,1.20913,1.21101,1.20999,1.20208,False,False,False,False,none,none,none,low,07:13,7,after_session,False,False,False
2021-04-27,Tuesday,1.2084,1.20651,18.9,1.21154,1.20608,1.21101,1.2069,1.21167,1.20885,False,True,False,False,low,none,low,low,03:02,3,in_session,False,False,True
2021-04-28,Wednesday,1.2089,1.20751,13.9,1.20927,1.20567,1.20691,1.20762,1.21154,1.20608,False,True,False,False,low,none,low,low,00:11,0,before_session,True,False,True
2021-04-29,Thursday,1.21498,1.2124,25.8,1.21498,1.2056,1.20763,1.21258,1.20927,1.20567,False,False,False,False,none,none,none,low,02:37,2,in_session,False,False,False
2021-04-30,Friday,1.21265,1.21152,11.3,1.21367,1.21021,1.21259,1.21174,1.21498,1.2056,False,True,False,False,low,none,low,low,02:01,2,in_session,False,False,True
2021-05-03,Monday,1.20354,1.20183,17.1,1.20354,1.20183,1.20309,1.20223,1.21198,1.20165,True,True,False,False,conflict,none,conflict,low,00:29,0,before_session,True,False,False
2021-05-04,Tuesday,1.20598,1.20389,20.9,1.2076,1.2013,1.20224,1.20394,1.20354,1.20183,False,True,False,False,low,none,low,low,00:02,0,before_session,False,False,True
2021-05-05,Wednesday,1.20265,1.2014,12.5,1.20428,1.19989,1.20394,1.20241,1.2076,1.2013,False,True,False,False,low,none,low,low,01:54,1,in_session,False,False,True
2021-05-06,Thursday,1.20116,1.19929,18.7,1.20254,1.19859,1.2024,1.19988,1.20428,1.19989,True,False,False,False,high,none,high,high,02:36,2,in_session,False,False,True
2021-05-07,Friday,1.20697,1.20594,10.3,1.20716,1.19981,1.19986,1.20678,1.20254,1.19859,True,False,False,False,high,none,high,low,02:02,2,in_session,True,True,False
2021-05-10,Monday,1.21705,1.21509,19.6,1.21769,1.21509,1.21601,1.21548,1.21713,1.20527,False,True,False,False,low,none,low,low,01:58,1,in_session,True,False,True
2021-05-11,Tuesday,1.21493,1.21259,23.4,1.21782,1.21259,1.21549,1.21397,1.21769,1.21509,False,True,False,False,low,none,low,low,03:11,3,in_session,True,False,True
2021-05-12,Wednesday,1.21491,1.21153,33.8,1.21815,1.21153,1.21397,1.21168,1.21782,1.21259,False,False,False,False,none,none,none,low,08:30,8,after_session,False,False,False
2021-05-13,Thursday,1.20888,1.20706,18.2,1.2152,1.20655,1.21167,1.20764,1.21815,1.21153,False,True,False,False,low,none,low,high,02:22,2,in_session,True,True,False
2021-05-14,Friday,1.20857,1.20708,14.9,1.2106,1.20514,1.20764,1.20854,1.2152,1.20655,True,False,False,False,high,none,high,high,00:00,0,before_session,False,False,True
2021-05-17,Monday,1.21497,1.21289,20.8,1.21511,1.21289,1.2145,1.21315,1.21477,1.20842,False,True,False,False,low,none,low,low,01:01,1,in_session,True,False,True
2021-05-18,Tuesday,1.21691,1.21534,15.7,1.21691,1.21259,1.21316,1.21675,1.21511,1.21289,True,False,False,False,high,none,high,high,02:04,2,in_session,False,False,True
2021-05-19,Wednesday,1.22327,1.22172,15.5,1.22339,1.21629,1.21674,1.22294,1.21691,1.21259,True,False,False,False,high,none,high,high,00:15,0,before_session,False,False,True
2021-05-20,Thursday,1.21851,1.21689,16.2,1.22451,1.21598,1.22294,1.21822,1.22339,1.21629,False,False,False,False,none,none,none,high,00:49,0,before_session,False,False,False
2021-05-21,Friday,1.22391,1.22238,15.3,1.22391,1.2177,1.21823,1.22321,1.22451,1.21598,True,False,False,False,high,none,high,high,02:04,2,in_session,True,False,True
2021-05-24,Monday,1.21871,1.2175,12.1,1.21871,1.21722,1.21778,1.21813,1.22396,1.21607,True,False,False,False,high,none,high,high,01:27,1,in_session,False,False,True
2021-05-25,Tuesday,1.22301,1.22113,18.8,1.22301,1.21749,1.21813,1.22266,1.21871,1.21722,True,False,False,False,high,none,high,high,00:16,0,before_session,False,False,True
2021-05-26,Wednesday,1.22604,1.22418,18.6,1.22664,1.22202,1.22262,1.22579,1.22301,1.21749,False,False,False,False,none,none,none,high,00:29,0,before_session,True,False,False
2021-05-27,Thursday,1.21945,1.21751,19.4,1.22629,1.21751,1.22578,1.21934,1.22664,1.22202,False,False,False,False,none,none,none,high,00:01,0,before_session,False,False,False
2021-05-28,Friday,1.21927,1.21814,11.3,1.22149,1.21797,1.21936,1.21871,1.22629,1.21751,False,True,False,False,low,none,low,low,01:30,1,in_session,False,False,True
2021-06-01,Tuesday,1.22364,1.22237,12.7,1.22364,1.22237,1.22325,1.22301,1.22042,1.21845,True,True,False,True,conflict,low,conflict,low,00:32,0,before_session,True,False,False
2021-06-02,Wednesday,1.22265,1.2215,11.5,1.22542,1.2211,1.223,1.22229,1.22364,1.22237,False,True,False,False,low,none,low,low,01:59,1,in_session,False,False,True
2021-06-03,Thursday,1.22141,1.22023,11.8,1.2223,1.2164,1.22229,1.22063,1.22542,1.2211,False,False,False,False,none,none,none,low,00:54,0,before_session,False,False,False
2021-06-04,Friday,1.21302,1.21143,15.9,1.22082,1.21143,1.22064,1.21148,1.2223,1.2164,False,True,False,False,low,none,low,low,00:01,0,before_session,False,False,True
2021-06-07,Monday,1.21726,1.21599,12.7,1.21726,1.21596,1.21601,1.21674,1.21856,1.21039,False,True,False,False,low,none,low,low,01:56,1,in_session,True,False,True
2021-06-08,Tuesday,1.21941,1.21779,16.2,1.22017,1.21448,1.21672,1.21798,1.21726,1.21596,False,False,False,False,none,none,none,low,00:03,0,before_session,False,False,False
2021-06-09,Wednesday,1.21852,1.21714,13.8,1.2193,1.21642,1.21795,1.21804,1.22017,1.21448,False,False,False,False,none,none,none,high,02:38,2,in_session,False,False,False
2021-06-10,Thursday,1.21806,1.21663,14.3,1.22179,1.21663,1.21804,1.21694,1.2193,1.21642,False,True,False,False,low,none,low,low,00:18,0,before_session,False,False,True
2021-06-11,Friday,1.21914,1.21717,19.7,1.21945,1.21433,1.21696,1.21872,1.22179,1.21663,False,False,False,False,none,none,none,high,02:08,2,in_session,True,False,False
2021-06-14,Monday,1.21102,1.20945,15.7,1.21121,1.20945,1.21045,1.20996,1.21929,1.20925,True,True,False,False,conflict,none,conflict,low,03:12,3,in_session,True,False,False
2021-06-15,Tuesday,1.21258,1.21137,12.1,1.21305,1.20942,1.20994,1.21231,1.21121,1.20945,True,False,False,False,high,none,high,high,00:58,0,before_session,False,False,True
2021-06-16,Wednesday,1.21269,1.21165,10.4,1.21473,1.21013,1.21232,1.21227,1.21305,1.20942,False,False,False,False,none,none,none,high,00:38,0,before_session,False,False,False
2021-06-17,Thursday,1.20047,1.19841,20.6,1.21347,1.19841,1.21225,1.19935,1.21473,1.21013,False,True,False,False,low,none,low,high,01:57,1,in_session,True,True,False
2021-06-18,Friday,1.19249,1.19045,20.4,1.20062,1.18916,1.19937,1.19217,1.21347,1.19841,False,True,False,False,low,none,low,low,01:12,1,in_session,False,False,True
2021-06-21,Monday,1.18764,1.18476,28.8,1.18764,1.18476,1.18542,1.1856,1.19243,1.18472,True,False,False,False,high,none,high,high,02:22,2,in_session,False,False,True
2021-06-22,Tuesday,1.19151,1.19006,14.5,1.19213,1.18511,1.18561,1.19117,1.18764,1.18476,False,False,False,False,none,none,none,low,01:16,1,in_session,False,False,False
2021-06-23,Wednesday,1.19398,1.19203,19.5,1.19526,1.18808,1.19116,1.19223,1.19213,1.18511,False,False,False,False,none,none,none,low,00:10,0,before_session,True,False,False
2021-06-24,Thursday,1.19332,1.19192,14.0,1.197,1.19113,1.19226,1.19213,1.19526,1.18808,False,False,False,False,none,none,none,low,02:00,2,in_session,False,False,False
2021-06-25,Friday,1.19449,1.19266,18.3,1.19562,1.19176,1.19216,1.194,1.197,1.19113,False,False,False,False,none,none,none,high,02:33,2,in_session,False,False,False
2021-06-28,Monday,1.19415,1.192,21.5,1.19419,1.192,1.19296,1.19248,1.19751,1.19261,True,False,False,False,high,none,high,high,03:04,3,in_session,True,False,True
2021-06-29,Tuesday,1.19295,1.19076,21.9,1.19444,1.19022,1.19246,1.19112,1.19419,1.192,False,True,False,False,low,none,low,low,03:24,3,in_session,False,False,True
2021-06-30,Wednesday,1.1909,1.18964,12.6,1.1923,1.18775,1.19115,1.19022,1.19444,1.19022,False,False,False,False,none,none,none,low,01:59,1,in_session,False,False,False
2021-07-01,Thursday,1.18564,1.18464,10.0,1.19079,1.1845,1.19023,1.18504,1.1923,1.18775,False,True,False,False,low,none,low,low,00:37,0,before_session,False,False,True
2021-07-02,Friday,1.18476,1.18405,7.1,1.18842,1.18373,1.18505,1.18427,1.19079,1.1845,False,True,False,False,low,none,low,high,01:43,1,in_session,True,True,False
2021-07-05,Monday,1.18626,1.18518,10.8,1.18685,1.18518,1.18598,1.1853,1.18741,1.1807,True,True,False,False,conflict,none,conflict,low,00:01,0,before_session,True,False,False
2021-07-06,Tuesday,1.18753,1.18583,17.0,1.18804,1.18513,1.1853,1.18735,1.18685,1.18518,True,True,False,False,conflict,none,conflict,high,00:34,0,before_session,True,False,False
2021-07-07,Wednesday,1.1825,1.18155,9.5,1.18951,1.18068,1.18735,1.18248,1.18804,1.18513,False,False,False,False,none,none,none,high,00:01,0,before_session,True,False,False
2021-07-08,Thursday,1.1795,1.17834,11.6,1.18364,1.17815,1.18249,1.17921,1.18951,1.18068,False,False,False,False,none,none,none,high,00:55,0,before_session,False,False,False
2021-07-09,Friday,1.18499,1.18341,15.8,1.18678,1.17914,1.1792,1.18393,1.18364,1.17815,False,False,False,False,none,none,none,low,00:58,0,before_session,True,False,False
2021-07-12,Monday,1.18802,1.18675,12.7,1.18802,1.1865,1.18751,1.18692,1.1881,1.18249,False,True,False,False,low,none,low,low,00:01,0,before_session,False,False,True
2021-07-13,Tuesday,1.18751,1.1862,13.1,1.18797,1.1836,1.1869,1.18696,1.18802,1.1865,False,False,False,False,none,none,none,low,01:06,1,in_session,False,False,False
2021-07-14,Wednesday,1.17853,1.17717,13.6,1.18705,1.17717,1.18698,1.17833,1.18797,1.1836,False,False,False,False,none,none,none,high,01:07,1,in_session,False,False,False
2021-07-15,Thursday,1.18362,1.18211,15.1,1.18387,1.17759,1.17832,1.1832,1.18705,1.17717,True,False,False,False,high,none,high,high,01:26,1,in_session,False,False,True
2021-07-16,Friday,1.18168,1.18018,15.0,1.18506,1.17962,1.18318,1.18116,1.18387,1.17759,False,False,False,False,none,none,none,low,03:31,3,in_session,False,False,False
2021-07-19,Monday,1.18136,1.17978,15.8,1.18138,1.17978,1.18054,1.18045,1.18221,1.17921,False,True,False,False,low,none,low,low,02:57,2,in_session,True,False,True
2021-07-20,Tuesday,1.18021,1.17899,12.2,1.18244,1.17636,1.18047,1.17932,1.18138,1.17978,False,False,False,False,none,none,none,low,00:20,0,before_session,False,False,False
2021-07-21,Wednesday,1.17829,1.177,12.9,1.18024,1.17555,1.17932,1.17748,1.18244,1.17636,False,True,False,False,low,none,low,low,01:54,1,in_session,True,False,True
2021-07-22,Thursday,1.17983,1.17866,11.7,1.18046,1.17518,1.17748,1.17958,1.18024,1.17555,False,False,False,False,none,none,none,high,00:12,0,before_session,False,False,False
2021-07-23,Friday,1.17804,1.17694,11.0,1.18304,1.17572,1.17958,1.17696,1.18046,1.17518,False,False,False,False,none,none,none,low,00:00,0,before_session,False,False,False
2021-07-26,Monday,1.17786,1.17632,15.4,1.17786,1.17632,1.17681,1.17785,1.17865,1.17544,True,False,False,False,high,none,high,high,00:00,0,before_session,False,False,True
2021-07-27,Tuesday,1.1812,1.18008,11.2,1.18172,1.17669,1.17787,1.18052,1.17786,1.17632,False,False,False,True,none,low,low,low,01:02,1,in_session,True,False,True
2021-07-28,Wednesday,1.18274,1.18123,15.1,1.18409,1.17698,1.18055,1.18215,1.18172,1.17669,False,False,False,False,none,none,none,low,02:30,2,in_session,False,False,False
2021-07-29,Thursday,1.18578,1.18406,17.2,1.18578,1.17721,1.18212,1.18542,1.18409,1.17698,True,False,False,False,high,none,high,high,00:50,0,before_session,False,False,True
2021-07-30,Friday,1.18916,1.18776,14.0,1.18942,1.18502,1.18542,1.18781,1.18578,1.17721,True,False,False,False,high,none,high,low,01:00,1,in_session,True,True,False
2021-08-02,Monday,1.18727,1.18587,14.0,1.18727,1.18587,1.18641,1.18712,1.19085,1.18515,True,False,False,False,high,none,high,high,00:20,0,before_session,False,False,True
2021-08-03,Tuesday,1.18786,1.1868,10.6,1.18968,1.18641,1.18713,1.18744,1.18727,1.18587,False,False,False,False,none,none,none,high,00:30,0,before_session,True,False,False
2021-08-04,Wednesday,1.18754,1.18606,14.8,1.18932,1.18535,1.18744,1.18732,1.18968,1.18641,False,True,False,False,low,none,low,high,01:26,1,in_session,True,True,False
2021-08-05,Thursday,1.18392,1.18315,7.7,1.18996,1.18315,1.18734,1.18339,1.18932,1.18535,False,True,False,False,low,none,low,low,02:06,2,in_session,False,False,True
2021-08-06,Friday,1.18333,1.18185,14.8,1.18572,1.18185,1.1834,1.18231,1.18996,1.18315,False,True,False,False,low,none,low,low,04:23,4,in_session,False,False,True
2021-08-09,Monday,1.17608,1.17424,18.4,1.1761,1.17422,1.1758,1.17591,1.18298,1.17543,True,False,False,False,high,none,high,high,00:55,0,before_session,True,False,True
2021-08-10,Tuesday,1.174,1.1732,8.0,1.17689,1.1732,1.1759,1.17388,1.1761,1.17422,False,True,False,False,low,none,low,high,01:41,1,in_session,True,True,False
2021-08-11,Wednesday,1.17255,1.17117,13.8,1.17427,1.17095,1.1739,1.17184,1.17689,1.1732,False,True,False,False,low,none,low,low,02:19,2,in_session,True,False,True
2021-08-12,Thursday,1.17449,1.17345,10.4,1.17541,1.17059,1.17185,1.17444,1.17427,1.17095,False,False,False,False,none,none,none,high,00:21,0,before_session,False,False,False
2021-08-13,Friday,1.17424,1.17327,9.7,1.17481,1.17236,1.17444,1.17395,1.17541,1.17059,False,False,False,False,none,none,none,low,02:57,2,in_session,True,False,False
2021-08-16,Monday,1.18006,1.17898,10.8,1.18007,1.17898,1.17934,1.179,1.18045,1.17302,False,True,False,False,low,none,low,low,01:31,1,in_session,False,False,True
2021-08-17,Tuesday,1.17776,1.17666,11.0,1.17941,1.17666,1.17899,1.17683,1.18007,1.17898,False,True,False,False,low,none,low,low,02:05,2,in_session,False,False,True
2021-08-18,Wednesday,1.17229,1.17075,15.4,1.17846,1.17017,1.17683,1.17164,1.17941,1.17666,False,False,False,False,none,none,none,high,02:53,2,in_session,True,False,False
2021-08-19,Thursday,1.17037,1.16656,38.1,1.17427,1.16656,1.17167,1.16752,1.17846,1.17017,False,False,False,False,none,none,none,high,07:57,7,after_session,False,False,False
2021-08-20,Friday,1.16873,1.16757,11.6,1.17041,1.16686,1.16753,1.16853,1.17427,1.16656,False,False,False,False,none,none,none,high,01:49,1,in_session,True,False,False
2021-08-23,Monday,1.17236,1.1695,28.6,1.17236,1.16925,1.16935,1.172,1.17044,1.16638,True,False,False,False,high,none,high,high,03:40,3,in_session,False,False,True
2021-08-24,Tuesday,1.17473,1.17341,13.2,1.17501,1.17063,1.172,1.17376,1.17236,1.16925,False,False,False,False,none,none,none,low,03:36,3,in_session,True,False,False
2021-08-25,Wednesday,1.17575,1.17332,24.3,1.1765,1.17272,1.17377,1.17381,1.17501,1.17063,False,False,False,False,none,none,none,low,02:57,2,in_session,False,False,False
2021-08-26,Thursday,1.17736,1.1761,12.6,1.17745,1.1726,1.1738,1.17628,1.1765,1.17272,True,False,False,False,high,none,high,low,02:25,2,in_session,True,True,False
2021-08-27,Friday,1.17596,1.1742,17.6,1.17789,1.1742,1.17627,1.17595,1.17745,1.1726,False,False,False,False,none,none,none,high,00:00,0,before_session,True,False,False
2021-08-30,Monday,1.18097,1.17951,14.6,1.18097,1.17898,1.17937,1.18038,1.18022,1.17348,False,False,False,False,none,none,none,low,02:41,2,in_session,False,False,False
2021-08-31,Tuesday,1.18198,1.17952,24.6,1.18198,1.17827,1.18038,1.18193,1.18097,1.17898,True,False,False,False,high,none,high,high,00:11,0,before_session,False,False,True
2021-09-01,Wednesday,1.18111,1.18001,11.0,1.1845,1.17964,1.18194,1.18043,1.18198,1.17827,False,True,False,False,low,none,low,low,00:42,0,before_session,True,False,True
2021-09-02,Thursday,1.1846,1.18367,9.3,1.18571,1.17935,1.18043,1.18377,1.1845,1.17964,False,False,False,False,none,none,none,low,00:27,0,before_session,True,False,False
2021-09-03,Friday,1.18842,1.18733,10.9,1.18842,1.18342,1.18377,1.18786,1.18571,1.17935,False,False,False,False,none,none,none,low,03:53,3,in_session,True,False,False
2021-09-06,Monday,1.18857,1.18648,20.9,1.18862,1.18648,1.1876,1.18678,1.1909,1.18655,False,True,False,False,low,none,low,low,03:26,3,in_session,False,False,True
2021-09-07,Tuesday,1.18851,1.18727,12.4,1.18851,1.18557,1.18679,1.18784,1.18862,1.18648,False,False,False,False,none,none,none,low,01:04,1,in_session,False,False,False
2021-09-08,Wednesday,1.18511,1.18403,10.8,1.18822,1.18358,1.18784,1.18421,1.18851,1.18557,False,True,False,False,low,none,low,low,01:07,1,in_session,False,False,True
2021-09-09,Thursday,1.18252,1.18122,13.0,1.18448,1.18019,1.1842,1.18181,1.18822,1.18358,False,False,False,False,none,none,none,low,00:36,0,before_session,False,False,False
2021-09-10,Friday,1.18329,1.18186,14.3,1.18412,1.18051,1.1818,1.18302,1.18448,1.18019,True,False,False,False,high,none,high,high,01:25,1,in_session,False,False,True
2021-09-13,Monday,1.18127,1.18021,10.6,1.18157,1.18021,1.18111,1.18048,1.1851,1.18092,False,True,False,False,low,none,low,low,00:42,0,before_session,True,False,True
2021-09-14,Tuesday,1.18188,1.18054,13.4,1.18188,1.177,1.18049,1.18155,1.18157,1.18021,True,False,False,False,high,none,high,high,03:05,3,in_session,False,False,True
2021-09-15,Wednesday,1.18119,1.18007,11.2,1.18458,1.18,1.18156,1.18061,1.18188,1.177,False,True,False,False,low,none,low,low,02:36,2,in_session,False,False,True
2021-09-16,Thursday,1.18204,1.18119,8.5,1.18318,1.17991,1.18061,1.18121,1.18458,1.18,False,True,False,False,low,none,low,low,00:00,0,before_session,False,False,True
2021-09-17,Friday,1.177,1.17586,11.4,1.18127,1.17504,1.18121,1.17688,1.18318,1.17991,False,False,False,False,none,none,none,high,00:05,0,before_session,True,False,False
2021-09-20,Monday,1.17296,1.17097,19.9,1.17305,1.17097,1.17288,1.17106,1.17888,1.17235,False,True,False,False,low,none,low,low,03:18,3,in_session,True,False,True
2021-09-21,Tuesday,1.17399,1.17232,16.7,1.17399,1.17001,1.17106,1.17319,1.17305,1.17097,False,False,False,False,none,none,none,low,03:39,3,in_session,True,False,False
2021-09-22,Wednesday,1.17304,1.17164,14.0,1.17486,1.17147,1.1732,1.172,1.17399,1.17001,False,False,False,False,none,none,none,high,03:08,3,in_session,False,False,False
2021-09-23,Thursday,1.17092,1.16834,25.8,1.17555,1.16834,1.17199,1.17067,1.17486,1.17147,False,False,False,False,none,none,none,high,00:58,0,before_session,False,False,False
2021-09-24,Friday,1.17476,1.17377,9.9,1.175,1.1705,1.17067,1.1741,1.17555,1.16834,False,False,False,False,none,none,none,low,00:53,0,before_session,False,False,False
2021-09-27,Monday,1.1725,1.17165,8.5,1.17261,1.1716,1.17253,1.17221,1.17418,1.17005,False,True,False,False,low,none,low,low,02:06,2,in_session,False,False,True
2021-09-28,Tuesday,1.16967,1.1685,11.7,1.17247,1.16846,1.17221,1.16916,1.17261,1.1716,False,True,False,False,low,none,low,high,00:43,0,before_session,True,True,False
2021-09-29,Wednesday,1.169,1.16779,12.1,1.17031,1.16682,1.16916,1.16848,1.17247,1.16846,False,True,False,False,low,none,low,low,02:41,2,in_session,False,False,True
2021-09-30,Thursday,1.16085,1.15977,10.8,1.16878,1.15894,1.16846,1.16039,1.17031,1.16682,False,False,False,False,none,none,none,low,01:53,1,in_session,False,False,False
2021-10-01,Friday,1.15791,1.15628,16.3,1.16096,1.15624,1.16039,1.15757,1.16878,1.15894,False,False,False,False,none,none,none,high,00:11,0,before_session,False,False,False
2021-10-04,Monday,1.16136,1.15876,26.0,1.16136,1.15876,1.15954,1.15891,1.16072,1.15724,True,False,False,False,high,none,high,high,04:01,4,in_session,False,False,True
2021-10-05,Tuesday,1.16198,1.15981,21.7,1.164,1.15894,1.15894,1.15987,1.16136,1.15876,False,False,False,False,none,none,none,low,00:03,0,before_session,False,False,False
2021-10-06,Wednesday,1.15977,1.15878,9.9,1.16131,1.15804,1.15988,1.15935,1.164,1.15894,False,True,False,False,low,none,low,low,00:17,0,before_session,False,False,True
2021-10-07,Thursday,1.1561,1.15511,9.9,1.15936,1.15291,1.15935,1.15555,1.16131,1.15804,False,False,False,False,none,none,none,low,01:48,1,in_session,False,False,False
2021-10-08,Friday,1.15596,1.15496,10.0,1.1572,1.15474,1.15555,1.15522,1.15936,1.15291,False,True,False,False,low,none,low,low,00:46,0,before_session,True,False,True
2021-10-11,Monday,1.15792,1.15649,14.3,1.15792,1.15636,1.15674,1.15722,1.15861,1.15413,True,False,False,False,high,none,high,high,02:01,2,in_session,True,False,True
2021-10-12,Tuesday,1.15607,1.15471,13.6,1.15867,1.15471,1.1572,1.15595,1.15792,1.15636,False,False,False,False,none,none,none,high,01:08,1,in_session,True,False,False
2021-10-13,Wednesday,1.15556,1.15299,25.7,1.15703,1.15242,1.15595,1.15513,1.15867,1.15471,False,False,False,False,none,none,none,high,03:39,3,in_session,False,False,False
2021-10-14,Thursday,1.16009,1.15886,12.3,1.16009,1.15361,1.15514,1.15938,1.15703,1.15242,True,False,False,False,high,none,high,low,01:18,1,in_session,True,True,False
2021-10-15,Friday,1.16116,1.15881,23.5,1.16242,1.15839,1.15938,1.16079,1.16009,1.15361,False,False,False,False,none,none,none,high,02:51,2,in_session,False,False,False
2021-10-18,Monday,1.15977,1.15812,16.5,1.16052,1.15812,1.15903,1.15818,1.16185,1.15887,False,True,False,False,low,none,low,low,00:21,0,before_session,True,False,True
2021-10-19,Tuesday,1.16466,1.1613,33.6,1.16466,1.15717,1.15818,1.16466,1.16052,1.15812,True,False,False,False,high,none,high,high,00:03,0,before_session,False,False,True
2021-10-20,Wednesday,1.16475,1.16276,19.9,1.16693,1.16276,1.16466,1.16438,1.16466,1.15717,False,True,False,False,low,none,low,high,00:19,0,before_session,True,True,False
2021-10-21,Thursday,1.16674,1.1651,16.4,1.16674,1.16168,1.16437,1.16647,1.16693,1.16276,False,False,False,False,none,none,none,low,00:51,0,before_session,False,False,False
2021-10-22,Friday,1.16318,1.1621,10.8,1.16651,1.16194,1.16649,1.1627,1.16674,1.16168,False,False,False,False,none,none,none,high,02:25,2,in_session,False,False,False
2021-10-25,Monday,1.16648,1.16389,25.9,1.16648,1.16356,1.16382,1.16638,1.16556,1.16218,True,False,False,False,high,none,high,high,00:05,0,before_session,True,False,True
2021-10-26,Tuesday,1.16101,1.15968,13.3,1.16649,1.15907,1.16637,1.16008,1.16648,1.16356,False,False,False,False,none,none,none,low,03:04,3,in_session,False,False,False
2021-10-27,Wednesday,1.16043,1.15958,8.5,1.16257,1.15848,1.16006,1.16014,1.16649,1.15907,False,False,False,False,none,none,none,high,00:34,0,before_session,False,False,False
2021-10-28,Thursday,1.16096,1.15892,20.4,1.16259,1.15849,1.16014,1.16057,1.16257,1.15848,False,True,False,False,low,none,low,high,03:38,3,in_session,True,True,False
2021-10-29,Friday,1.16899,1.1673,16.9,1.16921,1.15821,1.16056,1.16764,1.16259,1.15849,False,False,False,False,none,none,none,low,00:45,0,before_session,False,False,False
2021-11-01,Monday,1.15603,1.1546,14.3,1.15642,1.1546,1.15576,1.15513,1.16772,1.1535,True,False,False,False,high,none,high,high,00:42,0,before_session,False,False,True
2021-11-02,Tuesday,1.16084,1.1595,13.4,1.1609,1.15472,1.15516,1.16037,1.15642,1.1546,True,False,False,False,high,none,high,high,02:17,2,in_session,False,False,True
2021-11-03,Wednesday,1.15874,1.15772,10.2,1.16133,1.15748,1.16039,1.15835,1.1609,1.15472,False,False,False,False,none,none,none,high,02:17,2,in_session,True,False,False
2021-11-04,Thursday,1.16125,1.15907,21.8,1.16164,1.15622,1.15835,1.15907,1.16133,1.15748,False,True,False,False,low,none,low,low,00:00,0,before_session,False,False,True
2021-11-05,Friday,1.15576,1.15409,16.7,1.15921,1.15282,1.15908,1.15574,1.16164,1.15622,False,False,False,False,none,none,none,high,02:06,2,in_session,True,False,False
2021-11-08,Monday,1.15631,1.15531,10.0,1.15698,1.15531,1.15566,1.1561,1.15731,1.15132,True,True,False,False,conflict,none,conflict,high,01:01,1,in_session,True,False,False
2021-11-09,Tuesday,1.15992,1.1577,22.2,1.15992,1.15503,1.15609,1.15968,1.15698,1.15531,True,False,False,False,high,none,high,high,00:04,0,before_session,False,False,True
2021-11-10,Wednesday,1.15951,1.15815,13.6,1.16087,1.15698,1.15968,1.1584,1.15992,1.15503,False,True,False,False,low,none,low,low,00:12,0,before_session,False,False,True
2021-11-11,Thursday,1.14845,1.14647,19.8,1.15849,1.14647,1.15841,1.14804,1.16087,1.15698,False,True,False,False,low,none,low,high,01:37,1,in_session,True,True,False
2021-11-12,Friday,1.14429,1.14359,7.0,1.14849,1.14359,1.14802,1.14416,1.15849,1.14647,False,False,False,False,none,none,none,high,00:41,0,before_session,True,False,False
2021-11-15,Monday,1.14638,1.14425,21.3,1.14638,1.1441,1.14473,1.14555,1.1462,1.14328,False,True,False,False,low,none,low,low,03:40,3,in_session,False,False,True
2021-11-16,Tuesday,1.13856,1.1371,14.6,1.1463,1.13562,1.14556,1.13836,1.14638,1.1441,False,False,False,False,none,none,none,low,02:27,2,in_session,False,False,False
2021-11-17,Wednesday,1.13267,1.12635,63.2,1.13844,1.12635,1.13837,1.12981,1.1463,1.13562,False,False,False,False,none,none,none,high,07:01,7,after_session,False,False,False
2021-11-18,Thursday,1.13379,1.13183,19.6,1.13379,1.12916,1.1298,1.13251,1.13844,1.12635,True,False,False,False,high,none,high,low,00:31,0,before_session,True,True,False
2021-11-19,Friday,1.13653,1.13518,13.5,1.1374,1.13137,1.13249,1.13522,1.13379,1.12916,False,True,False,False,low,none,low,low,01:18,1,in_session,False,False,True
2021-11-22,Monday,1.12896,1.12648,24.8,1.12907,1.12648,1.12873,1.1278,1.13604,1.12499,False,True,False,False,low,none,low,low,02:07,2,in_session,False,False,True
2021-11-23,Tuesday,1.12436,1.12259,17.7,1.12904,1.12259,1.12781,1.1236,1.12907,1.12648,False,False,False,False,none,none,none,high,02:20,2,in_session,False,False,False
2021-11-24,Wednesday,1.12456,1.12325,13.1,1.1275,1.12316,1.12359,1.12427,1.12904,1.12259,False,True,False,False,low,none,low,high,01:09,1,in_session,True,True,False
2021-11-25,Thursday,1.12181,1.12058,12.3,1.12552,1.11859,1.12427,1.12142,1.1275,1.12316,False,False,False,False,none,none,none,high,02:04,2,in_session,False,False,False
2021-11-26,Friday,1.12272,1.12122,15.0,1.12296,1.12055,1.12142,1.12209,1.12552,1.11859,True,False,False,False,high,none,high,high,00:31,0,before_session,False,False,True
2021-11-29,Monday,1.129,1.12727,17.3,1.13134,1.12727,1.13004,1.12727,1.13301,1.12206,False,True,False,False,low,none,low,low,00:00,0,before_session,False,False,True
2021-11-30,Tuesday,1.13046,1.12871,17.5,1.13046,1.12583,1.12726,1.12962,1.13134,1.12727,True,False,False,False,high,none,high,high,00:17,0,before_session,True,False,True
2021-12-01,Wednesday,1.1333,1.13163,16.7,1.13828,1.12349,1.12962,1.13315,1.13046,1.12583,False,False,False,False,none,none,none,high,00:00,0,before_session,False,False,False
2021-12-02,Thursday,1.13392,1.13157,23.5,1.13596,1.13025,1.13318,1.13225,1.13828,1.12349,False,False,False,False,none,none,none,low,02:17,2,in_session,False,False,False
2021-12-03,Friday,1.13021,1.12907,11.4,1.13476,1.12907,1.13226,1.12975,1.13596,1.13025,False,True,False,False,low,none,low,high,00:55,0,before_session,True,True,False
2021-12-06,Monday,1.12964,1.12877,8.7,1.13129,1.12877,1.13046,1.12878,1.13333,1.12665,False,True,False,False,low,none,low,low,00:02,0,before_session,False,False,True
2021-12-07,Tuesday,1.12929,1.12758,17.1,1.13101,1.12663,1.12881,1.12881,1.13129,1.12877,False,True,False,False,low,none,low,high,01:23,1,in_session,True,True,False
2021-12-08,Wednesday,1.12935,1.12729,20.6,1.12984,1.12275,1.1288,1.12907,1.13101,1.12663,False,False,False,False,none,none,none,high,00:34,0,before_session,False,False,False
2021-12-09,Thursday,1.13396,1.13293,10.3,1.13547,1.12667,1.12906,1.1336,1.12984,1.12275,False,False,False,False,none,none,none,low,00:57,0,before_session,False,False,False
2021-12-10,Friday,1.13015,1.12868,14.7,1.13358,1.12783,1.13358,1.12989,1.13547,1.12667,False,False,False,False,none,none,none,high,00:50,0,before_session,True,False,False
2021-12-13,Monday,1.13131,1.12921,21.0,1.13192,1.12921,1.131,1.12946,1.13239,1.12651,False,True,False,False,low,none,low,low,01:20,1,in_session,False,False,True
2021-12-14,Tuesday,1.12837,1.12713,12.4,1.13071,1.126,1.12943,1.12774,1.13192,1.12921,False,False,False,False,none,none,none,low,02:59,2,in_session,True,False,False
2021-12-15,Wednesday,1.12697,1.12575,12.2,1.13238,1.12535,1.12773,1.12639,1.13071,1.126,False,False,False,False,none,none,none,high,00:43,0,before_session,True,False,False
2021-12-16,Thursday,1.12907,1.12818,8.9,1.12991,1.12215,1.12637,1.12863,1.13238,1.12535,True,False,False,False,high,none,high,high,01:47,1,in_session,False,False,True
2021-12-17,Friday,1.13359,1.13202,15.7,1.13603,1.12834,1.12863,1.13354,1.12991,1.12215,False,False,False,False,none,none,none,high,00:00,0,before_session,True,False,False
2021-12-20,Monday,1.1251,1.12363,14.7,1.1251,1.12344,1.12371,1.12492,1.13488,1.1235,True,False,False,False,high,none,high,high,00:00,0,before_session,False,False,True
2021-12-21,Tuesday,1.12869,1.12738,13.1,1.13037,1.12471,1.12492,1.12803,1.1251,1.12344,False,False,False,False,none,none,none,high,02:28,2,in_session,False,False,False
2021-12-22,Wednesday,1.1294,1.12706,23.4,1.13026,1.12607,1.12804,1.12737,1.13037,1.12471,False,False,False,False,none,none,none,low,00:29,0,before_session,True,False,False
2021-12-23,Thursday,1.13422,1.1334,8.2,1.13423,1.12644,1.12737,1.13392,1.13026,1.12607,False,False,False,False,none,none,none,low,02:26,2,in_session,False,False,False
2021-12-24,Friday,1.13346,1.13232,11.4,1.13418,1.129,1.13392,1.1334,1.13423,1.12644,False,False,False,False,none,none,none,high,03:26,3,in_session,False,False,False
2021-12-27,Monday,1.13248,1.13162,8.6,1.1326,1.13076,1.13101,1.13186,1.13433,1.13031,True,True,False,False,conflict,none,conflict,low,00:35,0,before_session,True,False,False
2021-12-28,Tuesday,1.13312,1.13181,13.1,1.13344,1.13028,1.13186,1.13268,1.1326,1.13076,False,False,False,False,none,none,none,low,02:59,2,in_session,False,False,False
2021-12-29,Wednesday,1.13116,1.12974,14.2,1.13331,1.12895,1.13269,1.1304,1.13344,1.13028,False,True,False,False,low,none,low,low,02:20,2,in_session,True,False,True
2021-12-30,Thursday,1.13514,1.13319,19.5,1.13688,1.12737,1.13041,1.13326,1.13331,1.12895,False,False,False,False,none,none,none,low,00:03,0,before_session,False,False,False
2021-12-31,Friday,1.13285,1.13143,14.2,1.13444,1.12984,1.13325,1.13174,1.13688,1.12737,False,False,False,False,none,none,none,low,00:58,0,before_session,True,False,False
2022-01-03,Monday,1.13651,1.13385,26.6,1.13782,1.13385,1.1369,1.13403,1.13863,1.13032,False,True,False,False,low,none,low,low,00:18,0,before_session,False,False,True
2022-01-04,Tuesday,1.13094,1.12953,14.1,1.13661,1.12797,1.13404,1.13005,1.13782,1.13385,False,False,False,False,none,none,none,low,01:28,1,in_session,False,False,False
2022-01-05,Wednesday,1.12967,1.12773,19.4,1.13224,1.12721,1.13005,1.12887,1.13661,1.12797,False,False,False,False,none,none,none,high,01:30,1,in_session,False,False,False
2022-01-06,Thursday,1.13205,1.13048,15.7,1.13463,1.12873,1.12889,1.13122,1.13224,1.12721,False,True,False,False,low,none,low,low,01:10,1,in_session,False,False,True
2022-01-07,Friday,1.13031,1.1295,8.1,1.13318,1.12845,1.13122,1.13006,1.13463,1.12873,False,False,False,False,none,none,none,high,00:24,0,before_session,False,False,False
2022-01-10,Monday,1.13563,1.13332,23.1,1.13602,1.13332,1.13515,1.13341,1.13647,1.12922,False,True,False,False,low,none,low,low,00:30,0,before_session,False,False,True
2022-01-11,Tuesday,1.13436,1.13321,11.5,1.13444,1.12847,1.13341,1.13407,1.13602,1.13332,True,False,False,False,high,none,high,high,00:47,0,before_session,False,False,True
2022-01-12,Wednesday,1.13755,1.1364,11.5,1.13755,1.1313,1.1341,1.13725,1.13444,1.12847,True,False,False,False,high,none,high,high,00:34,0,before_session,False,False,True
2022-01-13,Thursday,1.14471,1.14357,11.4,1.14526,1.13547,1.13727,1.14421,1.13755,1.1313,True,False,False,False,high,none,high,high,02:21,2,in_session,False,False,True
2022-01-14,Friday,1.14765,1.1456,20.5,1.14817,1.14383,1.14421,1.14736,1.14526,1.13547,True,False,False,False,high,none,high,high,00:17,0,before_session,True,False,True
2022-01-17,Monday,1.14212,1.14,21.2,1.14212,1.14,1.14118,1.14188,1.14827,1.13984,True,False,False,False,high,none,high,high,00:53,0,before_session,True,False,True
2022-01-18,Tuesday,1.14214,1.13849,36.5,1.14344,1.13849,1.14191,1.14015,1.14212,1.14,False,False,False,False,none,none,none,low,06:55,6,after_session,False,False,False
2022-01-19,Wednesday,1.13313,1.13187,12.6,1.14057,1.13146,1.14014,1.13301,1.14344,1.13849,False,False,False,False,none,none,none,high,00:09,0,before_session,False,False,False
2022-01-20,Thursday,1.13651,1.13483,16.8,1.13651,1.13269,1.133,1.13505,1.14057,1.13146,True,False,False,False,high,none,high,low,00:09,0,before_session,True,True,False
2022-01-21,Friday,1.1335,1.13009,34.1,1.13688,1.13009,1.13506,1.13243,1.13651,1.13269,False,False,False,False,none,none,none,high,02:25,2,in_session,False,False,False
2022-01-24,Monday,1.13394,1.13274,12.0,1.1345,1.13274,1.13396,1.13296,1.13596,1.13223,False,True,False,False,low,none,low,low,00:05,0,before_session,False,False,True
2022-01-25,Tuesday,1.13234,1.13089,14.5,1.13363,1.12904,1.13297,1.13117,1.1345,1.13274,False,True,False,False,low,none,low,low,00:42,0,before_session,False,False,True
2022-01-26,Wednesday,1.13107,1.13006,10.1,1.13156,1.12631,1.13118,1.13016,1.13363,1.12904,False,False,False,False,none,none,none,low,01:38,1,in_session,False,False,False
2022-01-27,Thursday,1.12344,1.12185,15.9,1.13052,1.12185,1.13016,1.12222,1.13156,1.12631,False,True,False,False,low,none,low,low,00:14,0,before_session,False,False,True
2022-01-28,Friday,1.11558,1.1143,12.8,1.12221,1.11312,1.12221,1.1152,1.13052,1.12185,False,True,False,False,low,none,low,low,02:09,2,in_session,False,False,True
2022-01-31,Monday,1.11636,1.11445,19.1,1.11636,1.1138,1.11422,1.11616,1.11735,1.11213,True,False,False,False,high,none,high,high,00:23,0,before_session,False,False,True
2022-02-01,Tuesday,1.12447,1.12214,23.3,1.12478,1.11462,1.11615,1.1243,1.11636,1.1138,True,False,False,False,high,none,high,high,00:35,0,before_session,False,False,True
2022-02-02,Wednesday,1.12778,1.12705,7.3,1.12786,1.12342,1.1243,1.12745,1.12478,1.11462,True,False,False,False,high,none,high,low,01:30,1,in_session,True,True,False
2022-02-03,Thursday,1.13082,1.12929,15.3,1.133,1.12665,1.12743,1.12967,1.12786,1.12342,False,False,False,False,none,none,none,low,01:27,1,in_session,True,False,False
2022-02-04,Friday,1.14719,1.14446,27.3,1.14719,1.12672,1.12967,1.1466,1.133,1.12665,False,False,False,False,none,none,none,low,03:10,3,in_session,True,False,False
2022-02-07,Monday,1.14537,1.14247,29.0,1.14646,1.14247,1.14638,1.14385,1.14837,1.14115,False,True,False,False,low,none,low,low,04:12,4,in_session,False,False,True
2022-02-08,Tuesday,1.14487,1.14215,27.2,1.14587,1.14151,1.14385,1.14236,1.14646,1.14247,False,True,False,False,low,none,low,low,00:20,0,before_session,False,False,True
2022-02-09,Wednesday,1.14323,1.1412,20.3,1.14335,1.13961,1.14236,1.14268,1.14587,1.14151,False,False,False,False,none,none,none,low,02:26,2,in_session,True,False,False
2022-02-10,Thursday,1.14314,1.14169,14.5,1.14477,1.14024,1.14267,1.1425,1.14335,1.13961,False,False,False,False,none,none,none,high,03:01,3,in_session,True,False,False
2022-02-11,Friday,1.14068,1.13749,31.9,1.14948,1.13748,1.14249,1.13808,1.14477,1.14024,False,True,False,False,low,none,low,low,01:50,1,in_session,False,False,True
2022-02-14,Monday,1.1365,1.13405,24.5,1.1369,1.13365,1.13369,1.1345,1.1418,1.13296,False,True,False,False,low,none,low,low,01:51,1,in_session,False,False,True
2022-02-15,Tuesday,1.13224,1.13084,14.0,1.13522,1.12799,1.1345,1.1319,1.1369,1.13365,False,False,False,False,none,none,none,high,01:51,1,in_session,False,False,False
2022-02-16,Wednesday,1.13569,1.13449,12.0,1.13681,1.13093,1.13189,1.13477,1.13522,1.12799,True,False,False,False,high,none,high,high,01:22,1,in_session,False,False,True
2022-02-17,Thursday,1.13848,1.1323,61.8,1.13957,1.1323,1.13478,1.13422,1.13681,1.13093,False,False,False,False,none,none,none,high,03:20,3,in_session,False,False,False
2022-02-18,Friday,1.13712,1.13577,13.5,1.1386,1.13421,1.13421,1.13636,1.13957,1.1323,False,False,False,False,none,none,none,high,01:49,1,in_session,True,False,False
2022-02-21,Monday,1.13679,1.13279,40.0,1.13679,1.1313,1.13186,1.13621,1.13769,1.1314,True,False,False,False,high,none,high,high,01:26,1,in_session,False,False,True
2022-02-22,Tuesday,1.1316,1.1288,28.0,1.13905,1.1288,1.13621,1.12984,1.13679,1.1313,False,False,False,False,none,none,none,high,03:15,3,in_session,False,False,False
2022-02-23,Wednesday,1.13387,1.13199,18.8,1.13667,1.12925,1.12984,1.13254,1.13905,1.1288,False,False,False,False,none,none,none,low,02:01,2,in_session,False,False,False
2022-02-24,Thursday,1.12942,1.12083,85.9,1.13588,1.12083,1.13254,1.12453,1.13667,1.12925,False,False,False,False,none,none,none,low,05:00,5,after_session,False,False,False
2022-02-25,Friday,1.12285,1.11895,39.0,1.12624,1.11062,1.12452,1.12214,1.13588,1.12083,False,False,False,False,none,none,none,low,03:11,3,in_session,True,False,False
2022-02-28,Monday,1.11859,1.11421,43.8,1.11944,1.11225,1.11237,1.11458,1.12739,1.11659,True,False,True,False,high,high,high,high,02:28,2,in_session,False,False,True
2022-03-01,Tuesday,1.12103,1.11906,19.7,1.12464,1.11445,1.11462,1.11964,1.11944,1.11225,False,False,False,False,none,none,none,high,02:05,2,in_session,True,False,False
2022-03-02,Wednesday,1.11355,1.1111,24.5,1.12329,1.10896,1.11962,1.1123,1.12464,1.11445,False,True,False,False,low,none,low,low,01:10,1,in_session,False,False,True
2022-03-03,Thursday,1.11066,1.109,16.6,1.11437,1.10573,1.11228,1.10977,1.12329,1.10896,False,False,False,False,none,none,none,low,03:06,3,in_session,False,False,False
2022-03-04,Friday,1.10517,1.10112,40.5,1.11062,1.101,1.10978,1.10354,1.11437,1.10573,False,True,False,False,low,none,low,low,02:21,2,in_session,False,False,True
2022-03-07,Monday,1.08863,1.08213,65.0,1.09287,1.08213,1.09199,1.08795,1.10391,1.08856,False,False,False,False,none,none,none,high,00:18,0,before_session,True,False,False
2022-03-08,Tuesday,1.08847,1.08531,31.6,1.09325,1.08059,1.08791,1.08699,1.09287,1.08213,False,False,False,False,none,none,none,low,01:46,1,in_session,False,False,False
2022-03-09,Wednesday,1.09201,1.0905,15.1,1.09582,1.08511,1.08698,1.09168,1.09325,1.08059,True,False,False,False,high,none,high,high,00:13,0,before_session,False,False,True
2022-03-10,Thursday,1.10625,1.10415,21.0,1.10951,1.09091,1.09168,1.10538,1.09582,1.08511,False,False,False,False,none,none,none,high,01:28,1,in_session,False,False,False
2022-03-11,Friday,1.10102,1.09804,29.8,1.11212,1.0976,1.10539,1.1001,1.10951,1.09091,False,True,False,False,low,none,low,low,03:05,3,in_session,False,False,True
2022-03-14,Monday,1.09375,1.09005,37.0,1.09387,1.09005,1.09205,1.09171,1.10435,1.09018,True,False,False,False,high,none,high,high,02:45,2,in_session,False,False,True
2022-03-15,Tuesday,1.09853,1.09375,47.8,1.09938,1.09084,1.0917,1.09823,1.09387,1.09005,True,False,False,False,high,none,high,high,02:21,2,in_session,False,False,True
2022-03-16,Wednesday,1.09771,1.09558,21.3,1.10196,1.0926,1.09824,1.09677,1.09938,1.09084,False,False,False,False,none,none,none,high,00:57,0,before_session,False,False,False
2022-03-17,Thursday,1.1052,1.10296,22.4,1.10523,1.095,1.09677,1.10343,1.10196,1.0926,True,False,False,False,high,none,high,low,00:18,0,before_session,True,True,False
2022-03-18,Friday,1.11036,1.10764,27.2,1.11375,1.10219,1.10344,1.10767,1.10523,1.095,False,False,False,False,none,none,none,low,00:08,0,before_session,False,False,False
2022-03-21,Monday,1.10537,1.10406,13.1,1.10584,1.10374,1.10561,1.10409,1.10942,1.1003,True,True,False,False,conflict,none,conflict,low,00:04,0,before_session,True,False,False
2022-03-22,Tuesday,1.1005,1.09838,21.2,1.10701,1.0981,1.10409,1.09853,1.10584,1.10374,False,True,False,False,low,none,low,low,00:17,0,before_session,False,False,True
2022-03-23,Wednesday,1.10346,1.10209,13.7,1.10457,1.09608,1.09852,1.10274,1.10701,1.0981,False,False,False,False,none,none,none,high,00:36,0,before_session,False,False,False
2022-03-24,Thursday,1.1003,1.09804,22.6,1.10397,1.09639,1.10273,1.09855,1.10457,1.09608,False,False,False,False,none,none,none,low,00:22,0,before_session,False,False,False
2022-03-25,Friday,1.10376,1.10077,29.9,1.10376,1.09659,1.09855,1.10318,1.10397,1.09639,False,False,False,False,none,none,none,low,04:09,4,in_session,False,False,False
2022-03-28,Monday,1.09844,1.09504,34.0,1.09869,1.09504,1.09845,1.09554,1.10339,1.09797,True,True,False,False,conflict,none,conflict,low,01:33,1,in_session,True,False,False
2022-03-29,Tuesday,1.0997,1.0969,28.0,1.09995,1.09446,1.09554,1.09926,1.09869,1.09504,True,False,False,False,high,none,high,high,00:26,0,before_session,False,False,True
2022-03-30,Wednesday,1.11204,1.10878,32.6,1.1137,1.09749,1.09926,1.11149,1.09995,1.09446,True,False,False,False,high,none,high,high,00:18,0,before_session,False,False,True
2022-03-31,Thursday,1.11848,1.1156,28.8,1.11848,1.11054,1.1115,1.1164,1.1137,1.09749,False,False,False,False,none,none,none,low,02:35,2,in_session,False,False,False
2022-04-01,Friday,1.10745,1.10595,15.0,1.11756,1.10595,1.1164,1.10652,1.11848,1.11054,False,True,False,False,low,none,low,low,02:09,2,in_session,False,False,True
2022-04-04,Monday,1.10544,1.10433,11.1,1.10544,1.10301,1.10301,1.10478,1.10757,1.10279,False,True,False,False,low,none,low,low,02:11,2,in_session,False,False,True
2022-04-05,Tuesday,1.09797,1.09653,14.4,1.10539,1.09603,1.10477,1.09723,1.10544,1.10301,False,False,False,False,none,none,none,low,00:18,0,before_session,False,False,False
2022-04-06,Wednesday,1.09061,1.08906,15.5,1.09886,1.08906,1.09722,1.09003,1.10539,1.09603,False,True,False,False,low,none,low,low,01:58,1,in_session,False,False,True
2022-04-07,Thursday,1.09126,1.08966,16.0,1.09379,1.08745,1.09002,1.0907,1.09886,1.08906,False,False,False,False,none,none,none,high,00:41,0,before_session,True,False,False
2022-04-08,Friday,1.08717,1.08565,15.2,1.09383,1.08565,1.09071,1.08638,1.09379,1.08745,False,True,False,False,low,none,low,low,00:58,0,before_session,False,False,True
2022-04-11,Monday,1.08946,1.0875,19.6,1.09202,1.0875,1.09202,1.08831,1.08917,1.08364,False,True,False,False,low,none,low,low,02:41,2,in_session,True,False,True
2022-04-12,Tuesday,1.08873,1.08665,20.8,1.09332,1.08665,1.08833,1.08745,1.09202,1.0875,False,True,False,False,low,none,low,low,02:02,2,in_session,False,False,True
2022-04-13,Wednesday,1.08408,1.08113,29.5,1.09036,1.08113,1.08746,1.08371,1.09332,1.08665,False,False,False,False,none,none,none,high,01:56,1,in_session,True,False,False
2022-04-14,Thursday,1.09093,1.08826,26.7,1.09093,1.08088,1.08371,1.0907,1.09036,1.08113,True,False,False,False,high,none,high,high,00:45,0,before_session,True,False,True
2022-04-15,Friday,1.08216,1.07964,25.2,1.09233,1.07575,1.0907,1.08043,1.09093,1.08088,False,False,False,False,none,none,none,high,04:51,4,in_session,False,False,False
2022-04-18,Monday,1.08156,1.07907,24.9,1.08216,1.07907,1.08029,1.07928,1.08236,1.08018,False,True,False,False,low,none,low,low,00:34,0,before_session,False,False,True
2022-04-19,Tuesday,1.07874,1.0761,26.4,1.08145,1.0761,1.0793,1.07724,1.08216,1.07907,False,False,False,False,none,none,none,high,02:53,2,in_session,False,False,False
2022-04-20,Wednesday,1.08226,1.07838,38.8,1.08226,1.07665,1.07724,1.08186,1.08145,1.0761,True,False,False,False,high,none,high,high,04:34,4,in_session,False,False,True
2022-04-21,Thursday,1.08505,1.08234,27.1,1.0867,1.08057,1.08187,1.08304,1.08226,1.07665,True,False,False,False,high,none,high,high,01:47,1,in_session,False,False,True
2022-04-22,Friday,1.08465,1.08308,15.7,1.09362,1.08289,1.08305,1.08413,1.0867,1.08057,False,True,False,False,low,none,low,high,00:21,0,before_session,True,True,False
2022-04-25,Monday,1.08119,1.07772,34.7,1.08153,1.07772,1.08041,1.07814,1.08515,1.07707,False,True,False,False,low,none,low,low,00:48,0,before_session,False,False,True
2022-04-26,Tuesday,1.07386,1.07114,27.2,1.07853,1.06966,1.07812,1.07321,1.08153,1.07772,False,True,False,False,low,none,low,low,02:26,2,in_session,False,False,True
2022-04-27,Wednesday,1.06534,1.06336,19.8,1.07343,1.06336,1.07322,1.06406,1.07853,1.06966,False,True,False,False,low,none,low,high,01:19,1,in_session,True,True,False
2022-04-28,Thursday,1.05541,1.05089,45.2,1.06546,1.05089,1.06405,1.05089,1.07343,1.06336,False,True,False,False,low,none,low,low,00:25,0,before_session,False,False,True
2022-04-29,Friday,1.05297,1.05019,27.8,1.05647,1.0471,1.0509,1.05131,1.06546,1.05089,True,False,False,False,high,none,high,high,01:18,1,in_session,False,False,True
2022-05-02,Monday,1.0553,1.05173,35.7,1.05597,1.05173,1.05444,1.05239,1.05928,1.05087,True,True,False,False,conflict,none,conflict,low,00:32,0,before_session,True,False,False
2022-05-03,Tuesday,1.05265,1.05077,18.8,1.05682,1.04901,1.05239,1.05184,1.05597,1.05173,False,False,False,False,none,none,none,low,00:55,0,before_session,True,False,False
2022-05-04,Wednesday,1.05342,1.05139,20.3,1.05776,1.04921,1.05184,1.05161,1.05682,1.04901,False,False,False,False,none,none,none,low,01:04,1,in_session,False,False,False
2022-05-05,Thursday,1.06417,1.06039,37.8,1.06417,1.05059,1.0516,1.06176,1.05776,1.04921,False,False,False,False,none,none,none,low,02:27,2,in_session,False,False,False
2022-05-06,Friday,1.05506,1.05156,35.0,1.06192,1.04925,1.06177,1.0533,1.06417,1.05059,False,True,False,False,low,none,low,low,02:09,2,in_session,False,False,True
2022-05-09,Monday,1.05353,1.05027,32.6,1.05426,1.05027,1.05398,1.051,1.05988,1.04826,False,True,False,False,low,none,low,low,02:50,2,in_session,True,False,True
2022-05-10,Tuesday,1.05797,1.05532,26.5,1.05924,1.04951,1.051,1.05787,1.05426,1.05027,False,False,False,False,none,none,none,high,00:06,0,before_session,False,False,False
2022-05-11,Wednesday,1.05389,1.05255,13.4,1.05852,1.05253,1.05785,1.05365,1.05924,1.04951,False,False,False,False,none,none,none,high,00:39,0,before_session,True,False,False
2022-05-12,Thursday,1.05292,1.05075,21.7,1.05771,1.05017,1.05364,1.0522,1.05852,1.05253,False,True,False,False,low,none,low,low,01:31,1,in_session,False,False,True
2022-05-13,Friday,1.03978,1.03729,24.9,1.05255,1.03539,1.0522,1.03911,1.05771,1.05017,False,False,False,False,none,none,none,high,01:00,1,in_session,True,False,False
2022-05-16,Monday,1.0417,1.03889,28.1,1.0417,1.03889,1.03952,1.03965,1.04195,1.03496,True,False,False,False,high,none,high,high,03:28,3,in_session,False,False,True
2022-05-17,Tuesday,1.0454,1.04318,22.2,1.0454,1.03893,1.03964,1.04401,1.0417,1.03889,True,False,False,False,high,none,high,high,02:07,2,in_session,False,False,True
2022-05-18,Wednesday,1.05636,1.05243,39.3,1.05636,1.04358,1.044,1.05323,1.0454,1.03893,False,False,False,False,none,none,none,low,02:32,2,in_session,False,False,False
2022-05-19,Thursday,1.05065,1.04679,38.6,1.0542,1.04597,1.05322,1.04999,1.05636,1.04358,False,False,False,False,none,none,none,high,00:17,0,before_session,False,False,False
2022-05-20,Friday,1.05836,1.05546,29.0,1.0607,1.0465,1.04999,1.0566,1.0542,1.04597,False,False,False,False,none,none,none,high,01:35,1,in_session,False,False,False
2022-05-23,Monday,1.05946,1.05679,26.7,1.05946,1.05552,1.05601,1.05924,1.0599,1.05328,True,False,False,False,high,none,high,high,01:41,1,in_session,False,False,True
2022-05-24,Tuesday,1.06859,1.06608,25.1,1.06973,1.05884,1.05925,1.06725,1.05946,1.05552,True,False,False,False,high,none,high,high,02:53,2,in_session,False,False,True
2022-05-25,Wednesday,1.07365,1.0703,33.5,1.07485,1.06622,1.06727,1.07136,1.06973,1.05884,False,False,False,False,none,none,none,low,01:42,1,in_session,False,False,False
2022-05-26,Thursday,1.07063,1.06852,21.1,1.0714,1.06421,1.07135,1.07013,1.07485,1.06622,False,False,False,False,none,none,none,low,00:51,0,before_session,True,False,False
2022-05-27,Friday,1.0765,1.07305,34.5,1.0765,1.06624,1.07014,1.07556,1.0714,1.06421,False,False,False,False,none,none,none,low,04:02,4,in_session,False,False,False
2022-05-30,Monday,1.07558,1.07267,29.1,1.07558,1.07261,1.07347,1.07445,1.07582,1.06968,True,False,False,False,high,none,high,high,00:39,0,before_session,False,False,True
2022-05-31,Tuesday,1.07744,1.07342,40.2,1.07867,1.07342,1.07444,1.07511,1.07558,1.07261,False,True,False,False,low,none,low,low,02:48,2,in_session,False,False,True
2022-06-01,Wednesday,1.07345,1.07077,26.8,1.07551,1.06789,1.07511,1.07181,1.07867,1.07342,False,False,False,False,none,none,none,low,00:35,0,before_session,False,False,False
2022-06-02,Thursday,1.06595,1.06447,14.8,1.07393,1.06271,1.07182,1.06541,1.07551,1.06789,False,False,False,False,none,none,none,high,01:00,1,in_session,False,False,False
2022-06-03,Friday,1.07643,1.07466,17.7,1.07643,1.06495,1.06542,1.0753,1.07393,1.06271,False,False,False,False,none,none,none,low,00:58,0,before_session,False,False,False
2022-06-06,Monday,1.07316,1.07099,21.7,1.07316,1.07099,1.07167,1.07251,1.07624,1.0704,True,False,False,False,high,none,high,high,01:05,1,in_session,True,False,True
2022-06-07,Tuesday,1.06918,1.06705,21.3,1.07518,1.06705,1.07251,1.06815,1.07316,1.07099,False,True,False,False,low,none,low,high,00:30,0,before_session,True,True,False
2022-06-08,Wednesday,1.07011,1.0681,20.1,1.07142,1.06519,1.06815,1.06836,1.07518,1.06705,False,False,False,False,none,none,none,low,00:04,0,before_session,True,False,False
2022-06-09,Thursday,1.07337,1.07094,24.3,1.07484,1.06713,1.06835,1.07294,1.07142,1.06519,False,False,False,False,none,none,none,low,02:27,2,in_session,True,False,False
2022-06-10,Friday,1.06353,1.06113,24.0,1.07738,1.0611,1.07294,1.06341,1.07484,1.06713,False,True,False,False,low,none,low,high,01:02,1,in_session,True,True,False
2022-06-13,Monday,1.04955,1.04756,19.9,1.05201,1.04756,1.0513,1.04916,1.06422,1.05057,False,True,False,False,low,none,low,low,02:47,2,in_session,False,False,True
2022-06-14,Tuesday,1.04323,1.0397,35.3,1.04954,1.0397,1.04916,1.04271,1.05201,1.04756,False,False,False,False,none,none,none,high,00:01,0,before_session,False,False,False
2022-06-15,Wednesday,1.04517,1.04263,25.4,1.04846,1.03997,1.0427,1.04426,1.04954,1.0397,True,False,False,False,high,none,high,low,00:34,0,before_session,True,True,False
2022-06-16,Thursday,1.04692,1.04308,38.4,1.05077,1.0359,1.04425,1.04429,1.04846,1.03997,False,False,False,False,none,none,none,low,01:38,1,in_session,True,False,False
2022-06-17,Friday,1.0552,1.05174,34.6,1.06014,1.03808,1.04429,1.05203,1.05077,1.0359,False,False,False,False,none,none,none,low,02:00,2,in_session,False,False,False
2022-06-20,Monday,1.05287,1.04848,43.9,1.05287,1.04729,1.04731,1.05283,1.05357,1.04444,True,False,False,False,high,none,high,high,00:29,0,before_session,False,False,True
2022-06-21,Tuesday,1.05424,1.05164,26.0,1.05458,1.04979,1.05281,1.0532,1.05287,1.04729,True,False,False,False,high,none,high,low,01:33,1,in_session,True,True,False
2022-06-22,Wednesday,1.05314,1.05021,29.3,1.05824,1.05021,1.0532,1.05107,1.05458,1.04979,False,True,False,False,low,none,low,low,00:43,0,before_session,True,False,True
2022-06-23,Thursday,1.0581,1.05557,25.3,1.06057,1.04687,1.05107,1.05692,1.05824,1.05021,False,False,False,False,none,none,none,low,03:15,3,in_session,False,False,False
2022-06-24,Friday,1.05371,1.0512,25.1,1.05792,1.04826,1.05692,1.05328,1.06057,1.04687,False,False,False,False,none,none,none,high,00:18,0,before_session,False,False,False
2022-06-27,Monday,1.05713,1.05502,21.1,1.05746,1.05457,1.05479,1.05563,1.05712,1.05141,True,False,False,False,high,none,high,high,03:04,3,in_session,False,False,True
2022-06-28,Tuesday,1.05864,1.05703,16.1,1.0615,1.05535,1.05562,1.05811,1.05746,1.05457,False,False,False,False,none,none,none,high,02:28,2,in_session,True,False,False
2022-06-29,Wednesday,1.05354,1.0517,18.4,1.06061,1.05032,1.0581,1.05296,1.0615,1.05535,False,True,False,False,low,none,low,low,00:31,0,before_session,False,False,True
2022-06-30,Thursday,1.04567,1.04329,23.8,1.0535,1.04329,1.05298,1.04516,1.06061,1.05032,False,True,False,False,low,none,low,high,00:56,0,before_session,True,True,False
2022-07-01,Friday,1.04783,1.04499,28.4,1.04887,1.03824,1.04517,1.04543,1.0535,1.04329,False,False,False,False,none,none,none,low,00:13,0,before_session,False,False,False
2022-07-04,Monday,1.04442,1.04244,19.8,1.04442,1.04142,1.04174,1.04259,1.0474,1.03658,False,False,False,False,none,none,none,low,02:31,2,in_session,True,False,False
2022-07-05,Tuesday,1.04381,1.0423,15.1,1.04627,1.0417,1.04258,1.04346,1.04442,1.04142,False,True,False,False,low,none,low,high,01:00,1,in_session,True,True,False
2022-07-06,Wednesday,1.02712,1.02537,17.5,1.04485,1.0235,1.04346,1.02637,1.04627,1.0417,False,True,False,False,low,none,low,low,00:30,0,before_session,False,False,True
2022-07-07,Thursday,1.02097,1.0176,33.7,1.02765,1.01614,1.02636,1.02035,1.04485,1.0235,False,False,False,False,none,none,none,high,01:07,1,in_session,True,False,False
2022-07-08,Friday,1.01912,1.01534,37.8,1.02209,1.01439,1.02035,1.01581,1.02765,1.01614,False,True,False,False,low,none,low,low,00:05,0,before_session,False,False,True
2022-07-11,Monday,1.01675,1.01348,32.7,1.01834,1.01348,1.01697,1.01494,1.01907,1.0072,False,True,False,False,low,none,low,low,02:24,2,in_session,False,False,True
2022-07-12,Tuesday,1.00552,1.00059,49.3,1.01544,1.00059,1.01493,1.00258,1.01834,1.01348,False,True,False,False,low,none,low,low,01:11,1,in_session,False,False,True
2022-07-13,Wednesday,1.00469,1.00226,24.3,1.00738,0.99999,1.00257,1.00363,1.01544,1.00059,False,False,False,False,none,none,none,high,02:00,2,in_session,True,False,False
2022-07-14,Thursday,1.00434,1.00136,29.8,1.01222,0.99979,1.00363,1.00328,1.00738,0.99999,False,False,False,False,none,none,none,low,02:12,2,in_session,False,False,False
2022-07-15,Friday,1.00411,1.0011,30.1,1.00503,0.99521,1.00329,1.00256,1.01222,0.99979,False,False,False,False,none,none,none,low,02:07,2,in_session,True,False,False
2022-07-18,Monday,1.01143,1.00866,27.7,1.01143,1.00785,1.00811,1.01042,1.00979,1.00068,True,False,False,False,high,none,high,low,02:02,2,in_session,True,True,False
2022-07-19,Tuesday,1.01483,1.01195,28.8,1.02011,1.00812,1.01041,1.01267,1.01143,1.00785,True,False,False,False,high,none,high,high,01:27,1,in_session,False,False,True
2022-07-20,Wednesday,1.02484,1.02307,17.7,1.0269,1.01241,1.01267,1.0243,1.02011,1.00812,True,False,False,False,high,none,high,low,02:11,2,in_session,True,True,False
2022-07-21,Thursday,1.02134,1.01782,35.2,1.02729,1.01553,1.02429,1.02088,1.0269,1.01241,False,False,False,False,none,none,none,high,00:31,0,before_session,True,False,False
2022-07-22,Friday,1.02216,1.01846,37.0,1.02781,1.01531,1.02088,1.01907,1.02729,1.01553,False,True,False,False,low,none,low,low,00:40,0,before_session,False,False,True
2022-07-25,Monday,1.02129,1.01809,32.0,1.02185,1.01809,1.02083,1.0207,1.02553,1.01297,True,True,False,False,conflict,none,conflict,high,03:22,3,in_session,True,False,False
2022-07-26,Tuesday,1.025,1.02218,28.2,1.02578,1.01784,1.0207,1.023,1.02185,1.01809,False,False,False,False,none,none,none,low,01:44,1,in_session,False,False,False
2022-07-27,Wednesday,1.01472,1.01278,19.4,1.02361,1.01074,1.02299,1.01426,1.02578,1.01784,False,False,False,False,none,none,none,high,00:16,0,before_session,True,False,False
2022-07-28,Thursday,1.02156,1.01803,35.3,1.02206,1.00966,1.01424,1.02095,1.02361,1.01074,True,False,False,False,high,none,high,high,00:30,0,before_session,False,False,True
2022-07-29,Friday,1.02247,1.01892,35.5,1.02343,1.01138,1.02094,1.02131,1.02206,1.00966,True,False,False,False,high,none,high,high,02:13,2,in_session,False,False,True
2022-08-01,Monday,1.02411,1.02075,33.6,1.02411,1.02053,1.02098,1.02254,1.02542,1.0146,True,False,False,False,high,none,high,high,04:14,4,in_session,False,False,True
2022-08-02,Tuesday,1.02939,1.0256,37.9,1.02939,1.02132,1.02253,1.02736,1.02411,1.02053,False,False,False,False,none,none,none,low,02:15,2,in_session,False,False,False
2022-08-03,Wednesday,1.01934,1.01498,43.6,1.02795,1.01498,1.02735,1.01912,1.02939,1.02132,False,False,False,False,none,none,none,high,05:10,5,after_session,True,False,False
2022-08-04,Thursday,1.0176,1.01542,21.8,1.02102,1.01226,1.01912,1.01626,1.02795,1.01498,False,False,False,False,none,none,none,high,03:06,3,in_session,False,False,False
2022-08-05,Friday,1.02482,1.02294,18.8,1.02537,1.01565,1.01626,1.02363,1.02102,1.01226,False,False,False,False,none,none,none,low,01:56,1,in_session,False,False,False
2022-08-08,Monday,1.01856,1.0159,26.6,1.01856,1.0159,1.01726,1.01855,1.02391,1.01415,True,False,False,False,high,none,high,high,00:59,0,before_session,False,False,True
2022-08-09,Tuesday,1.02008,1.01885,12.3,1.02217,1.01712,1.01854,1.01961,1.01856,1.0159,True,False,False,False,high,none,high,high,01:59,1,in_session,False,False,True
2022-08-10,Wednesday,1.0219,1.02027,16.3,1.02472,1.01916,1.01957,1.02137,1.02217,1.01712,False,False,False,False,none,none,none,low,04:07,4,in_session,True,False,False
2022-08-11,Thursday,1.03038,1.02812,22.6,1.03685,1.0202,1.02139,1.02883,1.02472,1.01916,False,False,False,False,none,none,none,low,01:09,1,in_session,False,False,False
2022-08-12,Friday,1.03251,1.03048,20.3,1.03642,1.02752,1.02886,1.03171,1.03685,1.0202,False,False,False,False,none,none,none,low,03:24,3,in_session,False,False,False
2022-08-15,Monday,1.02682,1.02397,28.5,1.02682,1.02397,1.02551,1.02518,1.03241,1.0238,False,True,False,False,low,none,low,low,02:30,2,in_session,False,False,True
2022-08-16,Tuesday,1.01698,1.01473,22.5,1.02557,1.01473,1.02519,1.01619,1.02682,1.02397,False,True,False,False,low,none,low,low,03:04,3,in_session,False,False,True
2022-08-17,Wednesday,1.01792,1.0166,13.2,1.01948,1.01225,1.0162,1.01733,1.02557,1.01473,False,False,False,False,none,none,none,high,00:43,0,before_session,False,False,False
2022-08-18,Thursday,1.01929,1.0167,25.9,1.02029,1.01453,1.01733,1.01705,1.01948,1.01225,False,False,False,False,none,none,none,low,00:19,0,before_session,False,False,False
2022-08-19,Friday,1.00911,1.00697,21.4,1.0188,1.00697,1.01704,1.008,1.02029,1.01453,False,False,False,False,none,none,none,high,03:44,3,in_session,True,False,False
2022-08-22,Monday,1.00466,1.00233,23.3,1.00466,1.00233,1.00366,1.00428,1.00954,1.00318,False,True,False,False,low,none,low,low,02:44,2,in_session,False,False,True
2022-08-23,Tuesday,0.995,0.993,20.0,1.00428,0.9926,1.00427,0.99418,1.00466,1.00233,False,True,False,False,low,none,low,low,01:15,1,in_session,False,False,True
2022-08-24,Wednesday,0.99718,0.99426,29.2,1.00181,0.99002,0.99417,0.99474,1.00428,0.9926,False,False,False,False,none,none,none,low,01:59,1,in_session,False,False,False
2022-08-25,Thursday,0.99926,0.99629,29.7,0.99993,0.99099,0.99473,0.99863,1.00181,0.99002,True,False,False,False,high,none,high,high,00:49,0,before_session,False,False,True
2022-08-26,Friday,0.99745,0.99625,12.0,1.00334,0.9949,0.99862,0.99703,0.99993,0.99099,False,True,False,False,low,none,low,low,00:59,0,before_session,True,False,True
2022-08-29,Monday,0.99452,0.9918,27.2,0.9967,0.9918,0.99657,0.99238,1.00898,0.99463,False,True,False,False,low,none,low,low,00:34,0,before_session,True,False,True
2022-08-30,Tuesday,1.00132,0.99818,31.4,1.00291,0.99141,0.99239,0.99982,0.9967,0.9918,True,False,False,False,high,none,high,high,03:38,3,in_session,False,False,True
2022-08-31,Wednesday,1.00344,1.00164,18.0,1.00547,0.99821,0.99983,1.0032,1.00291,0.99141,False,True,False,False,low,none,low,high,00:05,0,before_session,True,True,False
2022-09-01,Thursday,1.0038,1.00104,27.6,1.0079,0.99712,1.00322,1.00162,1.00547,0.99821,False,False,False,False,none,none,none,low,00:32,0,before_session,False,False,False
2022-09-02,Friday,0.99626,0.99499,12.7,1.00485,0.99107,1.00163,0.99618,1.0079,0.99712,False,False,False,False,none,none,none,high,00:00,0,before_session,False,False,False
2022-09-05,Monday,0.9929,0.99008,28.2,0.99347,0.99008,0.99285,0.99128,1.00335,0.99449,True,True,True,False,conflict,high,conflict,low,00:49,0,before_session,True,False,False
2022-09-06,Tuesday,0.99706,0.99426,28.0,0.99706,0.98772,0.99127,0.9944,0.99347,0.99008,True,False,False,False,high,none,high,high,02:55,2,in_session,True,False,True
2022-09-07,Wednesday,0.99038,0.98768,27.0,0.99862,0.98638,0.9944,0.98863,0.99706,0.98772,False,False,False,False,none,none,none,high,02:41,2,in_session,False,False,False
2022-09-08,Thursday,1.00008,0.99791,21.7,1.00128,0.98756,0.98859,0.99861,0.99862,0.98638,True,False,False,False,high,none,high,high,02:00,2,in_session,False,False,True
2022-09-09,Friday,1.0084,1.00083,75.7,1.0084,0.99303,0.9986,1.00693,1.00128,0.98756,True,False,False,False,high,none,high,high,03:11,3,in_session,False,False,True
2022-09-12,Monday,1.00951,1.00629,32.2,1.01039,1.00596,1.01039,1.0081,1.01131,1.0032,True,False,False,False,high,none,high,high,02:27,2,in_session,False,False,True
2022-09-13,Tuesday,1.01464,1.01239,22.5,1.01977,1.00732,1.00809,1.013,1.01039,1.00596,False,False,False,False,none,none,none,low,00:42,0,before_session,False,False,False
2022-09-14,Wednesday,0.99901,0.99686,21.5,1.0187,0.99554,1.013,0.99886,1.01977,1.00732,False,False,False,False,none,none,none,high,00:30,0,before_session,False,False,False
2022-09-15,Thursday,0.99824,0.9969,13.4,1.00234,0.99595,0.99887,0.99739,1.0187,0.99554,False,True,False,False,low,none,low,low,00:56,0,before_session,False,False,True
2022-09-16,Friday,1.0012,0.9986,26.0,1.00177,0.99556,0.9974,0.99972,1.00234,0.99595,False,True,False,False,low,none,low,low,01:17,1,in_session,True,False,True
2022-09-19,Monday,1.00291,0.99943,34.8,1.00291,0.99943,1.00072,0.99979,1.00363,0.99448,False,True,False,False,low,none,low,low,00:51,0,before_session,False,False,True
2022-09-20,Tuesday,1.00504,1.00199,30.5,1.00504,0.99657,0.9998,1.00294,1.00291,0.99943,False,False,False,False,none,none,none,low,00:42,0,before_session,False,False,False
2022-09-21,Wednesday,0.9975,0.99573,17.7,1.0042,0.9955,1.00294,0.99659,1.00504,0.99657,False,True,False,False,low,none,low,low,00:57,0,before_session,False,False,True
2022-09-22,Thursday,0.98378,0.9808,29.8,0.99683,0.9808,0.9966,0.98193,1.0042,0.9955,False,False,False,False,none,none,none,high,01:34,1,in_session,False,False,False
2022-09-23,Friday,0.98517,0.98206,31.1,0.99074,0.98119,0.98191,0.98233,0.99683,0.9808,False,True,False,False,low,none,low,low,00:06,0,before_session,False,False,True
2022-09-26,Monday,0.96916,0.95503,141.3,0.97098,0.95503,0.96666,0.96338,0.9838,0.9668,False,False,True,False,none,high,high,high,03:23,3,in_session,False,False,True
2022-09-27,Tuesday,0.96449,0.96184,26.5,0.97013,0.95839,0.96338,0.96408,0.97098,0.95503,False,False,False,False,none,none,none,high,00:07,0,before_session,False,False,False
2022-09-28,Wednesday,0.96006,0.95426,58.0,0.96707,0.95426,0.96408,0.95578,0.97013,0.95839,False,True,False,False,low,none,low,low,02:59,2,in_session,True,False,True
2022-09-29,Thursday,0.97137,0.96743,39.4,0.97508,0.95357,0.95579,0.96859,0.96707,0.95426,False,False,False,False,none,none,none,low,01:36,1,in_session,True,False,False
2022-09-30,Friday,0.98332,0.97943,38.9,0.98437,0.96353,0.96856,0.97994,0.97508,0.95357,True,False,False,False,high,none,high,high,02:00,2,in_session,False,False,True
2022-10-03,Monday,0.98287,0.97852,43.5,0.98287,0.97852,0.97933,0.98054,0.98537,0.97346,True,True,False,False,conflict,none,conflict,low,00:59,0,before_session,True,False,False
2022-10-04,Tuesday,0.98453,0.9806,39.3,0.98453,0.97525,0.98054,0.98422,0.98287,0.97852,True,False,False,False,high,none,high,high,01:54,1,in_session,False,False,True
2022-10-05,Wednesday,0.99905,0.99593,31.2,0.99995,0.98258,0.98423,0.99692,0.98453,0.97525,False,False,False,False,none,none,none,high,02:39,2,in_session,False,False,False
2022-10-06,Thursday,0.99264,0.99029,23.5,0.99947,0.98346,0.99691,0.99165,0.99995,0.98258,False,False,False,False,none,none,none,low,02:26,2,in_session,False,False,False
2022-10-07,Friday,0.98119,0.97863,25.6,0.99258,0.97862,0.99166,0.98047,0.99947,0.98346,False,True,False,False,low,none,low,low,02:12,2,in_session,False,False,True
2022-10-10,Monday,0.97531,0.97246,28.5,0.97531,0.97246,0.97336,0.97375,0.98167,0.97259,False,True,False,False,low,none,low,low,01:33,1,in_session,False,False,True
2022-10-11,Tuesday,0.97228,0.96807,42.1,0.97457,0.96807,0.97375,0.9682,0.97531,0.97246,False,True,False,False,low,none,low,low,00:14,0,before_session,True,False,True
2022-10-12,Wednesday,0.9712,0.96826,29.4,0.97745,0.96698,0.96819,0.96982,0.97457,0.96807,False,False,False,False,none,none,none,high,00:03,0,before_session,True,False,False
2022-10-13,Thursday,0.97219,0.96948,27.1,0.97346,0.96678,0.96979,0.97004,0.97745,0.96698,False,False,False,False,none,none,none,low,02:56,2,in_session,True,False,False
2022-10-14,Friday,0.98086,0.97616,47.0,0.98086,0.96315,0.97003,0.9787,0.97346,0.96678,False,False,False,False,none,none,none,low,03:20,3,in_session,False,False,False
2022-10-17,Monday,0.97521,0.97368,15.3,0.97521,0.97182,0.97201,0.97395,0.97996,0.9707,True,False,False,False,high,none,high,low,00:01,0,before_session,True,True,False
2022-10-18,Tuesday,0.98525,0.9823,29.5,0.98525,0.97197,0.97397,0.98409,0.97521,0.97182,True,False,False,False,high,none,high,high,00:16,0,before_session,False,False,True
2022-10-19,Wednesday,0.98667,0.9843,23.7,0.98755,0.98124,0.9841,0.9844,0.98525,0.97197,False,False,False,False,none,none,none,low,00:07,0,before_session,False,False,False
2022-10-20,Thursday,0.97716,0.97544,17.2,0.98461,0.97544,0.98441,0.97612,0.98755,0.98124,False,False,False,False,none,none,none,high,00:18,0,before_session,False,False,False
2022-10-21,Friday,0.97832,0.97649,18.3,0.98454,0.9759,0.9761,0.97684,0.98461,0.97544,False,True,False,False,low,none,low,low,00:16,0,before_session,True,False,True
2022-10-24,Monday,0.98675,0.98254,42.1,0.9899,0.98254,0.98712,0.98343,0.98689,0.97048,False,True,False,False,low,none,low,low,04:02,4,in_session,False,False,True
2022-10-25,Tuesday,0.98984,0.98773,21.1,0.98984,0.98067,0.98342,0.98846,0.9899,0.98254,False,False,False,False,none,none,none,low,01:06,1,in_session,True,False,False
2022-10-26,Wednesday,0.99673,0.99434,23.9,0.99768,0.98484,0.98845,0.99571,0.98984,0.98067,True,False,False,False,high,none,high,high,01:40,1,in_session,False,False,True
2022-10-27,Thursday,1.00934,1.00617,31.7,1.00934,0.99508,0.9957,1.00694,0.99768,0.98484,False,False,False,False,none,none,none,low,02:31,2,in_session,False,False,False
2022-10-28,Friday,0.9998,0.99578,40.2,1.00836,0.99575,1.00692,0.99922,1.00934,0.99508,False,True,False,False,low,none,low,low,03:13,3,in_session,False,False,True
2022-10-31,Monday,0.99656,0.99431,22.5,0.99656,0.99431,0.99464,0.99605,0.99925,0.99265,False,True,False,False,low,none,low,low,01:18,1,in_session,False,False,True
2022-11-01,Tuesday,0.9908,0.98841,23.9,0.99616,0.98717,0.99605,0.99049,0.99656,0.99431,False,False,False,False,none,none,none,high,00:07,0,before_session,True,False,False
2022-11-02,Wednesday,0.98996,0.98787,20.9,0.99539,0.98527,0.9905,0.98841,0.99616,0.98717,False,False,False,False,none,none,none,low,01:26,1,in_session,False,False,False
2022-11-03,Thursday,0.98394,0.98198,19.6,0.99757,0.98098,0.98841,0.98345,0.99539,0.98527,False,True,False,False,low,none,low,low,01:05,1,in_session,False,False,True
2022-11-04,Friday,0.97883,0.97481,40.2,0.98359,0.97299,0.98346,0.97861,0.99757,0.98098,False,False,False,False,none,none,none,high,00:01,0,before_session,False,False,False
2022-11-07,Monday,0.99448,0.99175,27.3,0.99469,0.99001,0.99036,0.99388,0.99664,0.9751,True,False,False,False,high,none,high,high,00:28,0,before_session,False,False,True
2022-11-08,Tuesday,1.00276,1.00034,24.2,1.0034,0.99239,0.99389,1.00057,0.99469,0.99001,False,False,False,False,none,none,none,low,00:01,0,before_session,True,False,False
2022-11-09,Wednesday,1.0088,1.0059,29.0,1.00963,0.99715,1.00058,1.00691,1.0034,0.99239,False,False,False,False,none,none,none,low,01:14,1,in_session,False,False,False
2022-11-10,Thursday,1.0029,1.00101,18.9,1.00861,0.99927,1.00693,1.00286,1.00963,0.99715,False,True,False,False,low,none,low,high,00:03,0,before_session,True,True,False
2022-11-11,Friday,1.0198,1.0163,35.0,1.02218,0.99354,1.00286,1.01922,1.00861,0.99927,True,False,False,False,high,none,high,high,00:05,0,before_session,False,False,True
2022-11-14,Monday,1.03501,1.03051,45.0,1.03501,1.03051,1.03354,1.03122,1.0364,1.01893,True,True,False,False,conflict,none,conflict,low,00:27,0,before_session,True,False,False
2022-11-15,Tuesday,1.03282,1.03121,16.1,1.03584,1.02713,1.03123,1.03211,1.03501,1.03051,True,False,False,False,high,none,high,high,00:09,0,before_session,False,False,True
2022-11-16,Wednesday,1.03868,1.03307,56.1,1.04808,1.02799,1.03209,1.0345,1.03584,1.02713,False,False,False,False,none,none,none,high,02:03,2,in_session,False,False,False
2022-11-17,Thursday,1.03909,1.03596,31.3,1.04384,1.03407,1.03453,1.03708,1.04808,1.02799,False,False,False,False,none,none,none,high,01:49,1,in_session,True,False,False
2022-11-18,Friday,1.03908,1.0361,29.8,1.04065,1.03051,1.03707,1.03648,1.04384,1.03407,False,False,False,False,none,none,none,low,01:33,1,in_session,False,False,False
2022-11-21,Monday,1.03185,1.02765,42.0,1.0333,1.02765,1.03227,1.02809,1.03959,1.03134,False,True,False,False,low,none,low,low,00:04,0,before_session,False,False,True
2022-11-22,Tuesday,1.0268,1.02511,16.9,1.02869,1.02227,1.02809,1.02601,1.0333,1.02765,False,False,False,False,none,none,none,low,00:29,0,before_session,True,False,False
2022-11-23,Wednesday,1.03247,1.03003,24.4,1.03247,1.02456,1.02601,1.0317,1.02869,1.02227,True,False,False,False,high,none,high,high,00:24,0,before_session,False,False,True
2022-11-24,Thursday,1.04484,1.04111,37.3,1.04484,1.02963,1.03168,1.04462,1.03247,1.02456,False,False,False,False,none,none,none,low,03:04,3,in_session,False,False,False
2022-11-25,Friday,1.04291,1.04034,25.7,1.04466,1.03816,1.04463,1.04212,1.04484,1.02963,False,False,False,False,none,none,none,low,04:43,4,in_session,False,False,False
2022-11-28,Monday,1.03803,1.0341,39.3,1.03836,1.0341,1.03716,1.0362,1.04282,1.03546,True,False,False,False,high,none,high,high,02:03,2,in_session,False,False,True
2022-11-29,Tuesday,1.03942,1.03339,60.3,1.04967,1.033,1.03621,1.03928,1.03836,1.0341,False,False,False,False,none,none,none,low,08:51,8,after_session,False,False,False
2022-11-30,Wednesday,1.036,1.03358,24.2,1.03933,1.03188,1.03928,1.03557,1.04967,1.033,False,False,False,False,none,none,none,high,00:08,0,before_session,True,False,False
2022-12-01,Thursday,1.04477,1.04187,29.0,1.04477,1.029,1.03558,1.0439,1.03933,1.03188,True,False,False,False,high,none,high,high,00:27,0,before_session,False,False,True
2022-12-02,Friday,1.05258,1.05049,20.9,1.05393,1.03929,1.04389,1.05231,1.04477,1.029,True,False,False,False,high,none,high,high,00:11,0,before_session,False,False,True
2022-12-05,Monday,1.05832,1.05414,41.8,1.05832,1.05303,1.05303,1.0581,1.05448,1.0428,True,False,False,False,high,none,high,high,00:29,0,before_session,True,False,True
2022-12-06,Tuesday,1.05186,1.04877,30.9,1.05948,1.048,1.05809,1.04906,1.05832,1.05303,False,True,False,False,low,none,low,low,00:27,0,before_session,False,False,True
2022-12-07,Wednesday,1.04763,1.04549,21.4,1.05326,1.04549,1.04905,1.04635,1.05948,1.048,False,True,False,False,low,none,low,low,01:08,1,in_session,True,False,True
2022-12-08,Thursday,1.05073,1.04942,13.1,1.05496,1.04431,1.04634,1.05008,1.05326,1.04549,False,False,False,False,none,none,none,low,00:25,0,before_session,True,False,False
2022-12-09,Friday,1.05853,1.05593,26.0,1.05853,1.04895,1.0501,1.05759,1.05496,1.04431,True,False,False,False,high,none,high,high,00:22,0,before_session,False,False,True
2022-12-12,Monday,1.052,1.05057,14.3,1.05372,1.05057,1.05264,1.0516,1.05881,1.05027,True,False,False,False,high,none,high,high,01:44,1,in_session,False,False,True
2022-12-13,Tuesday,1.0554,1.05311,22.9,1.058,1.05079,1.05158,1.05411,1.05372,1.05057,False,False,False,False,none,none,none,high,01:26,1,in_session,False,False,False
2022-12-14,Wednesday,1.06389,1.06197,19.2,1.06731,1.05278,1.05412,1.06239,1.058,1.05079,False,False,False,False,none,none,none,high,01:38,1,in_session,False,False,False
2022-12-15,Thursday,1.06799,1.06464,33.5,1.0695,1.06187,1.06238,1.06475,1.06731,1.05278,False,True,False,False,low,none,low,low,00:01,0,before_session,True,False,True
2022-12-16,Friday,1.06624,1.06385,23.9,1.07361,1.05921,1.06474,1.06461,1.0695,1.06187,False,False,False,False,none,none,none,high,02:17,2,in_session,False,False,False
2022-12-19,Monday,1.0613,1.05961,16.9,1.0613,1.0582,1.05895,1.06063,1.0663,1.05839,True,False,False,False,high,none,high,high,01:27,1,in_session,True,False,True
2022-12-20,Tuesday,1.0652,1.05976,54.4,1.06578,1.05757,1.06063,1.06071,1.0613,1.0582,False,False,False,False,none,none,none,low,00:24,0,before_session,True,False,False
2022-12-21,Wednesday,1.06258,1.06066,19.2,1.06584,1.05788,1.06071,1.06083,1.06578,1.05757,False,False,False,False,none,none,none,high,02:29,2,in_session,False,False,False
2022-12-22,Thursday,1.06459,1.06134,32.5,1.06459,1.05901,1.0608,1.06445,1.06584,1.05788,True,False,False,False,high,none,high,high,00:03,0,before_session,True,False,True
2022-12-23,Friday,1.06122,1.05867,25.5,1.06593,1.0573,1.06444,1.06055,1.06459,1.05901,False,False,False,False,none,none,none,high,02:05,2,in_session,False,False,False
2022-12-26,Monday,1.06291,1.06089,20.2,1.06344,1.05979,1.06114,1.06265,1.06328,1.05922,False,False,False,False,none,none,none,high,00:49,0,before_session,False,False,False
2022-12-27,Tuesday,1.06604,1.06354,25.0,1.06604,1.06151,1.06264,1.06454,1.06344,1.05979,True,False,False,False,high,none,high,high,01:06,1,in_session,True,False,True
2022-12-28,Wednesday,1.06447,1.06268,17.9,1.06694,1.06113,1.06454,1.06415,1.06604,1.06151,False,False,False,False,none,none,none,high,00:10,0,before_session,False,False,False
2022-12-29,Thursday,1.06341,1.06191,15.0,1.06742,1.06065,1.06415,1.0625,1.06694,1.06113,False,False,False,False,none,none,none,low,01:28,1,in_session,False,False,False
2022-12-30,Friday,1.06692,1.06518,17.4,1.06902,1.06109,1.06249,1.06551,1.06742,1.06065,False,False,False,False,none,none,none,low,00:56,0,before_session,True,False,False
2023-01-02,Monday,1.07087,1.06862,22.5,1.07087,1.06788,1.0697,1.06993,1.07131,1.06385,False,True,False,False,low,none,low,low,01:55,1,in_session,False,False,True
2023-01-03,Tuesday,1.06801,1.06503,29.8,1.06997,1.06499,1.06994,1.06672,1.07087,1.06788,False,True,False,False,low,none,low,low,02:09,2,in_session,False,False,True
2023-01-04,Wednesday,1.05743,1.05569,17.4,1.06706,1.05194,1.06673,1.05727,1.06997,1.06499,False,False,False,False,none,none,none,high,00:01,0,before_session,False,False,False
2023-01-05,Thursday,1.06314,1.06033,28.1,1.06354,1.05594,1.05726,1.0604,1.06706,1.05194,False,False,False,False,none,none,none,low,00:00,0,before_session,False,False,False
2023-01-06,Friday,1.05363,1.05224,13.9,1.06288,1.05148,1.06041,1.05243,1.06354,1.05594,False,True,False,False,low,none,low,low,00:02,0,before_session,False,False,True
2023-01-09,Monday,1.06782,1.06551,23.1,1.06782,1.06381,1.06406,1.06764,1.0648,1.04823,True,False,False,False,high,none,high,high,00:22,0,before_session,False,False,True
2023-01-10,Tuesday,1.07424,1.07212,21.2,1.07605,1.066,1.06764,1.07306,1.06782,1.06381,False,False,False,False,none,none,none,high,00:39,0,before_session,False,False,False
2023-01-11,Wednesday,1.0745,1.07255,19.5,1.07592,1.07119,1.07304,1.07384,1.07605,1.066,False,False,False,False,none,none,none,high,00:29,0,before_session,False,False,False
2023-01-12,Thursday,1.07733,1.07603,13.0,1.07762,1.07254,1.07383,1.07715,1.07592,1.07119,False,False,False,False,none,none,none,high,00:18,0,before_session,False,False,False
2023-01-13,Friday,1.0856,1.08315,24.5,1.08679,1.07297,1.07715,1.08398,1.07762,1.07254,False,False,False,False,none,none,none,high,03:12,3,in_session,False,False,False
2023-01-16,Monday,1.08741,1.08405,33.6,1.08741,1.08201,1.08288,1.08526,1.0864,1.07803,False,True,False,False,low,none,low,low,01:44,1,in_session,False,False,True
2023-01-17,Tuesday,1.08327,1.08061,26.6,1.08609,1.08013,1.08527,1.0826,1.08741,1.08201,False,False,False,False,none,none,none,high,01:15,1,in_session,True,False,False
2023-01-18,Wednesday,1.07992,1.07661,33.1,1.08693,1.07661,1.08258,1.07742,1.08609,1.08013,True,False,False,False,high,none,high,high,02:06,2,in_session,False,False,True
2023-01-19,Thursday,1.08054,1.07821,23.3,1.08873,1.07679,1.07743,1.07956,1.08693,1.07661,False,False,False,False,none,none,none,high,02:39,2,in_session,False,False,False
2023-01-20,Friday,1.0844,1.08278,16.2,1.0844,1.07825,1.07958,1.08294,1.08873,1.07679,True,False,False,False,high,none,high,low,00:20,0,before_session,True,True,False
2023-01-23,Monday,1.09029,1.08804,22.5,1.09029,1.08611,1.08678,1.08946,1.08587,1.08022,True,False,False,True,high,low,conflict,high,01:52,1,in_session,True,False,False
2023-01-24,Tuesday,1.08828,1.08692,13.6,1.09267,1.08461,1.08945,1.08761,1.09029,1.08611,False,False,False,False,none,none,none,high,01:26,1,in_session,True,False,False
2023-01-25,Wednesday,1.09028,1.08837,19.1,1.09028,1.08349,1.08763,1.08986,1.09267,1.08461,True,False,False,False,high,none,high,high,01:22,1,in_session,False,False,True
2023-01-26,Thursday,1.09215,1.09069,14.6,1.09246,1.08571,1.08986,1.09143,1.09028,1.08349,True,False,False,False,high,none,high,high,01:38,1,in_session,True,False,True
2023-01-27,Friday,1.08992,1.08658,33.4,1.09293,1.08505,1.09142,1.08661,1.09246,1.08571,False,False,False,False,none,none,none,low,00:03,0,before_session,False,False,False
2023-01-30,Monday,1.08792,1.0861,18.2,1.08792,1.08595,1.08643,1.08761,1.08953,1.08377,True,True,False,False,conflict,none,conflict,low,01:46,1,in_session,True,False,False
2023-01-31,Tuesday,1.08599,1.08393,20.6,1.09137,1.08389,1.0876,1.0846,1.08792,1.08595,False,True,False,False,low,none,low,low,00:57,0,before_session,False,False,True
2023-02-01,Wednesday,1.08687,1.0852,16.7,1.08747,1.08019,1.0846,1.08656,1.09137,1.08389,True,False,False,False,high,none,high,high,00:13,0,before_session,False,False,True
2023-02-02,Thursday,1.10253,1.1006,19.3,1.10327,1.08653,1.08655,1.10195,1.08747,1.08019,False,False,False,False,none,none,none,low,01:43,1,in_session,False,False,False
2023-02-03,Friday,1.08994,1.0887,12.4,1.10246,1.08851,1.10197,1.08931,1.10327,1.08653,False,True,False,False,low,none,low,high,01:53,1,in_session,True,True,False
2023-02-06,Monday,1.07987,1.0782,16.7,1.07987,1.07813,1.0782,1.07962,1.09399,1.07924,False,True,False,False,low,none,low,low,02:51,2,in_session,False,False,True
2023-02-07,Tuesday,1.07425,1.07284,14.1,1.07979,1.07092,1.07961,1.07326,1.07987,1.07813,False,True,False,False,low,none,low,high,01:14,1,in_session,True,True,False
2023-02-08,Wednesday,1.07349,1.0723,11.9,1.07664,1.0669,1.07327,1.07334,1.07979,1.07092,False,False,False,False,none,none,none,high,01:01,1,in_session,False,False,False
2023-02-09,Thursday,1.07326,1.07093,23.3,1.07607,1.07092,1.07333,1.07319,1.07664,1.0669,True,False,False,False,high,none,high,high,00:02,0,before_session,False,False,True
2023-02-10,Friday,1.07386,1.07171,21.5,1.07907,1.07171,1.07319,1.07183,1.07607,1.07092,False,True,False,False,low,none,low,high,02:17,2,in_session,True,True,False
2023-02-13,Monday,1.06748,1.06553,19.5,1.06821,1.06553,1.06808,1.06671,1.07525,1.06661,True,False,False,False,high,none,high,high,01:32,1,in_session,False,False,True
2023-02-14,Tuesday,1.07398,1.07253,14.5,1.07398,1.06628,1.06671,1.07379,1.06821,1.06553,True,False,False,False,high,none,high,high,01:43,1,in_session,False,False,True
2023-02-15,Wednesday,1.07443,1.07142,30.1,1.08044,1.07066,1.07378,1.07182,1.07398,1.06628,False,True,False,False,low,none,low,low,00:52,0,before_session,False,False,True
2023-02-16,Thursday,1.07147,1.06867,28.0,1.07327,1.06604,1.0718,1.0707,1.08044,1.07066,False,False,False,False,none,none,none,high,03:16,3,in_session,True,False,False
2023-02-17,Friday,1.06654,1.06326,32.8,1.07222,1.06326,1.0707,1.06381,1.07327,1.06604,False,True,False,False,low,none,low,low,01:27,1,in_session,False,False,True
2023-02-20,Monday,1.06912,1.06733,17.9,1.06933,1.06728,1.06849,1.06864,1.06982,1.06126,True,False,False,False,high,none,high,high,00:48,0,before_session,True,False,True
2023-02-21,Tuesday,1.06777,1.0662,15.7,1.07044,1.0662,1.06865,1.06683,1.06933,1.06728,False,True,False,False,low,none,low,low,02:21,2,in_session,False,False,True
2023-02-22,Wednesday,1.06638,1.06535,10.3,1.0698,1.06397,1.06682,1.06585,1.07044,1.0662,False,True,False,False,low,none,low,low,00:06,0,before_session,False,False,True
2023-02-23,Thursday,1.06247,1.06107,14.0,1.06632,1.05989,1.06584,1.06243,1.0698,1.06397,False,True,False,False,low,none,low,high,01:18,1,in_session,True,True,False
2023-02-24,Friday,1.06141,1.05932,20.9,1.06275,1.0579,1.06242,1.05998,1.06632,1.05989,False,False,False,False,none,none,none,low,02:03,2,in_session,False,False,False
2023-02-27,Monday,1.05598,1.054,19.8,1.05598,1.054,1.05451,1.05488,1.06021,1.05359,True,True,False,False,conflict,none,conflict,low,00:57,0,before_session,True,False,False
2023-02-28,Tuesday,1.06101,1.05855,24.6,1.06148,1.05328,1.05487,1.059,1.05598,1.054,True,False,False,False,high,none,high,low,00:10,0,before_session,True,True,False
2023-03-01,Wednesday,1.05955,1.05672,28.3,1.06406,1.05651,1.05899,1.0589,1.06148,1.05328,True,False,False,False,high,none,high,high,01:14,1,in_session,False,False,True
2023-03-02,Thursday,1.06618,1.06444,17.4,1.06913,1.05888,1.05889,1.06479,1.06406,1.05651,False,False,False,False,none,none,none,low,00:26,0,before_session,False,False,False
2023-03-03,Friday,1.06148,1.06017,13.1,1.06485,1.05764,1.06478,1.06085,1.06913,1.05888,False,False,False,False,none,none,none,high,01:07,1,in_session,False,False,False
2023-03-06,Monday,1.06498,1.0624,25.8,1.06498,1.06232,1.06266,1.06426,1.06384,1.05924,True,False,False,False,high,none,high,high,01:07,1,in_session,True,False,True
2023-03-07,Tuesday,1.06931,1.06763,16.8,1.06942,1.06219,1.06428,1.06903,1.06498,1.06232,True,False,False,False,high,none,high,low,01:54,1,in_session,True,True,False
2023-03-08,Wednesday,1.05504,1.05274,23.0,1.06943,1.05274,1.06902,1.05349,1.06942,1.06219,False,True,False,False,low,none,low,low,00:22,0,before_session,False,False,True
2023-03-09,Thursday,1.05532,1.05378,15.4,1.05614,1.05241,1.05348,1.05517,1.06943,1.05274,True,False,False,False,high,none,high,high,00:14,0,before_session,False,False,True
2023-03-10,Friday,1.05991,1.05791,20.0,1.05993,1.0548,1.05516,1.05945,1.05614,1.05241,True,False,False,False,high,none,high,high,02:33,2,in_session,False,False,True
2023-03-13,Monday,1.07369,1.06637,73.2,1.07369,1.06637,1.06808,1.07176,1.06873,1.05738,True,True,False,False,conflict,none,conflict,high,02:46,2,in_session,True,False,False
2023-03-14,Tuesday,1.07211,1.06979,23.2,1.07423,1.065,1.07176,1.07025,1.07369,1.06637,False,False,False,False,none,none,none,low,00:41,0,before_session,True,False,False
2023-03-15,Wednesday,1.07597,1.07312,28.5,1.07597,1.06787,1.07024,1.07447,1.07423,1.065,False,True,False,False,low,none,low,low,01:23,1,in_session,False,False,True
2023-03-16,Thursday,1.06032,1.05861,17.1,1.07462,1.05158,1.07447,1.06027,1.07597,1.06787,False,False,False,False,none,none,none,high,00:19,0,before_session,False,False,False
2023-03-17,Friday,1.06491,1.06142,34.9,1.06491,1.05728,1.06025,1.0649,1.07462,1.05158,True,False,False,False,high,none,high,high,00:01,0,before_session,False,False,True
2023-03-20,Monday,1.06898,1.06646,25.2,1.06898,1.06646,1.06821,1.06697,1.06852,1.06122,False,True,False,False,low,none,low,low,01:26,1,in_session,True,False,True
2023-03-21,Tuesday,1.07223,1.07096,12.7,1.07295,1.06311,1.06695,1.07121,1.06898,1.06646,True,False,False,False,high,none,high,low,01:18,1,in_session,True,True,False
2023-03-22,Wednesday,1.07767,1.07652,11.5,1.07825,1.07038,1.07121,1.07686,1.07295,1.06311,True,False,False,False,high,none,high,low,01:38,1,in_session,True,True,False
2023-03-23,Thursday,1.09056,1.08789,26.7,1.09056,1.0759,1.07688,1.09035,1.07825,1.07038,True,False,False,False,high,none,high,high,00:08,0,before_session,False,False,True
2023-03-24,Friday,1.08351,1.08171,18.0,1.09296,1.08171,1.09036,1.08341,1.09056,1.0759,False,True,False,False,low,none,low,high,00:15,0,before_session,True,True,False
2023-03-27,Monday,1.07775,1.07575,20.0,1.07798,1.07575,1.07752,1.07715,1.0837,1.07131,True,True,False,False,conflict,none,conflict,low,02:18,2,in_session,True,False,False
2023-03-28,Tuesday,1.08194,1.08033,16.1,1.08194,1.07449,1.07715,1.0815,1.07798,1.07575,True,False,False,False,high,none,high,high,03:09,3,in_session,False,False,True
2023-03-29,Wednesday,1.08494,1.08346,14.8,1.08494,1.0806,1.08151,1.08364,1.08194,1.07449,False,False,False,False,none,none,none,low,00:01,0,before_session,True,False,False
2023-03-30,Thursday,1.08434,1.08263,17.1,1.08713,1.08177,1.08364,1.08329,1.08494,1.0806,True,False,False,False,high,none,high,high,01:21,1,in_session,False,False,True
2023-03-31,Friday,1.09257,1.09012,24.5,1.09262,1.08235,1.0833,1.09068,1.08713,1.08177,False,False,False,False,none,none,none,low,01:08,1,in_session,False,False,False
2023-04-03,Monday,1.08167,1.07882,28.5,1.0844,1.07882,1.08398,1.07899,1.09107,1.08368,True,False,False,False,high,none,high,high,03:00,3,in_session,False,False,True
2023-04-04,Tuesday,1.09097,1.08884,21.3,1.09097,1.07891,1.079,1.08885,1.0844,1.07882,True,False,False,False,high,none,high,low,00:16,0,before_session,True,True,False
2023-04-05,Wednesday,1.09695,1.09553,14.2,1.09701,1.08828,1.08886,1.09596,1.09097,1.07891,False,False,False,False,none,none,none,low,00:12,0,before_session,False,False,False
2023-04-06,Thursday,1.09043,1.08845,19.8,1.09673,1.08845,1.09596,1.08918,1.09701,1.08828,False,False,False,False,none,none,none,high,02:33,2,in_session,False,False,False
2023-04-10,Monday,1.09145,1.08968,17.7,1.09145,1.08968,1.0898,1.08991,1.09375,1.08858,True,True,False,False,conflict,none,conflict,low,00:02,0,before_session,True,False,False
2023-04-11,Tuesday,1.08877,1.0867,20.7,1.09171,1.08373,1.08992,1.08815,1.09145,1.08968,False,False,False,False,none,none,none,high,01:28,1,in_session,False,False,False
2023-04-12,Wednesday,1.09287,1.09147,14.0,1.09287,1.08808,1.08814,1.09241,1.09171,1.08373,True,False,False,False,high,none,high,high,01:38,1,in_session,False,False,True
2023-04-13,Thursday,1.10049,1.09836,21.3,1.10049,1.09159,1.0924,1.09883,1.09287,1.08808,True,False,False,False,high,none,high,low,01:59,1,in_session,True,True,False
2023-04-14,Friday,1.10751,1.10488,26.3,1.10751,1.09767,1.09882,1.10703,1.10049,1.09159,True,False,False,False,high,none,high,high,02:00,2,in_session,False,False,True
2023-04-18,Tuesday,1.0939,1.09222,16.8,1.09997,1.09116,1.09761,1.09357,1.09942,1.09615,False,False,False,False,none,none,none,high,01:32,1,in_session,False,False,False
2023-04-19,Wednesday,1.0984,1.09649,19.1,1.0984,1.09337,1.09356,1.09742,1.09997,1.09116,False,False,False,False,none,none,none,low,01:32,1,in_session,False,False,False
2023-04-20,Thursday,1.09616,1.09494,12.2,1.09793,1.0926,1.09742,1.09594,1.0984,1.09337,False,False,False,False,none,none,none,high,01:48,1,in_session,False,False,False
2023-04-21,Friday,1.09731,1.09618,11.3,1.09849,1.09334,1.09593,1.09639,1.09793,1.0926,False,False,False,False,none,none,none,low,00:10,0,before_session,True,False,False
2023-04-24,Monday,1.0995,1.09798,15.2,1.0995,1.09798,1.09866,1.09815,1.09936,1.0938,True,True,False,False,conflict,none,conflict,low,00:11,0,before_session,True,False,False
2023-04-25,Tuesday,1.1067,1.10514,15.6,1.1067,1.09658,1.09813,1.10527,1.0995,1.09798,False,False,False,False,none,none,none,low,00:50,0,before_session,False,False,False
2023-04-26,Wednesday,1.09799,1.09683,11.6,1.10588,1.09641,1.10528,1.09751,1.1067,1.09658,False,False,False,False,none,none,none,high,00:46,0,before_session,False,False,False
2023-04-27,Thursday,1.1054,1.10389,15.1,1.10858,1.0972,1.0975,1.10456,1.10588,1.09641,False,False,False,False,none,none,none,high,00:36,0,before_session,False,False,False
2023-04-28,Friday,1.10394,1.10125,26.9,1.10634,1.0992,1.10456,1.10194,1.10858,1.0972,False,True,False,False,low,none,low,low,00:05,0,before_session,False,False,True
2023-05-01,Monday,1.10143,1.10007,13.6,1.1022,1.10007,1.10191,1.1014,1.10449,1.09723,False,True,False,False,low,none,low,low,02:16,2,in_session,True,False,True
2023-05-02,Tuesday,1.09943,1.09685,25.8,1.10355,1.09653,1.10143,1.09839,1.1022,1.10007,False,True,False,False,low,none,low,high,02:57,2,in_session,True,True,False
2023-05-03,Wednesday,1.10297,1.10048,24.9,1.10297,1.09422,1.0984,1.10294,1.10355,1.09653,True,False,False,False,high,none,high,high,02:51,2,in_session,False,False,True
2023-05-04,Thursday,1.10875,1.10686,18.9,1.10916,1.10142,1.10294,1.10812,1.10297,1.09422,True,False,False,False,high,none,high,high,01:35,1,in_session,True,False,True
2023-05-05,Friday,1.10444,1.10188,25.6,1.10917,1.09952,1.10812,1.10439,1.10916,1.10142,False,False,False,False,none,none,none,high,00:04,0,before_session,True,False,False
2023-05-08,Monday,1.10399,1.10167,23.2,1.10399,1.10143,1.10213,1.1039,1.10477,1.09667,True,False,False,False,high,none,high,high,00:15,0,before_session,True,False,True
2023-05-09,Tuesday,1.09974,1.09849,12.5,1.10535,1.09849,1.1039,1.09936,1.10399,1.10143,False,True,False,False,low,none,low,low,01:11,1,in_session,False,False,True
2023-05-10,Wednesday,1.09772,1.09644,12.8,1.10007,1.09492,1.09939,1.09761,1.10535,1.09849,False,False,False,False,none,none,none,low,01:32,1,in_session,True,False,False
2023-05-11,Thursday,1.09981,1.09735,24.6,1.10068,1.09414,1.0976,1.09744,1.10007,1.09492,False,True,False,False,low,none,low,low,00:01,0,before_session,False,False,True
2023-05-12,Friday,1.09252,1.09122,13.0,1.09822,1.09,1.09744,1.09222,1.10068,1.09414,False,False,False,False,none,none,none,high,00:14,0,before_session,True,False,False
2023-05-15,Monday,1.08643,1.0848,16.3,1.08643,1.08478,1.0861,1.08599,1.09354,1.08476,True,False,False,False,high,none,high,high,01:15,1,in_session,False,False,True
2023-05-16,Tuesday,1.08845,1.08682,16.3,1.08908,1.08554,1.08598,1.08824,1.08643,1.08478,True,False,False,False,high,none,high,low,02:04,2,in_session,True,True,False
2023-05-17,Wednesday,1.08736,1.08621,11.5,1.09046,1.0855,1.08823,1.08654,1.08908,1.08554,False,True,False,False,low,none,low,low,01:22,1,in_session,False,False,True
2023-05-18,Thursday,1.08479,1.08348,13.1,1.08676,1.08147,1.08654,1.08398,1.09046,1.0855,False,True,False,False,low,none,low,low,00:43,0,before_session,False,False,True
2023-05-19,Friday,1.078,1.076,20.0,1.08404,1.076,1.08398,1.07683,1.08676,1.08147,False,False,False,False,none,none,none,high,02:14,2,in_session,False,False,False
2023-05-22,Monday,1.08298,1.08165,13.3,1.08298,1.08062,1.08062,1.08208,1.08249,1.07605,False,True,False,False,low,none,low,low,01:24,1,in_session,False,False,True
2023-05-23,Tuesday,1.08204,1.08025,17.9,1.08241,1.07955,1.08208,1.0808,1.08298,1.08062,False,True,False,False,low,none,low,low,01:30,1,in_session,False,False,True
2023-05-24,Wednesday,1.07797,1.07676,12.1,1.08129,1.07601,1.08079,1.07788,1.08241,1.07955,False,False,False,False,none,none,none,high,00:28,0,before_session,True,False,False
2023-05-25,Thursday,1.07556,1.0736,19.6,1.08012,1.0736,1.07787,1.07374,1.08129,1.07601,False,True,False,False,low,none,low,low,00:46,0,before_session,False,False,True
2023-05-26,Friday,1.07385,1.07189,19.6,1.07438,1.07073,1.07374,1.07374,1.08012,1.0736,True,False,False,False,high,none,high,high,00:06,0,before_session,True,False,True
2023-05-29,Monday,1.07354,1.07172,18.2,1.07354,1.07172,1.07219,1.07303,1.07572,1.07018,True,True,False,False,conflict,none,conflict,high,00:59,0,before_session,True,False,False
2023-05-30,Tuesday,1.07262,1.07013,24.9,1.07434,1.07013,1.07304,1.07065,1.07354,1.07172,False,True,False,False,low,none,low,low,01:20,1,in_session,True,False,True
2023-05-31,Wednesday,1.07356,1.06942,41.4,1.07465,1.06725,1.07065,1.06977,1.07434,1.07013,False,True,False,False,low,none,low,low,01:27,1,in_session,False,False,True
2023-06-01,Thursday,1.06951,1.06802,14.9,1.07051,1.06355,1.06977,1.0687,1.07465,1.06725,False,False,False,False,none,none,none,low,01:00,1,in_session,True,False,False
2023-06-02,Friday,1.0769,1.07581,10.9,1.0769,1.06617,1.0687,1.0768,1.07051,1.06355,True,False,False,False,high,none,high,high,01:39,1,in_session,False,False,True
2023-06-05,Monday,1.07045,1.06902,14.3,1.07107,1.06902,1.07098,1.07025,1.07789,1.0705,False,True,False,False,low,none,low,low,02:51,2,in_session,True,False,True
2023-06-06,Tuesday,1.07246,1.07098,14.8,1.07246,1.06777,1.07026,1.07159,1.07107,1.06902,True,False,False,False,high,none,high,high,01:00,1,in_session,True,False,True
2023-06-07,Wednesday,1.07043,1.06887,15.6,1.07328,1.06669,1.07161,1.06927,1.07246,1.06777,False,False,False,False,none,none,none,low,01:01,1,in_session,True,False,False
2023-06-08,Thursday,1.07114,1.07028,8.6,1.07396,1.06682,1.06926,1.07082,1.07328,1.06669,False,False,False,False,none,none,none,high,00:55,0,before_session,False,False,False
2023-06-09,Friday,1.0785,1.07757,9.3,1.07856,1.07009,1.07082,1.07777,1.07396,1.06682,False,False,False,False,none,none,none,low,00:17,0,before_session,False,False,False
2023-06-12,Monday,1.07503,1.0733,17.3,1.07503,1.0733,1.07491,1.07409,1.07841,1.07428,True,False,False,False,high,none,high,high,01:57,1,in_session,False,False,True
2023-06-13,Tuesday,1.07801,1.07591,21.0,1.079,1.0739,1.07409,1.0779,1.07503,1.0733,True,False,False,False,high,none,high,high,00:39,0,before_session,False,False,True
2023-06-14,Wednesday,1.0796,1.07856,10.4,1.08234,1.0776,1.0779,1.07899,1.079,1.0739,False,True,False,False,low,none,low,low,00:13,0,before_session,True,False,True
2023-06-15,Thursday,1.08444,1.08081,36.3,1.0864,1.07739,1.07899,1.08132,1.08234,1.0776,False,False,False,False,none,none,none,low,01:05,1,in_session,True,False,False
2023-06-16,Friday,1.09507,1.09354,15.3,1.09507,1.08036,1.08132,1.09381,1.0864,1.07739,True,False,False,False,high,none,high,high,02:21,2,in_session,False,False,True
2023-06-19,Monday,1.09462,1.09335,12.7,1.09462,1.09335,1.09426,1.09369,1.09658,1.09217,False,True,False,False,low,none,low,low,00:21,0,before_session,False,False,True
2023-06-20,Tuesday,1.09261,1.09106,15.5,1.09412,1.09099,1.09369,1.09197,1.09462,1.09335,True,False,False,False,high,none,high,high,01:59,1,in_session,True,False,True
2023-06-21,Wednesday,1.0921,1.09117,9.3,1.09461,1.08996,1.09197,1.09149,1.09412,1.09099,False,False,False,False,none,none,none,low,01:35,1,in_session,True,False,False
2023-06-22,Thursday,1.09949,1.09866,8.3,1.09949,1.09058,1.09149,1.09929,1.09461,1.08996,True,False,False,False,high,none,high,low,00:59,0,before_session,True,True,False
2023-06-23,Friday,1.09585,1.09321,26.4,1.10081,1.09321,1.09928,1.09356,1.09949,1.09058,False,True,False,False,low,none,low,low,00:12,0,before_session,False,False,True
2023-06-26,Monday,1.09097,1.08988,10.9,1.09097,1.08978,1.09042,1.0906,1.09368,1.08443,True,True,False,False,conflict,none,conflict,high,01:43,1,in_session,True,False,False
2023-06-27,Tuesday,1.0935,1.09021,32.9,1.0935,1.08873,1.09061,1.09266,1.09097,1.08978,True,False,False,False,high,none,high,high,03:01,3,in_session,False,False,True
2023-06-28,Wednesday,1.09614,1.09421,19.3,1.09766,1.09161,1.09265,1.09508,1.0935,1.08873,False,False,False,False,none,none,none,low,02:43,2,in_session,False,False,False
2023-06-29,Thursday,1.09161,1.08905,25.6,1.09621,1.08905,1.09508,1.08929,1.09766,1.09161,False,True,False,False,low,none,low,low,00:14,0,before_session,False,False,True
2023-06-30,Friday,1.08754,1.08602,15.2,1.09414,1.08602,1.08929,1.08713,1.09621,1.08905,False,True,False,False,low,none,low,low,02:11,2,in_session,False,False,True
2023-07-03,Monday,1.09176,1.09004,17.2,1.09176,1.09004,1.09089,1.09127,1.09224,1.08352,True,True,False,False,conflict,none,conflict,high,00:56,0,before_session,True,False,False
2023-07-04,Tuesday,1.09163,1.09024,13.9,1.09339,1.08702,1.09127,1.09044,1.09176,1.09004,False,False,False,False,none,none,none,low,00:30,0,before_session,False,False,False
2023-07-05,Wednesday,1.08908,1.0875,15.8,1.09146,1.0875,1.09046,1.08773,1.09339,1.08702,False,True,False,False,low,none,low,low,01:01,1,in_session,False,False,True
2023-07-06,Thursday,1.08559,1.08399,16.0,1.09078,1.08399,1.08774,1.084,1.09146,1.0875,False,True,False,False,low,none,low,low,00:01,0,before_session,False,False,True
2023-07-07,Friday,1.08915,1.08823,9.2,1.08977,1.08337,1.08401,1.08878,1.09078,1.08399,True,False,False,False,high,none,high,high,00:29,0,before_session,False,False,True
2023-07-10,Monday,1.09695,1.09528,16.7,1.09695,1.09528,1.09593,1.09559,1.09731,1.08669,False,True,False,False,low,none,low,low,00:59,0,before_session,True,False,True
2023-07-11,Tuesday,1.102,1.10014,18.6,1.102,1.09434,1.0956,1.10173,1.09695,1.09528,True,False,False,False,high,none,high,high,01:00,1,in_session,False,False,True
2023-07-12,Wednesday,1.10334,1.10119,21.5,1.10334,1.09783,1.10173,1.10295,1.102,1.09434,True,False,False,False,high,none,high,high,00:06,0,before_session,False,False,True
2023-07-13,Thursday,1.11486,1.11363,12.3,1.11486,1.10148,1.10295,1.11456,1.10334,1.09783,True,False,False,False,high,none,high,low,01:51,1,in_session,True,True,False
2023-07-14,Friday,1.12429,1.12134,29.5,1.12429,1.11298,1.11456,1.12413,1.11486,1.10148,False,False,False,False,none,none,none,low,02:47,2,in_session,True,False,False
2023-07-17,Monday,1.12296,1.12147,14.9,1.12315,1.12147,1.12273,1.12264,1.12448,1.12041,True,False,False,False,high,none,high,high,01:56,1,in_session,True,False,True
2023-07-18,Tuesday,1.12559,1.12345,21.4,1.12559,1.12033,1.12263,1.12537,1.12315,1.12147,True,False,False,False,high,none,high,high,00:05,0,before_session,False,False,True
2023-07-19,Wednesday,1.12327,1.12161,16.6,1.12756,1.12089,1.12539,1.12261,1.12559,1.12033,False,True,False,False,low,none,low,high,01:58,1,in_session,True,True,False
2023-07-20,Thursday,1.12291,1.12037,25.4,1.124,1.11895,1.12262,1.12258,1.12756,1.12089,False,False,False,False,none,none,none,low,03:39,3,in_session,False,False,False
2023-07-21,Friday,1.11417,1.11296,12.1,1.12267,1.11184,1.12259,1.1136,1.124,1.11895,False,False,False,False,none,none,none,high,01:57,1,in_session,True,False,False
2023-07-24,Monday,1.11327,1.11194,13.3,1.11327,1.11194,1.11197,1.11255,1.11449,1.11079,True,True,False,False,conflict,none,conflict,low,00:30,0,before_session,True,False,False
2023-07-25,Tuesday,1.10815,1.10627,18.8,1.11469,1.10602,1.11254,1.10782,1.11327,1.11194,False,True,False,False,low,none,low,high,02:19,2,in_session,True,True,False
2023-07-26,Wednesday,1.1053,1.10377,15.3,1.10868,1.10255,1.10782,1.10493,1.11469,1.10602,False,False,False,False,none,none,none,high,00:23,0,before_session,False,False,False
2023-07-27,Thursday,1.11178,1.10774,40.4,1.11178,1.10462,1.10492,1.11002,1.10868,1.10255,True,False,False,False,high,none,high,high,03:28,3,in_session,True,False,True
2023-07-28,Friday,1.09882,1.09714,16.8,1.11439,1.09662,1.11002,1.09765,1.11178,1.10462,False,True,False,False,low,none,low,low,00:11,0,before_session,False,False,True
2023-07-31,Monday,1.10277,1.10091,18.6,1.10282,1.10091,1.10206,1.10123,1.10475,1.09435,True,True,False,False,conflict,none,conflict,low,00:33,0,before_session,True,False,False
2023-08-01,Tuesday,1.10015,1.09803,21.2,1.10458,1.09803,1.10124,1.09855,1.10282,1.10091,False,True,False,False,low,none,low,low,03:05,3,in_session,False,False,True
2023-08-02,Wednesday,1.1008,1.09802,27.8,1.10192,1.09523,1.09854,1.09868,1.10458,1.09803,False,False,False,False,none,none,none,low,04:08,4,in_session,False,False,False
2023-08-03,Thursday,1.09492,1.09303,18.9,1.10006,1.09178,1.09869,1.09347,1.10192,1.09523,False,True,False,False,low,none,low,low,00:35,0,before_session,False,False,True
2023-08-04,Friday,1.09615,1.09464,15.1,1.09628,1.09122,1.09347,1.09542,1.10006,1.09178,False,False,False,False,none,none,none,low,02:52,2,in_session,True,False,False
2023-08-07,Monday,1.10117,1.09951,16.6,1.10151,1.09951,1.10141,1.09955,1.10419,1.09349,False,True,False,False,low,none,low,low,00:00,0,before_session,False,False,True
2023-08-08,Tuesday,1.10054,1.09768,28.6,1.10116,1.09654,1.09955,1.09818,1.10151,1.09951,False,False,False,False,none,none,none,high,02:34,2,in_session,True,False,False
2023-08-09,Wednesday,1.09707,1.09552,15.5,1.10111,1.0929,1.09817,1.09665,1.10116,1.09654,False,False,False,False,none,none,none,high,01:04,1,in_session,False,False,False
2023-08-10,Thursday,1.09819,1.09673,14.6,1.09953,1.0962,1.09665,1.09791,1.10111,1.0929,True,False,False,False,high,none,high,high,00:03,0,before_session,False,False,True
2023-08-11,Friday,1.09979,1.09797,18.2,1.1065,1.09761,1.09791,1.09872,1.09953,1.0962,False,False,False,False,none,none,none,high,02:16,2,in_session,True,False,False
2023-08-14,Monday,1.09467,1.09292,17.5,1.09517,1.09292,1.09493,1.09321,1.10049,1.09429,True,True,False,False,conflict,none,conflict,low,02:01,2,in_session,True,False,False
2023-08-15,Tuesday,1.09175,1.09003,17.2,1.096,1.08747,1.09321,1.09143,1.09517,1.09292,False,False,False,False,none,none,none,high,02:00,2,in_session,False,False,False
2023-08-16,Wednesday,1.09117,1.08989,12.8,1.09524,1.08969,1.09145,1.09064,1.096,1.08747,False,False,False,False,none,none,none,high,00:55,0,before_session,True,False,False
2023-08-17,Thursday,1.08749,1.08618,13.1,1.09345,1.08618,1.09064,1.08642,1.09524,1.08969,False,False,False,False,none,none,none,high,02:20,2,in_session,False,False,False
2023-08-18,Friday,1.08938,1.08717,22.1,1.0918,1.08563,1.08642,1.08859,1.09345,1.08618,False,False,False,False,none,none,none,low,02:56,2,in_session,False,False,False
2023-08-21,Monday,1.08841,1.08695,14.6,1.08841,1.08664,1.08672,1.08803,1.08879,1.0845,True,False,False,False,high,none,high,high,01:06,1,in_session,False,False,True
2023-08-22,Tuesday,1.09158,1.08932,22.6,1.09158,1.08723,1.08804,1.0915,1.08841,1.08664,True,False,False,False,high,none,high,high,00:07,0,before_session,True,False,True
2023-08-23,Wednesday,1.08596,1.08446,15.0,1.09303,1.08329,1.09149,1.08574,1.09158,1.08723,False,True,False,False,low,none,low,high,00:57,0,before_session,True,True,False
2023-08-24,Thursday,1.0875,1.08583,16.7,1.0875,1.08025,1.08574,1.08657,1.09303,1.08329,True,False,False,False,high,none,high,high,01:25,1,in_session,False,False,True
2023-08-25,Friday,1.0804,1.07799,24.1,1.08764,1.07799,1.08658,1.07804,1.0875,1.08025,False,True,False,False,low,none,low,low,00:11,0,before_session,False,False,True
2023-08-28,Monday,1.08101,1.07961,14.0,1.08101,1.07933,1.07957,1.08094,1.08417,1.07658,True,False,False,False,high,none,high,high,00:02,0,before_session,False,False,True
2023-08-29,Tuesday,1.08382,1.08213,16.9,1.08382,1.07989,1.08093,1.08362,1.08101,1.07933,False,False,False,False,none,none,none,low,01:30,1,in_session,True,False,False
2023-08-30,Wednesday,1.08721,1.08636,8.5,1.08919,1.07822,1.08362,1.08691,1.08382,1.07989,False,False,False,False,none,none,none,low,00:44,0,before_session,True,False,False
2023-08-31,Thursday,1.09394,1.092,19.4,1.09454,1.08551,1.0869,1.09204,1.08919,1.07822,False,False,False,False,none,none,none,low,00:24,0,before_session,False,False,False
2023-09-01,Friday,1.08541,1.08363,17.8,1.09244,1.08347,1.09205,1.08417,1.09454,1.08551,False,True,False,False,low,none,low,low,02:22,2,in_session,False,False,True
2023-09-04,Monday,1.07872,1.07731,14.1,1.07872,1.07716,1.07748,1.07857,1.08819,1.07716,True,False,False,False,high,none,high,high,01:00,1,in_session,False,False,True
2023-09-05,Tuesday,1.07982,1.07807,17.5,1.08087,1.07807,1.07857,1.07884,1.07872,1.07716,False,True,False,False,low,none,low,low,02:06,2,in_session,False,False,True
2023-09-06,Wednesday,1.07343,1.07131,21.2,1.07938,1.07062,1.07884,1.07332,1.08087,1.07807,False,False,False,False,none,none,none,high,00:06,0,before_session,True,False,False
2023-09-07,Thursday,1.07317,1.0719,12.7,1.07488,1.07025,1.07331,1.07297,1.07938,1.07062,False,False,False,False,none,none,none,low,00:47,0,before_session,False,False,False
2023-09-08,Friday,1.07232,1.06971,26.1,1.07302,1.06861,1.07295,1.07164,1.07488,1.07025,False,False,False,False,none,none,none,high,01:56,1,in_session,False,False,False
2023-09-11,Monday,1.0728,1.07099,18.1,1.0728,1.07075,1.07147,1.07225,1.07438,1.06941,True,False,False,False,high,none,high,high,00:18,0,before_session,False,False,True
2023-09-12,Tuesday,1.07692,1.07375,31.7,1.07692,1.07154,1.07226,1.07463,1.0728,1.07075,False,True,False,False,low,none,low,low,01:32,1,in_session,False,False,True
2023-09-13,Wednesday,1.07648,1.07446,20.2,1.07648,1.07055,1.07462,1.07471,1.07692,1.07154,False,False,False,False,none,none,none,low,01:44,1,in_session,False,False,False
2023-09-14,Thursday,1.07464,1.07301,16.3,1.07614,1.0711,1.07472,1.07445,1.07648,1.07055,False,False,False,False,none,none,none,high,00:08,0,before_session,True,False,False
2023-09-15,Friday,1.06483,1.06332,15.1,1.07521,1.06318,1.07446,1.06474,1.07614,1.0711,False,False,False,False,none,none,none,high,00:05,0,before_session,False,False,False
2023-09-18,Monday,1.06736,1.06609,12.7,1.06736,1.06578,1.06588,1.06641,1.06877,1.06443,True,True,False,False,conflict,none,conflict,high,02:01,2,in_session,True,False,False
2023-09-19,Tuesday,1.06965,1.06807,15.8,1.06986,1.06546,1.06641,1.06826,1.06736,1.06578,False,False,False,False,none,none,none,low,00:45,0,before_session,True,False,False
2023-09-20,Wednesday,1.06897,1.06781,11.6,1.0718,1.06746,1.06826,1.06795,1.06986,1.06546,False,True,False,False,low,none,low,low,02:00,2,in_session,True,False,True
2023-09-21,Thursday,1.06503,1.06167,33.6,1.07368,1.06167,1.06794,1.06365,1.0718,1.06746,False,False,False,False,none,none,none,high,02:52,2,in_session,False,False,False
2023-09-22,Friday,1.06626,1.06409,21.7,1.06734,1.06246,1.06366,1.06514,1.07368,1.06167,False,True,False,False,low,none,low,high,03:08,3,in_session,True,True,False
2023-09-25,Monday,1.06555,1.0643,12.5,1.06555,1.06424,1.06513,1.0648,1.06716,1.0615,False,True,False,False,low,none,low,low,01:57,1,in_session,False,False,True
2023-09-26,Tuesday,1.05919,1.05783,13.6,1.06531,1.05753,1.06479,1.05858,1.06555,1.06424,False,True,False,False,low,none,low,high,00:56,0,before_session,True,True,False
2023-09-27,Wednesday,1.0572,1.05559,16.1,1.0609,1.05559,1.05857,1.05619,1.06531,1.05753,False,True,False,False,low,none,low,low,01:22,1,in_session,False,False,True
2023-09-28,Thursday,1.0516,1.04987,17.3,1.0574,1.0488,1.05619,1.0504,1.0609,1.05559,False,False,False,False,none,none,none,low,00:09,0,before_session,True,False,False
2023-09-29,Friday,1.05827,1.05579,24.8,1.05827,1.0491,1.0504,1.05754,1.0574,1.0488,True,False,False,False,high,none,high,high,01:11,1,in_session,False,False,True
2023-10-02,Monday,1.05707,1.05623,8.4,1.05721,1.05578,1.05672,1.05698,1.06169,1.05638,True,False,False,False,high,none,high,high,00:06,0,before_session,True,False,True
2023-10-03,Tuesday,1.04803,1.04638,16.5,1.05919,1.04638,1.05697,1.04683,1.05721,1.05578,False,True,False,False,low,none,low,low,00:17,0,before_session,False,False,True
2023-10-04,Wednesday,1.04755,1.0457,18.5,1.04933,1.04483,1.04683,1.04592,1.05919,1.04638,False,False,False,False,none,none,none,low,02:25,2,in_session,True,False,False
2023-10-05,Thursday,1.05288,1.05022,26.6,1.05321,1.04514,1.04593,1.0525,1.04933,1.04483,False,False,False,False,none,none,none,low,03:28,3,in_session,True,False,False
2023-10-06,Friday,1.05479,1.05381,9.8,1.05518,1.05,1.05249,1.05423,1.05321,1.04514,True,False,False,False,high,none,high,low,01:35,1,in_session,True,True,False
2023-10-09,Monday,1.05742,1.05515,22.7,1.05742,1.05494,1.05529,1.05521,1.05999,1.04824,False,True,False,False,low,none,low,low,00:05,0,before_session,False,False,True
2023-10-10,Tuesday,1.05836,1.0566,17.6,1.05836,1.05194,1.05522,1.05694,1.05742,1.05494,True,False,False,False,high,none,high,low,00:04,0,before_session,True,True,False
2023-10-11,Wednesday,1.06142,1.06012,13.0,1.06198,1.05542,1.05693,1.06047,1.05836,1.05194,True,False,False,False,high,none,high,low,01:57,1,in_session,True,True,False
2023-10-12,Thursday,1.0629,1.06199,9.1,1.06346,1.05806,1.06047,1.06287,1.06198,1.05542,True,False,False,False,high,none,high,high,00:06,0,before_session,True,False,True
2023-10-13,Friday,1.0548,1.05345,13.5,1.06397,1.05257,1.06285,1.05455,1.06346,1.05806,False,False,False,False,none,none,none,high,00:43,0,before_session,True,False,False
2023-10-16,Monday,1.05257,1.05156,10.1,1.05257,1.05025,1.05083,1.05235,1.05584,1.04954,True,False,False,False,high,none,high,high,00:08,0,before_session,False,False,True
2023-10-17,Tuesday,1.05607,1.05462,14.5,1.05627,1.05223,1.05234,1.05498,1.05257,1.05025,False,False,False,False,none,none,none,low,00:14,0,before_session,True,False,False
2023-10-18,Wednesday,1.05789,1.05604,18.5,1.05948,1.05328,1.05499,1.05754,1.05627,1.05223,False,False,False,False,none,none,none,high,01:08,1,in_session,True,False,False
2023-10-19,Thursday,1.05418,1.05323,9.5,1.05941,1.05231,1.05754,1.05338,1.05948,1.05328,False,False,False,False,none,none,none,low,00:34,0,before_session,False,False,False
2023-10-20,Friday,1.05864,1.05683,18.1,1.06163,1.05282,1.05336,1.05759,1.05941,1.05231,False,False,False,False,none,none,none,low,02:17,2,in_session,False,False,False
2023-10-23,Monday,1.05902,1.05733,16.9,1.05968,1.05733,1.0595,1.05751,1.06035,1.05649,True,True,False,False,conflict,none,conflict,low,02:18,2,in_session,True,False,False
2023-10-24,Tuesday,1.06871,1.06668,20.3,1.06871,1.05714,1.0575,1.06824,1.05968,1.05733,True,False,False,False,high,none,high,high,03:02,3,in_session,False,False,True
2023-10-25,Wednesday,1.0605,1.05897,15.3,1.06942,1.0583,1.06825,1.0602,1.06871,1.05714,False,True,False,False,low,none,low,high,00:57,0,before_session,True,True,False
2023-10-26,Thursday,1.05691,1.05414,27.7,1.06067,1.05414,1.06019,1.05467,1.06942,1.0583,False,True,False,False,low,none,low,low,01:58,1,in_session,False,False,True
2023-10-27,Friday,1.05666,1.05525,14.1,1.05666,1.05221,1.05467,1.05644,1.06067,1.05414,True,False,False,False,high,none,high,high,00:25,0,before_session,False,False,True
2023-10-30,Monday,1.05658,1.05584,7.4,1.05749,1.05551,1.05644,1.05609,1.0597,1.05354,True,True,False,False,conflict,none,conflict,low,01:32,1,in_session,True,False,False
2023-10-31,Tuesday,1.06126,1.05906,22.0,1.0625,1.05471,1.05609,1.05938,1.05749,1.05551,True,False,False,False,high,none,high,high,02:32,2,in_session,False,False,True
2023-11-01,Wednesday,1.05764,1.05659,10.5,1.06748,1.05574,1.05938,1.05672,1.0625,1.05471,False,True,False,False,low,none,low,low,00:00,0,before_session,False,False,True
2023-11-02,Thursday,1.06021,1.05932,8.9,1.06021,1.05167,1.05671,1.05959,1.06748,1.05574,True,False,False,False,high,none,high,high,02:29,2,in_session,False,False,True
2023-11-03,Friday,1.06287,1.06146,14.1,1.06675,1.0591,1.05958,1.06264,1.06021,1.05167,False,False,False,False,none,none,none,high,00:33,0,before_session,False,False,False
2023-11-06,Monday,1.07375,1.07222,15.3,1.07375,1.07207,1.07232,1.07356,1.07467,1.06197,True,False,False,False,high,none,high,high,00:40,0,before_session,False,False,True
2023-11-07,Tuesday,1.07139,1.07051,8.8,1.07562,1.07051,1.07355,1.07064,1.07375,1.07207,False,True,False,False,low,none,low,low,01:31,1,in_session,False,False,True
2023-11-08,Wednesday,1.06992,1.06863,12.9,1.07116,1.0664,1.07065,1.0692,1.07562,1.07051,False,True,False,False,low,none,low,low,00:34,0,before_session,True,False,True
2023-11-09,Thursday,1.07156,1.07028,12.8,1.0716,1.06593,1.0692,1.07088,1.07116,1.0664,False,False,False,False,none,none,none,low,00:55,0,before_session,True,False,False
2023-11-10,Friday,1.0675,1.06667,8.3,1.07254,1.06601,1.07088,1.06712,1.0716,1.06593,False,True,False,False,low,none,low,low,00:11,0,before_session,False,False,True
2023-11-13,Monday,1.0689,1.0681,8.0,1.06906,1.06799,1.06818,1.06842,1.06927,1.0656,True,False,False,False,high,none,high,high,01:22,1,in_session,True,False,True
2023-11-14,Tuesday,1.07022,1.06945,7.7,1.07061,1.0665,1.06842,1.06963,1.06906,1.06799,True,False,False,False,high,none,high,low,00:14,0,before_session,True,True,False
2023-11-15,Wednesday,1.08836,1.08673,16.3,1.08875,1.06928,1.06962,1.08777,1.07061,1.0665,False,False,False,False,none,none,none,low,02:09,2,in_session,False,False,False
2023-11-16,Thursday,1.08558,1.083,25.8,1.08858,1.083,1.08778,1.08369,1.08875,1.06928,False,False,False,False,none,none,none,high,04:00,4,in_session,False,False,False
2023-11-17,Friday,1.08569,1.08492,7.7,1.08955,1.08334,1.08369,1.08502,1.08858,1.083,False,True,False,False,low,none,low,low,00:22,0,before_session,False,False,True
2023-11-20,Monday,1.09358,1.09014,34.4,1.09358,1.08974,1.09095,1.0922,1.09148,1.08247,True,False,False,False,high,none,high,high,04:24,4,in_session,False,False,True
2023-11-21,Tuesday,1.09651,1.0943,22.1,1.09651,1.09129,1.09219,1.09586,1.09358,1.08974,False,False,False,False,none,none,none,low,04:30,4,in_session,False,False,False
2023-11-22,Wednesday,1.09229,1.09088,14.1,1.09639,1.09001,1.09589,1.09137,1.09651,1.09129,False,True,False,False,low,none,low,low,00:16,0,before_session,False,False,True
2023-11-23,Thursday,1.09057,1.08885,17.2,1.09197,1.08522,1.09136,1.09025,1.09639,1.09001,True,False,False,False,high,none,high,high,00:44,0,before_session,False,False,True
2023-11-24,Friday,1.09102,1.08949,15.3,1.09303,1.0887,1.09025,1.09035,1.09197,1.08522,False,False,False,False,none,none,none,high,00:55,0,before_session,False,False,False
2023-11-27,Monday,1.09497,1.09267,23.0,1.09497,1.09267,1.09438,1.09473,1.09486,1.09014,True,False,False,False,high,none,high,high,00:57,0,before_session,True,False,True
2023-11-28,Tuesday,1.09628,1.0952,10.8,1.09628,1.09251,1.09472,1.09524,1.09497,1.09267,False,False,False,False,none,none,none,low,00:00,0,before_session,True,False,False
2023-11-29,Wednesday,1.10171,1.09967,20.4,1.10171,1.09344,1.09523,1.10025,1.09628,1.09251,False,False,False,False,none,none,none,low,01:16,1,in_session,False,False,False
2023-11-30,Thursday,1.09825,1.09672,15.3,1.10045,1.09601,1.10024,1.09689,1.10171,1.09344,False,True,False,False,low,none,low,low,00:42,0,before_session,False,False,True
2023-12-01,Friday,1.09127,1.08982,14.5,1.09817,1.08794,1.0969,1.09066,1.10045,1.09601,False,False,False,False,none,none,none,low,02:57,2,in_session,False,False,False
2023-12-04,Monday,1.08858,1.08665,19.3,1.08948,1.08665,1.08771,1.08714,1.09122,1.08287,False,True,False,False,low,none,low,low,02:02,2,in_session,False,False,True
2023-12-05,Tuesday,1.08444,1.08345,9.9,1.08807,1.0804,1.08715,1.0844,1.08948,1.08665,False,False,False,False,none,none,none,high,00:00,0,before_session,True,False,False
2023-12-06,Wednesday,1.07996,1.07879,11.7,1.08474,1.07781,1.0844,1.07943,1.08807,1.0804,False,True,False,False,low,none,low,high,00:33,0,before_session,True,True,False
2023-12-07,Thursday,1.07711,1.0758,13.1,1.08047,1.0758,1.07942,1.07603,1.08474,1.07781,False,True,False,False,low,none,low,low,00:14,0,before_session,False,False,True
2023-12-08,Friday,1.08005,1.07827,17.8,1.08175,1.07552,1.07604,1.07829,1.08047,1.0758,False,False,False,False,none,none,none,low,00:02,0,before_session,False,False,False
2023-12-11,Monday,1.07739,1.07608,13.1,1.07739,1.07556,1.07592,1.0763,1.07911,1.07236,False,True,False,False,low,none,low,low,02:35,2,in_session,True,False,True
2023-12-12,Tuesday,1.07703,1.07612,9.1,1.07789,1.07415,1.07629,1.07651,1.07739,1.07556,True,False,False,False,high,none,high,high,00:38,0,before_session,False,False,True
2023-12-13,Wednesday,1.07961,1.07842,11.9,1.08279,1.07653,1.07654,1.07862,1.07789,1.07415,False,False,False,False,none,none,none,low,01:21,1,in_session,False,False,False
2023-12-14,Thursday,1.09153,1.08854,29.9,1.09153,1.07731,1.07864,1.08993,1.08279,1.07653,False,False,False,False,none,none,none,low,02:41,2,in_session,True,False,False
2023-12-15,Friday,1.10036,1.09817,21.9,1.10092,1.088,1.08993,1.0998,1.09153,1.07731,False,False,False,False,none,none,none,low,01:01,1,in_session,False,False,False
2023-12-18,Monday,1.09136,1.08945,19.1,1.09136,1.0892,1.08973,1.09128,1.09992,1.08885,True,False,False,False,high,none,high,high,00:00,0,before_session,False,False,True
2023-12-19,Tuesday,1.09289,1.09148,14.1,1.09311,1.09071,1.0913,1.0923,1.09136,1.0892,True,False,False,False,high,none,high,high,01:36,1,in_session,False,False,True
2023-12-20,Wednesday,1.09742,1.09658,8.4,1.09873,1.09207,1.09229,1.09686,1.09311,1.09071,False,False,False,False,none,none,none,low,00:22,0,before_session,False,False,False
2023-12-21,Thursday,1.09542,1.09451,9.1,1.09756,1.09298,1.09686,1.09491,1.09873,1.09207,False,False,False,False,none,none,none,high,00:56,0,before_session,False,False,False
2023-12-22,Friday,1.10064,1.09954,11.0,1.10125,1.09352,1.09492,1.10004,1.09756,1.09298,True,False,False,False,high,none,high,low,01:59,1,in_session,True,True,False
2023-12-26,Tuesday,1.10286,1.10177,10.9,1.10286,1.09974,1.10025,1.10224,1.10159,1.09933,False,False,False,False,none,none,none,low,03:52,3,in_session,True,False,False
2023-12-27,Wednesday,1.1042,1.10286,13.4,1.1045,1.10085,1.10223,1.10416,1.10286,1.09974,True,False,False,False,high,none,high,high,00:11,0,before_session,False,False,True
2023-12-28,Thursday,1.11224,1.11096,12.8,1.11226,1.10364,1.10416,1.11102,1.1045,1.10085,True,False,False,False,high,none,high,low,00:00,0,before_session,True,True,False
2023-12-29,Friday,1.10842,1.10637,20.5,1.11394,1.10552,1.11101,1.10666,1.11226,1.10364,False,True,False,False,low,none,low,low,00:13,0,before_session,False,False,True
2024-01-02,Tuesday,1.10432,1.10165,26.7,1.10447,1.10165,1.10427,1.10208,1.10806,1.10339,False,True,False,False,low,none,low,low,02:59,2,in_session,False,False,True
2024-01-03,Wednesday,1.09624,1.09448,17.6,1.10387,1.09375,1.10208,1.09622,1.10447,1.10165,False,True,False,False,low,none,low,high,00:00,0,before_session,True,True,False
2024-01-04,Thursday,1.09306,1.0916,14.6,1.09654,1.08929,1.09623,1.09258,1.10387,1.09375,True,False,False,False,high,none,high,high,01:19,1,in_session,False,False,True
2024-01-05,Friday,1.09558,1.09363,19.5,1.09721,1.09208,1.09259,1.09371,1.09654,1.08929,False,True,False,False,low,none,low,low,00:06,0,before_session,True,False,True
2024-01-08,Monday,1.0953,1.09306,22.4,1.0953,1.09306,1.09386,1.0934,1.09984,1.08767,False,True,False,False,low,none,low,low,03:14,3,in_session,True,False,True
2024-01-09,Tuesday,1.09663,1.09514,14.9,1.09788,1.09226,1.09342,1.09561,1.0953,1.09306,False,False,False,False,none,none,none,low,00:21,0,before_session,False,False,False
2024-01-10,Wednesday,1.0936,1.09261,9.9,1.09629,1.09103,1.0956,1.09321,1.09788,1.09226,False,False,False,False,none,none,none,low,01:51,1,in_session,True,False,False
2024-01-11,Thursday,1.09847,1.09749,9.8,1.09847,1.09228,1.09321,1.09777,1.09629,1.09103,True,False,False,False,high,none,high,low,01:02,1,in_session,True,True,False
2024-01-12,Friday,1.09853,1.09725,12.8,1.1,1.09302,1.09775,1.09755,1.09847,1.09228,False,False,False,False,none,none,none,low,02:03,2,in_session,False,False,False
2024-01-15,Monday,1.09675,1.09494,18.1,1.09675,1.09407,1.0948,1.09628,1.09868,1.09359,False,False,False,False,none,none,none,low,04:36,4,in_session,False,False,False
2024-01-16,Tuesday,1.09315,1.09134,18.1,1.09666,1.09134,1.09629,1.09175,1.09675,1.09407,False,True,False,False,low,none,low,low,00:40,0,before_session,False,False,True
2024-01-17,Wednesday,1.08844,1.08647,19.7,1.09265,1.0862,1.09175,1.08709,1.09666,1.09134,False,True,False,False,low,none,low,low,00:15,0,before_session,False,False,True
2024-01-18,Thursday,1.09028,1.08905,12.3,1.09028,1.08445,1.08709,1.08941,1.09265,1.0862,True,False,False,False,high,none,high,low,00:32,0,before_session,True,True,False
2024-01-19,Friday,1.08896,1.08762,13.4,1.09067,1.08466,1.0894,1.08864,1.09028,1.08445,False,False,False,False,none,none,none,low,01:31,1,in_session,False,False,False
2024-01-22,Monday,1.09091,1.08987,10.4,1.09091,1.08878,1.08906,1.09028,1.08983,1.08656,True,True,False,False,conflict,none,conflict,low,00:54,0,before_session,True,False,False
2024-01-23,Tuesday,1.08986,1.08766,22.0,1.09094,1.08756,1.09029,1.08983,1.09091,1.08878,True,False,False,False,high,none,high,high,00:00,0,before_session,True,False,True
2024-01-24,Wednesday,1.0866,1.08514,14.6,1.09162,1.08215,1.08984,1.08645,1.09094,1.08756,False,False,False,False,none,none,none,high,01:46,1,in_session,False,False,False
2024-01-25,Thursday,1.08818,1.08702,11.6,1.09323,1.08592,1.08644,1.08754,1.09162,1.08215,False,False,False,False,none,none,none,high,01:30,1,in_session,True,False,False
2024-01-26,Friday,1.08488,1.08379,10.9,1.09018,1.08216,1.08754,1.08395,1.09323,1.08592,False,True,False,False,low,none,low,low,01:08,1,in_session,False,False,True
2024-01-29,Monday,1.08489,1.08393,9.6,1.0849,1.08393,1.08468,1.08448,1.08854,1.08128,True,True,False,False,conflict,none,conflict,low,01:04,1,in_session,True,False,False
2024-01-30,Tuesday,1.08407,1.08241,16.6,1.085,1.07958,1.08446,1.08253,1.0849,1.08393,False,False,False,False,none,none,none,low,00:03,0,before_session,True,False,False
2024-01-31,Wednesday,1.08436,1.08159,27.7,1.08573,1.08119,1.08251,1.08205,1.085,1.07958,False,True,False,False,low,none,low,low,01:55,1,in_session,True,False,True
2024-02-01,Thursday,1.08217,1.08045,17.2,1.08874,1.07949,1.08203,1.08076,1.08573,1.08119,False,True,False,False,low,none,low,low,00:06,0,before_session,False,False,True
2024-02-02,Friday,1.08788,1.08701,8.7,1.08796,1.07799,1.08076,1.0873,1.08874,1.07949,True,False,False,False,high,none,high,high,00:32,0,before_session,False,False,True
2024-02-05,Monday,1.07811,1.07686,12.5,1.07858,1.07673,1.07854,1.07788,1.08974,1.07804,True,True,False,False,conflict,none,conflict,high,00:58,0,before_session,True,False,False
2024-02-06,Tuesday,1.07503,1.07415,8.8,1.07861,1.07231,1.07788,1.07489,1.07858,1.07673,False,False,False,False,none,none,none,high,00:03,0,before_session,True,False,False
2024-02-07,Wednesday,1.07665,1.07566,9.9,1.07665,1.07225,1.0749,1.0759,1.07861,1.07231,True,False,False,False,high,none,high,high,02:06,2,in_session,False,False,True
2024-02-08,Thursday,1.07883,1.07751,13.2,1.07883,1.07556,1.07589,1.07799,1.07665,1.07225,True,False,False,False,high,none,high,high,02:20,2,in_session,True,False,True
2024-02-09,Friday,1.07786,1.07693,9.3,1.07889,1.07416,1.07797,1.07711,1.07883,1.07556,False,False,False,False,none,none,none,high,02:16,2,in_session,False,False,False
2024-02-12,Monday,1.07987,1.07893,9.4,1.07997,1.07766,1.07767,1.07904,1.07951,1.07621,True,True,False,False,conflict,none,conflict,high,02:28,2,in_session,True,False,False
2024-02-13,Tuesday,1.07744,1.07606,13.8,1.08055,1.07559,1.07903,1.07637,1.07997,1.07766,False,False,False,False,none,none,none,high,02:04,2,in_session,True,False,False
2024-02-14,Wednesday,1.07145,1.07032,11.3,1.07985,1.07005,1.07635,1.07143,1.08055,1.07559,False,True,False,False,low,none,low,high,00:00,0,before_session,True,True,False
2024-02-15,Thursday,1.07351,1.07246,10.5,1.07354,1.06949,1.07144,1.07259,1.07985,1.07005,True,False,False,False,high,none,high,high,02:23,2,in_session,False,False,True
2024-02-16,Friday,1.07661,1.07573,8.8,1.07847,1.0726,1.0726,1.07593,1.07354,1.06949,False,False,False,False,none,none,none,high,02:26,2,in_session,False,False,False
2024-02-19,Monday,1.0788,1.07748,13.2,1.07889,1.07718,1.07718,1.07778,1.07874,1.07319,True,False,False,False,high,none,high,high,02:11,2,in_session,True,False,True
2024-02-20,Tuesday,1.07712,1.07615,9.7,1.07894,1.07615,1.07779,1.07689,1.07889,1.07718,True,False,False,False,high,none,high,high,01:16,1,in_session,False,False,True
2024-02-21,Wednesday,1.08191,1.08055,13.6,1.08387,1.07651,1.0769,1.08141,1.07894,1.07615,False,False,False,False,none,none,none,low,03:40,3,in_session,False,False,False
2024-02-22,Thursday,1.08309,1.0819,11.9,1.08321,1.07899,1.08141,1.08303,1.08387,1.07651,True,False,False,False,high,none,high,high,00:07,0,before_session,False,False,True
2024-02-23,Friday,1.08318,1.08216,10.2,1.08882,1.08026,1.08302,1.08254,1.08321,1.07899,False,False,False,False,none,none,none,low,00:51,0,before_session,False,False,False
2024-02-26,Monday,1.08226,1.08126,10.0,1.08322,1.08126,1.08318,1.08211,1.08395,1.08117,True,False,False,False,high,none,high,high,00:49,0,before_session,False,False,True
2024-02-27,Tuesday,1.08553,1.08454,9.9,1.08597,1.08188,1.0821,1.08534,1.08322,1.08126,True,False,False,False,high,none,high,high,02:11,2,in_session,False,False,True
2024-02-28,Wednesday,1.08447,1.08318,12.9,1.08659,1.08318,1.08533,1.08323,1.08597,1.08188,False,True,False,False,low,none,low,low,00:10,0,before_session,False,False,True
2024-02-29,Thursday,1.08403,1.0828,12.3,1.08458,1.07966,1.08322,1.08363,1.08659,1.08318,True,False,False,False,high,none,high,low,02:50,2,in_session,True,True,False
2024-03-01,Friday,1.08218,1.08109,10.9,1.08558,1.07958,1.08363,1.08135,1.08458,1.07966,False,False,False,False,none,none,none,low,01:31,1,in_session,False,False,False
2024-03-04,Monday,1.08458,1.08385,7.3,1.0848,1.0835,1.08359,1.08436,1.08432,1.07981,True,False,False,False,high,none,high,high,00:13,0,before_session,False,False,True
2024-03-05,Tuesday,1.08547,1.08475,7.2,1.08667,1.08377,1.08435,1.08505,1.0848,1.0835,False,False,False,False,none,none,none,low,01:40,1,in_session,True,False,False
2024-03-06,Wednesday,1.08533,1.08421,11.2,1.0876,1.08403,1.08504,1.08516,1.08667,1.08377,True,False,False,False,high,none,high,high,00:04,0,before_session,False,False,True
2024-03-07,Thursday,1.09055,1.08936,11.9,1.09153,1.08516,1.08516,1.09035,1.0876,1.08403,False,False,False,False,none,none,none,low,02:40,2,in_session,True,False,False
2024-03-08,Friday,1.09528,1.09442,8.6,1.09556,1.08678,1.09034,1.09456,1.09153,1.08516,False,False,False,False,none,none,none,low,02:19,2,in_session,True,False,False
2024-03-11,Monday,1.09457,1.09369,8.8,1.09465,1.09359,1.09411,1.09386,1.09812,1.09183,True,True,False,False,conflict,none,conflict,low,01:31,1,in_session,True,False,False
2024-03-12,Tuesday,1.09381,1.09267,11.4,1.0948,1.09145,1.09386,1.09368,1.09465,1.09359,False,False,False,False,none,none,none,high,00:01,0,before_session,True,False,False
2024-03-13,Wednesday,1.09306,1.0922,8.6,1.09438,1.09023,1.09369,1.09234,1.0948,1.09145,False,False,False,False,none,none,none,high,02:11,2,in_session,False,False,False
2024-03-14,Thursday,1.09527,1.09389,13.8,1.09638,1.09201,1.09233,1.09424,1.09438,1.09023,False,False,False,False,none,none,none,low,01:40,1,in_session,False,False,False
2024-03-15,Friday,1.08801,1.0873,7.1,1.09454,1.0873,1.09424,1.08763,1.09638,1.09201,False,False,False,False,none,none,none,high,01:53,1,in_session,False,False,False
2024-03-18,Monday,1.08917,1.08829,8.8,1.08917,1.08805,1.08905,1.08875,1.08996,1.08732,True,False,False,False,high,none,high,high,02:04,2,in_session,True,False,True
2024-03-19,Tuesday,1.08765,1.08667,9.8,1.09061,1.08661,1.08875,1.08706,1.08917,1.08805,False,True,False,False,low,none,low,low,00:21,0,before_session,False,False,True
2024-03-20,Wednesday,1.08711,1.08622,8.9,1.08721,1.08347,1.08706,1.08665,1.09061,1.08661,False,False,False,False,none,none,none,high,02:10,2,in_session,False,False,False
2024-03-21,Thursday,1.09389,1.09326,6.3,1.09389,1.08364,1.08666,1.09331,1.08721,1.08347,True,False,False,False,high,none,high,low,00:54,0,before_session,True,True,False
2024-03-22,Friday,1.08657,1.08311,34.6,1.09426,1.08311,1.09331,1.08332,1.09389,1.08364,False,True,False,False,low,none,low,low,01:40,1,in_session,False,False,True
2024-03-25,Monday,1.0822,1.08021,19.9,1.0822,1.08021,1.08068,1.08131,1.08419,1.08017,True,False,False,False,high,none,high,high,00:59,0,before_session,False,False,True
2024-03-26,Tuesday,1.08454,1.08358,9.6,1.08454,1.08071,1.08131,1.08401,1.0822,1.08021,True,False,False,False,high,none,high,high,00:47,0,before_session,False,False,True
2024-03-27,Wednesday,1.08308,1.08205,10.3,1.08643,1.08205,1.084,1.08298,1.08454,1.08071,False,False,False,False,none,none,none,high,01:48,1,in_session,True,False,False
2024-03-28,Thursday,1.0826,1.08149,11.1,1.0839,1.0808,1.08298,1.08234,1.08643,1.08205,False,True,False,False,low,none,low,high,00:49,0,before_session,True,True,False
2024-03-29,Friday,1.07848,1.07736,11.2,1.08265,1.07736,1.08235,1.07766,1.0839,1.0808,False,True,False,False,low,none,low,low,02:52,2,in_session,False,False,True
2024-04-01,Monday,1.07987,1.07847,14.0,1.07987,1.07847,1.07882,1.07903,1.08051,1.07678,False,True,False,False,low,none,low,low,00:38,0,before_session,False,False,True
2024-04-02,Tuesday,1.07388,1.07295,9.3,1.07921,1.07295,1.07902,1.073,1.07987,1.07847,False,True,False,False,low,none,low,low,00:00,0,before_session,False,False,True
2024-04-03,Wednesday,1.07793,1.07658,13.5,1.07793,1.07246,1.07302,1.07772,1.07921,1.07295,False,False,False,False,none,none,none,low,03:05,3,in_session,True,False,False
2024-04-04,Thursday,1.08444,1.08347,9.7,1.08444,1.0764,1.07773,1.08425,1.07793,1.07246,True,False,False,False,high,none,high,high,00:25,0,before_session,False,False,True
2024-04-05,Friday,1.08439,1.08233,20.6,1.08765,1.08233,1.08425,1.08267,1.08444,1.0764,False,True,False,False,low,none,low,low,02:12,2,in_session,False,False,True
2024-04-08,Monday,1.08432,1.0823,20.2,1.08432,1.0823,1.08347,1.08333,1.08479,1.07913,False,True,False,False,low,none,low,low,04:57,4,in_session,True,False,True
2024-04-09,Tuesday,1.08635,1.0854,9.5,1.08635,1.08208,1.08334,1.08553,1.08432,1.0823,False,False,False,False,none,none,none,low,02:52,2,in_session,True,False,False
2024-04-10,Wednesday,1.08588,1.08509,7.9,1.0885,1.08477,1.08554,1.08529,1.08635,1.08208,False,False,False,False,none,none,none,low,00:07,0,before_session,False,False,False
2024-04-11,Thursday,1.07489,1.07383,10.6,1.08665,1.07288,1.0853,1.07446,1.0885,1.08477,False,True,False,False,low,none,low,low,02:06,2,in_session,False,False,True
2024-04-12,Friday,1.07281,1.07153,12.8,1.07564,1.06992,1.07446,1.0717,1.08665,1.07288,False,True,False,False,low,none,low,low,00:27,0,before_session,False,False,True
2024-04-15,Monday,1.06549,1.06391,15.8,1.06549,1.06309,1.06352,1.06519,1.07174,1.06226,True,False,False,False,high,none,high,high,01:46,1,in_session,True,False,True
2024-04-16,Tuesday,1.06253,1.06061,19.2,1.06651,1.06061,1.06519,1.06113,1.06549,1.06309,False,True,False,False,low,none,low,low,02:22,2,in_session,False,False,True
2024-04-17,Wednesday,1.06355,1.06171,18.4,1.06535,1.0601,1.06114,1.06271,1.06651,1.06061,False,False,False,False,none,none,none,low,01:30,1,in_session,False,False,False
2024-04-18,Thursday,1.06802,1.06643,15.9,1.06802,1.0606,1.06272,1.06799,1.06535,1.0601,True,False,False,False,high,none,high,high,01:31,1,in_session,False,False,True
2024-04-19,Friday,1.06446,1.06104,34.2,1.069,1.06104,1.06799,1.06371,1.06802,1.0606,False,False,False,False,none,none,none,high,02:54,2,in_session,False,False,False
2024-04-22,Monday,1.06706,1.06527,17.9,1.06706,1.06456,1.06495,1.06617,1.06775,1.0627,False,False,False,False,none,none,none,low,03:39,3,in_session,False,False,False
2024-04-23,Tuesday,1.06605,1.06534,7.1,1.06691,1.06239,1.06617,1.06561,1.06706,1.06456,True,False,False,False,high,none,high,low,01:04,1,in_session,True,True,False
2024-04-24,Wednesday,1.07142,1.07002,14.0,1.07142,1.06385,1.06561,1.07062,1.06691,1.06239,False,False,False,False,none,none,none,low,02:10,2,in_session,False,False,False
2024-04-25,Thursday,1.07087,1.06969,11.8,1.07088,1.06779,1.07062,1.07058,1.07142,1.06385,True,False,False,False,high,none,high,high,00:42,0,before_session,False,False,True
2024-04-26,Friday,1.07291,1.07185,10.6,1.07402,1.06783,1.07058,1.07231,1.07088,1.06779,True,False,False,False,high,none,high,high,02:09,2,in_session,True,False,True
2024-04-29,Monday,1.07199,1.07061,13.8,1.07199,1.06898,1.06898,1.07162,1.07527,1.06738,True,False,False,False,high,none,high,high,00:10,0,before_session,False,False,True
2024-04-30,Tuesday,1.07178,1.07026,15.2,1.07337,1.06902,1.07161,1.07054,1.07199,1.06898,False,True,False,False,low,none,low,low,00:15,0,before_session,True,False,True
2024-05-01,Wednesday,1.06671,1.06558,11.3,1.07353,1.06558,1.07055,1.06564,1.07337,1.06902,False,True,False,False,low,none,low,low,00:10,0,before_session,False,False,True
2024-05-02,Thursday,1.07207,1.07069,13.8,1.07326,1.06494,1.06565,1.07146,1.07353,1.06558,False,False,False,False,none,none,none,high,02:13,2,in_session,False,False,False
2024-05-03,Friday,1.07393,1.07243,15.0,1.07393,1.06742,1.07147,1.07348,1.07326,1.06494,True,False,False,False,high,none,high,high,04:04,4,in_session,False,False,True
2024-05-06,Monday,1.07715,1.07553,16.2,1.07715,1.07553,1.076,1.07648,1.08124,1.07244,True,False,False,False,high,none,high,high,04:19,4,in_session,False,False,True
2024-05-07,Tuesday,1.07768,1.07607,16.1,1.07907,1.07576,1.07647,1.07687,1.07715,1.07553,False,True,False,False,low,none,low,low,01:55,1,in_session,False,False,True
2024-05-08,Wednesday,1.07541,1.0738,16.1,1.07873,1.0738,1.07687,1.07411,1.07907,1.07576,False,True,False,False,low,none,low,low,03:52,3,in_session,False,False,True
2024-05-09,Thursday,1.07515,1.07423,9.2,1.07574,1.0735,1.07411,1.07476,1.07873,1.0738,False,True,False,False,low,none,low,low,01:58,1,in_session,True,False,True
2024-05-10,Friday,1.07825,1.07731,9.4,1.07858,1.07239,1.07477,1.0776,1.07574,1.0735,True,False,False,False,high,none,high,high,02:12,2,in_session,False,False,True
2024-05-13,Monday,1.07731,1.07658,7.3,1.07752,1.07658,1.07721,1.07716,1.079,1.07603,True,False,False,False,high,none,high,high,01:35,1,in_session,False,False,True
2024-05-14,Tuesday,1.07922,1.07843,7.9,1.08068,1.07687,1.07715,1.07876,1.07752,1.07658,False,False,False,False,none,none,none,low,02:29,2,in_session,True,False,False
2024-05-15,Wednesday,1.08277,1.0813,14.7,1.08277,1.07669,1.07876,1.08261,1.08068,1.07687,True,False,False,False,high,none,high,high,01:57,1,in_session,False,False,True
2024-05-16,Thursday,1.08949,1.08814,13.5,1.08949,1.08205,1.08261,1.08872,1.08277,1.07669,False,False,False,False,none,none,none,low,01:20,1,in_session,False,False,False
2024-05-17,Friday,1.08688,1.08543,14.5,1.08872,1.08543,1.08872,1.0859,1.08949,1.08205,False,True,False,False,low,none,low,low,04:06,4,in_session,False,False,True
2024-05-20,Monday,1.08786,1.08689,9.7,1.08786,1.0864,1.08664,1.08779,1.08784,1.08356,True,False,False,False,high,none,high,high,00:06,0,before_session,True,False,True
2024-05-21,Tuesday,1.08618,1.08509,10.9,1.08844,1.08509,1.0878,1.08559,1.08786,1.0864,False,False,False,False,none,none,none,high,02:16,2,in_session,True,False,False
2024-05-22,Wednesday,1.08633,1.08536,9.7,1.08747,1.08425,1.08557,1.08556,1.08844,1.08509,False,False,False,False,none,none,none,low,00:13,0,before_session,False,False,False
2024-05-23,Thursday,1.08312,1.08219,9.3,1.08633,1.08174,1.08557,1.08303,1.08747,1.08425,False,True,False,False,low,none,low,high,00:09,0,before_session,True,True,False
2024-05-24,Friday,1.08137,1.08056,8.1,1.0861,1.08048,1.08302,1.08063,1.08633,1.08174,False,False,False,False,none,none,none,low,00:01,0,before_session,False,False,False
2024-05-27,Monday,1.08519,1.08466,5.3,1.08519,1.0843,1.0845,1.0849,1.08578,1.08054,True,False,False,False,high,none,high,low,02:05,2,in_session,True,True,False
2024-05-28,Tuesday,1.08785,1.08608,17.7,1.08785,1.08405,1.08492,1.08784,1.08519,1.0843,True,False,False,False,high,none,high,high,00:00,0,before_session,False,False,True
2024-05-29,Wednesday,1.08569,1.08457,11.2,1.0889,1.08457,1.08784,1.08471,1.08785,1.08405,False,True,False,False,low,none,low,low,00:02,0,before_session,False,False,True
2024-05-30,Thursday,1.08044,1.07938,10.6,1.08588,1.07938,1.0847,1.07979,1.0889,1.08457,False,True,False,False,low,none,low,low,00:37,0,before_session,False,False,True
2024-05-31,Friday,1.08335,1.08112,22.3,1.08451,1.07883,1.07979,1.08191,1.08588,1.07938,False,False,False,False,none,none,none,high,04:32,4,in_session,False,False,False
2024-06-03,Monday,1.08587,1.08493,9.4,1.08587,1.08453,1.08462,1.08497,1.08822,1.08145,False,True,False,False,low,none,low,low,00:00,0,before_session,True,False,True
2024-06-04,Tuesday,1.0916,1.09051,10.9,1.0916,1.08278,1.08497,1.09074,1.08587,1.08453,False,False,False,False,none,none,none,low,01:42,1,in_session,False,False,False
2024-06-05,Wednesday,1.0886,1.08766,9.4,1.09108,1.0859,1.09074,1.08784,1.0916,1.08278,False,False,False,False,none,none,none,low,01:52,1,in_session,False,False,False
2024-06-06,Thursday,1.08957,1.08738,21.9,1.08957,1.08544,1.08783,1.08906,1.09108,1.0859,False,False,False,False,none,none,none,low,04:08,4,in_session,True,False,False
2024-06-07,Friday,1.08978,1.08867,11.1,1.0902,1.08619,1.08906,1.08945,1.08957,1.08544,False,False,False,False,none,none,none,high,03:13,3,in_session,True,False,False
2024-06-10,Monday,1.07814,1.07554,26.0,1.07814,1.07554,1.07783,1.07555,1.09018,1.07993,False,True,True,False,low,high,conflict,low,00:00,0,before_session,False,False,False
2024-06-11,Tuesday,1.0769,1.07612,7.8,1.0769,1.07327,1.07554,1.07685,1.07814,1.07554,True,False,False,False,high,none,high,high,00:10,0,before_session,True,False,True
2024-06-12,Wednesday,1.07432,1.07346,8.6,1.07734,1.07194,1.07683,1.07402,1.0769,1.07327,False,False,False,False,none,none,none,high,01:48,1,in_session,False,False,False
2024-06-13,Thursday,1.08157,1.08038,11.9,1.08521,1.07355,1.07401,1.08068,1.07734,1.07194,False,False,False,False,none,none,none,low,00:39,0,before_session,False,False,False
2024-06-14,Friday,1.07449,1.07353,9.6,1.08163,1.07328,1.08068,1.07401,1.08521,1.07355,False,True,False,False,low,none,low,low,00:54,0,before_session,False,False,True
2024-06-17,Monday,1.07072,1.06989,8.3,1.07089,1.06989,1.07028,1.07036,1.07409,1.06676,True,True,False,False,conflict,none,conflict,low,02:00,2,in_session,True,False,False
2024-06-18,Tuesday,1.07407,1.07209,19.8,1.0741,1.06863,1.07037,1.07246,1.07089,1.06989,False,False,False,False,none,none,none,low,00:56,0,before_session,True,False,False
2024-06-19,Wednesday,1.07423,1.07353,7.0,1.07615,1.07099,1.07246,1.07377,1.0741,1.06863,False,False,False,False,none,none,none,low,00:56,0,before_session,False,False,False
2024-06-20,Thursday,1.07483,1.07388,9.5,1.07533,1.07248,1.07377,1.07419,1.07615,1.07099,False,True,False,False,low,none,low,low,01:22,1,in_session,False,False,True
2024-06-21,Friday,1.07175,1.07033,14.2,1.07449,1.07012,1.07419,1.07162,1.07533,1.07248,False,True,False,False,low,none,low,high,00:51,0,before_session,True,True,False
2024-06-24,Monday,1.06936,1.06837,9.9,1.06955,1.06837,1.06849,1.06916,1.07205,1.0671,True,False,False,False,high,none,high,high,00:36,0,before_session,False,False,True
2024-06-25,Tuesday,1.07394,1.07319,7.5,1.07463,1.06914,1.06916,1.07385,1.06955,1.06837,False,False,False,False,none,none,none,high,00:54,0,before_session,True,False,False
2024-06-26,Wednesday,1.07179,1.07061,11.8,1.07441,1.06906,1.07385,1.0711,1.07463,1.06914,False,True,False,False,low,none,low,low,01:28,1,in_session,False,False,True
2024-06-27,Thursday,1.06923,1.0677,15.3,1.07115,1.0666,1.07109,1.06908,1.07441,1.06906,False,False,False,False,none,none,none,high,00:20,0,before_session,False,False,False
2024-06-28,Friday,1.07108,1.06852,25.6,1.07264,1.06805,1.06907,1.06921,1.07115,1.0666,False,False,False,False,none,none,none,high,07:03,7,after_session,False,False,False
2024-07-01,Monday,1.07615,1.07348,26.7,1.07615,1.0732,1.07438,1.07528,1.07246,1.06856,True,False,False,True,high,low,conflict,high,01:46,1,in_session,True,False,False
2024-07-02,Tuesday,1.07385,1.07308,7.7,1.07763,1.07197,1.07527,1.07322,1.07615,1.0732,False,True,False,False,low,none,low,low,00:39,0,before_session,False,False,True
2024-07-03,Wednesday,1.07542,1.07404,13.8,1.07542,1.071,1.07323,1.07435,1.07763,1.07197,True,False,False,False,high,none,high,low,01:06,1,in_session,True,True,False
2024-07-04,Thursday,1.07949,1.07836,11.3,1.08168,1.07363,1.07434,1.07852,1.07542,1.071,False,False,False,False,none,none,none,high,03:03,3,in_session,False,False,False
2024-07-05,Friday,1.08245,1.08102,14.3,1.08245,1.07847,1.07852,1.08218,1.08168,1.07363,True,False,False,False,high,none,high,high,02:38,2,in_session,False,False,True
2024-07-08,Monday,1.08363,1.0819,17.3,1.08363,1.07998,1.08014,1.08314,1.08426,1.07993,True,False,False,False,high,none,high,low,02:08,2,in_session,True,True,False
2024-07-09,Tuesday,1.08333,1.08192,14.1,1.0845,1.08146,1.08314,1.08281,1.08363,1.07998,False,False,False,False,none,none,none,low,03:45,3,in_session,False,False,False
2024-07-10,Wednesday,1.0821,1.08108,10.2,1.08311,1.08054,1.08283,1.08199,1.0845,1.08146,False,False,False,False,none,none,none,high,01:03,1,in_session,False,False,False
2024-07-11,Thursday,1.084,1.08325,7.5,1.084,1.08118,1.082,1.08379,1.08311,1.08054,True,False,False,False,high,none,high,low,02:47,2,in_session,True,True,False
2024-07-12,Friday,1.08744,1.08634,11.0,1.08999,1.08322,1.08379,1.08687,1.084,1.08118,False,False,False,False,none,none,none,low,02:54,2,in_session,True,False,False
2024-07-15,Monday,1.08956,1.08833,12.3,1.08956,1.08818,1.08852,1.0894,1.09113,1.08617,True,False,False,False,high,none,high,high,01:29,1,in_session,False,False,True
2024-07-16,Tuesday,1.08981,1.08887,9.4,1.09222,1.08837,1.0894,1.0893,1.08956,1.08818,False,True,False,False,low,none,low,low,01:27,1,in_session,False,False,True
2024-07-17,Wednesday,1.09068,1.08955,11.3,1.09068,1.08715,1.08929,1.09061,1.09222,1.08837,True,False,False,False,high,none,high,low,03:06,3,in_session,True,True,False
2024-07-18,Thursday,1.09407,1.09321,8.6,1.0948,1.0895,1.09062,1.09328,1.09068,1.08715,False,False,False,False,none,none,none,low,00:06,0,before_session,False,False,False
2024-07-19,Friday,1.09003,1.08863,14.0,1.09388,1.08863,1.09329,1.08883,1.0948,1.0895,False,True,False,False,low,none,low,low,00:56,0,before_session,False,False,True
2024-07-22,Monday,1.08998,1.08846,15.2,1.09027,1.08807,1.08861,1.08915,1.08941,1.08756,False,True,False,False,low,none,low,low,01:18,1,in_session,False,False,True
2024-07-23,Tuesday,1.08967,1.0887,9.7,1.08967,1.0873,1.08916,1.08941,1.09027,1.08807,False,True,False,False,low,none,low,low,02:05,2,in_session,False,False,True
2024-07-24,Wednesday,1.08503,1.08416,8.7,1.08947,1.08416,1.08941,1.0845,1.08967,1.0873,False,True,False,False,low,none,low,high,01:36,1,in_session,True,True,False
2024-07-25,Thursday,1.08439,1.08349,9.0,1.08664,1.08256,1.08451,1.08427,1.08947,1.08416,False,False,False,False,none,none,none,high,01:55,1,in_session,False,False,False
2024-07-26,Friday,1.08604,1.08514,9.0,1.08699,1.08282,1.08427,1.08583,1.08664,1.08256,False,False,False,False,none,none,none,high,01:31,1,in_session,False,False,False
2024-07-29,Monday,1.087,1.08508,19.2,1.087,1.08508,1.08553,1.08622,1.08681,1.0842,False,True,False,False,low,none,low,low,03:15,3,in_session,False,False,True
2024-07-30,Tuesday,1.08224,1.08142,8.2,1.08637,1.08028,1.08623,1.08221,1.087,1.08508,False,False,False,False,none,none,none,high,00:01,0,before_session,True,False,False
2024-07-31,Wednesday,1.08302,1.08127,17.5,1.08356,1.07982,1.0822,1.0822,1.08637,1.08028,False,False,False,False,none,none,none,low,03:16,3,in_session,True,False,False
2024-08-01,Thursday,1.08345,1.08232,11.3,1.08493,1.08019,1.0822,1.08328,1.08356,1.07982,False,True,False,False,low,none,low,high,00:12,0,before_session,True,True,False
2024-08-02,Friday,1.07951,1.07818,13.3,1.08354,1.07774,1.08328,1.0793,1.08493,1.08019,False,False,False,False,none,none,none,high,00:16,0,before_session,False,False,False
2024-08-05,Monday,1.09311,1.09068,24.3,1.09311,1.09028,1.09225,1.09305,1.09265,1.07861,True,True,False,False,conflict,none,conflict,high,00:00,0,before_session,True,False,False
2024-08-06,Tuesday,1.09631,1.09437,19.4,1.10088,1.08923,1.09305,1.0954,1.09311,1.09028,False,False,False,False,none,none,none,low,02:12,2,in_session,False,False,False
2024-08-07,Wednesday,1.09305,1.09109,19.6,1.09558,1.09037,1.09541,1.09157,1.10088,1.08923,False,False,False,False,none,none,none,low,01:06,1,in_session,False,False,False
2024-08-08,Thursday,1.09354,1.09235,11.9,1.09366,1.09053,1.09157,1.09348,1.09558,1.09037,True,False,False,False,high,none,high,high,00:00,0,before_session,True,False,True
2024-08-09,Friday,1.09243,1.09114,12.9,1.09451,1.08814,1.09348,1.09228,1.09366,1.09053,False,False,False,False,none,none,none,high,02:26,2,in_session,False,False,False
2024-08-12,Monday,1.0923,1.09116,11.4,1.0923,1.091,1.09142,1.0914,1.09313,1.0909,True,False,False,False,high,none,high,high,02:54,2,in_session,False,False,True
2024-08-13,Tuesday,1.09384,1.09292,9.2,1.09393,1.09136,1.09138,1.09369,1.0923,1.091,True,False,False,False,high,none,high,high,00:58,0,before_session,False,False,True
2024-08-14,Wednesday,1.09971,1.09887,8.4,1.09996,1.09137,1.09369,1.099,1.09393,1.09136,True,False,False,False,high,none,high,low,02:00,2,in_session,True,True,False
2024-08-15,Thursday,1.10142,1.1003,11.2,1.10473,1.09863,1.099,1.1008,1.09996,1.09137,False,False,False,False,none,none,none,high,02:15,2,in_session,True,False,False
2024-08-16,Friday,1.09825,1.09718,10.7,1.10154,1.09495,1.10082,1.0977,1.10473,1.09863,False,False,False,False,none,none,none,high,01:07,1,in_session,False,False,False
2024-08-19,Monday,1.10403,1.10231,17.2,1.10403,1.10227,1.10265,1.10389,1.10296,1.0976,True,False,False,False,high,none,high,high,00:39,0,before_session,False,False,True
2024-08-20,Tuesday,1.10871,1.1075,12.1,1.10875,1.10301,1.1039,1.10755,1.10403,1.10227,True,False,False,False,high,none,high,low,00:23,0,before_session,True,True,False
2024-08-21,Wednesday,1.11325,1.11171,15.4,1.11325,1.10719,1.10756,1.1121,1.10875,1.10301,False,False,False,False,none,none,none,low,00:26,0,before_session,True,False,False
2024-08-22,Thursday,1.11567,1.11404,16.3,1.1174,1.10992,1.1121,1.11446,1.11325,1.10719,False,False,False,False,none,none,none,low,01:41,1,in_session,False,False,False
2024-08-23,Friday,1.11286,1.11129,15.7,1.11646,1.1098,1.11446,1.11247,1.1174,1.10992,False,False,False,False,none,none,none,high,01:27,1,in_session,False,False,False
2024-08-26,Monday,1.12015,1.11815,20.0,1.12015,1.11815,1.11854,1.11834,1.12008,1.11055,False,True,False,False,low,none,low,low,01:45,1,in_session,False,False,True
2024-08-27,Tuesday,1.11706,1.11595,11.1,1.11892,1.115,1.11834,1.11667,1.12015,1.11815,False,False,False,False,none,none,none,high,01:03,1,in_session,False,False,False
2024-08-28,Wednesday,1.118,1.11624,17.6,1.11905,1.11501,1.11667,1.11657,1.11892,1.115,False,True,False,False,low,none,low,low,00:41,0,before_session,False,False,True
2024-08-29,Thursday,1.11357,1.11241,11.6,1.11679,1.1105,1.11657,1.11356,1.11905,1.11501,False,True,False,False,low,none,low,high,00:02,0,before_session,True,True,False
2024-08-30,Friday,1.10828,1.10697,13.1,1.11399,1.10556,1.11357,1.10737,1.11679,1.1105,False,False,False,False,none,none,none,high,02:45,2,in_session,True,False,False
2024-09-02,Monday,1.10556,1.10419,13.7,1.10556,1.10419,1.10462,1.10484,1.1095,1.10438,True,False,False,False,high,none,high,high,01:53,1,in_session,False,False,True
2024-09-03,Tuesday,1.10702,1.10573,12.9,1.10773,1.10439,1.10485,1.10579,1.10556,1.10419,False,False,False,False,none,none,none,low,00:00,0,before_session,False,False,False
2024-09-04,Wednesday,1.10562,1.10464,9.8,1.1069,1.10263,1.10579,1.1054,1.10773,1.10439,False,False,False,False,none,none,none,high,00:43,0,before_session,False,False,False
2024-09-05,Thursday,1.10854,1.10756,9.8,1.10951,1.104,1.10538,1.10769,1.1069,1.10263,True,False,False,False,high,none,high,low,00:02,0,before_session,True,True,False
2024-09-06,Friday,1.11161,1.11092,6.9,1.11197,1.10746,1.10769,1.11151,1.10951,1.104,True,False,False,False,high,none,high,high,00:13,0,before_session,True,False,True
2024-09-09,Monday,1.1091,1.10786,12.4,1.1091,1.10781,1.10781,1.10799,1.11556,1.10656,False,True,False,False,low,none,low,low,00:16,0,before_session,False,False,True
2024-09-10,Tuesday,1.10391,1.10283,10.8,1.10802,1.10283,1.10798,1.10384,1.1091,1.10781,False,False,False,False,none,none,none,high,00:40,0,before_session,True,False,False
2024-09-11,Wednesday,1.10443,1.10166,27.7,1.10496,1.10151,1.10384,1.10385,1.10802,1.10283,True,False,False,False,high,none,high,high,00:32,0,before_session,True,False,True
2024-09-12,Thursday,1.1014,1.10059,8.1,1.10549,1.10019,1.10386,1.10136,1.10496,1.10151,False,False,False,False,none,none,none,high,00:00,0,before_session,False,False,False
2024-09-13,Friday,1.10902,1.10775,12.7,1.10902,1.10055,1.10136,1.10869,1.10549,1.10019,True,False,False,False,high,none,high,low,02:23,2,in_session,True,True,False
2024-09-16,Monday,1.11049,1.10867,18.2,1.11049,1.10743,1.10757,1.1104,1.11017,1.10721,True,False,False,False,high,none,high,high,02:34,2,in_session,False,False,True
2024-09-17,Tuesday,1.11311,1.11219,9.2,1.11374,1.10956,1.1104,1.11239,1.11049,1.10743,True,False,False,False,high,none,high,low,00:21,0,before_session,True,True,False
2024-09-18,Wednesday,1.11303,1.11215,8.8,1.11461,1.11109,1.1124,1.11262,1.11374,1.10956,False,False,False,False,none,none,none,low,00:54,0,before_session,False,False,False
2024-09-19,Thursday,1.11191,1.10683,50.8,1.11891,1.10683,1.11262,1.11185,1.11461,1.11109,False,False,False,False,none,none,none,high,00:00,0,before_session,False,False,False
2024-09-20,Friday,1.11692,1.11571,12.1,1.11787,1.11149,1.11185,1.11656,1.11891,1.10683,True,False,False,False,high,none,high,high,02:05,2,in_session,False,False,True
2024-09-23,Monday,1.11648,1.11558,9.0,1.11648,1.11558,1.1158,1.11615,1.11818,1.1136,True,True,False,False,conflict,none,conflict,high,00:45,0,before_session,True,False,False
2024-09-24,Tuesday,1.11137,1.11033,10.4,1.11672,1.10831,1.11615,1.11126,1.11648,1.11558,False,False,False,False,none,none,none,high,00:21,0,before_session,False,False,False
2024-09-25,Wednesday,1.11987,1.11853,13.4,1.11987,1.11042,1.11125,1.1198,1.11672,1.10831,False,False,False,False,none,none,none,low,04:27,4,in_session,True,False,False
2024-09-26,Thursday,1.11451,1.1129,16.1,1.1214,1.11215,1.1198,1.11405,1.11987,1.11042,False,False,False,False,none,none,none,high,01:14,1,in_session,False,False,False
2024-09-27,Friday,1.11776,1.11624,15.2,1.11893,1.11257,1.11404,1.1169,1.1214,1.11215,False,True,False,False,low,none,low,low,01:18,1,in_session,True,False,True
2024-09-30,Monday,1.11739,1.11562,17.7,1.11739,1.11526,1.11582,1.11581,1.1203,1.11248,True,False,False,False,high,none,high,low,02:19,2,in_session,True,True,False
2024-10-01,Tuesday,1.11433,1.11271,16.2,1.12089,1.11136,1.11582,1.11377,1.11739,1.11526,False,True,False,False,low,none,low,high,01:40,1,in_session,True,True,False
2024-10-02,Wednesday,1.10739,1.10633,10.6,1.11439,1.10458,1.11377,1.10706,1.12089,1.11136,False,False,False,False,none,none,none,low,00:56,0,before_session,False,False,False
2024-10-03,Thursday,1.10465,1.1032,14.5,1.10828,1.1032,1.10706,1.10357,1.11439,1.10458,False,True,False,False,low,none,low,low,01:05,1,in_session,False,False,True
2024-10-04,Friday,1.10395,1.10255,14.0,1.10468,1.10082,1.10356,1.1027,1.10828,1.1032,False,False,False,False,none,none,none,low,00:01,0,before_session,False,False,False
2024-10-07,Monday,1.09775,1.09681,9.4,1.09775,1.0962,1.0962,1.09719,1.10367,1.09512,True,True,False,False,conflict,none,conflict,low,01:00,1,in_session,True,False,False
2024-10-08,Tuesday,1.09868,1.09727,14.1,1.09868,1.09542,1.0972,1.09832,1.09775,1.0962,True,False,False,False,high,none,high,high,01:21,1,in_session,False,False,True
2024-10-09,Wednesday,1.09787,1.09667,12.0,1.09971,1.09608,1.09832,1.09678,1.09868,1.09542,False,True,False,False,low,none,low,low,00:03,0,before_session,False,False,True
2024-10-10,Thursday,1.09459,1.09389,7.0,1.0976,1.09362,1.09678,1.09435,1.09971,1.09608,False,True,False,False,low,none,low,low,00:49,0,before_session,False,False,True
2024-10-11,Friday,1.09407,1.09294,11.3,1.09548,1.09,1.09435,1.09395,1.0976,1.09362,False,False,False,False,none,none,none,high,03:00,3,in_session,False,False,False
2024-10-14,Monday,1.09291,1.09153,13.8,1.09335,1.09153,1.0931,1.09256,1.09537,1.0926,False,False,False,False,none,none,none,high,02:02,2,in_session,True,False,False
2024-10-15,Tuesday,1.09097,1.08957,14.0,1.09366,1.08881,1.09255,1.08964,1.09335,1.09153,False,True,False,False,low,none,low,low,00:00,0,before_session,False,False,True
2024-10-16,Wednesday,1.08956,1.08821,13.5,1.09167,1.08819,1.08964,1.08909,1.09366,1.08881,False,True,False,False,low,none,low,low,02:01,2,in_session,False,False,True
2024-10-17,Thursday,1.0865,1.08512,13.8,1.09014,1.08512,1.08908,1.0853,1.09167,1.08819,False,True,False,False,low,none,low,low,02:57,2,in_session,False,False,True
2024-10-18,Friday,1.08396,1.08274,12.2,1.08737,1.0811,1.0853,1.08385,1.09014,1.08512,False,False,False,False,none,none,none,high,00:39,0,before_session,False,False,False
2024-10-21,Monday,1.08688,1.08636,5.2,1.08717,1.08605,1.08605,1.08662,1.08694,1.08341,False,True,False,False,low,none,low,low,00:31,0,before_session,False,False,True
2024-10-22,Tuesday,1.08213,1.08142,7.1,1.08662,1.08111,1.08662,1.0819,1.08717,1.08605,False,False,False,False,none,none,none,high,01:09,1,in_session,True,False,False
2024-10-23,Wednesday,1.08053,1.07922,13.1,1.0838,1.07922,1.0819,1.08021,1.08662,1.08111,False,True,False,False,low,none,low,high,01:22,1,in_session,True,True,False
2024-10-24,Thursday,1.07898,1.07798,10.0,1.08066,1.07612,1.08022,1.07868,1.0838,1.07922,True,False,False,False,high,none,high,high,00:16,0,before_session,False,False,True
2024-10-25,Friday,1.08275,1.082,7.5,1.08298,1.07706,1.07868,1.08217,1.08066,1.07612,True,False,False,False,high,none,high,low,02:12,2,in_session,True,True,False
2024-10-28,Monday,1.07959,1.0782,13.9,1.08015,1.0782,1.07938,1.07876,1.08392,1.0793,True,True,False,False,conflict,none,conflict,low,00:19,0,before_session,True,False,False
2024-10-29,Tuesday,1.08181,1.08061,12.0,1.08276,1.07819,1.07876,1.08086,1.08015,1.0782,False,False,False,False,none,none,none,low,02:12,2,in_session,False,False,False
2024-10-30,Wednesday,1.08257,1.0813,12.7,1.08263,1.07688,1.08087,1.08165,1.08276,1.07819,True,False,False,False,high,none,high,high,01:48,1,in_session,False,False,True
2024-10-31,Thursday,1.08581,1.08441,14.0,1.08713,1.08079,1.08166,1.08478,1.08263,1.07688,False,False,False,False,none,none,none,high,02:37,2,in_session,False,False,False
2024-11-01,Friday,1.08885,1.08751,13.4,1.08885,1.08461,1.08477,1.0877,1.08713,1.08079,False,False,False,False,none,none,none,low,00:22,0,before_session,True,False,False
2024-11-04,Monday,1.09049,1.08767,28.2,1.09049,1.08699,1.08778,1.08974,1.09057,1.08317,False,False,False,False,none,none,none,high,06:35,6,after_session,False,False,False
2024-11-05,Tuesday,1.08797,1.0873,6.7,1.09147,1.08724,1.08973,1.08752,1.09049,1.08699,False,False,False,False,none,none,none,high,00:40,0,before_session,False,False,False
2024-11-06,Wednesday,1.08571,1.0719,138.1,1.09369,1.0719,1.08752,1.07775,1.09147,1.08724,False,True,False,False,low,none,low,low,01:30,1,in_session,False,False,True
2024-11-07,Thursday,1.07454,1.07129,32.5,1.07944,1.06824,1.07774,1.07377,1.09369,1.0719,False,False,False,False,none,none,none,high,00:49,0,before_session,False,False,False
2024-11-08,Friday,1.07913,1.07765,14.8,1.08247,1.07374,1.07378,1.07828,1.07944,1.06824,False,False,False,False,none,none,none,low,01:15,1,in_session,False,False,False
2024-11-11,Monday,1.07277,1.07078,19.9,1.07277,1.07075,1.07093,1.07138,1.07974,1.06868,False,True,False,False,low,none,low,low,02:23,2,in_session,False,False,True
2024-11-12,Tuesday,1.06598,1.06378,22.0,1.07221,1.06286,1.07141,1.0644,1.07277,1.07075,False,True,False,False,low,none,low,low,01:00,1,in_session,False,False,True
2024-11-13,Wednesday,1.06294,1.0612,17.4,1.06457,1.05951,1.0644,1.06177,1.07221,1.06286,False,True,False,False,low,none,low,low,00:17,0,before_session,True,False,True
2024-11-14,Thursday,1.05651,1.05451,20.0,1.0654,1.05451,1.06178,1.05484,1.06457,1.05951,False,True,False,False,low,none,low,low,00:03,0,before_session,False,False,True
2024-11-15,Friday,1.05459,1.05281,17.8,1.05825,1.0496,1.05485,1.05425,1.0654,1.05451,False,False,False,False,none,none,none,high,01:38,1,in_session,False,False,False
2024-11-18,Monday,1.05505,1.05302,20.3,1.05505,1.0528,1.0528,1.05407,1.0593,1.05163,True,False,False,False,high,none,high,high,03:24,3,in_session,False,False,True
2024-11-19,Tuesday,1.06007,1.05864,14.3,1.06071,1.05325,1.05406,1.0587,1.05505,1.0528,False,True,False,False,low,none,low,low,00:00,0,before_session,False,False,True
2024-11-20,Wednesday,1.06039,1.05877,16.2,1.06097,1.05233,1.0587,1.05929,1.06071,1.05325,False,False,False,False,none,none,none,low,00:53,0,before_session,False,False,False
2024-11-21,Thursday,1.05548,1.05449,9.9,1.05954,1.05068,1.05929,1.05512,1.06097,1.05233,False,False,False,False,none,none,none,low,01:35,1,in_session,False,False,False
2024-11-22,Friday,1.04782,1.04671,11.1,1.05544,1.04622,1.05513,1.04747,1.05954,1.05068,False,True,False,False,low,none,low,low,00:18,0,before_session,False,False,True
2024-11-25,Monday,1.049,1.04741,15.9,1.05013,1.04618,1.04806,1.04791,1.04981,1.03325,False,True,False,False,low,none,low,low,02:05,2,in_session,True,False,True
2024-11-26,Tuesday,1.04904,1.04303,60.1,1.05303,1.0425,1.04792,1.04797,1.05013,1.04618,False,False,False,False,none,none,none,high,03:54,3,in_session,False,False,False
2024-11-27,Wednesday,1.04928,1.04773,15.5,1.05447,1.04571,1.04795,1.04786,1.05303,1.0425,False,False,False,False,none,none,none,low,00:18,0,before_session,True,False,False
2024-11-28,Thursday,1.05627,1.05473,15.4,1.05876,1.04744,1.04785,1.05546,1.05447,1.04571,False,False,False,False,none,none,none,low,01:01,1,in_session,False,False,False
2024-11-29,Friday,1.05767,1.05564,20.3,1.05767,1.05275,1.05547,1.05699,1.05876,1.04744,True,False,False,False,high,none,high,high,01:55,1,in_session,False,False,True
2024-12-02,Monday,1.05391,1.05189,20.2,1.05733,1.05189,1.05711,1.05233,1.05971,1.05414,False,True,False,False,low,none,low,low,00:16,0,before_session,False,False,True
2024-12-03,Tuesday,1.04971,1.04823,14.8,1.05382,1.04607,1.05233,1.04853,1.05733,1.05189,False,False,False,False,none,none,none,low,00:02,0,before_session,False,False,False
2024-12-04,Wednesday,1.05134,1.04879,25.5,1.0535,1.04807,1.04854,1.05107,1.05382,1.04607,False,False,False,False,none,none,none,high,00:18,0,before_session,True,False,False
2024-12-05,Thursday,1.05256,1.0509,16.6,1.05439,1.04723,1.05107,1.05182,1.0535,1.04807,True,False,False,False,high,none,high,high,00:22,0,before_session,False,False,True
2024-12-06,Friday,1.05803,1.05659,14.4,1.05896,1.05171,1.05181,1.05752,1.05439,1.04723,True,False,False,False,high,none,high,high,02:51,2,in_session,False,False,True
2024-12-09,Monday,1.0561,1.0532,29.0,1.05692,1.0532,1.05544,1.05346,1.06298,1.05423,True,False,False,False,high,none,high,high,02:55,2,in_session,False,False,True
2024-12-10,Tuesday,1.05614,1.05452,16.2,1.05944,1.05337,1.05347,1.05575,1.05692,1.0532,False,True,False,False,low,none,low,high,00:48,0,before_session,True,True,False
2024-12-11,Wednesday,1.05393,1.05204,18.9,1.0568,1.04984,1.05574,1.05245,1.05944,1.05337,False,True,False,False,low,none,low,low,02:09,2,in_session,False,False,True
2024-12-12,Thursday,1.0509,1.05009,8.1,1.05373,1.04802,1.05245,1.05089,1.0568,1.04984,False,False,False,False,none,none,none,high,00:00,0,before_session,True,False,False
2024-12-13,Friday,1.04808,1.04562,24.6,1.05308,1.04562,1.0509,1.04634,1.05373,1.04802,False,True,False,False,low,none,low,low,02:06,2,in_session,False,False,True
2024-12-16,Monday,1.05228,1.05097,13.1,1.05228,1.04847,1.04854,1.05159,1.05241,1.04531,True,False,False,False,high,none,high,low,02:53,2,in_session,True,True,False
2024-12-17,Tuesday,1.05299,1.05078,22.1,1.05343,1.04745,1.05159,1.05081,1.05228,1.04847,False,False,False,False,none,none,none,low,00:07,0,before_session,False,False,False
2024-12-18,Wednesday,1.05056,1.04955,10.1,1.05159,1.0479,1.05081,1.0503,1.05343,1.04745,False,False,False,False,none,none,none,high,01:04,1,in_session,True,False,False
2024-12-19,Thursday,1.03909,1.0371,19.9,1.05127,1.03439,1.05029,1.03789,1.05159,1.0479,False,False,False,False,none,none,none,high,02:02,2,in_session,False,False,False
2024-12-20,Friday,1.03675,1.03583,9.2,1.04222,1.03545,1.03789,1.03587,1.05127,1.03439,False,True,False,False,low,none,low,low,00:00,0,before_session,True,False,True
2024-12-23,Monday,1.04452,1.04268,18.4,1.04452,1.04268,1.04308,1.04429,1.04474,1.03429,False,True,False,False,low,none,low,low,02:42,2,in_session,False,False,True
2024-12-24,Tuesday,1.04086,1.03887,19.9,1.04443,1.03842,1.04429,1.03963,1.04452,1.04268,False,False,False,False,none,none,none,high,09:30,9,after_session,False,False,False
2024-12-26,Thursday,1.04042,1.03941,10.1,1.04083,1.0393,1.04037,1.03977,1.04106,1.03835,False,True,False,False,low,none,low,low,02:18,2,in_session,True,False,True
2024-12-27,Friday,1.04181,1.04065,11.6,1.04301,1.03905,1.03976,1.0409,1.04083,1.0393,False,False,False,False,none,none,none,low,02:43,2,in_session,True,False,False
2024-12-30,Monday,1.04308,1.04208,10.0,1.04346,1.04208,1.04247,1.04253,1.0444,1.04049,True,True,False,False,conflict,none,conflict,high,01:32,1,in_session,True,False,False
2024-12-31,Tuesday,1.04148,1.04022,12.6,1.04583,1.03717,1.04252,1.04041,1.04346,1.04208,False,False,False,False,none,none,none,low,01:18,1,in_session,False,False,False
2025-01-02,Thursday,1.03756,1.03442,31.4,1.03756,1.03442,1.03503,1.03692,1.04243,1.0344,False,False,False,False,none,none,none,low,05:31,5,after_session,False,False,False
2025-01-03,Friday,1.02745,1.02665,8.0,1.03723,1.02237,1.03693,1.02695,1.03756,1.03442,False,False,False,False,none,none,none,low,00:13,0,before_session,False,False,False
2025-01-06,Monday,1.03182,1.03012,17.0,1.03182,1.02932,1.03015,1.03151,1.03099,1.02646,True,False,False,False,high,none,high,high,02:28,2,in_session,False,False,True
2025-01-07,Tuesday,1.03943,1.03761,18.2,1.04367,1.03076,1.03151,1.03917,1.03182,1.02932,False,False,False,False,none,none,none,high,00:16,0,before_session,False,False,False
2025-01-08,Wednesday,1.03547,1.03452,9.5,1.04343,1.03388,1.03918,1.03512,1.04367,1.03076,False,True,False,False,low,none,low,high,00:28,0,before_session,True,True,False
2025-01-09,Thursday,1.03214,1.03056,15.8,1.03575,1.02731,1.03512,1.0309,1.04343,1.03388,False,False,False,False,none,none,none,low,00:56,0,before_session,False,False,False
2025-01-10,Friday,1.03044,1.02935,10.9,1.0319,1.02836,1.03089,1.0295,1.03575,1.02731,False,True,False,False,low,none,low,low,00:31,0,before_session,False,False,True
2025-01-13,Monday,1.02499,1.02076,42.3,1.02499,1.02076,1.02357,1.02117,1.03118,1.02127,False,True,False,False,low,none,low,low,02:28,2,in_session,False,False,True
2025-01-14,Tuesday,1.02552,1.02384,16.8,1.02774,1.01772,1.02116,1.02502,1.02499,1.02076,False,False,False,False,none,none,none,high,02:00,2,in_session,False,False,False
2025-01-15,Wednesday,1.03048,1.02953,9.5,1.03086,1.02394,1.02501,1.03023,1.02774,1.01772,True,False,False,False,high,none,high,high,00:25,0,before_session,False,False,True
2025-01-16,Thursday,1.02995,1.02845,15.0,1.03544,1.0259,1.03022,1.02869,1.03086,1.02394,False,False,False,False,none,none,none,low,00:16,0,before_session,False,False,False
2025-01-17,Friday,1.03093,1.02918,17.5,1.03149,1.02604,1.0287,1.02936,1.03544,1.0259,False,False,False,False,none,none,none,low,00:21,0,before_session,True,False,False
2025-01-20,Monday,1.03071,1.02791,28.0,1.03071,1.02663,1.02792,1.03042,1.03306,1.02652,True,False,False,False,high,none,high,high,01:32,1,in_session,False,False,True
2025-01-21,Tuesday,1.04008,1.03556,45.2,1.04343,1.02994,1.03043,1.03897,1.03071,1.02663,False,False,False,False,none,none,none,low,03:39,3,in_session,False,False,False
2025-01-22,Wednesday,1.04231,1.04061,17.0,1.04353,1.0342,1.03897,1.04171,1.04343,1.02994,True,False,False,False,high,none,high,low,01:19,1,in_session,True,True,False
2025-01-23,Thursday,1.04158,1.03967,19.1,1.04573,1.03967,1.0417,1.04107,1.04353,1.0342,False,True,False,False,low,none,low,low,02:10,2,in_session,False,False,True
2025-01-24,Friday,1.04537,1.04115,42.2,1.04537,1.03719,1.04107,1.04472,1.04573,1.03967,True,False,False,False,high,none,high,high,01:12,1,in_session,False,False,True
2025-01-27,Monday,1.04787,1.04588,19.9,1.04851,1.04588,1.04763,1.04632,1.05213,1.04436,True,True,False,False,conflict,none,conflict,low,00:08,0,before_session,True,False,False
2025-01-28,Tuesday,1.04564,1.04244,32.0,1.0533,1.04244,1.04632,1.04335,1.04851,1.04588,False,True,False,False,low,none,low,low,03:55,3,in_session,False,False,True
2025-01-29,Wednesday,1.04424,1.04256,16.8,1.04442,1.04137,1.04335,1.04384,1.0533,1.04244,False,True,False,False,low,none,low,high,01:00,1,in_session,True,True,False
2025-01-30,Thursday,1.04276,1.04175,10.1,1.04434,1.03822,1.04383,1.04189,1.04442,1.04137,False,False,False,False,none,none,none,low,01:13,1,in_session,True,False,False
2025-01-31,Friday,1.03948,1.03768,18.0,1.04677,1.03768,1.04188,1.03873,1.04434,1.03822,False,True,False,False,low,none,low,high,01:49,1,in_session,True,True,False
2025-02-03,Monday,1.0252,1.0212,40.0,1.02698,1.02103,1.02327,1.02264,1.0434,1.03496,False,False,True,False,none,high,high,high,04:30,4,in_session,False,False,True
2025-02-04,Tuesday,1.03238,1.03057,18.1,1.03503,1.02126,1.02266,1.03057,1.02698,1.02103,False,False,False,False,none,none,none,low,00:00,0,before_session,True,False,False
2025-02-05,Wednesday,1.03864,1.0372,14.4,1.03874,1.02721,1.03056,1.03784,1.03503,1.02126,True,False,False,False,high,none,high,high,01:19,1,in_session,False,False,True
2025-02-06,Thursday,1.04053,1.03852,20.1,1.04424,1.03732,1.03784,1.03869,1.03874,1.02721,False,True,False,False,low,none,low,low,02:13,2,in_session,False,False,True
2025-02-07,Friday,1.03867,1.03741,12.6,1.03964,1.03523,1.03868,1.0381,1.04424,1.03732,True,False,False,False,high,none,high,low,00:52,0,before_session,True,True,False
2025-02-10,Monday,1.03158,1.02985,17.3,1.03183,1.02839,1.02918,1.03132,1.04124,1.03049,True,False,False,False,high,none,high,high,00:09,0,before_session,False,False,True
2025-02-11,Tuesday,1.03045,1.02919,12.6,1.03363,1.02919,1.03134,1.0304,1.03183,1.02839,False,False,False,False,none,none,none,high,00:05,0,before_session,False,False,False
2025-02-12,Wednesday,1.03677,1.03537,14.0,1.03813,1.02998,1.03041,1.03561,1.03363,1.02919,False,False,False,False,none,none,none,high,02:50,2,in_session,False,False,False
2025-02-13,Thursday,1.04353,1.03871,48.2,1.04353,1.03168,1.03561,1.04344,1.03813,1.02998,True,False,False,False,high,none,high,high,00:00,0,before_session,False,False,True
2025-02-14,Friday,1.04667,1.04536,13.1,1.04685,1.03727,1.04345,1.04547,1.04353,1.03168,True,False,False,False,high,none,high,low,00:03,0,before_session,True,True,False
2025-02-17,Monday,1.05062,1.0489,17.2,1.05062,1.04847,1.04858,1.04954,1.0514,1.0447,False,True,False,False,low,none,low,low,00:32,0,before_session,False,False,True
2025-02-18,Tuesday,1.04753,1.04552,20.1,1.04981,1.04552,1.04956,1.0457,1.05062,1.04847,False,True,False,False,low,none,low,low,00:13,0,before_session,False,False,True
2025-02-19,Wednesday,1.0453,1.04409,12.1,1.04692,1.0435,1.0457,1.04523,1.04981,1.04552,False,True,False,False,low,none,low,high,00:39,0,before_session,True,True,False
2025-02-20,Thursday,1.04375,1.04185,19.0,1.04613,1.04009,1.04522,1.04302,1.04692,1.0435,False,False,False,False,none,none,none,high,03:05,3,in_session,False,False,False
2025-02-21,Friday,1.05047,1.04843,20.4,1.05054,1.04233,1.043,1.04988,1.04613,1.04009,False,False,False,False,none,none,none,low,03:15,3,in_session,False,False,False
2025-02-24,Monday,1.05282,1.05021,26.1,1.05282,1.04618,1.04706,1.05154,1.05005,1.04492,False,False,False,False,none,none,none,low,01:46,1,in_session,False,False,False
2025-02-25,Tuesday,1.04771,1.04605,16.6,1.05196,1.04527,1.05152,1.0473,1.05282,1.04618,False,False,False,False,none,none,none,high,00:41,0,before_session,False,False,False
2025-02-26,Wednesday,1.05235,1.04966,26.9,1.0525,1.0456,1.04731,1.04971,1.05196,1.04527,False,False,False,False,none,none,none,low,00:00,0,before_session,False,False,False
2025-02-27,Thursday,1.04831,1.04589,24.2,1.05287,1.04589,1.0497,1.04626,1.0525,1.0456,False,False,False,False,none,none,none,high,04:53,4,in_session,True,False,False
2025-02-28,Friday,1.04042,1.03802,24.0,1.04893,1.03802,1.04628,1.03864,1.05287,1.04589,False,False,False,False,none,none,none,high,04:00,4,in_session,False,False,False
2025-03-03,Monday,1.04231,1.04074,15.7,1.04231,1.03992,1.04032,1.04177,1.04198,1.03597,True,True,False,False,conflict,none,conflict,low,01:45,1,in_session,True,False,False
2025-03-04,Tuesday,1.04959,1.0471,24.9,1.05036,1.03883,1.04175,1.04778,1.04231,1.03992,True,False,False,False,high,none,high,low,00:01,0,before_session,True,True,False
2025-03-05,Wednesday,1.06274,1.06018,25.6,1.06369,1.04708,1.04778,1.06189,1.05036,1.03883,True,False,False,False,high,none,high,high,00:53,0,before_session,False,False,True
2025-03-06,Thursday,1.082,1.0784,36.0,1.082,1.06186,1.06188,1.08033,1.06369,1.04708,True,False,False,False,high,none,high,high,02:43,2,in_session,False,False,True
2025-03-07,Friday,1.08146,1.0781,33.6,1.08534,1.07655,1.08035,1.08128,1.082,1.06186,True,False,False,False,high,none,high,high,00:41,0,before_session,False,False,True
2025-03-10,Monday,1.08711,1.083,41.1,1.08711,1.08269,1.08312,1.08306,1.08884,1.08075,False,True,False,False,low,none,low,low,00:00,0,before_session,True,False,True
2025-03-11,Tuesday,1.08615,1.08435,18.0,1.08744,1.08051,1.08303,1.08543,1.08711,1.08269,True,False,False,False,high,none,high,low,00:20,0,before_session,True,True,False
2025-03-12,Wednesday,1.09151,1.08957,19.4,1.09471,1.08354,1.08543,1.08988,1.08744,1.08051,False,False,False,False,none,none,none,low,00:11,0,before_session,False,False,False
2025-03-13,Thursday,1.0897,1.08816,15.4,1.09314,1.08755,1.08987,1.08933,1.09471,1.08354,False,True,False,False,low,none,low,low,00:19,0,before_session,False,False,True
2025-03-14,Friday,1.08493,1.08341,15.2,1.08933,1.08222,1.08933,1.08407,1.09314,1.08755,False,False,False,False,none,none,none,high,00:55,0,before_session,False,False,False
2025-03-17,Monday,1.08936,1.08741,19.5,1.08936,1.08741,1.08766,1.08818,1.09125,1.08304,True,True,False,False,conflict,none,conflict,low,00:35,0,before_session,True,False,False
2025-03-18,Tuesday,1.09189,1.09062,12.7,1.09297,1.08685,1.0882,1.09108,1.08936,1.08741,True,False,False,False,high,none,high,low,01:18,1,in_session,True,True,False
2025-03-19,Wednesday,1.09449,1.09279,17.0,1.09545,1.08924,1.09106,1.09298,1.09297,1.08685,False,True,False,False,low,none,low,low,01:08,1,in_session,False,False,True
2025-03-20,Thursday,1.09171,1.09003,16.8,1.0936,1.08603,1.09296,1.09031,1.09545,1.08924,False,True,False,False,low,none,low,low,00:01,0,before_session,False,False,True
2025-03-21,Friday,1.08555,1.08274,28.1,1.09032,1.08145,1.09032,1.08301,1.0936,1.08603,False,False,False,False,none,none,none,low,00:10,0,before_session,False,False,False
2025-03-24,Monday,1.08374,1.08169,20.5,1.08398,1.08115,1.0813,1.08227,1.08611,1.0797,True,False,False,False,high,none,high,high,01:22,1,in_session,True,False,True
2025-03-25,Tuesday,1.08087,1.0794,14.7,1.08579,1.07813,1.08225,1.08032,1.08398,1.08115,False,True,False,False,low,none,low,low,01:49,1,in_session,False,False,True
2025-03-26,Wednesday,1.0797,1.07777,19.3,1.083,1.07767,1.08031,1.07841,1.08579,1.07813,False,False,False,False,none,none,none,high,03:52,3,in_session,True,False,False
2025-03-27,Thursday,1.07869,1.0755,31.9,1.08025,1.07328,1.07839,1.07803,1.083,1.07767,False,False,False,False,none,none,none,low,02:33,2,in_session,True,False,False
2025-03-28,Friday,1.07987,1.07845,14.2,1.0821,1.0754,1.07802,1.07884,1.08025,1.07328,False,False,False,False,none,none,none,low,01:36,1,in_session,True,False,False
2025-03-31,Monday,1.08458,1.0823,22.8,1.08458,1.08049,1.08228,1.08327,1.08447,1.07644,True,False,False,False,high,none,high,high,03:06,3,in_session,True,False,True
2025-04-01,Tuesday,1.08281,1.08168,11.3,1.08492,1.07838,1.08328,1.08265,1.08458,1.08049,False,False,False,False,none,none,none,high,00:03,0,before_session,True,False,False
2025-04-02,Wednesday,1.08017,1.07869,14.8,1.08299,1.07782,1.08266,1.07955,1.08492,1.07838,False,False,False,False,none,none,none,low,01:04,1,in_session,True,False,False
2025-04-03,Thursday,1.09244,1.08795,44.9,1.09244,1.078,1.07955,1.09147,1.08299,1.07782,True,False,False,False,high,none,high,high,01:22,1,in_session,False,False,True
2025-04-04,Friday,1.10984,1.10364,62.0,1.11462,1.09053,1.09148,1.10933,1.09244,1.078,False,False,False,False,none,none,none,high,01:09,1,in_session,False,False,False
2025-04-07,Monday,1.09837,1.09198,63.9,1.10006,1.08792,1.08894,1.09502,1.11076,1.09242,True,False,False,False,high,none,high,high,00:50,0,before_session,False,False,True
2025-04-08,Tuesday,1.09802,1.09146,65.6,1.10498,1.09007,1.09501,1.09633,1.10006,1.08792,False,False,False,False,none,none,none,high,02:09,2,in_session,True,False,False
2025-04-09,Wednesday,1.10397,1.09709,68.8,1.10397,1.08886,1.09632,1.10193,1.10498,1.09007,True,False,False,False,high,none,high,high,00:09,0,before_session,False,False,True
2025-04-10,Thursday,1.09891,1.09499,39.2,1.10948,1.09132,1.10192,1.09814,1.10397,1.08886,False,False,False,False,none,none,none,high,01:29,1,in_session,False,False,False
2025-04-11,Friday,1.13852,1.1251,134.2,1.13852,1.09624,1.09813,1.13407,1.10948,1.09132,True,False,False,False,high,none,high,low,02:38,2,in_session,True,True,False
2025-04-14,Monday,1.14087,1.13407,68.0,1.14087,1.13108,1.13108,1.13714,1.14736,1.12466,True,False,False,False,high,none,high,high,02:33,2,in_session,True,False,True
2025-04-15,Tuesday,1.13528,1.13157,37.1,1.14244,1.12956,1.13721,1.13474,1.14087,1.13108,False,False,False,False,none,none,none,high,00:24,0,before_session,True,False,False
2025-04-16,Wednesday,1.13433,1.12925,50.8,1.13789,1.12639,1.1347,1.1343,1.14244,1.12956,True,False,False,False,high,none,high,high,00:00,0,before_session,False,False,True
2025-04-17,Thursday,1.13967,1.13551,41.6,1.14127,1.13326,1.13431,1.1364,1.13789,1.12639,False,False,False,False,none,none,none,low,01:35,1,in_session,False,False,False
2025-04-18,Friday,1.13853,1.13637,21.6,1.13884,1.13349,1.13639,1.13733,1.14127,1.13326,False,False,False,False,none,none,none,low,02:58,2,in_session,True,False,False
2025-04-21,Monday,1.15319,1.14488,83.1,1.15319,1.13925,1.13946,1.15148,1.13972,1.13578,True,False,False,False,high,none,high,high,01:31,1,in_session,False,False,True
2025-04-22,Tuesday,1.15406,1.14818,58.8,1.15729,1.14815,1.15149,1.15346,1.15319,1.13925,False,False,False,False,none,none,none,high,01:28,1,in_session,True,False,False
2025-04-23,Wednesday,1.14152,1.1349,66.2,1.1547,1.13077,1.15348,1.13789,1.15729,1.14815,False,False,False,False,none,none,none,high,05:00,5,after_session,False,False,False
2025-04-24,Thursday,1.13574,1.13212,36.2,1.14399,1.13102,1.13788,1.13379,1.1547,1.13077,False,False,False,False,none,none,none,high,03:00,3,in_session,False,False,False
2025-04-25,Friday,1.13725,1.13249,47.6,1.13975,1.13249,1.1338,1.13258,1.14399,1.13102,False,True,False,False,low,none,low,low,00:00,0,before_session,False,False,True
2025-04-28,Monday,1.13664,1.13432,23.2,1.13664,1.13398,1.13636,1.13561,1.13885,1.13155,True,True,False,False,conflict,none,conflict,high,00:50,0,before_session,True,False,False
2025-04-29,Tuesday,1.14199,1.13863,33.6,1.14248,1.13292,1.13556,1.13903,1.13664,1.13398,False,False,False,False,none,none,none,low,00:33,0,before_session,False,False,False
2025-04-30,Wednesday,1.13951,1.13547,40.4,1.14186,1.13547,1.13904,1.13685,1.14248,1.13292,False,False,False,False,none,none,none,high,02:39,2,in_session,True,False,False
2025-05-01,Thursday,1.13291,1.12997,29.4,1.13994,1.12997,1.13685,1.13118,1.14186,1.13547,False,True,False,False,low,none,low,low,01:01,1,in_session,False,False,True
2025-05-02,Friday,1.13153,1.1274,41.3,1.13409,1.12657,1.13119,1.13126,1.13994,1.12997,False,False,False,False,none,none,none,high,02:05,2,in_session,False,False,False
2025-05-05,Monday,1.13466,1.1314,32.6,1.13466,1.12905,1.12987,1.13321,1.13808,1.12922,True,False,False,False,high,none,high,high,01:15,1,in_session,False,False,True
2025-05-06,Tuesday,1.13172,1.12797,37.5,1.13646,1.12797,1.13321,1.13149,1.13466,1.12905,False,False,False,False,none,none,none,high,00:02,0,before_session,False,False,False
2025-05-07,Wednesday,1.13514,1.13248,26.6,1.13808,1.13051,1.13148,1.13455,1.13646,1.12797,False,False,False,False,none,none,none,high,01:11,1,in_session,False,False,False
2025-05-08,Thursday,1.13361,1.13019,34.2,1.1378,1.12917,1.13456,1.1327,1.13808,1.13051,False,True,False,False,low,none,low,low,01:12,1,in_session,False,False,True
2025-05-09,Friday,1.12332,1.11964,36.8,1.13308,1.11964,1.13271,1.12223,1.1378,1.12917,False,False,False,False,none,none,none,high,01:56,1,in_session,False,False,False
2025-05-12,Monday,1.12426,1.12223,20.3,1.12426,1.119,1.119,1.12328,1.12928,1.1218,False,True,False,False,low,none,low,low,01:12,1,in_session,False,False,True
2025-05-13,Tuesday,1.11168,1.10948,22.0,1.12355,1.10651,1.12327,1.11161,1.12426,1.119,False,False,False,False,none,none,none,high,00:03,0,before_session,False,False,False
2025-05-14,Wednesday,1.11976,1.1182,15.6,1.11976,1.10968,1.11163,1.11952,1.12355,1.10651,True,False,False,False,high,none,high,high,00:00,0,before_session,False,False,True
2025-05-15,Thursday,1.12012,1.11758,25.4,1.12655,1.11645,1.11952,1.11965,1.11976,1.10968,False,False,False,False,none,none,none,high,02:21,2,in_session,False,False,False
2025-05-16,Friday,1.12086,1.11902,18.4,1.12279,1.117,1.11965,1.12002,1.12655,1.11645,False,False,False,False,none,none,none,high,01:05,1,in_session,True,False,False
2025-05-19,Monday,1.11988,1.11721,26.7,1.11988,1.11711,1.11749,1.1181,1.12195,1.11308,True,False,False,False,high,none,high,high,02:16,2,in_session,False,False,True
2025-05-20,Tuesday,1.12512,1.12178,33.4,1.12879,1.11761,1.11809,1.12449,1.11988,1.11711,False,False,False,False,none,none,none,high,01:19,1,in_session,False,False,False
2025-05-21,Wednesday,1.13398,1.12866,53.2,1.13398,1.12235,1.12448,1.1334,1.12879,1.11761,True,False,False,False,high,none,high,high,02:15,2,in_session,False,False,True
2025-05-22,Thursday,1.13448,1.13172,27.6,1.13628,1.13107,1.13339,1.1333,1.13398,1.12235,False,True,False,False,low,none,low,low,03:10,3,in_session,False,False,True
2025-05-23,Friday,1.13186,1.12787,39.9,1.13417,1.12558,1.1333,1.13112,1.13628,1.13107,True,False,False,False,high,none,high,high,00:36,0,before_session,False,False,True
2025-05-26,Monday,1.14185,1.13743,44.2,1.14185,1.13585,1.13617,1.14114,1.13754,1.12973,False,False,False,False,none,none,none,low,07:57,7,after_session,False,False,False
2025-05-27,Tuesday,1.14071,1.13878,19.3,1.14183,1.13688,1.14114,1.13934,1.14185,1.13585,False,True,False,False,low,none,low,low,00:34,0,before_session,False,False,True
2025-05-28,Wednesday,1.13454,1.13004,45.0,1.13977,1.13004,1.13935,1.13072,1.14183,1.13688,False,True,False,False,low,none,low,low,01:19,1,in_session,False,False,True
2025-05-29,Thursday,1.12568,1.1223,33.8,1.13406,1.12103,1.13072,1.12484,1.13977,1.13004,False,False,False,False,none,none,none,high,02:15,2,in_session,False,False,False
2025-05-30,Friday,1.13897,1.13456,44.1,1.13897,1.12309,1.12484,1.13494,1.13406,1.12103,False,False,False,False,none,none,none,low,00:57,0,before_session,False,False,False
2025-06-02,Monday,1.13819,1.13524,29.5,1.13819,1.13435,1.13439,1.13616,1.13669,1.13123,True,False,False,False,high,none,high,high,02:02,2,in_session,False,False,True
2025-06-03,Tuesday,1.14544,1.14158,38.6,1.14544,1.13596,1.13617,1.14196,1.13819,1.13435,False,False,False,False,none,none,none,low,01:27,1,in_session,False,False,False
2025-06-04,Wednesday,1.13931,1.13654,27.7,1.14322,1.13639,1.14196,1.13676,1.14544,1.13596,False,True,False,False,low,none,low,low,00:51,0,before_session,True,False,True
2025-06-05,Thursday,1.14347,1.14087,26.0,1.14347,1.13568,1.13677,1.14104,1.14322,1.13639,False,False,False,False,none,none,none,low,00:01,0,before_session,True,False,False
2025-06-06,Friday,1.14572,1.14328,24.4,1.14948,1.14045,1.14103,1.14401,1.14347,1.13568,False,False,False,False,none,none,none,low,01:22,1,in_session,False,False,False
2025-06-09,Monday,1.14253,1.13927,32.6,1.14253,1.13903,1.13952,1.14119,1.14424,1.13715,True,False,False,False,high,none,high,high,02:46,2,in_session,True,False,True
2025-06-10,Tuesday,1.14355,1.13859,49.6,1.14391,1.13859,1.14118,1.14029,1.14253,1.13903,False,True,False,False,low,none,low,low,03:07,3,in_session,True,False,True
2025-06-11,Wednesday,1.14387,1.14061,32.6,1.14475,1.13729,1.14029,1.14161,1.14391,1.13859,False,False,False,False,none,none,none,low,03:10,3,in_session,True,False,False
2025-06-12,Thursday,1.15291,1.15017,27.4,1.15291,1.14052,1.14162,1.15196,1.14475,1.13729,True,False,False,False,high,none,high,high,01:53,1,in_session,False,False,True
2025-06-13,Friday,1.16143,1.15275,86.8,1.16311,1.15056,1.15196,1.1537,1.15291,1.14052,False,False,False,False,none,none,none,low,00:15,0,before_session,False,False,False
2025-06-16,Monday,1.15463,1.15238,22.5,1.15469,1.15238,1.15309,1.15272,1.15694,1.1489,True,False,False,False,high,none,high,high,01:12,1,in_session,False,False,True
2025-06-17,Tuesday,1.15638,1.15423,21.5,1.16147,1.15273,1.15273,1.15619,1.15469,1.15238,False,False,False,False,none,none,none,high,00:05,0,before_session,True,False,False
2025-06-18,Wednesday,1.15049,1.14807,24.2,1.15796,1.14743,1.1562,1.14997,1.16147,1.15273,False,False,False,False,none,none,none,high,00:37,0,before_session,False,False,False
2025-06-19,Thursday,1.14835,1.14502,33.3,1.153,1.14502,1.15,1.14657,1.15796,1.14743,False,True,False,False,low,none,low,low,02:21,2,in_session,False,False,True
2025-06-20,Friday,1.15302,1.15105,19.7,1.15302,1.14461,1.1466,1.15293,1.153,1.14502,True,False,False,False,high,none,high,high,00:08,0,before_session,False,False,True
2025-06-23,Monday,1.15066,1.1472,34.6,1.15073,1.14544,1.14602,1.14939,1.15439,1.1495,True,False,True,False,high,high,high,high,01:42,1,in_session,True,False,True
2025-06-24,Tuesday,1.16096,1.15865,23.1,1.16096,1.14533,1.14937,1.16056,1.15073,1.14544,True,False,False,False,high,none,high,high,00:46,0,before_session,False,False,True
2025-06-25,Wednesday,1.16314,1.16109,20.5,1.16417,1.15798,1.16056,1.16116,1.16096,1.14533,False,False,False,False,none,none,none,low,01:23,1,in_session,False,False,False
2025-06-26,Thursday,1.17174,1.16673,50.1,1.17174,1.15898,1.16117,1.16945,1.16417,1.15798,True,False,False,False,high,none,high,high,04:05,4,in_session,False,False,True
2025-06-27,Friday,1.17093,1.16859,23.4,1.17449,1.16716,1.16945,1.16959,1.17174,1.15898,False,False,False,False,none,none,none,low,00:58,0,before_session,True,False,False
2025-06-30,Monday,1.17347,1.17115,23.2,1.17385,1.17115,1.17287,1.17121,1.17539,1.16837,True,False,False,False,high,none,high,high,01:10,1,in_session,True,False,True
2025-07-01,Tuesday,1.18076,1.17776,30.0,1.18076,1.17075,1.17123,1.17892,1.17385,1.17115,True,False,False,False,high,none,high,low,02:13,2,in_session,True,True,False
2025-07-02,Wednesday,1.18098,1.1788,21.8,1.18298,1.17611,1.17894,1.18002,1.18076,1.17075,False,False,False,False,none,none,none,low,01:50,1,in_session,False,False,False
2025-07-03,Thursday,1.181,1.1789,21.0,1.181,1.17467,1.18001,1.17916,1.18298,1.17611,False,False,False,False,none,none,none,low,00:03,0,before_session,False,False,False
2025-07-04,Friday,1.17725,1.17561,16.4,1.18099,1.17169,1.17914,1.17701,1.181,1.17467,False,False,False,False,none,none,none,high,00:04,0,before_session,False,False,False
2025-07-07,Monday,1.17901,1.17644,25.7,1.17901,1.17644,1.17793,1.17689,1.17873,1.17636,False,True,False,False,low,none,low,low,00:47,0,before_session,False,False,True
2025-07-08,Tuesday,1.17487,1.17305,18.2,1.17737,1.16868,1.17689,1.17467,1.17901,1.17644,False,False,False,False,none,none,none,high,00:06,0,before_session,True,False,False
2025-07-09,Wednesday,1.17258,1.17027,23.1,1.1765,1.16825,1.17467,1.17038,1.17737,1.16868,False,False,False,False,none,none,none,low,00:02,0,before_session,False,False,False
2025-07-10,Thursday,1.17494,1.17336,15.8,1.17494,1.16895,1.17035,1.17338,1.1765,1.16825,False,False,False,False,none,none,none,low,00:00,0,before_session,False,False,False
2025-07-11,Friday,1.17047,1.16645,40.2,1.17433,1.16623,1.17339,1.16817,1.17494,1.16895,False,False,False,False,none,none,none,high,09:40,9,after_session,False,False,False
2025-07-14,Monday,1.16978,1.16725,25.3,1.16978,1.16611,1.16658,1.16809,1.17138,1.16691,False,True,False,False,low,none,low,low,01:02,1,in_session,False,False,True
2025-07-15,Tuesday,1.16775,1.16646,12.9,1.1697,1.16541,1.16808,1.16756,1.16978,1.16611,False,False,False,False,none,none,none,high,00:04,0,before_session,True,False,False
2025-07-16,Wednesday,1.16152,1.16023,12.9,1.16925,1.15927,1.16758,1.16108,1.1697,1.16541,False,False,False,False,none,none,none,high,00:33,0,before_session,True,False,False
2025-07-17,Thursday,1.16361,1.16136,22.5,1.17212,1.15623,1.16109,1.16188,1.16925,1.15927,False,False,False,False,none,none,none,low,02:00,2,in_session,False,False,False
2025-07-18,Friday,1.1634,1.16143,19.7,1.1634,1.15566,1.16189,1.16237,1.17212,1.15623,True,False,False,False,high,none,high,low,01:31,1,in_session,True,True,False
2025-07-21,Monday,1.16362,1.16145,21.7,1.16362,1.16145,1.16236,1.16253,1.16716,1.16119,True,False,False,False,high,none,high,high,02:28,2,in_session,False,False,True
2025-07-22,Tuesday,1.16955,1.16823,13.2,1.17166,1.1623,1.16251,1.16871,1.16362,1.16145,False,False,False,False,none,none,none,low,03:53,3,in_session,True,False,False
2025-07-23,Wednesday,1.17488,1.17303,18.5,1.17607,1.16788,1.16873,1.17387,1.17166,1.1623,False,False,False,False,none,none,none,low,01:39,1,in_session,False,False,False
2025-07-24,Thursday,1.178,1.17621,17.9,1.178,1.17109,1.17389,1.1775,1.17607,1.16788,False,False,False,False,none,none,none,low,02:53,2,in_session,True,False,False
2025-07-25,Friday,1.17585,1.17339,24.6,1.17887,1.17303,1.17748,1.17425,1.178,1.17109,False,False,False,False,none,none,none,high,02:35,2,in_session,True,False,False
2025-07-28,Monday,1.177,1.17463,23.7,1.177,1.17463,1.17552,1.17562,1.17609,1.17028,False,True,False,False,low,none,low,low,00:41,0,before_session,False,False,True
2025-07-29,Tuesday,1.15989,1.15814,17.5,1.17579,1.15814,1.17563,1.15829,1.177,1.17463,False,True,False,False,low,none,low,low,00:02,0,before_session,False,False,True
2025-07-30,Wednesday,1.15725,1.15504,22.1,1.15902,1.15188,1.15827,1.15616,1.17579,1.15814,False,False,False,False,none,none,none,low,00:54,0,before_session,False,False,False
2025-07-31,Thursday,1.14379,1.14073,30.6,1.15685,1.14008,1.15615,1.14233,1.15902,1.15188,False,False,False,False,none,none,none,high,01:17,1,in_session,False,False,False
2025-08-01,Friday,1.14288,1.14047,24.1,1.14606,1.14047,1.14232,1.14181,1.15685,1.14008,False,False,False,False,none,none,none,high,01:49,1,in_session,True,False,False
2025-08-04,Monday,1.15887,1.15501,38.6,1.15963,1.15501,1.1591,1.15792,1.15969,1.13915,False,True,False,False,low,none,low,low,04:37,4,in_session,False,False,True
2025-08-05,Tuesday,1.15876,1.15539,33.7,1.15885,1.15497,1.1579,1.15552,1.15963,1.15501,False,True,False,False,low,none,low,low,01:17,1,in_session,False,False,True
2025-08-06,Wednesday,1.15852,1.15642,21.0,1.1586,1.15277,1.1555,1.15799,1.15885,1.15497,True,False,False,False,high,none,high,high,00:48,0,before_session,False,False,True
2025-08-07,Thursday,1.16651,1.16495,15.6,1.16683,1.15705,1.15799,1.16643,1.1586,1.15277,True,False,False,False,high,none,high,high,00:02,0,before_session,False,False,True
2025-08-08,Friday,1.16792,1.16548,24.4,1.16986,1.16108,1.16643,1.16597,1.16683,1.15705,False,False,False,False,none,none,none,low,01:14,1,in_session,False,False,False
2025-08-11,Monday,1.16754,1.16417,33.7,1.16754,1.16417,1.16444,1.16713,1.16677,1.16287,False,False,False,False,none,none,none,low,05:27,5,after_session,False,False,False
2025-08-12,Tuesday,1.16254,1.16116,13.8,1.16753,1.159,1.16712,1.16207,1.16754,1.16417,False,False,False,False,none,none,none,high,00:51,0,before_session,False,False,False
2025-08-13,Wednesday,1.16875,1.16703,17.2,1.16971,1.15986,1.16205,1.16838,1.16753,1.159,True,False,False,False,high,none,high,high,02:21,2,in_session,False,False,True
2025-08-14,Thursday,1.1715,1.16988,16.2,1.17301,1.16766,1.16836,1.17033,1.16971,1.15986,False,True,False,False,low,none,low,low,01:30,1,in_session,False,False,True
2025-08-15,Friday,1.16644,1.16467,17.7,1.17064,1.16309,1.17033,1.16599,1.17301,1.16766,False,False,False,False,none,none,none,high,01:38,1,in_session,False,False,False
2025-08-18,Monday,1.17106,1.16935,17.1,1.17157,1.16935,1.17101,1.17033,1.17151,1.16589,False,True,False,False,low,none,low,low,02:57,2,in_session,False,False,True
2025-08-19,Tuesday,1.16699,1.1639,30.9,1.17102,1.1639,1.17034,1.16549,1.17157,1.16935,False,False,False,False,none,none,none,high,02:46,2,in_session,False,False,False
2025-08-20,Wednesday,1.16423,1.16221,20.2,1.16928,1.16221,1.16549,1.16329,1.17102,1.1639,False,False,False,False,none,none,none,high,02:00,2,in_session,False,False,False
2025-08-21,Thursday,1.16516,1.16409,10.7,1.16736,1.16231,1.16329,1.1646,1.16928,1.16221,False,False,False,False,none,none,none,low,02:21,2,in_session,False,False,False
2025-08-22,Friday,1.16164,1.15888,27.6,1.16626,1.15888,1.16461,1.15895,1.16736,1.16231,False,True,False,False,low,none,low,low,00:21,0,before_session,True,False,True
2025-08-25,Monday,1.17082,1.16935,14.7,1.17259,1.16935,1.17203,1.17066,1.17425,1.15828,False,False,False,False,none,none,none,high,02:07,2,in_session,True,False,False
2025-08-26,Tuesday,1.166,1.161,50.0,1.17204,1.16028,1.17068,1.16256,1.17259,1.16935,False,True,False,False,low,none,low,low,03:11,3,in_session,False,False,True
2025-08-27,Wednesday,1.16415,1.16215,20.0,1.16652,1.16021,1.16254,1.16251,1.17204,1.16028,False,True,False,False,low,none,low,low,00:04,0,before_session,False,False,True
2025-08-28,Thursday,1.16546,1.16414,13.2,1.16546,1.1574,1.16251,1.16428,1.16652,1.16021,False,False,False,False,none,none,none,low,00:02,0,before_session,True,False,False
2025-08-29,Friday,1.16821,1.1656,26.1,1.16972,1.16289,1.16429,1.16624,1.16546,1.1574,False,False,False,False,none,none,none,high,04:30,4,in_session,False,False,False
2025-09-01,Monday,1.17142,1.16879,26.3,1.17142,1.16845,1.16935,1.1708,1.17089,1.16507,True,False,False,False,high,none,high,high,01:35,1,in_session,False,False,True
2025-09-02,Tuesday,1.17156,1.1692,23.6,1.17362,1.1692,1.17081,1.16951,1.17142,1.16845,False,True,False,False,low,none,low,low,00:09,0,before_session,False,False,True
2025-09-03,Wednesday,1.16361,1.1623,13.1,1.17064,1.16127,1.16951,1.16234,1.17362,1.1692,False,True,False,False,low,none,low,low,00:00,0,before_session,False,False,True
2025-09-04,Thursday,1.16694,1.16502,19.2,1.1682,1.16081,1.16234,1.16531,1.17064,1.16127,False,False,False,False,none,none,none,low,01:03,1,in_session,False,False,False
2025-09-05,Friday,1.16745,1.16522,22.3,1.16745,1.16298,1.16531,1.16713,1.1682,1.16081,True,False,False,False,high,none,high,high,01:56,1,in_session,False,False,True
2025-09-08,Monday,1.17173,1.17046,12.7,1.17197,1.17036,1.17111,1.17092,1.17593,1.16648,True,False,False,False,high,none,high,high,01:09,1,in_session,False,False,True
2025-09-09,Tuesday,1.17779,1.17634,14.5,1.17779,1.17059,1.17092,1.17638,1.17197,1.17036,True,False,False,False,high,none,high,high,01:54,1,in_session,False,False,True
2025-09-10,Wednesday,1.171,1.16891,20.9,1.17799,1.16891,1.17639,1.1708,1.17779,1.17059,False,True,False,False,low,none,low,high,00:14,0,before_session,True,True,False
2025-09-11,Thursday,1.17025,1.16927,9.8,1.17306,1.16824,1.1708,1.16956,1.17799,1.16891,False,False,False,False,none,none,none,low,01:54,1,in_session,True,False,False
2025-09-12,Friday,1.17344,1.17227,11.7,1.1746,1.16589,1.16955,1.17249,1.17306,1.16824,True,False,False,False,high,none,high,low,00:08,0,before_session,True,True,False
2025-09-15,Monday,1.17342,1.17218,12.4,1.17344,1.17218,1.17303,1.17312,1.17475,1.17013,True,True,False,False,conflict,none,conflict,high,00:21,0,before_session,True,False,False
2025-09-16,Tuesday,1.17866,1.17572,29.4,1.17866,1.1716,1.17312,1.17802,1.17344,1.17218,True,False,False,False,high,none,high,high,02:16,2,in_session,False,False,True
2025-09-17,Wednesday,1.18727,1.18511,21.6,1.18783,1.17735,1.17802,1.18518,1.17866,1.1716,False,False,False,False,none,none,none,low,03:02,3,in_session,False,False,False
2025-09-18,Thursday,1.18287,1.18074,21.3,1.19186,1.18074,1.18517,1.18121,1.18783,1.17735,False,True,False,False,low,none,low,low,00:32,0,before_session,False,False,True
2025-09-19,Friday,1.17925,1.17719,20.6,1.18482,1.175,1.1812,1.17816,1.19186,1.18074,False,False,False,False,none,none,none,low,00:40,0,before_session,False,False,False
2025-09-22,Monday,1.17407,1.17262,14.5,1.17477,1.17262,1.17449,1.17324,1.17896,1.17286,True,False,False,False,high,none,high,high,02:02,2,in_session,False,False,True
2025-09-23,Tuesday,1.18199,1.17963,23.6,1.18199,1.17263,1.17324,1.18054,1.17477,1.17262,False,False,False,False,none,none,none,low,01:00,1,in_session,False,False,False
2025-09-24,Wednesday,1.18163,1.17947,21.6,1.1819,1.17787,1.18056,1.17974,1.18199,1.17263,False,True,False,False,low,none,low,low,01:49,1,in_session,False,False,True
2025-09-25,Thursday,1.17535,1.17405,13.0,1.18049,1.1728,1.17971,1.17524,1.1819,1.17787,False,False,False,False,none,none,none,low,01:54,1,in_session,False,False,False
2025-09-26,Friday,1.16793,1.16579,21.4,1.17538,1.16454,1.17525,1.16782,1.18049,1.1728,False,False,False,False,none,none,none,high,00:15,0,before_session,False,False,False
2025-09-29,Monday,1.17292,1.17044,24.8,1.17292,1.16986,1.16986,1.17251,1.17072,1.16615,True,False,False,False,high,none,high,high,00:54,0,before_session,False,False,True
2025-09-30,Tuesday,1.17313,1.17119,19.4,1.17544,1.17075,1.17249,1.17236,1.17292,1.16986,True,False,False,False,high,none,high,high,01:10,1,in_session,False,False,True
2025-10-01,Wednesday,1.17406,1.17296,11.0,1.17615,1.17164,1.17234,1.17378,1.17544,1.17075,True,False,False,False,high,none,high,high,00:09,0,before_session,True,False,True
2025-10-02,Thursday,1.17418,1.17237,18.1,1.17785,1.17154,1.17381,1.17346,1.17615,1.17164,False,False,False,False,none,none,none,high,02:02,2,in_session,True,False,False
2025-10-03,Friday,1.17292,1.17161,13.1,1.17583,1.16829,1.17345,1.17262,1.17785,1.17154,False,False,False,False,none,none,none,low,01:02,1,in_session,True,False,False
2025-10-06,Monday,1.17307,1.171,20.7,1.17307,1.1706,1.17209,1.17242,1.17591,1.17146,False,True,False,False,low,none,low,low,02:11,2,in_session,False,False,True
2025-10-07,Tuesday,1.1711,1.16963,14.7,1.17273,1.16516,1.17243,1.1703,1.17307,1.1706,False,False,False,False,none,none,none,low,00:48,0,before_session,False,False,False
2025-10-08,Wednesday,1.1653,1.16168,36.2,1.17072,1.16168,1.1703,1.16237,1.17273,1.16516,False,True,False,False,low,none,low,low,00:44,0,before_session,False,False,True
2025-10-09,Thursday,1.16476,1.1628,19.6,1.16476,1.15983,1.16236,1.16447,1.17072,1.16168,True,False,False,False,high,none,high,high,01:09,1,in_session,True,False,True
2025-10-10,Friday,1.1574,1.15606,13.4,1.1648,1.1542,1.16445,1.15729,1.16476,1.15983,False,False,False,False,none,none,none,high,01:08,1,in_session,False,False,False
2025-10-13,Monday,1.16275,1.16,27.5,1.16275,1.15918,1.16138,1.16205,1.16305,1.1559,True,True,False,False,conflict,none,conflict,high,02:19,2,in_session,True,False,False
2025-10-14,Tuesday,1.15818,1.15549,26.9,1.16297,1.15549,1.16204,1.15787,1.16275,1.15918,False,True,False,False,low,none,low,high,00:12,0,before_session,True,True,False
2025-10-15,Wednesday,1.16258,1.16017,24.1,1.16258,1.15423,1.15787,1.16221,1.16297,1.15549,True,False,False,False,high,none,high,high,01:35,1,in_session,False,False,True
2025-10-16,Thursday,1.16754,1.16425,32.9,1.16754,1.16103,1.16223,1.16621,1.16258,1.15423,False,False,False,False,none,none,none,high,10:51,10,after_session,False,False,False
2025-10-17,Friday,1.17122,1.16951,17.1,1.17122,1.16429,1.16619,1.17091,1.16754,1.16103,True,False,False,False,high,none,high,high,01:04,1,in_session,False,False,True
2025-10-20,Monday,1.16706,1.16564,14.2,1.16706,1.16515,1.16646,1.16681,1.17283,1.16496,True,False,False,False,high,none,high,high,00:37,0,before_session,True,False,True
2025-10-21,Tuesday,1.1655,1.16326,22.4,1.16753,1.16326,1.16679,1.16346,1.16706,1.16515,False,True,False,False,low,none,low,low,00:06,0,before_session,False,False,True
2025-10-22,Wednesday,1.16107,1.15996,11.1,1.16374,1.15975,1.16344,1.16069,1.16753,1.16326,False,True,False,False,low,none,low,high,01:03,1,in_session,True,True,False
2025-10-23,Thursday,1.16072,1.1592,15.2,1.16224,1.15767,1.16068,1.15929,1.16374,1.15975,False,False,False,False,none,none,none,low,00:01,0,before_session,False,False,False
2025-10-24,Friday,1.16215,1.1607,14.5,1.16215,1.15853,1.15927,1.16091,1.16224,1.15767,True,False,False,False,high,none,high,low,00:06,0,before_session,True,True,False
2025-10-27,Monday,1.16475,1.16207,26.8,1.16475,1.16207,1.16346,1.16242,1.1649,1.16008,False,True,False,False,low,none,low,low,02:55,2,in_session,True,False,True
2025-10-28,Tuesday,1.16673,1.16537,13.6,1.16673,1.16176,1.16244,1.16659,1.16475,1.16207,True,False,False,False,high,none,high,high,00:06,0,before_session,False,False,True
2025-10-29,Wednesday,1.16559,1.16314,24.5,1.16686,1.16255,1.16659,1.16341,1.16673,1.16176,False,True,False,False,low,none,low,low,00:10,0,before_session,False,False,True
2025-10-30,Thursday,1.16374,1.16067,30.7,1.1666,1.15773,1.1634,1.16319,1.16686,1.16255,False,False,False,False,none,none,none,low,03:13,3,in_session,False,False,False
2025-10-31,Friday,1.15775,1.15649,12.6,1.16338,1.1547,1.16318,1.15719,1.1666,1.15773,False,False,False,False,none,none,none,low,01:53,1,in_session,False,False,False
2025-11-03,Monday,1.15369,1.15215,15.4,1.15383,1.15215,1.15294,1.15338,1.15767,1.15214,True,True,False,False,conflict,none,conflict,high,00:38,0,before_session,True,False,False
2025-11-04,Tuesday,1.15176,1.1498,19.6,1.15413,1.1498,1.15338,1.15094,1.15383,1.15215,False,False,False,False,none,none,none,high,01:20,1,in_session,True,False,False
2025-11-05,Wednesday,1.14978,1.14797,18.1,1.15334,1.14729,1.15094,1.14906,1.15413,1.1498,False,False,False,False,none,none,none,low,05:03,5,after_session,False,False,False
2025-11-06,Thursday,1.15089,1.15007,8.2,1.15089,1.14687,1.14908,1.15069,1.15334,1.14729,True,False,False,False,high,none,high,high,00:57,0,before_session,False,False,True
2025-11-07,Friday,1.15428,1.15323,10.5,1.15522,1.15035,1.1507,1.15364,1.15089,1.14687,False,False,False,False,none,none,none,low,01:20,1,in_session,True,False,False
2025-11-10,Monday,1.15624,1.15464,16.0,1.15624,1.15413,1.15562,1.15609,1.1591,1.15294,True,False,False,False,high,none,high,high,00:23,0,before_session,False,False,True
2025-11-11,Tuesday,1.15592,1.15468,12.4,1.15829,1.15409,1.1561,1.15579,1.15624,1.15413,False,False,False,False,none,none,none,high,00:02,0,before_session,False,False,False
2025-11-12,Wednesday,1.15821,1.157,12.1,1.16057,1.15495,1.1558,1.15719,1.15829,1.15409,False,False,False,False,none,none,none,high,01:56,1,in_session,False,False,False
2025-11-13,Thursday,1.15928,1.15789,13.9,1.15977,1.15627,1.15718,1.15901,1.16057,1.15495,True,False,False,False,high,none,high,high,02:29,2,in_session,False,False,True
2025-11-14,Friday,1.16448,1.16297,15.1,1.16559,1.158,1.15903,1.16417,1.15977,1.15627,False,False,False,False,none,none,none,high,00:18,0,before_session,False,False,False
2025-11-17,Monday,1.16097,1.15961,13.6,1.16244,1.15961,1.16143,1.16028,1.16536,1.1606,False,True,False,False,low,none,low,low,01:09,1,in_session,False,False,True
2025-11-18,Tuesday,1.16036,1.15845,19.1,1.16149,1.15818,1.16029,1.15994,1.16244,1.15961,False,False,False,False,none,none,none,high,03:06,3,in_session,True,False,False
2025-11-19,Wednesday,1.15849,1.15723,12.6,1.16076,1.15713,1.15992,1.1584,1.16149,1.15818,False,True,False,False,low,none,low,high,00:01,0,before_session,True,True,False
2025-11-20,Thursday,1.15353,1.15101,25.2,1.15971,1.15101,1.15841,1.15194,1.16076,1.15713,False,False,False,False,none,none,none,low,07:51,7,after_session,False,False,False
2025-11-21,Friday,1.1542,1.15322,9.8,1.15499,1.15013,1.15193,1.15386,1.15971,1.15101,True,False,False,False,high,none,high,high,01:10,1,in_session,True,False,True
2025-11-24,Monday,1.15215,1.15049,16.6,1.15215,1.15018,1.15128,1.15206,1.15524,1.14909,True,False,False,False,high,none,high,high,00:00,0,before_session,False,False,True
2025-11-25,Tuesday,1.15301,1.15143,15.8,1.15503,1.15097,1.15208,1.15149,1.15215,1.15018,False,False,False,False,none,none,none,low,00:15,0,before_session,True,False,False
2025-11-26,Wednesday,1.15915,1.15652,26.3,1.15915,1.15114,1.15148,1.15834,1.15503,1.15097,True,False,False,False,high,none,high,high,01:12,1,in_session,False,False,True
2025-11-27,Thursday,1.16132,1.15998,13.4,1.16132,1.1547,1.15836,1.16008,1.15915,1.15114,False,False,False,False,none,none,none,low,01:20,1,in_session,False,False,False
2025-11-28,Friday,1.15986,1.158,18.6,1.16062,1.15763,1.16006,1.15889,1.16132,1.1547,False,True,False,False,low,none,low,low,02:57,2,in_session,True,False,True
2025-12-01,Monday,1.16158,1.15893,26.5,1.16158,1.15893,1.1594,1.15986,1.16075,1.1555,True,False,False,False,high,none,high,high,03:14,3,in_session,False,False,True
2025-12-02,Tuesday,1.1614,1.16037,10.3,1.16522,1.15903,1.15985,1.16089,1.16158,1.15893,False,False,False,False,none,none,none,high,02:14,2,in_session,False,False,False
2025-12-03,Wednesday,1.16419,1.16304,11.5,1.16419,1.1591,1.16088,1.1641,1.16522,1.15903,True,False,False,False,high,none,high,high,00:01,0,before_session,False,False,True
2025-12-04,Thursday,1.16647,1.16533,11.4,1.16775,1.16356,1.16411,1.1657,1.16419,1.1591,True,False,False,False,high,none,high,low,01:22,1,in_session,True,True,False
2025-12-05,Friday,1.16543,1.16462,8.1,1.16819,1.16409,1.16572,1.16535,1.16775,1.16356,False,False,False,False,none,none,none,high,00:00,0,before_session,True,False,False
2025-12-08,Monday,1.16554,1.16455,9.9,1.16554,1.16341,1.16373,1.16543,1.16717,1.16279,True,False,False,False,high,none,high,high,00:36,0,before_session,True,False,True
2025-12-09,Tuesday,1.16486,1.16358,12.8,1.16718,1.16163,1.16543,1.16466,1.16554,1.16341,False,False,False,False,none,none,none,high,00:28,0,before_session,True,False,False
2025-12-10,Wednesday,1.16289,1.16214,7.5,1.16571,1.16149,1.16466,1.16273,1.16718,1.16163,True,False,False,False,high,none,high,high,00:34,0,before_session,False,False,True
2025-12-11,Thursday,1.17072,1.16854,21.8,1.17072,1.16264,1.16272,1.16902,1.16571,1.16149,False,False,False,False,none,none,none,low,00:59,0,before_session,True,False,False
2025-12-12,Friday,1.17461,1.1731,15.1,1.17627,1.16821,1.169,1.17317,1.17072,1.16264,False,False,False,False,none,none,none,low,03:58,3,in_session,False,False,False
2025-12-15,Monday,1.17447,1.17294,15.3,1.17447,1.17277,1.17358,1.17321,1.17497,1.17195,False,True,False,False,low,none,low,low,01:25,1,in_session,True,False,True
2025-12-16,Tuesday,1.1759,1.17467,12.3,1.17688,1.17264,1.17321,1.1751,1.17447,1.17277,False,False,False,False,none,none,none,low,01:21,1,in_session,True,False,False
2025-12-17,Wednesday,1.17523,1.17275,24.8,1.1804,1.17275,1.17509,1.17296,1.17688,1.17264,False,True,False,False,low,none,low,low,00:28,0,before_session,False,False,True
2025-12-18,Thursday,1.17454,1.1735,10.4,1.1758,1.1703,1.17295,1.17427,1.1804,1.17275,False,False,False,False,none,none,none,high,00:55,0,before_session,False,False,False
2025-12-19,Friday,1.17285,1.17154,13.1,1.17627,1.17123,1.17426,1.17177,1.1758,1.1703,False,True,False,False,low,none,low,low,01:40,1,in_session,False,False,True
2025-12-22,Monday,1.17216,1.17133,8.3,1.17216,1.17058,1.17149,1.17199,1.17377,1.17021,True,False,False,False,high,none,high,high,00:13,0,before_session,False,False,True
2025-12-23,Tuesday,1.17803,1.17657,14.6,1.17803,1.17127,1.17199,1.17751,1.17216,1.17058,True,False,False,False,high,none,high,high,02:57,2,in_session,False,False,True
2025-12-24,Wednesday,1.18079,1.17857,22.2,1.18079,1.17637,1.1775,1.17911,1.17803,1.17127,False,False,False,False,none,none,none,low,03:06,3,in_session,False,False,False
2025-12-26,Friday,1.17934,1.17797,13.7,1.17934,1.17663,1.1775,1.17831,1.18038,1.17695,False,True,False,False,low,none,low,low,01:38,1,in_session,True,False,True
2025-12-29,Monday,1.17862,1.17637,22.5,1.17862,1.17631,1.17631,1.1764,1.17966,1.17615,True,True,False,False,conflict,none,conflict,low,00:00,0,before_session,True,False,False
2025-12-30,Tuesday,1.17777,1.17695,8.2,1.1789,1.17493,1.1764,1.17768,1.17862,1.17631,False,False,False,False,none,none,none,high,00:03,0,before_session,True,False,False
2025-12-31,Wednesday,1.17489,1.1733,15.9,1.17797,1.1733,1.17771,1.17343,1.1789,1.17493,False,True,False,False,low,none,low,low,02:17,2,in_session,False,False,True
