date,entry_bar,outcome,r_multiple,risk_pips
2021-01-07,4854,LOSS,-1.0,6.9
2021-01-07,4889,LOSS,-1.0,4.5
2021-01-07,4901,LOSS,-1.0,6.0
2021-01-07,4912,LOSS,-1.0,6.9
2021-01-07,4967,LOSS,-1.0,10.1
2021-01-07,4983,LOSS,-1.0,8.0
2021-01-07,5015,LOSS,-1.0,7.9
2021-01-07,5050,LOSS,-1.0,4.7
2021-01-07,5080,OPEN,0.0,10.0
2021-01-15,13456,LOSS,-1.0,3.9
2021-01-15,13496,LOSS,-1.0,1.8
2021-01-15,13509,LOSS,-1.0,3.8
2021-01-15,13519,LOSS,-1.0,5.4
2021-01-15,13785,LOSS,-1.0,5.7
2021-01-15,13816,LOSS,-1.0,5.8
2021-01-15,13890,LOSS,-1.0,6.5
2021-01-15,13912,LOSS,-1.0,3.4
2021-01-15,13942,LOSS,-1.0,13.3
2021-01-15,13963,OPEN,0.0,7.7
2021-01-19,16330,WIN,0.861,7.2
2021-01-22,20595,LOSS,-1.0,5.0
2021-01-22,20611,LOSS,-1.0,3.5
2021-01-22,20628,LOSS,-1.0,3.1
2021-01-22,20656,LOSS,-1.0,7.1
2021-01-22,20676,WIN,7.75,2.8
2021-01-26,23460,LOSS,-1.0,2.9
2021-01-26,23476,LOSS,-1.0,2.1
2021-01-26,23502,LOSS,-1.0,2.3
2021-01-26,23519,WIN,4.5,6.2
2021-01-27,24922,LOSS,-1.0,2.3
2021-01-27,24953,LOSS,-1.0,4.2
2021-01-27,24982,LOSS,-1.0,6.8
2021-01-27,25035,LOSS,-1.0,4.3
2021-01-27,25070,LOSS,-1.0,2.5
2021-01-27,25155,LOSS,-1.0,3.3
2021-01-27,25173,LOSS,-1.0,2.7
2021-01-27,25185,LOSS,-1.0,3.2
2021-01-27,25205,LOSS,-1.0,3.3
2021-01-27,25250,LOSS,-1.0,6.0
2021-01-27,25298,LOSS,-1.0,6.6
2021-01-27,25318,LOSS,-1.0,4.2
2021-01-27,25332,LOSS,-1.0,5.3
2021-01-27,25350,LOSS,-1.0,3.8
2021-01-27,25357,OPEN,0.0,11.7
2021-01-28,26350,LOSS,-1.0,5.5
2021-01-28,26358,WIN,2.36,7.5
2021-02-01,29210,LOSS,-1.0,3.6
2021-02-01,29262,LOSS,-1.0,8.9
2021-02-01,29325,LOSS,-1.0,12.5
2021-02-01,29395,LOSS,-1.0,5.0
2021-02-01,29420,LOSS,-1.0,6.1
2021-02-02,30638,LOSS,-1.0,4.7
2021-02-02,30654,LOSS,-1.0,1.2
2021-02-02,30660,LOSS,-1.0,3.7
2021-02-02,30691,LOSS,-1.0,9.9
2021-02-02,30811,LOSS,-1.0,4.9
2021-02-02,30833,LOSS,-1.0,11.8
2021-02-02,30847,LOSS,-1.0,6.7
2021-02-02,30899,LOSS,-1.0,2.9
2021-02-02,30912,LOSS,-1.0,5.4
2021-02-02,30930,LOSS,-1.0,3.9
2021-02-02,31098,LOSS,-1.0,4.0
2021-02-02,31105,LOSS,-1.0,5.9
2021-02-02,31110,LOSS,-1.0,6.7
2021-02-02,31158,LOSS,-1.0,4.6
2021-02-02,31224,LOSS,-1.0,5.4
2021-02-03,32077,LOSS,-1.0,2.7
2021-02-03,32088,LOSS,-1.0,2.1
2021-02-03,32121,LOSS,-1.0,5.2
2021-02-03,32205,LOSS,-1.0,4.6
2021-02-03,32273,LOSS,-1.0,3.1
2021-02-03,32284,LOSS,-1.0,3.7
2021-02-03,32381,LOSS,-1.0,1.3
2021-02-03,32389,LOSS,-1.0,2.5
2021-02-03,32438,LOSS,-1.0,6.9
2021-02-03,32597,OPEN,0.0,6.6
2021-02-04,33519,LOSS,-1.0,4.8
2021-02-04,33533,LOSS,-1.0,4.8
2021-02-04,33561,LOSS,-1.0,7.6
2021-02-04,33594,LOSS,-1.0,8.8
2021-02-04,33617,LOSS,-1.0,4.4
2021-02-04,33634,LOSS,-1.0,5.2
2021-02-04,33642,LOSS,-1.0,4.3
2021-02-04,33826,LOSS,-1.0,3.9
2021-02-04,33921,LOSS,-1.0,2.0
2021-02-04,33926,LOSS,-1.0,3.5
2021-02-04,33945,LOSS,-1.0,6.1
2021-02-04,33979,LOSS,-1.0,4.9
2021-02-04,34017,LOSS,-1.0,3.9
2021-02-04,34033,OPEN,0.0,7.0
2021-02-12,42120,LOSS,-1.0,3.3
2021-02-12,42126,LOSS,-1.0,7.2
2021-02-12,42148,LOSS,-1.0,4.2
2021-02-12,42172,LOSS,-1.0,1.7
2021-02-12,42186,LOSS,-1.0,8.0
2021-02-12,42197,LOSS,-1.0,7.4
2021-02-12,42329,LOSS,-1.0,3.9
2021-02-12,42471,LOSS,-1.0,6.4
2021-02-12,42503,OPEN,0.0,7.9
2021-02-16,44943,LOSS,-1.0,4.0
2021-02-16,44960,LOSS,-1.0,2.1
2021-02-16,44975,WIN,2.392,5.1
2021-02-17,46363,LOSS,-1.0,4.6
2021-02-17,46385,LOSS,-1.0,3.9
2021-02-17,46400,LOSS,-1.0,4.4
2021-02-17,46411,LOSS,-1.0,9.2
2021-02-17,46458,LOSS,-1.0,4.8
2021-02-17,46472,LOSS,-1.0,4.0
2021-02-17,46486,LOSS,-1.0,4.4
2021-02-17,46513,LOSS,-1.0,3.0
2021-02-17,46531,LOSS,-1.0,2.7
2021-02-17,46639,LOSS,-1.0,3.9
2021-02-17,46664,LOSS,-1.0,4.4
2021-02-17,46724,LOSS,-1.0,5.0
2021-02-17,46754,LOSS,-1.0,3.4
2021-02-17,46775,LOSS,-1.0,8.2
2021-02-17,46872,LOSS,-1.0,3.0
2021-02-17,46877,LOSS,-1.0,5.5
2021-02-17,46900,OPEN,0.0,3.6
2021-02-22,50661,LOSS,-1.0,3.5
2021-02-22,50690,LOSS,-1.0,5.6
2021-02-22,50743,LOSS,-1.0,2.7
2021-02-22,50761,LOSS,-1.0,5.8
2021-02-22,50770,WIN,3.605,8.1
2021-02-26,56385,LOSS,-1.0,5.7
2021-02-26,56415,LOSS,-1.0,5.9
2021-02-26,56568,LOSS,-1.0,6.0
2021-02-26,56610,LOSS,-1.0,6.0
2021-02-26,56627,LOSS,-1.0,4.2
2021-02-26,56638,LOSS,-1.0,7.0
2021-02-26,56645,LOSS,-1.0,3.8
2021-02-26,56943,LOSS,-1.0,4.9
2021-03-01,57894,LOSS,-1.0,4.1
2021-03-01,57920,LOSS,-1.0,3.3
2021-03-01,57969,LOSS,-1.0,3.6
2021-03-01,58302,OPEN,0.0,8.5
2021-03-02,59259,LOSS,-1.0,2.7
2021-03-02,59293,LOSS,-1.0,2.1
2021-03-02,59308,LOSS,-1.0,5.0
2021-03-02,59331,LOSS,-1.0,12.1
2021-03-02,59370,WIN,5.966,5.9
2021-03-03,60680,WIN,2.966,2.9
2021-03-04,62220,LOSS,-1.0,6.9
2021-03-04,62233,LOSS,-1.0,2.5
2021-03-04,62237,LOSS,-1.0,3.4
2021-03-04,62255,LOSS,-1.0,4.5
2021-03-04,62279,LOSS,-1.0,5.7
2021-03-04,62459,LOSS,-1.0,5.2
2021-03-04,62516,LOSS,-1.0,6.4
2021-03-04,62610,OPEN,0.0,8.1
2021-03-05,63551,LOSS,-1.0,7.4
2021-03-05,63627,LOSS,-1.0,6.6
2021-03-05,63653,LOSS,-1.0,6.8
2021-03-05,63936,OPEN,0.0,21.6
2021-03-08,64983,LOSS,-1.0,1.6
2021-03-08,65004,LOSS,-1.0,2.7
2021-03-08,65016,LOSS,-1.0,4.4
2021-03-08,65024,LOSS,-1.0,6.5
2021-03-08,65090,LOSS,-1.0,2.6
2021-03-08,65097,LOSS,-1.0,3.1
2021-03-08,65126,LOSS,-1.0,4.1
2021-03-08,65282,LOSS,-1.0,6.7
2021-03-08,65335,LOSS,-1.0,2.1
2021-03-08,65512,LOSS,-1.0,2.1
2021-03-08,65533,LOSS,-1.0,3.6
2021-03-08,65545,LOSS,-1.0,2.9
2021-03-10,67837,LOSS,-1.0,0.6
2021-03-10,67873,LOSS,-1.0,2.3
2021-03-10,67879,LOSS,-1.0,2.9
2021-03-10,67903,LOSS,-1.0,3.8
2021-03-10,67925,WIN,2.739,6.9
2021-03-12,70728,LOSS,-1.0,3.7
2021-03-12,70739,LOSS,-1.0,7.5
2021-03-12,70771,LOSS,-1.0,7.9
2021-03-12,70803,LOSS,-1.0,4.8
2021-03-12,70849,LOSS,-1.0,5.5
2021-03-12,70875,LOSS,-1.0,5.1
2021-03-12,70884,LOSS,-1.0,2.2
2021-03-12,70899,OPEN,0.0,2.6
2021-03-15,72194,LOSS,-1.0,3.2
2021-03-15,72211,LOSS,-1.0,3.3
2021-03-15,72226,LOSS,-1.0,7.3
2021-03-15,72253,LOSS,-1.0,8.6
2021-03-15,72569,LOSS,-1.0,3.1
2021-03-15,72581,LOSS,-1.0,3.7
2021-03-15,72615,LOSS,-1.0,3.1
2021-03-15,72649,LOSS,-1.0,3.7
2021-03-15,72723,LOSS,-1.0,3.6
2021-03-15,72735,OPEN,0.0,6.7
2021-03-16,73650,LOSS,-1.0,3.0
2021-03-16,73662,LOSS,-1.0,4.1
2021-03-16,73693,WIN,2.234,7.7
2021-03-22,79366,WIN,6.281,3.2
2021-03-23,80836,LOSS,-1.0,3.9
2021-03-23,80849,LOSS,-1.0,4.3
2021-03-23,80856,LOSS,-1.0,4.0
2021-03-23,80870,LOSS,-1.0,6.9
2021-03-23,80895,LOSS,-1.0,6.4
2021-03-23,81001,LOSS,-1.0,7.7
2021-03-23,81023,LOSS,-1.0,4.1
2021-03-23,81039,LOSS,-1.0,3.8
2021-03-23,81057,LOSS,-1.0,3.5
2021-03-23,81074,LOSS,-1.0,3.4
2021-03-23,81182,LOSS,-1.0,2.5
2021-03-23,81229,LOSS,-1.0,4.2
2021-03-23,81260,LOSS,-1.0,3.3
2021-03-23,81276,LOSS,-1.0,4.9
2021-03-23,81322,LOSS,-1.0,4.1
2021-03-23,81348,LOSS,-1.0,4.5
2021-03-23,81375,LOSS,-1.0,3.3
2021-03-23,81383,OPEN,0.0,4.7
2021-03-24,82253,LOSS,-1.0,2.7
2021-03-24,82260,LOSS,-1.0,5.5
2021-03-24,82276,LOSS,-1.0,3.3
2021-03-24,82291,LOSS,-1.0,4.0
2021-03-24,82298,LOSS,-1.0,5.2
2021-03-24,82307,OPEN,0.0,4.0
2021-03-25,83731,LOSS,-1.0,3.3
2021-03-25,83743,LOSS,-1.0,10.0
2021-03-25,83985,LOSS,-1.0,3.3
2021-03-25,84009,LOSS,-1.0,7.5
2021-03-25,84126,LOSS,-1.0,4.2
2021-03-25,84145,LOSS,-1.0,3.5
2021-03-25,84149,LOSS,-1.0,2.7
2021-03-25,84164,LOSS,-1.0,6.0
2021-03-25,84188,LOSS,-1.0,4.2
2021-03-25,84197,LOSS,-1.0,4.9
2021-03-25,84213,LOSS,-1.0,5.3
2021-03-25,84250,LOSS,-1.0,3.4
2021-03-29,86388,LOSS,-1.0,1.3
2021-03-29,86403,WIN,1.917,6.0
2021-03-30,87813,LOSS,-1.0,2.0
2021-03-30,87862,LOSS,-1.0,10.5
2021-03-30,87882,LOSS,-1.0,7.5
2021-03-30,87922,LOSS,-1.0,3.8
2021-03-30,87948,LOSS,-1.0,5.4
2021-03-30,88120,LOSS,-1.0,3.8
2021-03-30,88231,LOSS,-1.0,3.2
2021-03-30,88277,LOSS,-1.0,5.4
2021-03-30,88283,OPEN,0.0,3.4
2021-04-01,90678,LOSS,-1.0,3.1
2021-04-01,90713,WIN,1.39,5.9
2021-04-05,93509,LOSS,-1.0,4.0
2021-04-05,93519,LOSS,-1.0,3.7
2021-04-05,93570,LOSS,-1.0,3.6
2021-04-05,93626,LOSS,-1.0,3.5
2021-04-05,93733,LOSS,-1.0,1.4
2021-04-05,93755,WIN,17.471,1.7
2021-04-06,94991,LOSS,-1.0,3.6
2021-04-06,95016,LOSS,-1.0,3.6
2021-04-06,95073,LOSS,-1.0,2.9
2021-04-06,95085,WIN,4.354,4.8
2021-04-07,96363,WIN,1.029,6.8
2021-04-09,99197,LOSS,-1.0,3.5
2021-04-09,99218,LOSS,-1.0,4.0
2021-04-09,99231,LOSS,-1.0,2.0
2021-04-09,99238,LOSS,-1.0,3.4
2021-04-09,99371,LOSS,-1.0,3.6
2021-04-09,99497,LOSS,-1.0,3.7
2021-04-09,99608,OPEN,0.0,3.9
2021-04-12,100693,LOSS,-1.0,4.9
2021-04-12,100701,LOSS,-1.0,4.2
2021-04-12,100720,LOSS,-1.0,7.1
2021-04-12,100754,WIN,5.674,4.6
2021-04-13,102053,LOSS,-1.0,2.6
2021-04-13,102100,LOSS,-1.0,2.4
2021-04-13,102116,LOSS,-1.0,9.4
2021-04-13,102439,WIN,1.17,8.8
2021-04-21,110563,LOSS,-1.0,3.4
2021-04-21,110592,LOSS,-1.0,3.5
2021-04-21,110626,LOSS,-1.0,8.6
2021-04-21,110649,LOSS,-1.0,2.6
2021-04-21,110658,LOSS,-1.0,3.8
2021-04-21,110666,LOSS,-1.0,5.6
2021-04-21,110779,LOSS,-1.0,3.6
2021-04-21,110826,LOSS,-1.0,3.4
2021-04-21,110995,LOSS,-1.0,8.3
2021-04-21,111017,OPEN,0.0,6.2
2021-04-22,111971,LOSS,-1.0,3.8
2021-04-22,111981,LOSS,-1.0,1.8
2021-04-22,111986,WIN,9.25,1.6
2021-04-27,116293,LOSS,-1.0,3.7
2021-04-27,116304,LOSS,-1.0,3.0
2021-04-27,116310,LOSS,-1.0,4.1
2021-04-27,116326,LOSS,-1.0,2.4
2021-04-27,116370,LOSS,-1.0,8.7
2021-04-27,116428,WIN,6.583,3.6
2021-04-28,117658,LOSS,-1.0,0.6
2021-04-28,117666,LOSS,-1.0,4.3
2021-04-28,117704,LOSS,-1.0,4.4
2021-04-28,117723,WIN,5.226,5.3
2021-04-29,119148,LOSS,-1.0,5.8
2021-04-29,119163,LOSS,-1.0,5.4
2021-04-29,119186,LOSS,-1.0,5.1
2021-04-29,119205,LOSS,-1.0,5.7
2021-04-29,119239,LOSS,-1.0,5.8
2021-04-29,119564,OPEN,0.0,6.8
2021-04-30,120505,LOSS,-1.0,2.9
2021-04-30,120522,LOSS,-1.0,4.2
2021-04-30,120541,LOSS,-1.0,2.8
2021-04-30,120553,LOSS,-1.0,2.1
2021-04-30,120570,LOSS,-1.0,3.6
2021-04-30,120593,LOSS,-1.0,6.7
2021-04-30,120611,LOSS,-1.0,5.6
2021-04-30,120631,LOSS,-1.0,7.0
2021-04-30,120663,LOSS,-1.0,4.1
2021-04-30,120709,LOSS,-1.0,3.4
2021-04-30,120717,LOSS,-1.0,2.1
2021-04-30,120752,LOSS,-1.0,4.8
2021-04-30,120770,LOSS,-1.0,2.3
2021-04-30,120803,LOSS,-1.0,3.0
2021-04-30,120819,LOSS,-1.0,4.5
2021-04-30,120857,LOSS,-1.0,4.2
2021-04-30,120897,LOSS,-1.0,6.2
2021-04-30,120981,LOSS,-1.0,8.0
2021-04-30,120994,LOSS,-1.0,2.8
2021-04-30,121001,LOSS,-1.0,5.8
2021-04-30,121043,LOSS,-1.0,5.0
2021-04-30,121049,LOSS,-1.0,6.2
2021-04-30,121068,LOSS,-1.0,6.9
2021-04-30,121084,LOSS,-1.0,3.8
2021-05-03,121938,WIN,3.148,5.4
2021-05-04,123316,LOSS,-1.0,2.1
2021-05-04,123347,LOSS,-1.0,2.7
2021-05-04,123363,LOSS,-1.0,3.3
2021-05-04,123390,LOSS,-1.0,3.7
2021-05-04,123424,LOSS,-1.0,3.3
2021-05-04,123497,OPEN,0.0,2.5
2021-05-05,124765,LOSS,-1.0,2.6
2021-05-05,124789,LOSS,-1.0,10.8
2021-05-05,124804,LOSS,-1.0,4.9
2021-05-05,124818,LOSS,-1.0,1.8
2021-05-05,124831,OPEN,0.0,4.6
2021-05-07,127564,LOSS,-1.0,2.3
2021-05-07,127589,WIN,4.0,3.4
2021-05-10,129099,WIN,11.407,2.7
2021-05-11,130495,WIN,2.247,8.1
2021-05-17,136118,WIN,7.407,2.7
2021-05-26,146182,LOSS,-1.0,5.5
2021-05-26,146272,LOSS,-1.0,6.7
2021-05-26,146421,LOSS,-1.0,4.8
2021-05-26,146447,LOSS,-1.0,2.4
2021-05-26,146471,LOSS,-1.0,4.0
2021-05-26,146519,LOSS,-1.0,7.1
2021-05-26,146652,LOSS,-1.0,0.4
2021-05-26,146660,LOSS,-1.0,2.7
2021-05-28,148960,LOSS,-1.0,1.8
2021-05-28,148981,WIN,6.607,2.8
2021-06-01,150640,WIN,3.848,3.3
2021-06-02,152046,LOSS,-1.0,5.5
2021-06-02,152092,LOSS,-1.0,3.1
2021-06-02,152103,LOSS,-1.0,5.6
2021-06-02,152116,LOSS,-1.0,5.0
2021-06-02,152159,LOSS,-1.0,1.4
2021-06-02,152172,LOSS,-1.0,5.1
2021-06-02,152213,LOSS,-1.0,2.3
2021-06-02,152221,LOSS,-1.0,3.8
2021-06-02,152258,LOSS,-1.0,6.8
2021-06-02,152369,OPEN,0.0,2.5
2021-06-03,153467,LOSS,-1.0,2.6
2021-06-03,153486,LOSS,-1.0,2.2
2021-06-03,153496,LOSS,-1.0,3.8
2021-06-03,153522,LOSS,-1.0,2.6
2021-06-03,153553,LOSS,-1.0,3.0
2021-06-03,153565,LOSS,-1.0,2.7
2021-06-03,153575,LOSS,-1.0,2.8
2021-06-03,153840,LOSS,-1.0,9.1
2021-06-03,153872,LOSS,-1.0,5.8
2021-06-03,153881,LOSS,-1.0,2.5
2021-06-03,153894,LOSS,-1.0,4.3
2021-06-03,153924,LOSS,-1.0,8.3
2021-06-03,153933,LOSS,-1.0,5.8
2021-06-03,153954,LOSS,-1.0,10.6
2021-06-03,153985,LOSS,-1.0,2.9
2021-06-03,154009,LOSS,-1.0,4.2
2021-06-03,154014,LOSS,-1.0,3.3
2021-06-03,154033,LOSS,-1.0,2.6
2021-06-03,154038,LOSS,-1.0,2.0
2021-06-03,154046,LOSS,-1.0,0.9
2021-06-04,154877,LOSS,-1.0,3.2
2021-06-04,154894,LOSS,-1.0,3.5
2021-06-04,154902,LOSS,-1.0,3.8
2021-06-04,154910,LOSS,-1.0,3.9
2021-06-04,155176,WIN,6.719,3.2
2021-06-07,156299,LOSS,-1.0,3.0
2021-06-07,156305,LOSS,-1.0,3.5
2021-06-07,156322,LOSS,-1.0,3.0
2021-06-07,156342,LOSS,-1.0,3.6
2021-06-07,156351,LOSS,-1.0,2.1
2021-06-07,156364,LOSS,-1.0,1.1
2021-06-07,156374,WIN,9.2,2.5
2021-06-08,157713,LOSS,-1.0,3.2
2021-06-08,157813,LOSS,-1.0,4.7
2021-06-08,157844,LOSS,-1.0,6.4
2021-06-08,157859,OPEN,0.0,3.4
2021-06-10,160546,LOSS,-1.0,2.4
2021-06-10,160647,WIN,7.069,2.9
2021-06-14,163448,WIN,0.231,13.0
2021-06-17,167655,LOSS,-1.0,17.2
2021-06-17,167721,LOSS,-1.0,1.6
2021-06-17,167739,LOSS,-1.0,7.6
2021-06-17,167810,LOSS,-1.0,4.4
2021-06-17,167873,LOSS,-1.0,8.9
2021-06-17,167900,LOSS,-1.0,3.4
2021-06-17,167908,LOSS,-1.0,5.1
2021-06-17,167927,LOSS,-1.0,3.2
2021-06-17,167949,LOSS,-1.0,4.7
2021-06-17,168063,LOSS,-1.0,7.2
2021-06-17,168131,LOSS,-1.0,5.6
2021-06-17,168231,OPEN,0.0,4.5
2021-06-18,169074,LOSS,-1.0,5.0
2021-06-18,169131,LOSS,-1.0,2.2
2021-06-18,169153,LOSS,-1.0,6.5
2021-06-18,169468,LOSS,-1.0,24.3
2021-06-18,169538,LOSS,-1.0,5.0
2021-06-18,169559,LOSS,-1.0,8.9
2021-06-18,169584,LOSS,-1.0,16.7
2021-06-18,169626,OPEN,0.0,8.5
2021-06-22,171952,LOSS,-1.0,3.7
2021-06-22,171961,LOSS,-1.0,4.6
2021-06-22,172173,LOSS,-1.0,4.3
2021-06-22,172184,LOSS,-1.0,3.4
2021-06-22,172351,OPEN,0.0,5.4
2021-06-23,173459,WIN,1.021,14.1
2021-06-24,174807,WIN,1.438,6.4
2021-06-29,179178,LOSS,-1.0,5.7
2021-06-29,179239,LOSS,-1.0,2.8
2021-06-29,179260,LOSS,-1.0,5.3
2021-06-29,179381,LOSS,-1.0,3.9
2021-06-29,179412,LOSS,-1.0,1.8
2021-06-29,179451,LOSS,-1.0,3.7
2021-06-29,179490,LOSS,-1.0,3.1
2021-06-29,179507,LOSS,-1.0,4.1
2021-06-29,179521,OPEN,0.0,4.7
2021-06-30,180518,LOSS,-1.0,5.0
2021-06-30,180606,LOSS,-1.0,2.2
2021-06-30,180613,LOSS,-1.0,5.7
2021-06-30,180640,LOSS,-1.0,5.5
2021-06-30,180661,LOSS,-1.0,8.0
2021-06-30,180692,LOSS,-1.0,3.1
2021-06-30,180772,LOSS,-1.0,4.4
2021-06-30,180835,LOSS,-1.0,3.8
2021-06-30,180887,LOSS,-1.0,10.0
2021-06-30,180911,LOSS,-1.0,7.2
2021-06-30,180955,LOSS,-1.0,2.7
2021-06-30,180959,LOSS,-1.0,2.7
2021-06-30,180979,LOSS,-1.0,7.1
2021-06-30,180990,LOSS,-1.0,7.0
2021-06-30,181017,LOSS,-1.0,4.7
2021-06-30,181054,LOSS,-1.0,18.0
2021-06-30,181099,OPEN,0.0,4.9
2021-07-01,181950,LOSS,-1.0,2.6
2021-07-01,181960,LOSS,-1.0,3.4
2021-07-01,181970,WIN,3.775,4.0
2021-07-02,183374,LOSS,-1.0,2.6
2021-07-02,183388,LOSS,-1.0,4.1
2021-07-02,183397,LOSS,-1.0,4.8
2021-07-02,183431,LOSS,-1.0,3.2
2021-07-02,183451,LOSS,-1.0,1.5
2021-07-02,183466,LOSS,-1.0,2.9
2021-07-02,183487,LOSS,-1.0,4.9
2021-07-02,183608,LOSS,-1.0,3.0
2021-07-02,183737,LOSS,-1.0,6.3
2021-07-02,183757,WIN,0.313,19.5
2021-07-09,190514,LOSS,-1.0,3.0
2021-07-09,190544,LOSS,-1.0,2.4
2021-07-09,190568,WIN,8.185,2.7
2021-07-12,191932,LOSS,-1.0,4.4
2021-07-12,191945,LOSS,-1.0,2.4
2021-07-12,191957,LOSS,-1.0,4.0
2021-07-12,191985,LOSS,-1.0,6.9
2021-07-12,192169,LOSS,-1.0,2.9
2021-07-12,192181,LOSS,-1.0,3.3
2021-07-12,192189,LOSS,-1.0,4.3
2021-07-12,192228,LOSS,-1.0,4.9
2021-07-12,192249,LOSS,-1.0,2.5
2021-07-12,192253,LOSS,-1.0,2.2
2021-07-12,192287,OPEN,0.0,4.8
2021-07-13,193355,LOSS,-1.0,2.8
2021-07-13,193375,LOSS,-1.0,4.6
2021-07-13,193385,LOSS,-1.0,3.9
2021-07-13,193413,LOSS,-1.0,6.3
2021-07-13,193469,LOSS,-1.0,5.8
2021-07-13,193482,LOSS,-1.0,6.6
2021-07-13,193577,LOSS,-1.0,3.9
2021-07-13,193587,LOSS,-1.0,2.4
2021-07-13,193616,LOSS,-1.0,2.4
2021-07-13,193643,LOSS,-1.0,4.6
2021-07-13,193664,LOSS,-1.0,1.6
2021-07-13,193705,LOSS,-1.0,4.7
2021-07-13,193714,LOSS,-1.0,7.6
2021-07-13,193748,LOSS,-1.0,15.6
2021-07-13,193771,LOSS,-1.0,9.4
2021-07-13,193794,OPEN,0.0,8.8
2021-07-16,197754,LOSS,-1.0,5.1
2021-07-16,197775,LOSS,-1.0,1.3
2021-07-16,197780,WIN,4.029,3.5
2021-07-19,199149,LOSS,-1.0,3.5
2021-07-19,199168,LOSS,-1.0,4.2
2021-07-19,199201,LOSS,-1.0,5.8
2021-07-19,199255,LOSS,-1.0,8.9
2021-07-19,199455,LOSS,-1.0,2.5
2021-07-19,199483,WIN,5.254,5.9
2021-07-20,200517,LOSS,-1.0,5.0
2021-07-20,200554,LOSS,-1.0,3.6
2021-07-20,200561,LOSS,-1.0,5.2
2021-07-20,200592,LOSS,-1.0,4.9
2021-07-20,200604,WIN,3.286,7.0
2021-07-21,201925,LOSS,-1.0,3.1
2021-07-21,201936,LOSS,-1.0,4.6
2021-07-21,201959,LOSS,-1.0,3.5
2021-07-21,201973,LOSS,-1.0,3.5
2021-07-21,202002,LOSS,-1.0,4.2
2021-07-21,202021,WIN,5.098,5.1
2021-07-23,204772,LOSS,-1.0,3.2
2021-07-23,204852,WIN,3.909,3.3
2021-07-27,207619,LOSS,-1.0,2.5
2021-07-27,207630,LOSS,-1.0,3.8
2021-07-27,207648,LOSS,-1.0,2.8
2021-07-27,207693,LOSS,-1.0,3.4
2021-07-27,207698,LOSS,-1.0,1.2
2021-07-27,207729,LOSS,-1.0,6.0
2021-07-27,207761,LOSS,-1.0,2.3
2021-07-27,207778,LOSS,-1.0,3.5
2021-07-27,207797,WIN,12.071,2.8
2021-07-28,209082,LOSS,-1.0,2.4
2021-07-28,209092,LOSS,-1.0,4.5
2021-07-28,209098,LOSS,-1.0,4.4
2021-07-28,209181,LOSS,-1.0,3.5
2021-07-28,209196,WIN,5.657,3.5
2021-07-30,211941,WIN,4.769,2.6
2021-08-05,217591,WIN,0.667,4.8
2021-08-06,219144,LOSS,-1.0,1.2
2021-08-06,219152,LOSS,-1.0,3.0
2021-08-06,219179,LOSS,-1.0,2.3
2021-08-06,219204,LOSS,-1.0,2.3
2021-08-06,219226,LOSS,-1.0,5.0
2021-08-06,219296,LOSS,-1.0,3.1
2021-08-06,219327,LOSS,-1.0,2.2
2021-08-06,219353,LOSS,-1.0,4.6
2021-08-06,219380,LOSS,-1.0,6.0
2021-08-06,219402,LOSS,-1.0,8.0
2021-08-06,219475,LOSS,-1.0,3.4
2021-08-06,219494,LOSS,-1.0,3.6
2021-08-06,219527,OPEN,0.0,5.1
2021-08-11,223273,LOSS,-1.0,3.7
2021-08-11,223290,LOSS,-1.0,3.0
2021-08-11,223301,LOSS,-1.0,2.6
2021-08-11,223314,WIN,2.843,5.1
2021-08-12,224710,WIN,2.075,4.0
2021-08-13,226117,LOSS,-1.0,3.7
2021-08-13,226137,WIN,1.49,4.9
2021-08-16,227467,LOSS,-1.0,1.1
2021-08-16,227472,LOSS,-1.0,2.4
2021-08-16,227500,LOSS,-1.0,3.3
2021-08-16,227515,LOSS,-1.0,4.0
2021-08-16,227579,LOSS,-1.0,3.2
2021-08-16,227671,LOSS,-1.0,4.2
2021-08-16,227794,LOSS,-1.0,3.8
2021-08-16,227826,OPEN,0.0,5.2
2021-08-17,228868,LOSS,-1.0,1.3
2021-08-17,228877,LOSS,-1.0,2.4
2021-08-17,228886,LOSS,-1.0,3.0
2021-08-17,228902,LOSS,-1.0,3.0
2021-08-17,228915,WIN,3.0,4.3
2021-08-20,233303,LOSS,-1.0,3.0
2021-08-20,233393,LOSS,-1.0,2.5
2021-08-20,233486,LOSS,-1.0,2.9
2021-08-20,233493,LOSS,-1.0,1.8
2021-08-20,233518,LOSS,-1.0,3.8
2021-08-20,233532,LOSS,-1.0,2.8
2021-08-20,233559,WIN,3.667,4.8
2021-08-24,236050,LOSS,-1.0,6.7
2021-08-24,236103,LOSS,-1.0,3.4
2021-08-24,236127,WIN,4.025,4.0
2021-08-25,237406,WIN,4.5,4.6
2021-08-26,238794,LOSS,-1.0,3.3
2021-08-26,238822,WIN,1.73,6.3
2021-08-30,241645,LOSS,-1.0,2.2
2021-08-30,241678,LOSS,-1.0,4.0
2021-08-30,241689,LOSS,-1.0,1.9
2021-08-30,241695,LOSS,-1.0,3.0
2021-08-30,241736,LOSS,-1.0,3.5
2021-08-30,241777,LOSS,-1.0,5.5
2021-08-30,241923,LOSS,-1.0,1.9
2021-08-30,242030,OPEN,0.0,7.8
2021-09-01,244452,WIN,2.385,5.2
2021-09-03,247360,LOSS,-1.0,3.4
2021-09-03,247427,LOSS,-1.0,3.2
2021-09-03,247481,LOSS,-1.0,2.9
2021-09-03,247504,LOSS,-1.0,3.3
2021-09-03,247519,WIN,3.0,3.8
2021-09-06,248759,LOSS,-1.0,2.3
2021-09-06,248793,LOSS,-1.0,4.0
2021-09-06,248882,OPEN,0.0,5.4
2021-09-07,250093,LOSS,-1.0,3.0
2021-09-07,250105,LOSS,-1.0,2.7
2021-09-07,250126,LOSS,-1.0,4.8
2021-09-07,250244,LOSS,-1.0,3.4
2021-09-07,250356,LOSS,-1.0,2.4
2021-09-07,250369,LOSS,-1.0,4.1
2021-09-07,250444,LOSS,-1.0,3.2
2021-09-07,250484,LOSS,-1.0,4.3
2021-09-07,250511,LOSS,-1.0,3.7
2021-09-07,250527,LOSS,-1.0,5.4
2021-09-07,250539,LOSS,-1.0,5.6
2021-09-07,250590,LOSS,-1.0,3.2
2021-09-07,250605,OPEN,0.0,6.2
2021-09-08,251522,LOSS,-1.0,1.8
2021-09-08,251529,LOSS,-1.0,1.4
2021-09-08,251539,LOSS,-1.0,1.5
2021-09-08,251547,LOSS,-1.0,4.5
2021-09-08,251641,LOSS,-1.0,2.5
2021-09-08,251646,LOSS,-1.0,3.7
2021-09-08,251660,LOSS,-1.0,5.4
2021-09-08,251670,LOSS,-1.0,2.0
2021-09-08,251684,LOSS,-1.0,3.3
2021-09-08,251717,LOSS,-1.0,3.4
2021-09-08,251751,LOSS,-1.0,3.4
2021-09-08,251767,LOSS,-1.0,3.7
2021-09-08,251963,LOSS,-1.0,4.1
2021-09-08,251985,LOSS,-1.0,2.2
2021-09-08,252034,LOSS,-1.0,4.3
2021-09-08,252041,OPEN,0.0,4.5
2021-09-09,252943,WIN,2.342,3.8
2021-09-13,255787,LOSS,-1.0,2.4
2021-09-13,255827,LOSS,-1.0,7.0
2021-09-13,255848,LOSS,-1.0,3.8
2021-09-13,255858,LOSS,-1.0,3.4
2021-09-13,256099,LOSS,-1.0,3.1
2021-09-13,256121,LOSS,-1.0,2.0
2021-09-13,256149,WIN,5.569,6.5
2021-09-15,258638,WIN,1.34,5.0
2021-09-16,260015,LOSS,-1.0,1.1
2021-09-16,260026,LOSS,-1.0,2.8
2021-09-16,260036,LOSS,-1.0,4.3
2021-09-16,260052,LOSS,-1.0,5.4
2021-09-16,260077,LOSS,-1.0,3.2
2021-09-16,260092,LOSS,-1.0,4.3
2021-09-16,260102,LOSS,-1.0,2.5
2021-09-16,260131,LOSS,-1.0,2.0
2021-09-16,260155,LOSS,-1.0,3.5
2021-09-16,260166,LOSS,-1.0,1.8
2021-09-16,260178,LOSS,-1.0,3.7
2021-09-16,260195,LOSS,-1.0,5.2
2021-09-16,260212,LOSS,-1.0,4.2
2021-09-16,260268,LOSS,-1.0,2.0
2021-09-16,260303,LOSS,-1.0,3.5
2021-09-16,260393,LOSS,-1.0,4.0
2021-09-16,260406,LOSS,-1.0,3.4
2021-09-16,260425,LOSS,-1.0,3.7
2021-09-16,260437,LOSS,-1.0,4.6
2021-09-16,260452,LOSS,-1.0,4.3
2021-09-16,260487,OPEN,0.0,3.8
2021-09-20,262946,LOSS,-1.0,4.3
2021-09-20,262980,LOSS,-1.0,3.1
2021-09-20,263004,LOSS,-1.0,4.2
2021-09-20,263023,LOSS,-1.0,4.6
2021-09-20,263069,LOSS,-1.0,2.2
2021-09-20,263080,WIN,10.8,2.5
2021-09-21,264388,LOSS,-1.0,2.7
2021-09-21,264394,WIN,7.64,2.5
2021-09-24,268583,LOSS,-1.0,3.1
2021-09-24,268592,LOSS,-1.0,2.7
2021-09-24,268601,LOSS,-1.0,3.9
2021-09-24,268621,LOSS,-1.0,1.8
2021-09-24,268639,LOSS,-1.0,2.4
2021-09-24,268713,LOSS,-1.0,4.1
2021-09-24,268825,LOSS,-1.0,3.5
2021-09-24,268854,LOSS,-1.0,3.9
2021-09-24,268890,LOSS,-1.0,3.0
2021-09-24,268905,LOSS,-1.0,2.1
2021-09-24,268919,LOSS,-1.0,7.1
2021-09-24,268932,LOSS,-1.0,4.9
2021-09-24,268969,LOSS,-1.0,1.7
2021-09-24,268981,LOSS,-1.0,2.1
2021-09-24,269000,OPEN,0.0,5.7
2021-09-27,270010,LOSS,-1.0,4.3
2021-09-27,270024,LOSS,-1.0,3.4
2021-09-27,270033,LOSS,-1.0,5.4
2021-09-27,270066,LOSS,-1.0,4.4
2021-09-27,270134,LOSS,-1.0,2.8
2021-09-27,270139,LOSS,-1.0,4.1
2021-09-27,270158,LOSS,-1.0,4.5
2021-09-27,270178,LOSS,-1.0,3.5
2021-09-27,270198,LOSS,-1.0,2.9
2021-09-27,270209,LOSS,-1.0,1.6
2021-09-27,270218,LOSS,-1.0,2.0
2021-09-27,270227,LOSS,-1.0,3.1
2021-09-27,270246,LOSS,-1.0,2.7
2021-09-27,270256,LOSS,-1.0,4.7
2021-09-27,270349,LOSS,-1.0,2.8
2021-09-27,270357,OPEN,0.0,7.3
2021-09-29,272881,LOSS,-1.0,3.3
2021-09-29,272920,LOSS,-1.0,3.8
2021-09-29,272923,LOSS,-1.0,4.7
2021-09-29,273110,LOSS,-1.0,5.3
2021-09-29,273167,LOSS,-1.0,6.0
2021-09-29,273293,LOSS,-1.0,2.7
2021-09-29,273303,LOSS,-1.0,3.9
2021-09-29,273346,LOSS,-1.0,5.0
2021-09-29,273365,LOSS,-1.0,5.6
2021-09-29,273422,LOSS,-1.0,1.9
2021-09-30,274268,LOSS,-1.0,1.8
2021-09-30,274301,LOSS,-1.0,1.3
2021-09-30,274308,LOSS,-1.0,3.9
2021-09-30,274342,WIN,4.7,3.0
2021-10-05,278570,LOSS,-1.0,2.2
2021-10-05,278579,LOSS,-1.0,2.4
2021-10-05,278636,LOSS,-1.0,8.8
2021-10-05,278863,LOSS,-1.0,5.8
2021-10-05,278997,LOSS,-1.0,4.3
2021-10-05,279052,LOSS,-1.0,6.8
2021-10-05,279067,LOSS,-1.0,3.3
2021-10-05,279079,LOSS,-1.0,2.1
2021-10-05,279083,OPEN,0.0,2.1
2021-10-06,279984,LOSS,-1.0,1.5
2021-10-06,280005,LOSS,-1.0,2.0
2021-10-06,280022,LOSS,-1.0,7.7
2021-10-06,280061,LOSS,-1.0,7.5
2021-10-06,280085,LOSS,-1.0,7.6
2021-10-06,280107,LOSS,-1.0,6.2
2021-10-06,280154,LOSS,-1.0,4.1
2021-10-06,280162,LOSS,-1.0,3.7
2021-10-06,280181,LOSS,-1.0,5.1
2021-10-06,280213,LOSS,-1.0,4.7
2021-10-06,280235,LOSS,-1.0,3.2
2021-10-06,280253,OPEN,0.0,7.7
2021-10-07,281415,WIN,2.079,3.8
2021-10-08,282838,LOSS,-1.0,2.0
2021-10-08,282843,LOSS,-1.0,3.0
2021-10-08,282884,LOSS,-1.0,3.9
2021-10-08,282948,LOSS,-1.0,3.1
2021-10-08,282957,LOSS,-1.0,0.7
2021-10-08,282966,LOSS,-1.0,2.4
2021-10-08,282973,LOSS,-1.0,1.2
2021-10-08,282988,WIN,3.36,2.5
2021-10-18,291380,LOSS,-1.0,4.8
2021-10-18,291401,LOSS,-1.0,2.2
2021-10-18,291419,WIN,6.485,3.3
2021-10-20,294319,WIN,5.674,4.6
2021-10-21,295638,LOSS,-1.0,2.4
2021-10-21,295671,LOSS,-1.0,1.7
2021-10-21,295677,LOSS,-1.0,2.8
2021-10-21,295711,LOSS,-1.0,5.7
2021-10-21,295771,LOSS,-1.0,2.2
2021-10-21,295783,LOSS,-1.0,3.6
2021-10-21,295998,OPEN,0.0,5.7
2021-10-26,299948,LOSS,-1.0,4.3
2021-10-26,299969,LOSS,-1.0,3.1
2021-10-26,299999,WIN,3.767,3.0
2021-10-27,301313,WIN,1.588,3.4
2021-10-29,304173,LOSS,-1.0,2.8
2021-10-29,304199,LOSS,-1.0,2.2
2021-10-29,304211,LOSS,-1.0,3.8
2021-10-29,304314,LOSS,-1.0,3.9
2021-10-29,304334,LOSS,-1.0,2.6
2021-10-29,304349,LOSS,-1.0,4.9
2021-10-29,304372,LOSS,-1.0,3.9
2021-10-29,304498,LOSS,-1.0,3.0
2021-10-29,304535,LOSS,-1.0,3.0
2021-10-29,304583,LOSS,-1.0,2.5
2021-10-29,304600,LOSS,-1.0,5.8
2021-10-29,304641,LOSS,-1.0,5.7
2021-10-29,304661,LOSS,-1.0,2.5
2021-10-29,304674,LOSS,-1.0,5.2
2021-10-29,304704,LOSS,-1.0,11.5
2021-10-29,304729,OPEN,0.0,17.0
2021-11-04,309944,LOSS,-1.0,4.6
2021-11-04,309951,LOSS,-1.0,2.4
2021-11-04,309958,LOSS,-1.0,2.9
2021-11-04,309979,LOSS,-1.0,2.3
2021-11-04,310010,LOSS,-1.0,3.3
2021-11-04,310030,LOSS,-1.0,3.4
2021-11-04,310038,LOSS,-1.0,3.0
2021-11-04,310047,LOSS,-1.0,3.7
2021-11-04,310051,LOSS,-1.0,2.7
2021-11-04,310056,LOSS,-1.0,1.8
2021-11-04,310070,LOSS,-1.0,4.5
2021-11-04,310123,LOSS,-1.0,2.4
2021-11-04,310129,LOSS,-1.0,3.2
2021-11-04,310140,LOSS,-1.0,3.5
2021-11-04,310151,LOSS,-1.0,4.1
2021-11-04,310158,LOSS,-1.0,4.0
2021-11-04,310399,LOSS,-1.0,6.6
2021-11-04,310422,LOSS,-1.0,5.7
2021-11-04,310439,OPEN,0.0,6.5
2021-11-10,315601,LOSS,-1.0,1.4
2021-11-10,315615,LOSS,-1.0,4.9
2021-11-10,315632,LOSS,-1.0,1.7
2021-11-10,315642,LOSS,-1.0,4.5
2021-11-10,315729,LOSS,-1.0,3.7
2021-11-10,315874,LOSS,-1.0,1.7
2021-11-10,315888,LOSS,-1.0,7.0
2021-11-10,315936,LOSS,-1.0,5.7
2021-11-10,315994,LOSS,-1.0,6.6
2021-11-10,316129,OPEN,0.0,4.6
2021-11-11,317111,LOSS,-1.0,5.6
2021-11-11,317283,LOSS,-1.0,4.8
2021-11-11,317332,LOSS,-1.0,2.0
2021-11-11,317347,LOSS,-1.0,3.1
2021-11-11,317377,LOSS,-1.0,3.6
2021-11-11,317399,LOSS,-1.0,3.5
2021-11-11,317449,OPEN,0.0,6.0
2021-11-15,319999,LOSS,-1.0,7.0
2021-11-15,320333,LOSS,-1.0,3.5
2021-11-15,320347,LOSS,-1.0,6.4
2021-11-15,320370,LOSS,-1.0,3.2
2021-11-15,320381,LOSS,-1.0,9.8
2021-11-15,320419,LOSS,-1.0,4.0
2021-11-15,320436,LOSS,-1.0,3.8
2021-11-15,320442,LOSS,-1.0,4.6
2021-11-15,320486,OPEN,0.0,2.6
2021-11-16,321365,LOSS,-1.0,3.9
2021-11-16,321372,LOSS,-1.0,4.6
2021-11-16,321410,LOSS,-1.0,2.8
2021-11-16,321458,LOSS,-1.0,3.6
2021-11-16,321477,LOSS,-1.0,6.2
2021-11-16,321529,LOSS,-1.0,3.0
2021-11-16,321549,LOSS,-1.0,5.9
2021-11-16,321763,LOSS,-1.0,5.7
2021-11-16,321770,OPEN,0.0,2.3
2021-11-18,324224,WIN,8.529,1.7
2021-11-19,325709,LOSS,-1.0,6.6
2021-11-19,325720,LOSS,-1.0,4.1
2021-11-19,325764,LOSS,-1.0,8.0
2021-11-19,325795,LOSS,-1.0,14.5
2021-11-19,325999,OPEN,0.0,8.8
2021-11-22,327081,LOSS,-1.0,7.2
2021-11-22,327111,LOSS,-1.0,3.6
2021-11-22,327135,LOSS,-1.0,3.7
2021-11-22,327160,LOSS,-1.0,4.8
2021-11-22,327184,LOSS,-1.0,1.9
2021-11-22,327195,WIN,2.677,6.2
2021-11-29,334256,LOSS,-1.0,5.7
2021-11-29,334307,WIN,5.5,4.6
2021-12-02,338575,LOSS,-1.0,0.5
2021-12-02,338579,LOSS,-1.0,1.8
2021-12-02,338602,LOSS,-1.0,5.0
2021-12-02,338613,LOSS,-1.0,3.2
2021-12-02,338637,LOSS,-1.0,3.2
2021-12-02,338657,LOSS,-1.0,4.1
2021-12-02,338694,LOSS,-1.0,2.2
2021-12-02,338708,LOSS,-1.0,2.2
2021-12-02,338721,WIN,2.769,6.5
2021-12-03,339991,LOSS,-1.0,3.6
2021-12-03,340006,WIN,6.071,2.8
2021-12-06,341435,LOSS,-1.0,2.3
2021-12-06,341459,LOSS,-1.0,7.8
2021-12-06,341488,WIN,6.808,2.6
2021-12-09,345732,LOSS,-1.0,2.9
2021-12-09,345749,LOSS,-1.0,6.9
2021-12-09,345770,LOSS,-1.0,3.5
2021-12-09,345781,LOSS,-1.0,5.2
2021-12-09,345823,LOSS,-1.0,6.9
2021-12-09,345836,LOSS,-1.0,2.3
2021-12-09,345856,LOSS,-1.0,3.2
2021-12-09,345880,LOSS,-1.0,3.5
2021-12-09,345953,LOSS,-1.0,4.4
2021-12-09,345965,LOSS,-1.0,4.7
2021-12-09,346022,LOSS,-1.0,3.5
2021-12-09,346051,LOSS,-1.0,2.6
2021-12-09,346062,LOSS,-1.0,2.3
2021-12-09,346065,LOSS,-1.0,3.0
2021-12-09,346088,LOSS,-1.0,4.0
2021-12-09,346196,LOSS,-1.0,4.2
2021-12-09,346214,LOSS,-1.0,5.2
2021-12-09,346237,LOSS,-1.0,1.4
2021-12-09,346239,LOSS,-1.0,3.4
2021-12-09,346257,LOSS,-1.0,4.9
2021-12-09,346301,OPEN,0.0,4.4
2021-12-10,347183,LOSS,-1.0,3.4
2021-12-10,347204,LOSS,-1.0,4.4
2021-12-10,347268,LOSS,-1.0,3.5
2021-12-10,347291,LOSS,-1.0,5.1
2021-12-10,347317,LOSS,-1.0,4.9
2021-12-10,347347,LOSS,-1.0,1.5
2021-12-10,347358,LOSS,-1.0,4.3
2021-12-10,347376,LOSS,-1.0,1.6
2021-12-10,347390,WIN,13.12,2.5
2021-12-13,348579,LOSS,-1.0,2.1
2021-12-13,348592,LOSS,-1.0,2.6
2021-12-13,348680,LOSS,-1.0,2.4
2021-12-13,348715,LOSS,-1.0,2.3
2021-12-13,348736,OPEN,0.0,3.7
2021-12-14,350084,WIN,1.823,6.2
2021-12-17,354356,LOSS,-1.0,4.9
2021-12-17,354379,WIN,2.977,4.3
2021-12-22,358599,LOSS,-1.0,3.2
2021-12-22,358625,LOSS,-1.0,3.4
2021-12-22,358635,LOSS,-1.0,3.4
2021-12-22,358657,WIN,4.255,5.5
2021-12-23,360072,LOSS,-1.0,3.0
2021-12-23,360105,LOSS,-1.0,4.6
2021-12-23,360122,LOSS,-1.0,2.6
2021-12-23,360126,LOSS,-1.0,1.9
2021-12-23,360143,LOSS,-1.0,1.0
2021-12-23,360149,LOSS,-1.0,3.8
2021-12-23,360346,LOSS,-1.0,3.4
2021-12-23,360361,LOSS,-1.0,4.2
2021-12-23,360371,LOSS,-1.0,3.2
2021-12-23,360382,LOSS,-1.0,3.6
2021-12-23,360388,LOSS,-1.0,6.0
2021-12-23,360443,LOSS,-1.0,6.7
2021-12-23,360457,OPEN,0.0,6.0
2021-12-28,364347,WIN,2.545,4.4
2021-12-29,365729,LOSS,-1.0,2.0
2021-12-29,365758,LOSS,-1.0,2.5
2021-12-29,365796,LOSS,-1.0,2.2
2021-12-29,365818,LOSS,-1.0,5.2
2021-12-29,365837,LOSS,-1.0,4.8
2021-12-29,365868,LOSS,-1.0,2.7
2021-12-29,365877,WIN,6.702,4.7
2021-12-30,367144,LOSS,-1.0,2.2
2021-12-30,367161,LOSS,-1.0,2.7
2021-12-30,367188,LOSS,-1.0,2.4
2021-12-30,367197,LOSS,-1.0,5.6
2021-12-30,367224,LOSS,-1.0,7.4
2021-12-30,367255,LOSS,-1.0,5.9
2021-12-30,367271,LOSS,-1.0,4.3
2021-12-30,367289,LOSS,-1.0,3.9
2021-12-30,367554,OPEN,0.0,4.3
2021-12-31,368610,WIN,3.587,4.6
2022-01-03,370011,LOSS,-1.0,3.4
2022-01-03,370061,LOSS,-1.0,3.5
2022-01-03,370065,LOSS,-1.0,4.6
2022-01-03,370075,LOSS,-1.0,3.7
2022-01-03,370125,WIN,1.565,11.5
2022-01-04,371402,LOSS,-1.0,1.9
2022-01-04,371423,LOSS,-1.0,4.7
2022-01-04,371432,LOSS,-1.0,4.8
2022-01-04,371451,LOSS,-1.0,4.5
2022-01-04,371527,LOSS,-1.0,6.3
2022-01-04,371666,LOSS,-1.0,1.3
2022-01-04,371677,LOSS,-1.0,7.2
2022-01-04,371714,LOSS,-1.0,6.0
2022-01-04,371731,WIN,4.11,7.3
2022-01-06,374273,LOSS,-1.0,1.7
2022-01-06,374291,LOSS,-1.0,3.4
2022-01-06,374311,LOSS,-1.0,0.7
2022-01-06,374322,WIN,7.78,4.1
2022-01-10,377135,LOSS,-1.0,3.2
2022-01-10,377158,LOSS,-1.0,1.9
2022-01-10,377189,LOSS,-1.0,4.0
2022-01-10,377207,LOSS,-1.0,6.3
2022-01-10,377447,LOSS,-1.0,3.1
2022-01-10,377467,LOSS,-1.0,4.2
2022-01-10,377480,LOSS,-1.0,3.9
2022-01-10,377494,LOSS,-1.0,4.6
2022-01-10,377577,OPEN,0.0,7.2
2022-01-12,379990,LOSS,-1.0,3.3
2022-01-12,380022,LOSS,-1.0,2.1
2022-01-12,380034,LOSS,-1.0,3.0
2022-01-12,380042,LOSS,-1.0,0.6
2022-01-12,380079,LOSS,-1.0,7.1
2022-01-12,380214,LOSS,-1.0,2.0
2022-01-12,380228,LOSS,-1.0,0.9
2022-01-12,380251,LOSS,-1.0,2.5
2022-01-12,380268,LOSS,-1.0,2.8
2022-01-12,380281,WIN,10.2,1.5
2022-01-24,391444,LOSS,-1.0,3.3
2022-01-24,391456,LOSS,-1.0,2.8
2022-01-24,391494,LOSS,-1.0,3.4
2022-01-24,391509,LOSS,-1.0,4.6
2022-01-24,391516,LOSS,-1.0,6.2
2022-01-24,391560,LOSS,-1.0,2.8
2022-01-24,391662,LOSS,-1.0,3.6
2022-01-24,391670,LOSS,-1.0,6.2
2022-01-24,391712,LOSS,-1.0,3.0
2022-01-24,391750,LOSS,-1.0,3.3
2022-01-24,391778,LOSS,-1.0,4.0
2022-01-24,391791,LOSS,-1.0,1.7
2022-01-24,391809,LOSS,-1.0,5.2
2022-01-24,391853,LOSS,-1.0,4.5
2022-01-24,391864,LOSS,-1.0,2.4
2022-01-24,391887,LOSS,-1.0,4.9
2022-01-24,391906,LOSS,-1.0,2.8
2022-01-24,391925,LOSS,-1.0,3.8
2022-01-24,391932,OPEN,0.0,3.0
2022-01-25,392875,LOSS,-1.0,1.3
2022-01-25,392879,LOSS,-1.0,4.5
2022-01-25,392932,LOSS,-1.0,3.5
2022-01-25,392978,LOSS,-1.0,14.8
2022-01-25,393050,LOSS,-1.0,3.5
2022-01-25,393091,LOSS,-1.0,2.3
2022-01-25,393104,LOSS,-1.0,4.7
2022-01-25,393114,LOSS,-1.0,3.9
2022-01-25,393136,LOSS,-1.0,1.7
2022-01-25,393177,LOSS,-1.0,5.0
2022-01-25,393247,LOSS,-1.0,2.2
2022-01-25,393269,LOSS,-1.0,5.3
2022-01-25,393285,LOSS,-1.0,3.3
2022-01-25,393302,LOSS,-1.0,5.6
2022-01-25,393326,OPEN,0.0,4.7
2022-01-26,394311,LOSS,-1.0,3.2
2022-01-26,394339,LOSS,-1.0,3.1
2022-01-26,394347,LOSS,-1.0,3.2
2022-01-26,394359,LOSS,-1.0,2.7
2022-01-26,394365,LOSS,-1.0,2.3
2022-01-26,394398,LOSS,-1.0,7.0
2022-01-26,394427,LOSS,-1.0,6.5
2022-01-26,394449,LOSS,-1.0,4.3
2022-01-26,394462,LOSS,-1.0,1.5
2022-01-26,394474,LOSS,-1.0,0.8
2022-01-26,394481,LOSS,-1.0,2.6
2022-01-26,394496,LOSS,-1.0,2.0
2022-01-26,394502,LOSS,-1.0,1.4
2022-01-26,394544,LOSS,-1.0,4.1
2022-01-26,394562,LOSS,-1.0,5.2
2022-01-26,394581,LOSS,-1.0,2.0
2022-01-26,394603,LOSS,-1.0,1.3
2022-01-26,394617,LOSS,-1.0,1.8
2022-01-26,394630,LOSS,-1.0,2.2
2022-01-26,394643,LOSS,-1.0,3.1
2022-01-26,394674,LOSS,-1.0,2.1
2022-01-26,394684,LOSS,-1.0,4.4
2022-01-26,394706,LOSS,-1.0,2.4
2022-01-26,394830,LOSS,-1.0,4.5
2022-01-26,394852,LOSS,-1.0,2.5
2022-01-26,394868,LOSS,-1.0,3.3
2022-01-26,394877,LOSS,-1.0,2.0
2022-01-26,394891,OPEN,0.0,4.7
2022-01-27,395751,LOSS,-1.0,2.6
2022-01-27,395765,LOSS,-1.0,2.9
2022-01-27,395772,LOSS,-1.0,5.8
2022-01-27,395832,LOSS,-1.0,5.5
2022-01-27,395913,LOSS,-1.0,4.1
2022-01-27,395924,LOSS,-1.0,5.3
2022-01-27,395949,LOSS,-1.0,3.6
2022-01-27,395986,LOSS,-1.0,7.9
2022-01-27,396007,LOSS,-1.0,2.8
2022-01-27,396026,LOSS,-1.0,5.1
2022-01-27,396030,LOSS,-1.0,5.9
2022-01-27,396044,LOSS,-1.0,3.2
2022-01-27,396078,LOSS,-1.0,4.7
2022-01-27,396103,LOSS,-1.0,5.2
2022-01-27,396111,LOSS,-1.0,3.7
2022-01-27,396146,LOSS,-1.0,11.4
2022-01-27,396262,OPEN,0.0,8.2
2022-01-28,397211,LOSS,-1.0,2.1
2022-01-28,397257,LOSS,-1.0,3.2
2022-01-28,397263,LOSS,-1.0,5.5
2022-01-28,397281,WIN,4.0,6.9
2022-02-02,401455,WIN,3.409,2.2
2022-02-03,402885,LOSS,-1.0,6.5
2022-02-03,402902,LOSS,-1.0,2.8
2022-02-03,402915,LOSS,-1.0,4.4
2022-02-03,403040,LOSS,-1.0,1.4
2022-02-03,403048,LOSS,-1.0,6.1
2022-02-03,403089,LOSS,-1.0,1.7
2022-02-03,403095,LOSS,-1.0,2.4
2022-02-03,403107,LOSS,-1.0,2.5
2022-02-03,403113,LOSS,-1.0,3.5
2022-02-03,403140,LOSS,-1.0,3.1
2022-02-03,403159,LOSS,-1.0,6.3
2022-02-03,403234,WIN,1.645,15.5
2022-02-04,404400,WIN,2.354,9.6
2022-02-07,405924,LOSS,-1.0,2.5
2022-02-07,405995,LOSS,-1.0,1.0
2022-02-07,406011,WIN,7.487,3.9
2022-02-08,407233,OPEN,0.0,3.8
2022-02-09,408662,LOSS,-1.0,4.1
2022-02-09,408673,LOSS,-1.0,5.1
2022-02-09,408687,WIN,11.636,2.2
2022-02-11,411514,LOSS,-1.0,5.6
2022-02-11,411528,WIN,3.831,7.1
2022-02-14,412950,LOSS,-1.0,3.3
2022-02-14,412964,LOSS,-1.0,3.8
2022-02-14,412980,LOSS,-1.0,0.9
2022-02-14,412993,LOSS,-1.0,3.9
2022-02-14,412999,LOSS,-1.0,4.0
2022-02-14,413008,LOSS,-1.0,6.5
2022-02-14,413044,LOSS,-1.0,3.8
2022-02-14,413052,LOSS,-1.0,4.0
2022-02-14,413090,LOSS,-1.0,4.1
2022-02-14,413123,LOSS,-1.0,4.9
2022-02-14,413132,LOSS,-1.0,2.6
2022-02-14,413142,LOSS,-1.0,2.7
2022-02-14,413200,LOSS,-1.0,2.3
2022-02-14,413474,LOSS,-1.0,6.2
2022-02-14,413501,OPEN,0.0,6.2
2022-02-23,422990,WIN,6.125,3.2
2022-02-25,425936,LOSS,-1.0,6.5
2022-02-25,425951,LOSS,-1.0,3.5
2022-02-25,425957,LOSS,-1.0,4.9
2022-02-25,425970,LOSS,-1.0,8.4
2022-02-25,426017,LOSS,-1.0,7.2
2022-02-25,426069,LOSS,-1.0,2.8
2022-02-25,426113,LOSS,-1.0,1.7
2022-02-25,426115,WIN,16.118,3.4
2022-03-02,430184,LOSS,-1.0,5.9
2022-03-02,430237,LOSS,-1.0,2.7
2022-03-02,430257,LOSS,-1.0,10.2
2022-03-02,430308,LOSS,-1.0,5.8
2022-03-02,430697,WIN,10.2,6.5
2022-03-03,431663,LOSS,-1.0,3.1
2022-03-03,431708,LOSS,-1.0,5.0
2022-03-03,431729,LOSS,-1.0,5.3
2022-03-03,431747,LOSS,-1.0,0.6
2022-03-03,431762,LOSS,-1.0,6.4
2022-03-03,432012,LOSS,-1.0,10.2
2022-03-03,432117,LOSS,-1.0,8.0
2022-03-03,432158,OPEN,0.0,12.8
2022-03-04,433061,LOSS,-1.0,5.5
2022-03-04,433077,LOSS,-1.0,4.5
2022-03-04,433225,LOSS,-1.0,9.8
2022-03-04,433274,LOSS,-1.0,5.2
2022-03-04,433300,LOSS,-1.0,5.2
2022-03-04,433315,LOSS,-1.0,3.8
2022-03-04,433320,LOSS,-1.0,2.5
2022-03-04,433369,LOSS,-1.0,5.7
2022-03-04,433393,LOSS,-1.0,5.9
2022-03-04,433406,LOSS,-1.0,6.5
2022-03-04,433442,LOSS,-1.0,0.4
2022-03-04,433450,LOSS,-1.0,7.5
2022-03-04,433513,OPEN,0.0,15.7
2022-03-08,435923,LOSS,-1.0,3.7
2022-03-08,435927,WIN,6.0,4.8
2022-03-11,440306,LOSS,-1.0,5.6
2022-03-11,440328,LOSS,-1.0,5.3
2022-03-11,440386,WIN,3.107,12.2
2022-03-18,447522,LOSS,-1.0,8.6
2022-03-18,447550,LOSS,-1.0,1.6
2022-03-18,447585,LOSS,-1.0,3.6
2022-03-18,447593,LOSS,-1.0,3.4
2022-03-18,447637,LOSS,-1.0,5.0
2022-03-18,447667,LOSS,-1.0,6.3
2022-03-18,447705,LOSS,-1.0,7.7
2022-03-18,447765,LOSS,-1.0,5.0
2022-03-18,447778,LOSS,-1.0,3.8
2022-03-18,447797,LOSS,-1.0,2.0
2022-03-18,447839,LOSS,-1.0,8.3
2022-03-18,447869,OPEN,0.0,2.7
2022-03-21,448918,WIN,2.766,4.7
2022-03-22,450367,WIN,10.6,3.5
2022-03-24,453235,LOSS,-1.0,4.1
2022-03-24,453258,LOSS,-1.0,3.7
2022-03-24,453289,LOSS,-1.0,3.5
2022-03-24,453299,LOSS,-1.0,5.6
2022-03-24,453507,LOSS,-1.0,3.2
2022-03-24,453532,LOSS,-1.0,9.7
2022-03-24,453561,LOSS,-1.0,5.4
2022-03-24,453585,LOSS,-1.0,7.8
2022-03-24,453624,LOSS,-1.0,7.0
2022-03-24,453647,LOSS,-1.0,1.2
2022-03-24,453662,WIN,2.807,8.3
2022-03-25,454801,LOSS,-1.0,5.4
2022-03-25,454843,LOSS,-1.0,2.7
2022-03-25,454865,LOSS,-1.0,2.3
2022-03-25,454999,LOSS,-1.0,7.4
2022-03-25,455019,LOSS,-1.0,4.0
2022-03-25,455040,LOSS,-1.0,3.3
2022-03-25,455169,LOSS,-1.0,4.6
2022-03-25,455180,LOSS,-1.0,3.7
2022-03-25,455203,LOSS,-1.0,8.3
2022-03-25,455244,OPEN,0.0,5.5
2022-03-28,455984,LOSS,-1.0,3.6
2022-03-28,456052,LOSS,-1.0,6.5
2022-03-28,456099,WIN,5.982,5.7
2022-03-31,460314,LOSS,-1.0,17.5
2022-03-31,460402,LOSS,-1.0,6.0
2022-03-31,460415,LOSS,-1.0,6.1
2022-03-31,460442,LOSS,-1.0,11.0
2022-03-31,460511,LOSS,-1.0,9.7
2022-03-31,460559,LOSS,-1.0,8.1
2022-03-31,460709,OPEN,0.0,17.0
2022-04-01,461713,LOSS,-1.0,8.8
2022-04-01,461741,WIN,7.192,2.6
2022-04-04,463152,LOSS,-1.0,3.1
2022-04-04,463157,LOSS,-1.0,4.0
2022-04-04,463198,LOSS,-1.0,6.4
2022-04-04,463212,LOSS,-1.0,5.0
2022-04-04,463221,LOSS,-1.0,5.4
2022-04-04,463232,LOSS,-1.0,2.7
2022-04-04,463250,LOSS,-1.0,6.4
2022-04-04,463265,LOSS,-1.0,4.6
2022-04-04,463270,LOSS,-1.0,6.2
2022-04-04,463315,LOSS,-1.0,4.6
2022-04-04,463350,LOSS,-1.0,2.3
2022-04-04,463364,LOSS,-1.0,4.9
2022-04-04,463378,LOSS,-1.0,2.5
2022-04-04,463400,LOSS,-1.0,3.5
2022-04-04,463422,LOSS,-1.0,3.3
2022-04-04,463434,LOSS,-1.0,3.4
2022-04-04,463480,LOSS,-1.0,6.7
2022-04-04,463498,LOSS,-1.0,7.3
2022-04-04,463586,LOSS,-1.0,7.7
2022-04-04,463649,OPEN,0.0,5.1
2022-04-05,464597,WIN,2.356,4.5
2022-04-06,466004,LOSS,-1.0,1.7
2022-04-06,466015,LOSS,-1.0,2.5
2022-04-06,466022,LOSS,-1.0,2.9
2022-04-06,466039,WIN,3.59,6.1
2022-04-08,468930,LOSS,-1.0,2.6
2022-04-08,468949,LOSS,-1.0,3.9
2022-04-08,468955,WIN,3.34,5.0
2022-04-11,470340,LOSS,-1.0,2.8
2022-04-11,470366,LOSS,-1.0,4.5
2022-04-11,470376,WIN,3.531,3.2
2022-04-12,471747,LOSS,-1.0,4.7
2022-04-12,471763,LOSS,-1.0,4.5
2022-04-12,471818,LOSS,-1.0,10.9
2022-04-12,472122,WIN,14.435,2.3
2022-04-18,477491,LOSS,-1.0,7.3
2022-04-18,477577,LOSS,-1.0,4.2
2022-04-18,477610,LOSS,-1.0,2.2
2022-04-18,477624,LOSS,-1.0,5.7
2022-04-25,484680,LOSS,-1.0,7.1
2022-04-25,484701,LOSS,-1.0,7.4
2022-04-25,484724,LOSS,-1.0,8.2
2022-04-25,484734,LOSS,-1.0,11.7
2022-04-25,484967,LOSS,-1.0,3.7
2022-04-25,485112,LOSS,-1.0,1.6
2022-04-25,485124,LOSS,-1.0,4.6
2022-04-25,485128,LOSS,-1.0,5.0
2022-04-25,485143,LOSS,-1.0,9.2
2022-04-25,485161,LOSS,-1.0,3.3
2022-04-25,485172,LOSS,-1.0,5.8
2022-04-25,485200,OPEN,0.0,13.7
2022-04-26,486124,LOSS,-1.0,3.9
2022-04-26,486138,LOSS,-1.0,6.4
2022-04-26,486153,LOSS,-1.0,7.4
2022-04-26,486179,LOSS,-1.0,13.9
2022-04-26,486195,LOSS,-1.0,5.3
2022-04-26,486209,LOSS,-1.0,3.8
2022-04-26,486213,LOSS,-1.0,5.5
2022-04-26,486223,LOSS,-1.0,6.8
2022-04-26,486453,LOSS,-1.0,7.3
2022-04-26,486532,LOSS,-1.0,10.5
2022-04-26,486581,LOSS,-1.0,5.6
2022-04-26,486630,OPEN,0.0,11.0
2022-04-27,487540,LOSS,-1.0,9.5
2022-04-27,487568,LOSS,-1.0,5.6
2022-04-27,487588,LOSS,-1.0,7.0
2022-04-27,487617,LOSS,-1.0,12.0
2022-04-27,487701,LOSS,-1.0,20.0
2022-04-27,487726,LOSS,-1.0,9.6
2022-04-27,487866,LOSS,-1.0,7.4
2022-04-27,487881,LOSS,-1.0,5.8
2022-04-27,487892,LOSS,-1.0,4.8
2022-04-27,487923,LOSS,-1.0,10.3
2022-04-27,487942,LOSS,-1.0,11.4
2022-04-27,487977,LOSS,-1.0,14.0
2022-04-27,488043,LOSS,-1.0,14.9
2022-04-27,488065,OPEN,0.0,9.5
2022-04-28,488962,WIN,4.124,8.9
2022-05-02,491822,LOSS,-1.0,2.4
2022-05-02,491834,WIN,8.348,4.6
2022-05-03,493258,LOSS,-1.0,6.6
2022-05-03,493285,LOSS,-1.0,4.9
2022-05-03,493314,LOSS,-1.0,4.0
2022-05-03,493321,WIN,2.624,8.5
2022-05-04,494691,LOSS,-1.0,4.1
2022-05-04,494741,LOSS,-1.0,7.1
2022-05-04,494773,WIN,5.0,4.2
2022-05-05,496161,LOSS,-1.0,4.5
2022-05-05,496166,LOSS,-1.0,5.4
2022-05-05,496183,LOSS,-1.0,10.1
2022-05-05,496210,LOSS,-1.0,9.4
2022-05-05,496250,LOSS,-1.0,8.0
2022-05-05,496282,LOSS,-1.0,8.7
2022-05-05,496451,LOSS,-1.0,12.7
2022-05-05,496475,LOSS,-1.0,8.0
2022-05-05,496593,LOSS,-1.0,16.5
2022-05-05,496605,LOSS,-1.0,5.2
2022-05-05,496617,LOSS,-1.0,9.7
2022-05-05,496667,LOSS,-1.0,7.4
2022-05-05,496686,LOSS,-1.0,6.7
2022-05-06,497573,LOSS,-1.0,5.2
2022-05-06,497586,LOSS,-1.0,9.5
2022-05-06,497615,LOSS,-1.0,11.9
2022-05-06,497626,WIN,5.354,9.6
2022-05-09,499045,WIN,4.47,6.6
2022-05-10,500487,LOSS,-1.0,6.3
2022-05-10,500496,LOSS,-1.0,4.6
2022-05-10,500518,LOSS,-1.0,10.1
2022-05-10,500545,LOSS,-1.0,7.2
2022-05-10,500561,LOSS,-1.0,4.8
2022-05-10,500571,LOSS,-1.0,5.6
2022-05-10,500647,LOSS,-1.0,6.0
2022-05-10,500659,LOSS,-1.0,4.3
2022-05-10,500669,LOSS,-1.0,3.5
2022-05-10,500913,LOSS,-1.0,3.9
2022-05-10,500937,LOSS,-1.0,6.8
2022-05-10,500957,LOSS,-1.0,12.1
2022-05-10,500978,OPEN,0.0,10.9
2022-05-12,503294,LOSS,-1.0,5.2
2022-05-12,503313,LOSS,-1.0,2.5
2022-05-12,503381,LOSS,-1.0,27.7
2022-05-12,503481,LOSS,-1.0,11.8
2022-05-12,503514,LOSS,-1.0,4.9
2022-05-12,503651,LOSS,-1.0,9.7
2022-05-12,503780,LOSS,-1.0,14.0
2022-05-18,509051,LOSS,-1.0,3.3
2022-05-18,509059,LOSS,-1.0,5.8
2022-05-18,509089,LOSS,-1.0,5.1
2022-05-18,509102,LOSS,-1.0,4.7
2022-05-18,509108,LOSS,-1.0,5.6
2022-05-18,509121,LOSS,-1.0,5.2
2022-05-18,509140,LOSS,-1.0,9.0
2022-05-18,509170,LOSS,-1.0,4.6
2022-05-18,509542,LOSS,-1.0,8.5
2022-05-18,509565,LOSS,-1.0,2.5
2022-05-18,509577,LOSS,-1.0,3.7
2022-05-19,510516,WIN,7.787,4.7
2022-05-25,516202,LOSS,-1.0,6.8
2022-05-25,516253,LOSS,-1.0,4.0
2022-05-25,516306,LOSS,-1.0,8.7
2022-05-25,516356,LOSS,-1.0,5.2
2022-05-25,516369,LOSS,-1.0,7.9
2022-05-25,516470,LOSS,-1.0,13.1
2022-05-25,516508,LOSS,-1.0,6.2
2022-05-25,516518,LOSS,-1.0,4.7
2022-05-25,516529,LOSS,-1.0,2.6
2022-05-25,516537,LOSS,-1.0,9.5
2022-05-25,516564,LOSS,-1.0,8.5
2022-05-25,516599,OPEN,0.0,5.3
2022-05-26,517617,LOSS,-1.0,2.7
2022-05-26,517620,LOSS,-1.0,3.4
2022-05-26,517643,LOSS,-1.0,1.4
2022-05-26,517650,WIN,7.058,5.2
2022-05-27,519163,LOSS,-1.0,3.3
2022-05-27,519212,LOSS,-1.0,5.3
2022-05-27,519228,LOSS,-1.0,2.8
2022-05-27,519261,LOSS,-1.0,4.2
2022-05-27,519286,LOSS,-1.0,6.2
2022-05-27,519340,OPEN,0.0,4.1
2022-05-31,521961,LOSS,-1.0,7.1
2022-05-31,522090,LOSS,-1.0,9.3
2022-05-31,522149,LOSS,-1.0,6.3
2022-05-31,522208,LOSS,-1.0,8.2
2022-05-31,522309,LOSS,-1.0,10.9
2022-05-31,522324,LOSS,-1.0,8.4
2022-05-31,522334,OPEN,0.0,9.7
2022-06-01,523340,WIN,4.822,4.5
2022-06-03,526284,LOSS,-1.0,5.0
2022-06-03,526432,LOSS,-1.0,2.3
2022-06-03,526451,LOSS,-1.0,2.0
2022-06-03,526466,LOSS,-1.0,3.3
2022-06-03,526474,LOSS,-1.0,4.0
2022-06-03,526497,LOSS,-1.0,6.6
2022-06-03,526569,LOSS,-1.0,4.6
2022-06-03,526606,OPEN,0.0,3.1
2022-06-07,529083,WIN,5.65,4.0
2022-06-08,530663,LOSS,-1.0,3.2
2022-06-08,530686,WIN,6.359,3.9
2022-06-09,531969,LOSS,-1.0,5.7
2022-06-09,532072,WIN,6.604,4.8
2022-06-13,534854,LOSS,-1.0,5.7
2022-06-13,534867,LOSS,-1.0,8.1
2022-06-13,534918,LOSS,-1.0,3.0
2022-06-13,534928,LOSS,-1.0,7.6
2022-06-13,535134,LOSS,-1.0,7.8
2022-06-13,535171,LOSS,-1.0,9.8
2022-06-13,535286,LOSS,-1.0,6.5
2022-06-13,535302,LOSS,-1.0,4.6
2022-06-13,535311,LOSS,-1.0,9.4
2022-06-13,535331,LOSS,-1.0,3.6
2022-06-13,535341,OPEN,0.0,4.0
2022-06-16,539115,LOSS,-1.0,4.2
2022-06-16,539152,LOSS,-1.0,11.9
2022-06-16,539190,LOSS,-1.0,11.5
2022-06-16,539209,LOSS,-1.0,7.7
2022-06-16,539462,LOSS,-1.0,7.7
2022-06-16,539499,LOSS,-1.0,6.1
2022-06-16,539503,WIN,5.556,8.1
2022-06-17,540563,LOSS,-1.0,6.7
2022-06-17,540593,LOSS,-1.0,4.0
2022-06-17,540604,LOSS,-1.0,8.4
2022-06-17,540900,LOSS,-1.0,6.6
2022-06-17,540907,LOSS,-1.0,3.8
2022-06-17,540923,LOSS,-1.0,12.8
2022-06-17,541015,LOSS,-1.0,6.0
2022-06-17,541021,LOSS,-1.0,7.1
2022-06-17,541046,LOSS,-1.0,11.8
2022-06-17,541074,OPEN,0.0,5.4
2022-06-21,543424,WIN,3.964,5.5
2022-06-22,544883,LOSS,-1.0,8.1
2022-06-22,544901,WIN,19.655,2.9
2022-06-23,546364,LOSS,-1.0,15.7
2022-06-23,546430,OPEN,0.0,13.0
2022-06-29,552016,LOSS,-1.0,4.9
2022-06-29,552038,LOSS,-1.0,3.7
2022-06-29,552047,LOSS,-1.0,4.9
2022-06-29,552463,LOSS,-1.0,1.4
2022-06-29,552470,LOSS,-1.0,4.7
2022-06-29,552478,LOSS,-1.0,9.8
2022-06-29,552499,LOSS,-1.0,5.2
2022-06-29,552515,LOSS,-1.0,8.2
2022-06-29,552563,LOSS,-1.0,3.3
2022-06-29,552579,LOSS,-1.0,5.3
2022-06-29,552588,OPEN,0.0,4.2
2022-07-01,554909,LOSS,-1.0,11.6
2022-07-01,554944,LOSS,-1.0,3.2
2022-07-01,554947,LOSS,-1.0,5.2
2022-07-01,555229,LOSS,-1.0,7.5
2022-07-01,555244,LOSS,-1.0,4.3
2022-07-01,555256,LOSS,-1.0,5.1
2022-07-01,555266,LOSS,-1.0,8.1
2022-07-01,555305,LOSS,-1.0,3.7
2022-07-01,555315,LOSS,-1.0,3.0
2022-07-01,555329,LOSS,-1.0,7.3
2022-07-01,555354,LOSS,-1.0,13.1
2022-07-01,555363,LOSS,-1.0,7.7
2022-07-01,555379,LOSS,-1.0,4.6
2022-07-01,555419,OPEN,0.0,6.3
2022-07-04,556334,LOSS,-1.0,8.5
2022-07-04,556356,LOSS,-1.0,5.1
2022-07-04,556377,LOSS,-1.0,1.3
2022-07-04,556396,LOSS,-1.0,4.9
2022-07-04,556423,WIN,6.182,3.3
2022-07-06,559179,WIN,1.325,11.4
2022-07-08,562064,LOSS,-1.0,3.8
2022-07-08,562073,LOSS,-1.0,4.9
2022-07-08,562086,LOSS,-1.0,5.1
2022-07-08,562139,OPEN,0.0,25.7
2022-07-11,563484,LOSS,-1.0,3.9
2022-07-11,563500,LOSS,-1.0,3.1
2022-07-11,563513,LOSS,-1.0,10.0
2022-07-11,563545,LOSS,-1.0,6.9
2022-07-11,563571,LOSS,-1.0,7.4
2022-07-11,563689,LOSS,-1.0,4.5
2022-07-11,563701,LOSS,-1.0,1.9
2022-07-11,563730,LOSS,-1.0,3.9
2022-07-11,563811,LOSS,-1.0,6.3
2022-07-11,563863,LOSS,-1.0,8.9
2022-07-11,563869,LOSS,-1.0,4.0
2022-07-11,563889,LOSS,-1.0,11.0
2022-07-11,563917,LOSS,-1.0,4.6
2022-07-11,563925,OPEN,0.0,6.6
2022-07-12,564976,LOSS,-1.0,8.1
2022-07-12,565014,LOSS,-1.0,8.0
2022-07-12,565023,LOSS,-1.0,4.3
2022-07-12,565033,LOSS,-1.0,3.3
2022-07-12,565080,LOSS,-1.0,5.5
2022-07-12,565091,LOSS,-1.0,5.5
2022-07-12,565117,WIN,7.531,6.4
2022-07-14,567788,LOSS,-1.0,6.3
2022-07-14,567826,LOSS,-1.0,3.8
2022-07-14,567841,WIN,2.318,10.7
2022-07-15,569212,LOSS,-1.0,7.7
2022-07-15,569238,LOSS,-1.0,5.2
2022-07-15,569252,LOSS,-1.0,11.6
2022-07-15,569279,WIN,5.532,4.7
2022-07-18,570651,LOSS,-1.0,5.6
2022-07-18,570657,WIN,10.071,2.8
2022-07-20,573527,LOSS,-1.0,3.5
2022-07-20,573553,WIN,2.143,6.3
2022-07-22,576406,LOSS,-1.0,7.2
2022-07-22,576493,WIN,5.086,15.1
2022-07-26,579253,LOSS,-1.0,3.2
2022-07-26,579306,LOSS,-1.0,3.1
2022-07-26,579384,LOSS,-1.0,7.9
2022-07-26,579430,LOSS,-1.0,3.7
2022-07-26,579473,LOSS,-1.0,5.0
2022-07-26,579509,LOSS,-1.0,8.0
2022-07-26,579565,LOSS,-1.0,5.3
2022-07-26,579598,LOSS,-1.0,8.9
2022-07-26,579627,LOSS,-1.0,7.1
2022-08-02,586448,LOSS,-1.0,3.8
2022-08-02,586466,LOSS,-1.0,2.6
2022-08-02,586495,LOSS,-1.0,3.5
2022-08-02,586526,LOSS,-1.0,0.9
2022-08-02,586533,LOSS,-1.0,4.0
2022-08-02,586553,LOSS,-1.0,5.2
2022-08-02,586785,LOSS,-1.0,10.8
2022-08-02,586806,LOSS,-1.0,8.1
2022-08-02,586823,LOSS,-1.0,6.0
2022-08-02,586844,LOSS,-1.0,3.3
2022-08-02,586897,LOSS,-1.0,9.9
2022-08-02,586914,OPEN,0.0,7.2
2022-08-05,590737,LOSS,-1.0,4.4
2022-08-05,590759,LOSS,-1.0,3.9
2022-08-05,590877,LOSS,-1.0,7.2
2022-08-05,591148,LOSS,-1.0,6.0
2022-08-05,591183,OPEN,0.0,19.3
2022-08-10,595182,WIN,1.8,6.0
2022-08-11,596483,WIN,4.488,4.3
2022-08-12,598009,LOSS,-1.0,3.1
2022-08-12,598031,LOSS,-1.0,3.6
2022-08-12,598047,LOSS,-1.0,4.1
2022-08-12,598059,LOSS,-1.0,4.4
2022-08-12,598170,LOSS,-1.0,3.8
2022-08-12,598199,LOSS,-1.0,4.6
2022-08-12,598221,LOSS,-1.0,8.9
2022-08-12,598239,LOSS,-1.0,4.6
2022-08-12,598270,LOSS,-1.0,3.4
2022-08-12,598285,LOSS,-1.0,8.5
2022-08-12,598326,LOSS,-1.0,4.4
2022-08-12,598334,LOSS,-1.0,4.2
2022-08-12,598355,LOSS,-1.0,4.4
2022-08-12,598375,LOSS,-1.0,3.4
2022-08-12,598381,LOSS,-1.0,4.9
2022-08-12,598406,LOSS,-1.0,15.3
2022-08-12,598439,LOSS,-1.0,0.6
2022-08-12,598443,LOSS,-1.0,5.3
2022-08-12,598452,OPEN,0.0,6.9
2022-08-15,599392,LOSS,-1.0,7.3
2022-08-15,599421,LOSS,-1.0,2.8
2022-08-15,599456,LOSS,-1.0,4.2
2022-08-15,599466,LOSS,-1.0,3.5
2022-08-15,599485,LOSS,-1.0,2.8
2022-08-15,599499,LOSS,-1.0,3.4
2022-08-15,599505,LOSS,-1.0,3.3
2022-08-15,599533,LOSS,-1.0,3.2
2022-08-15,599554,LOSS,-1.0,4.0
2022-08-15,599573,LOSS,-1.0,4.1
2022-08-15,599587,LOSS,-1.0,2.7
2022-08-15,599632,LOSS,-1.0,10.2
2022-08-15,599868,LOSS,-1.0,2.9
2022-08-15,599900,LOSS,-1.0,3.0
2022-08-15,599911,LOSS,-1.0,3.8
2022-08-16,600878,LOSS,-1.0,5.0
2022-08-16,600981,LOSS,-1.0,8.3
2022-08-16,601126,WIN,9.064,4.7
2022-08-18,603670,LOSS,-1.0,3.6
2022-08-18,603676,LOSS,-1.0,3.6
2022-08-18,603710,LOSS,-1.0,3.2
2022-08-18,603713,LOSS,-1.0,5.1
2022-08-18,603741,LOSS,-1.0,8.4
2022-08-18,604142,LOSS,-1.0,3.3
2022-08-18,604148,LOSS,-1.0,6.3
2022-08-22,606577,LOSS,-1.0,5.8
2022-08-22,606595,LOSS,-1.0,2.5
2022-08-22,606614,LOSS,-1.0,5.3
2022-08-22,606642,LOSS,-1.0,6.0
2022-08-22,606654,LOSS,-1.0,2.1
2022-08-22,606667,LOSS,-1.0,4.4
2022-08-22,606678,LOSS,-1.0,17.1
2022-08-22,607019,LOSS,-1.0,3.4
2022-08-22,607032,LOSS,-1.0,7.2
2022-08-22,607088,LOSS,-1.0,2.2
2022-08-22,607098,LOSS,-1.0,7.3
2022-08-22,607121,OPEN,0.0,8.2
2022-08-23,607973,LOSS,-1.0,4.2
2022-08-23,608008,LOSS,-1.0,5.6
2022-08-23,608045,LOSS,-1.0,9.4
2022-08-23,608055,LOSS,-1.0,17.0
2022-08-23,608230,LOSS,-1.0,3.6
2022-08-23,608363,WIN,4.246,6.9
2022-08-24,609411,LOSS,-1.0,6.9
2022-08-24,609700,LOSS,-1.0,4.4
2022-08-24,609810,LOSS,-1.0,8.1
2022-08-24,609861,LOSS,-1.0,5.2
2022-08-24,609872,LOSS,-1.0,4.1
2022-08-24,609892,WIN,28.476,2.1
2022-08-26,612283,LOSS,-1.0,2.1
2022-08-26,612295,LOSS,-1.0,2.0
2022-08-26,612300,LOSS,-1.0,3.4
2022-08-26,612311,LOSS,-1.0,3.4
2022-08-26,612340,WIN,3.947,5.7
2022-09-01,618053,LOSS,-1.0,3.1
2022-09-01,618068,LOSS,-1.0,3.3
2022-09-01,618077,LOSS,-1.0,2.6
2022-09-01,618090,WIN,2.425,7.3
2022-09-05,620906,WIN,7.434,5.3
2022-09-14,631005,WIN,1.942,10.4
2022-09-15,632392,LOSS,-1.0,5.3
2022-09-15,632415,LOSS,-1.0,2.2
2022-09-15,632436,LOSS,-1.0,5.7
2022-09-15,632448,LOSS,-1.0,5.0
2022-09-15,632461,WIN,2.714,7.0
2022-09-16,633823,LOSS,-1.0,3.4
2022-09-16,633845,LOSS,-1.0,6.2
2022-09-16,633858,LOSS,-1.0,5.6
2022-09-16,633935,WIN,9.806,6.2
2022-09-19,635247,LOSS,-1.0,3.1
2022-09-19,635258,LOSS,-1.0,4.0
2022-09-19,635284,LOSS,-1.0,4.2
2022-09-19,635305,OPEN,0.0,9.5
2022-09-20,636684,LOSS,-1.0,7.0
2022-09-20,636811,LOSS,-1.0,6.2
2022-09-20,636826,LOSS,-1.0,7.3
2022-09-20,636925,LOSS,-1.0,4.2
2022-09-20,636990,LOSS,-1.0,16.0
2022-09-20,637021,LOSS,-1.0,4.6
2022-09-20,637042,LOSS,-1.0,6.5
2022-09-20,637065,LOSS,-1.0,10.4
2022-09-20,637082,LOSS,-1.0,5.7
2022-09-20,637126,LOSS,-1.0,6.5
2022-09-20,637147,OPEN,0.0,11.4
2022-09-21,638132,LOSS,-1.0,8.7
2022-09-21,638159,LOSS,-1.0,25.3
2022-09-21,638676,OPEN,0.0,5.4
2022-09-23,641037,LOSS,-1.0,7.6
2022-09-23,641052,LOSS,-1.0,22.9
2022-09-23,641086,LOSS,-1.0,2.0
2022-09-23,641093,LOSS,-1.0,8.4
2022-09-23,641145,LOSS,-1.0,8.1
2022-09-23,641166,LOSS,-1.0,10.6
2022-09-23,641200,LOSS,-1.0,4.3
2022-09-23,641211,LOSS,-1.0,10.7
2022-09-23,641471,LOSS,-1.0,6.7
2022-09-23,641516,LOSS,-1.0,7.3
2022-09-23,641527,OPEN,0.0,5.8
2022-09-28,645364,LOSS,-1.0,6.3
2022-09-28,645381,LOSS,-1.0,8.7
2022-09-28,645510,WIN,11.333,5.1
2022-09-29,646764,LOSS,-1.0,4.3
2022-09-29,646772,LOSS,-1.0,3.7
2022-09-29,646777,LOSS,-1.0,4.5
2022-09-29,646803,LOSS,-1.0,12.1
2022-09-29,646815,LOSS,-1.0,9.1
2022-09-29,646826,LOSS,-1.0,7.9
2022-09-29,646855,WIN,15.578,4.5
2022-10-06,653943,LOSS,-1.0,4.7
2022-10-06,653977,LOSS,-1.0,10.8
2022-10-06,654069,LOSS,-1.0,8.5
2022-10-06,654085,LOSS,-1.0,10.5
2022-10-06,654189,LOSS,-1.0,10.4
2022-10-06,654252,LOSS,-1.0,6.6
2022-10-06,654269,LOSS,-1.0,7.7
2022-10-06,654295,LOSS,-1.0,6.0
2022-10-06,654363,LOSS,-1.0,7.2
2022-10-06,654390,LOSS,-1.0,7.1
2022-10-06,654402,LOSS,-1.0,8.2
2022-10-07,655402,WIN,5.3,7.0
2022-10-10,656776,LOSS,-1.0,6.4
2022-10-10,656888,LOSS,-1.0,3.7
2022-10-10,656912,LOSS,-1.0,5.4
2022-10-10,656934,LOSS,-1.0,2.0
2022-10-10,656953,OPEN,0.0,9.4
2022-10-11,658225,WIN,8.61,4.1
2022-10-13,661151,LOSS,-1.0,5.4
2022-10-13,661169,LOSS,-1.0,5.0
2022-10-13,661183,WIN,3.41,8.3
2022-10-14,662609,LOSS,-1.0,10.4
2022-10-14,662688,LOSS,-1.0,3.1
2022-10-14,662708,LOSS,-1.0,4.9
2022-10-14,662744,LOSS,-1.0,5.9
2022-10-14,662749,LOSS,-1.0,3.8
2022-10-14,662756,LOSS,-1.0,10.0
2022-10-14,662884,LOSS,-1.0,10.2
2022-10-14,663012,OPEN,0.0,20.1
2022-10-19,666817,LOSS,-1.0,4.4
2022-10-19,666862,LOSS,-1.0,7.2
2022-10-19,666885,LOSS,-1.0,10.3
2022-10-19,666958,LOSS,-1.0,8.4
2022-10-19,666995,LOSS,-1.0,6.0
2022-10-19,667018,LOSS,-1.0,5.9
2022-10-19,667038,LOSS,-1.0,7.5
2022-10-19,667083,LOSS,-1.0,9.3
2022-10-19,667099,LOSS,-1.0,7.6
2022-10-19,667126,OPEN,0.0,8.0
2022-10-21,669720,LOSS,-1.0,6.6
2022-10-21,669743,WIN,4.848,3.3
2022-10-24,671248,LOSS,-1.0,5.2
2022-10-24,671262,LOSS,-1.0,5.5
2022-10-24,671274,LOSS,-1.0,11.8
2022-10-24,671334,WIN,4.477,11.1
2022-10-25,672575,LOSS,-1.0,9.1
2022-10-25,672597,LOSS,-1.0,2.4
2022-10-25,672617,LOSS,-1.0,3.3
2022-10-25,672625,LOSS,-1.0,2.6
2022-10-25,672639,LOSS,-1.0,3.7
2022-10-25,672669,LOSS,-1.0,10.7
2022-10-25,672869,LOSS,-1.0,2.5
2022-10-25,672886,LOSS,-1.0,2.4
2022-10-25,672897,LOSS,-1.0,4.0
2022-10-25,672921,LOSS,-1.0,6.6
2022-10-25,672936,WIN,6.648,5.4
2022-10-27,675466,LOSS,-1.0,6.8
2022-10-27,675618,LOSS,-1.0,3.2
2022-10-27,675627,LOSS,-1.0,3.6
2022-10-27,675651,LOSS,-1.0,9.8
2022-10-27,675710,LOSS,-1.0,5.6
2022-10-27,675729,LOSS,-1.0,2.9
2022-10-27,675805,LOSS,-1.0,8.2
2022-10-27,675812,LOSS,-1.0,9.2
2022-10-27,675832,LOSS,-1.0,17.7
2022-10-27,675839,LOSS,-1.0,19.3
2022-10-27,675857,LOSS,-1.0,11.5
2022-10-27,675899,LOSS,-1.0,5.9
2022-10-27,675963,LOSS,-1.0,12.0
2022-10-27,676008,LOSS,-1.0,5.8
2022-10-28,676922,LOSS,-1.0,13.8
2022-10-28,676965,OPEN,0.0,10.5
2022-10-31,678344,LOSS,-1.0,5.1
2022-10-31,678352,LOSS,-1.0,4.9
2022-10-31,678396,LOSS,-1.0,3.7
2022-10-31,678408,LOSS,-1.0,2.2
2022-10-31,678417,LOSS,-1.0,3.9
2022-10-31,678440,LOSS,-1.0,6.5
2022-10-31,678667,LOSS,-1.0,5.7
2022-10-31,678683,LOSS,-1.0,2.5
2022-10-31,678691,LOSS,-1.0,5.6
2022-10-31,678744,LOSS,-1.0,5.3
2022-10-31,678794,LOSS,-1.0,14.2
2022-10-31,678826,LOSS,-1.0,8.4
2022-10-31,678846,LOSS,-1.0,1.8
2022-10-31,678851,OPEN,0.0,7.5
2022-11-02,681224,WIN,8.857,2.8
2022-11-03,682663,LOSS,-1.0,7.2
2022-11-03,682682,LOSS,-1.0,9.3
2022-11-03,682703,LOSS,-1.0,14.3
2022-11-03,682734,LOSS,-1.0,7.7
2022-11-03,682748,LOSS,-1.0,3.8
2022-11-03,682755,LOSS,-1.0,4.8
2022-11-03,682776,LOSS,-1.0,6.7
2022-11-03,682812,LOSS,-1.0,5.1
2022-11-03,682824,LOSS,-1.0,7.8
2022-11-03,682835,LOSS,-1.0,3.6
2022-11-03,682864,LOSS,-1.0,4.3
2022-11-03,682932,LOSS,-1.0,6.2
2022-11-03,682996,OPEN,0.0,9.9
2022-11-08,686899,LOSS,-1.0,3.8
2022-11-08,686921,LOSS,-1.0,8.6
2022-11-08,686972,LOSS,-1.0,10.4
2022-11-08,687011,WIN,3.036,13.9
2022-11-09,688327,LOSS,-1.0,4.0
2022-11-09,688347,LOSS,-1.0,6.4
2022-11-09,688362,LOSS,-1.0,4.8
2022-11-09,688450,LOSS,-1.0,6.0
2022-11-09,688498,LOSS,-1.0,11.0
2022-11-09,688515,LOSS,-1.0,13.5
2022-11-09,688534,LOSS,-1.0,5.0
2022-11-09,688710,LOSS,-1.0,5.2
2022-11-09,688775,OPEN,0.0,4.7
2022-11-18,698465,WIN,5.325,7.7
2022-11-21,699817,LOSS,-1.0,2.5
2022-11-21,699822,LOSS,-1.0,10.1
2022-11-21,699879,LOSS,-1.0,9.4
2022-11-21,699899,LOSS,-1.0,11.5
2022-11-21,699916,LOSS,-1.0,2.6
2022-11-21,699932,LOSS,-1.0,8.4
2022-11-21,699953,LOSS,-1.0,5.5
2022-11-21,699975,LOSS,-1.0,5.1
2022-11-21,699978,LOSS,-1.0,3.3
2022-11-21,699987,LOSS,-1.0,5.9
2022-11-21,699999,OPEN,0.0,11.6
2022-11-22,701255,LOSS,-1.0,3.9
2022-11-22,701284,WIN,3.425,4.0
2022-11-24,704203,LOSS,-1.0,11.1
2022-11-24,704353,LOSS,-1.0,8.9
2022-11-24,704404,OPEN,0.0,5.0
2022-11-25,705732,LOSS,-1.0,10.8
2022-11-25,705917,LOSS,-1.0,7.5
2022-11-25,705927,LOSS,-1.0,2.2
2022-11-25,705950,LOSS,-1.0,10.6
2022-11-25,706001,OPEN,0.0,6.0
2022-12-05,714240,LOSS,-1.0,10.1
2022-12-05,714392,WIN,5.695,9.5
2022-12-06,715634,LOSS,-1.0,4.2
2022-12-06,715652,WIN,5.397,6.3
2022-12-07,717051,LOSS,-1.0,4.0
2022-12-07,717073,WIN,1.79,11.9
2022-12-15,725717,LOSS,-1.0,3.9
2022-12-15,725736,LOSS,-1.0,5.4
2022-12-15,725755,LOSS,-1.0,5.0
2022-12-15,725779,LOSS,-1.0,3.8
2022-12-15,725790,LOSS,-1.0,8.1
2022-12-15,725808,LOSS,-1.0,4.2
2022-12-15,725813,WIN,10.547,6.4
2022-12-20,730011,LOSS,-1.0,5.2
2022-12-20,730346,WIN,9.527,5.5
2022-12-29,739919,WIN,5.171,3.5
2022-12-30,741353,LOSS,-1.0,2.6
2022-12-30,741381,WIN,5.778,4.5
2023-01-02,742760,LOSS,-1.0,13.1
2023-01-02,742795,LOSS,-1.0,2.9
2023-01-02,742808,LOSS,-1.0,10.3
2023-01-02,743291,LOSS,-1.0,2.7
2023-01-02,743316,LOSS,-1.0,1.0
2023-01-02,743334,LOSS,-1.0,1.9
2023-01-02,743340,OPEN,0.0,4.1
2023-01-03,744186,LOSS,-1.0,2.1
2023-01-03,744262,LOSS,-1.0,5.7
2023-01-03,744274,LOSS,-1.0,6.6
2023-01-03,744292,LOSS,-1.0,10.4
2023-01-03,744307,LOSS,-1.0,11.1
2023-01-03,744389,LOSS,-1.0,4.0
2023-01-03,744424,LOSS,-1.0,7.9
2023-01-03,744442,OPEN,0.0,7.3
2023-01-05,747043,LOSS,-1.0,6.5
2023-01-05,747096,LOSS,-1.0,6.2
2023-01-05,747422,LOSS,-1.0,9.9
2023-01-05,747473,LOSS,-1.0,9.2
2023-01-05,747496,LOSS,-1.0,9.1
2023-01-05,747503,LOSS,-1.0,4.1
2023-01-05,747527,LOSS,-1.0,27.6
2023-01-05,747557,LOSS,-1.0,5.1
2023-01-05,747577,OPEN,0.0,3.8
2023-01-06,748495,LOSS,-1.0,5.6
2023-01-06,748509,LOSS,-1.0,3.8
2023-01-06,748527,LOSS,-1.0,2.7
2023-01-06,748616,LOSS,-1.0,16.3
2023-01-06,748764,LOSS,-1.0,1.6
2023-01-06,748780,LOSS,-1.0,3.3
2023-01-06,748808,LOSS,-1.0,3.2
2023-01-06,748867,WIN,2.34,10.6
2023-01-12,754196,LOSS,-1.0,1.8
2023-01-12,754211,LOSS,-1.0,3.5
2023-01-12,754248,LOSS,-1.0,6.1
2023-01-12,754281,LOSS,-1.0,1.4
2023-01-12,754287,LOSS,-1.0,8.4
2023-01-12,754322,WIN,4.185,5.4
2023-01-16,757071,LOSS,-1.0,3.2
2023-01-16,757083,LOSS,-1.0,2.1
2023-01-16,757092,LOSS,-1.0,4.8
2023-01-16,757099,LOSS,-1.0,6.4
2023-01-16,757124,LOSS,-1.0,5.8
2023-01-16,757159,LOSS,-1.0,5.1
2023-01-16,757182,LOSS,-1.0,1.8
2023-01-16,757194,OPEN,0.0,3.6
2023-01-20,762799,WIN,1.261,8.8
2023-01-26,768526,WIN,3.081,3.7
2023-01-27,770034,LOSS,-1.0,11.2
2023-01-27,770257,LOSS,-1.0,4.8
2023-01-27,770319,LOSS,-1.0,10.0
2023-01-27,770415,OPEN,0.0,6.1
2023-01-30,771349,WIN,4.617,4.7
2023-01-31,772758,LOSS,-1.0,5.5
2023-01-31,772836,LOSS,-1.0,6.1
2023-01-31,772867,LOSS,-1.0,4.4
2023-01-31,772874,WIN,6.681,7.2
2023-02-02,775639,LOSS,-1.0,2.9
2023-02-02,775652,LOSS,-1.0,8.8
2023-02-02,775684,LOSS,-1.0,6.7
2023-02-02,775765,LOSS,-1.0,4.0
2023-02-02,775780,LOSS,-1.0,9.1
2023-02-02,775836,LOSS,-1.0,2.9
2023-02-02,775862,LOSS,-1.0,4.2
2023-02-02,776013,LOSS,-1.0,15.7
2023-02-02,776050,LOSS,-1.0,24.2
2023-02-02,776089,LOSS,-1.0,12.6
2023-02-02,776119,OPEN,0.0,10.5
2023-02-06,778532,LOSS,-1.0,2.6
2023-02-06,778540,LOSS,-1.0,4.3
2023-02-06,778565,LOSS,-1.0,3.9
2023-02-06,778569,LOSS,-1.0,7.0
2023-02-06,778617,LOSS,-1.0,4.8
2023-02-06,778629,LOSS,-1.0,9.0
2023-02-06,778666,LOSS,-1.0,6.1
2023-02-06,778713,LOSS,-1.0,5.7
2023-02-06,778741,LOSS,-1.0,3.0
2023-02-06,778760,LOSS,-1.0,4.5
2023-02-06,778901,LOSS,-1.0,3.8
2023-02-06,778928,LOSS,-1.0,12.9
2023-02-06,778954,LOSS,-1.0,5.6
2023-02-06,778999,LOSS,-1.0,6.5
2023-02-06,779008,LOSS,-1.0,7.7
2023-02-06,779067,LOSS,-1.0,3.1
2023-02-07,779930,LOSS,-1.0,5.9
2023-02-07,779952,LOSS,-1.0,8.6
2023-02-07,779960,LOSS,-1.0,3.8
2023-02-07,779987,LOSS,-1.0,12.3
2023-02-07,780306,LOSS,-1.0,5.1
2023-02-07,780384,LOSS,-1.0,4.9
2023-02-07,780409,LOSS,-1.0,5.7
2023-02-07,780425,OPEN,0.0,8.9
2023-02-15,788520,LOSS,-1.0,4.6
2023-02-15,788560,LOSS,-1.0,6.1
2023-02-15,788584,LOSS,-1.0,8.8
2023-02-15,788879,LOSS,-1.0,3.2
2023-02-15,788921,LOSS,-1.0,10.7
2023-02-15,788972,LOSS,-1.0,16.8
2023-02-15,789053,OPEN,0.0,9.9
2023-02-17,791400,LOSS,-1.0,7.8
2023-02-17,791659,LOSS,-1.0,1.5
2023-02-17,791671,LOSS,-1.0,2.6
2023-02-17,791691,LOSS,-1.0,3.2
2023-02-17,791715,LOSS,-1.0,9.4
2023-02-17,791742,WIN,8.263,5.7
2023-02-21,793792,WIN,4.742,3.1
2023-02-22,794803,LOSS,-1.0,5.2
2023-02-22,794856,LOSS,-1.0,4.0
2023-02-22,794870,LOSS,-1.0,1.6
2023-02-22,794880,LOSS,-1.0,3.2
2023-02-22,794886,LOSS,-1.0,2.7
2023-02-22,794890,LOSS,-1.0,2.0
2023-02-22,794913,LOSS,-1.0,2.7
2023-02-22,794918,LOSS,-1.0,5.7
2023-02-22,794938,LOSS,-1.0,6.8
2023-02-22,794966,LOSS,-1.0,10.5
2023-02-22,795003,LOSS,-1.0,4.9
2023-02-22,795028,LOSS,-1.0,2.0
2023-02-22,795035,LOSS,-1.0,4.6
2023-02-22,795067,OPEN,0.0,4.0
2023-02-23,795827,LOSS,-1.0,7.5
2023-02-23,795864,LOSS,-1.0,5.5
2023-02-23,795926,LOSS,-1.0,2.5
2023-02-23,795954,LOSS,-1.0,2.2
2023-02-23,795976,LOSS,-1.0,6.7
2023-02-24,796820,LOSS,-1.0,2.9
2023-02-24,796843,LOSS,-1.0,4.0
2023-02-24,796885,LOSS,-1.0,5.0
2023-02-24,797056,LOSS,-1.0,3.4
2023-02-24,797065,LOSS,-1.0,3.7
2023-02-24,797080,LOSS,-1.0,2.9
2023-02-24,797088,LOSS,-1.0,3.3
2023-02-24,797117,LOSS,-1.0,6.3
2023-02-24,797124,LOSS,-1.0,1.0
2023-02-24,797129,LOSS,-1.0,3.8
2023-02-24,797141,OPEN,0.0,11.2
2023-02-27,797827,WIN,3.588,5.1
2023-02-28,798858,LOSS,-1.0,4.1
2023-02-28,798870,WIN,5.73,3.7
2023-03-02,800909,LOSS,-1.0,5.2
2023-03-02,800928,LOSS,-1.0,5.6
2023-03-02,800950,LOSS,-1.0,3.2
2023-03-02,800981,LOSS,-1.0,5.1
2023-03-02,801049,LOSS,-1.0,5.0
2023-03-02,801060,LOSS,-1.0,0.5
2023-03-02,801088,LOSS,-1.0,10.1
2023-03-02,801114,LOSS,-1.0,2.5
2023-03-02,801140,LOSS,-1.0,4.7
2023-03-02,801158,LOSS,-1.0,6.2
2023-03-02,801180,OPEN,0.0,20.8
2023-03-07,803924,LOSS,-1.0,4.5
2023-03-07,803934,WIN,2.74,5.0
2023-03-14,808970,LOSS,-1.0,4.0
2023-03-14,808997,LOSS,-1.0,9.0
2023-03-14,809008,LOSS,-1.0,5.2
2023-03-14,809045,LOSS,-1.0,1.5
2023-03-14,809055,LOSS,-1.0,4.0
2023-03-14,809062,LOSS,-1.0,7.0
2023-03-14,809069,LOSS,-1.0,3.8
2023-03-14,809094,WIN,5.976,4.1
2023-03-15,809980,LOSS,-1.0,8.6
2023-03-15,810004,LOSS,-1.0,4.0
2023-03-15,810017,LOSS,-1.0,2.1
2023-03-15,810024,LOSS,-1.0,5.2
2023-03-15,810033,LOSS,-1.0,5.7
2023-03-15,810045,LOSS,-1.0,4.4
2023-03-15,810089,LOSS,-1.0,5.8
2023-03-15,810096,LOSS,-1.0,7.7
2023-03-15,810130,LOSS,-1.0,9.0
2023-03-15,810182,LOSS,-1.0,7.4
2023-03-15,810215,LOSS,-1.0,9.1
2023-03-15,810236,LOSS,-1.0,20.8
2023-03-15,810302,LOSS,-1.0,3.8
2023-03-15,810307,LOSS,-1.0,4.4
2023-03-15,810318,OPEN,0.0,14.4
2023-03-20,813003,LOSS,-1.0,5.6
2023-03-20,813080,WIN,7.313,6.7
2023-03-21,814011,WIN,3.514,3.5
2023-03-22,815039,LOSS,-1.0,5.2
2023-03-22,815072,WIN,3.917,3.6
2023-03-24,817158,LOSS,-1.0,20.2
2023-03-24,817180,LOSS,-1.0,6.4
2023-03-24,817253,OPEN,0.0,9.7
2023-03-27,818052,WIN,4.521,4.8
2023-03-29,820043,LOSS,-1.0,8.5
2023-03-29,820094,LOSS,-1.0,2.4
2023-03-29,820103,WIN,3.817,6.0
2023-03-31,822062,LOSS,-1.0,10.2
2023-03-31,822152,LOSS,-1.0,4.9
2023-03-31,822160,LOSS,-1.0,4.6
2023-03-31,822170,LOSS,-1.0,3.7
2023-03-31,822188,LOSS,-1.0,4.4
2023-03-31,822198,LOSS,-1.0,7.3
2023-03-31,822347,LOSS,-1.0,2.8
2023-03-31,822465,OPEN,0.0,7.1
2023-04-04,824149,WIN,6.679,2.8
2023-04-05,825169,LOSS,-1.0,2.7
2023-04-05,825174,LOSS,-1.0,5.5
2023-04-05,825185,LOSS,-1.0,3.5
2023-04-05,825216,LOSS,-1.0,1.2
2023-04-05,825248,LOSS,-1.0,5.7
2023-04-05,825293,LOSS,-1.0,2.7
2023-04-05,825324,LOSS,-1.0,3.1
2023-04-05,825367,LOSS,-1.0,5.0
2023-04-05,825442,LOSS,-1.0,4.2
2023-04-05,825485,LOSS,-1.0,4.4
2023-04-05,825500,LOSS,-1.0,8.4
2023-04-05,825538,LOSS,-1.0,15.0
2023-04-05,825554,LOSS,-1.0,6.6
2023-04-10,827792,WIN,3.156,4.5
2023-04-13,830816,LOSS,-1.0,2.9
2023-04-13,830822,LOSS,-1.0,3.8
2023-04-13,830867,LOSS,-1.0,1.2
2023-04-13,830898,LOSS,-1.0,0.7
2023-04-13,830901,LOSS,-1.0,2.9
2023-04-13,830924,WIN,1.306,3.6
2023-04-19,834892,LOSS,-1.0,7.8
2023-04-19,835103,OPEN,0.0,4.7
2023-04-21,836902,LOSS,-1.0,2.6
2023-04-21,836959,WIN,3.5,7.8
2023-04-24,837922,LOSS,-1.0,4.3
2023-04-24,837993,WIN,3.158,5.7
2023-04-25,838928,LOSS,-1.0,3.4
2023-04-25,838948,LOSS,-1.0,3.4
2023-04-25,838978,LOSS,-1.0,3.1
2023-04-25,838994,LOSS,-1.0,5.9
2023-04-25,839029,LOSS,-1.0,4.2
2023-04-25,839174,LOSS,-1.0,3.2
2023-04-25,839216,LOSS,-1.0,9.4
2023-04-25,839245,LOSS,-1.0,1.8
2023-04-25,839284,LOSS,-1.0,2.6
2023-04-28,841986,LOSS,-1.0,4.5
2023-04-28,842025,LOSS,-1.0,8.3
2023-04-28,842069,LOSS,-1.0,13.7
2023-04-28,842108,LOSS,-1.0,8.7
2023-04-28,842118,LOSS,-1.0,4.2
2023-04-28,842135,LOSS,-1.0,8.8
2023-04-28,842279,WIN,5.272,10.3
2023-05-01,842968,LOSS,-1.0,2.8
2023-05-01,842971,LOSS,-1.0,3.3
2023-05-01,842981,LOSS,-1.0,2.8
2023-05-01,843054,LOSS,-1.0,3.8
2023-05-01,843093,LOSS,-1.0,3.7
2023-05-01,843124,WIN,7.444,2.7
2023-05-10,850041,WIN,2.486,3.7
2023-05-11,851066,LOSS,-1.0,1.3
2023-05-11,851095,LOSS,-1.0,12.1
2023-05-11,851124,LOSS,-1.0,8.1
2023-05-11,851137,LOSS,-1.0,2.3
2023-05-11,851194,LOSS,-1.0,4.6
2023-05-11,851216,LOSS,-1.0,3.8
2023-05-11,851232,LOSS,-1.0,3.5
2023-05-11,851254,LOSS,-1.0,5.6
2023-05-11,851278,LOSS,-1.0,3.0
2023-05-11,851296,LOSS,-1.0,3.2
2023-05-11,851384,LOSS,-1.0,3.3
2023-05-11,851413,LOSS,-1.0,4.7
2023-05-11,851419,OPEN,0.0,5.0
2023-05-16,854234,WIN,5.419,3.1
2023-05-17,855216,LOSS,-1.0,3.9
2023-05-17,855305,LOSS,-1.0,3.0
2023-05-17,855323,LOSS,-1.0,4.5
2023-05-17,855402,LOSS,-1.0,6.7
2023-05-17,855562,OPEN,0.0,5.4
2023-05-18,856224,LOSS,-1.0,3.2
2023-05-18,856262,LOSS,-1.0,4.3
2023-05-18,856296,LOSS,-1.0,2.2
2023-05-18,856303,LOSS,-1.0,3.5
2023-05-18,856328,LOSS,-1.0,9.5
2023-05-18,856415,LOSS,-1.0,7.4
2023-05-18,856549,LOSS,-1.0,8.1
2023-05-18,856563,LOSS,-1.0,3.3
2023-05-18,856580,LOSS,-1.0,5.0
2023-05-22,858258,LOSS,-1.0,3.6
2023-05-22,858342,LOSS,-1.0,5.3
2023-05-22,858625,OPEN,0.0,4.9
2023-05-23,859337,LOSS,-1.0,9.3
2023-05-23,859346,LOSS,-1.0,8.7
2023-05-23,859485,LOSS,-1.0,4.1
2023-05-23,859500,LOSS,-1.0,2.6
2023-05-23,859557,LOSS,-1.0,3.3
2023-05-23,859595,LOSS,-1.0,8.9
2023-05-23,859616,OPEN,0.0,14.6
2023-05-25,861304,LOSS,-1.0,6.6
2023-05-25,861343,LOSS,-1.0,3.9
2023-05-25,861364,LOSS,-1.0,3.3
2023-05-25,861383,LOSS,-1.0,4.0
2023-05-25,861402,LOSS,-1.0,7.8
2023-05-25,861628,OPEN,0.0,4.1
2023-05-30,864286,LOSS,-1.0,1.6
2023-05-30,864346,LOSS,-1.0,6.2
2023-05-30,864367,WIN,5.172,8.7
2023-05-31,865305,LOSS,-1.0,6.0
2023-05-31,865336,LOSS,-1.0,3.6
2023-05-31,865364,LOSS,-1.0,6.7
2023-05-31,865375,LOSS,-1.0,7.9
2023-05-31,865403,LOSS,-1.0,4.2
2023-05-31,865422,LOSS,-1.0,3.6
2023-05-31,865460,LOSS,-1.0,1.9
2023-05-31,865468,LOSS,-1.0,1.0
2023-05-31,865476,LOSS,-1.0,3.6
2023-05-31,865484,LOSS,-1.0,3.6
2023-05-31,865494,LOSS,-1.0,5.8
2023-05-31,865679,LOSS,-1.0,3.3
2023-06-01,866300,LOSS,-1.0,6.9
2023-06-01,866379,LOSS,-1.0,5.4
2023-06-01,866410,WIN,5.058,5.2
2023-06-05,868436,LOSS,-1.0,1.5
2023-06-05,868469,LOSS,-1.0,2.0
2023-06-05,868474,LOSS,-1.0,2.6
2023-06-05,868512,LOSS,-1.0,8.3
2023-06-05,868689,WIN,6.657,3.5
2023-06-07,870422,LOSS,-1.0,3.7
2023-06-07,870440,LOSS,-1.0,3.4
2023-06-07,870450,LOSS,-1.0,3.9
2023-06-07,870470,WIN,6.313,4.8
2023-06-09,872440,LOSS,-1.0,2.7
2023-06-09,872518,LOSS,-1.0,6.1
2023-06-09,872534,LOSS,-1.0,2.3
2023-06-09,872538,LOSS,-1.0,5.3
2023-06-09,872561,LOSS,-1.0,4.3
2023-06-09,872568,LOSS,-1.0,4.5
2023-06-09,872584,LOSS,-1.0,4.7
2023-06-09,872608,LOSS,-1.0,2.8
2023-06-09,872632,LOSS,-1.0,4.2
2023-06-09,872671,LOSS,-1.0,4.3
2023-06-09,872829,LOSS,-1.0,6.1
2023-06-14,875416,WIN,2.4,6.5
2023-06-15,876487,LOSS,-1.0,2.8
2023-06-15,876504,WIN,6.036,5.5
2023-06-19,878422,LOSS,-1.0,4.1
2023-06-19,878444,LOSS,-1.0,4.9
2023-06-19,878497,LOSS,-1.0,4.0
2023-06-19,878504,LOSS,-1.0,6.3
2023-06-19,878531,LOSS,-1.0,6.5
2023-06-19,878616,LOSS,-1.0,3.6
2023-06-19,878636,LOSS,-1.0,3.2
2023-06-19,878657,OPEN,0.0,10.7
2023-06-21,880422,WIN,2.943,3.5
2023-06-22,881378,LOSS,-1.0,2.3
2023-06-22,881398,LOSS,-1.0,4.0
2023-06-22,881418,LOSS,-1.0,0.5
2023-06-22,881423,LOSS,-1.0,2.8
2023-06-22,881432,WIN,3.257,3.5
2023-06-23,882395,LOSS,-1.0,4.1
2023-06-23,882432,LOSS,-1.0,2.3
2023-06-23,882443,LOSS,-1.0,1.8
2023-06-23,882448,LOSS,-1.0,2.8
2023-06-23,882482,LOSS,-1.0,15.0
2023-06-23,882570,LOSS,-1.0,1.8
2023-06-23,882602,LOSS,-1.0,2.1
2023-06-23,882607,OPEN,0.0,4.9
2023-06-28,885480,LOSS,-1.0,4.0
2023-06-28,885491,WIN,8.318,2.2
2023-06-29,886422,WIN,5.6,4.0
2023-06-30,887439,LOSS,-1.0,4.6
2023-06-30,887463,LOSS,-1.0,4.4
2023-06-30,887484,LOSS,-1.0,9.9
2023-06-30,887538,LOSS,-1.0,4.9
2023-06-30,887565,LOSS,-1.0,3.9
2023-06-30,887586,WIN,9.583,3.6
2023-07-03,888454,LOSS,-1.0,5.7
2023-07-03,888470,LOSS,-1.0,2.5
2023-07-03,888502,LOSS,-1.0,3.2
2023-07-03,888511,LOSS,-1.0,0.9
2023-07-03,888517,LOSS,-1.0,3.9
2023-07-03,888540,LOSS,-1.0,3.8
2023-07-03,888545,WIN,10.171,4.1
2023-07-04,889443,LOSS,-1.0,4.1
2023-07-04,889608,LOSS,-1.0,4.7
2023-07-04,889630,LOSS,-1.0,3.6
2023-07-04,889752,OPEN,0.0,4.5
2023-07-05,890487,LOSS,-1.0,0.5
2023-07-05,890517,LOSS,-1.0,3.6
2023-07-05,890521,WIN,0.153,7.2
2023-07-10,893509,WIN,2.451,7.1
2023-07-13,896574,LOSS,-1.0,3.4
2023-07-13,896590,WIN,0.0,9.6
2023-07-14,897618,LOSS,-1.0,11.1
2023-07-14,897639,LOSS,-1.0,3.3
2023-07-14,897651,WIN,7.952,4.2
2023-07-20,901672,LOSS,-1.0,5.0
2023-07-20,901681,LOSS,-1.0,3.2
2023-07-20,901737,LOSS,-1.0,5.4
2023-07-20,901831,LOSS,-1.0,2.5
2023-07-20,901880,LOSS,-1.0,6.3
2023-07-20,901913,LOSS,-1.0,5.4
2023-07-20,901972,LOSS,-1.0,2.9
2023-07-20,901983,LOSS,-1.0,5.0
2023-07-31,908807,LOSS,-1.0,6.0
2023-07-31,908853,WIN,4.686,3.5
2023-08-01,910305,LOSS,-1.0,9.5
2023-08-01,910432,LOSS,-1.0,3.3
2023-08-01,910621,LOSS,-1.0,2.2
2023-08-01,910644,OPEN,0.0,3.8
2023-08-02,911798,LOSS,-1.0,7.0
2023-08-02,911917,LOSS,-1.0,3.4
2023-08-02,911922,LOSS,-1.0,2.0
2023-08-02,911927,LOSS,-1.0,3.3
2023-08-02,911933,LOSS,-1.0,4.6
2023-08-02,912071,LOSS,-1.0,6.4
2023-08-02,912095,LOSS,-1.0,3.7
2023-08-02,912135,LOSS,-1.0,5.9
2023-08-02,912168,LOSS,-1.0,2.4
2023-08-02,912178,OPEN,0.0,7.0
2023-08-03,913163,LOSS,-1.0,3.2
2023-08-03,913172,LOSS,-1.0,6.2
2023-08-03,913186,LOSS,-1.0,8.2
2023-08-03,913258,LOSS,-1.0,1.2
2023-08-03,913262,WIN,19.111,1.8
2023-08-04,914595,LOSS,-1.0,0.5
2023-08-04,914600,LOSS,-1.0,0.5
2023-08-04,914606,LOSS,-1.0,6.7
2023-08-04,914659,LOSS,-1.0,2.9
2023-08-04,914703,LOSS,-1.0,3.7
2023-08-04,914753,LOSS,-1.0,2.1
2023-08-04,914902,LOSS,-1.0,6.4
2023-08-04,914935,WIN,0.0,11.8
2023-08-07,915971,LOSS,-1.0,3.9
2023-08-07,915981,LOSS,-1.0,4.8
2023-08-07,916008,LOSS,-1.0,2.2
2023-08-07,916165,LOSS,-1.0,2.7
2023-08-07,916177,LOSS,-1.0,4.0
2023-08-07,916195,LOSS,-1.0,1.9
2023-08-07,916225,LOSS,-1.0,2.3
2023-08-07,916238,OPEN,0.0,3.7
2023-08-14,923150,LOSS,-1.0,4.0
2023-08-14,923157,WIN,3.578,4.5
2023-08-18,928946,LOSS,-1.0,5.5
2023-08-18,929052,LOSS,-1.0,5.2
2023-08-18,929073,LOSS,-1.0,2.2
2023-08-18,929079,LOSS,-1.0,2.3
2023-08-18,929181,LOSS,-1.0,2.7
2023-08-18,929192,LOSS,-1.0,2.7
2023-08-18,929198,LOSS,-1.0,2.1
2023-08-18,929207,LOSS,-1.0,4.3
2023-08-18,929239,LOSS,-1.0,3.5
2023-08-18,929270,LOSS,-1.0,2.5
2023-08-18,929281,OPEN,0.0,7.1
2023-08-24,934656,LOSS,-1.0,4.2
2023-08-24,934669,LOSS,-1.0,3.4
2023-08-24,934686,LOSS,-1.0,2.6
2023-08-24,934708,LOSS,-1.0,3.9
2023-08-24,934712,LOSS,-1.0,6.0
2023-08-24,934832,LOSS,-1.0,4.3
2023-08-24,934849,LOSS,-1.0,3.9
2023-08-24,934975,LOSS,-1.0,3.7
2023-08-24,934992,LOSS,-1.0,5.6
2023-08-24,935024,OPEN,0.0,5.0
2023-08-25,936110,LOSS,-1.0,8.9
2023-08-25,936159,LOSS,-1.0,1.0
2023-08-25,936166,WIN,6.286,4.9
2023-08-29,938916,LOSS,-1.0,2.9
2023-08-29,938948,LOSS,-1.0,4.9
2023-08-29,938970,LOSS,-1.0,2.1
2023-08-29,938984,LOSS,-1.0,5.5
2023-08-29,939069,LOSS,-1.0,2.2
2023-08-29,939102,LOSS,-1.0,2.8
2023-08-29,939112,LOSS,-1.0,2.2
2023-08-29,939215,LOSS,-1.0,5.4
2023-08-29,939301,LOSS,-1.0,4.5
2023-08-29,939351,WIN,7.615,6.5
2023-08-31,941784,LOSS,-1.0,2.5
2023-08-31,941794,LOSS,-1.0,3.7
2023-08-31,941809,LOSS,-1.0,2.7
2023-08-31,941864,LOSS,-1.0,5.1
2023-08-31,941917,LOSS,-1.0,5.1
2023-08-31,941941,LOSS,-1.0,2.8
2023-08-31,941980,LOSS,-1.0,4.5
2023-08-31,942047,LOSS,-1.0,3.4
2023-08-31,942130,LOSS,-1.0,5.0
2023-08-31,942216,LOSS,-1.0,5.2
2023-08-31,942256,LOSS,-1.0,6.4
2023-08-31,942318,LOSS,-1.0,8.8
2023-08-31,942372,LOSS,-1.0,4.1
2023-09-01,943248,WIN,5.943,3.5
2023-09-05,946046,LOSS,-1.0,4.4
2023-09-05,946078,LOSS,-1.0,9.8
2023-09-05,946150,LOSS,-1.0,3.7
2023-09-05,946155,LOSS,-1.0,4.4
2023-09-05,946167,LOSS,-1.0,4.5
2023-09-05,946176,LOSS,-1.0,4.0
2023-09-05,946189,LOSS,-1.0,6.9
2023-09-05,946346,LOSS,-1.0,3.7
2023-09-05,946363,LOSS,-1.0,4.9
2023-09-05,946421,LOSS,-1.0,2.9
2023-09-05,946436,LOSS,-1.0,10.3
2023-09-05,946532,LOSS,-1.0,2.6
2023-09-05,946561,LOSS,-1.0,1.8
2023-09-05,946577,OPEN,0.0,3.8
2023-09-07,948892,LOSS,-1.0,2.6
2023-09-07,948914,LOSS,-1.0,4.9
2023-09-07,948938,LOSS,-1.0,8.7
2023-09-07,948954,LOSS,-1.0,3.9
2023-09-07,948993,LOSS,-1.0,5.6
2023-09-07,949027,LOSS,-1.0,2.2
2023-09-07,949037,LOSS,-1.0,2.7
2023-09-07,949057,LOSS,-1.0,3.2
2023-09-07,949078,LOSS,-1.0,7.2
2023-09-07,949175,LOSS,-1.0,5.8
2023-09-07,949246,LOSS,-1.0,3.1
2023-09-07,949256,LOSS,-1.0,4.8
2023-09-07,949291,LOSS,-1.0,8.3
2023-09-07,949311,OPEN,0.0,10.1
2023-09-12,953194,LOSS,-1.0,3.6
2023-09-12,953213,LOSS,-1.0,3.1
2023-09-12,953223,LOSS,-1.0,2.8
2023-09-12,953232,LOSS,-1.0,1.5
2023-09-12,953244,LOSS,-1.0,5.0
2023-09-12,953261,LOSS,-1.0,1.6
2023-09-12,953273,LOSS,-1.0,5.1
2023-09-12,953301,LOSS,-1.0,4.0
2023-09-12,953478,LOSS,-1.0,2.9
2023-09-12,953498,LOSS,-1.0,1.4
2023-09-12,953519,LOSS,-1.0,4.3
2023-09-12,953572,LOSS,-1.0,4.0
2023-09-12,953607,OPEN,0.0,3.3
2023-09-13,954632,LOSS,-1.0,4.8
2023-09-13,954647,LOSS,-1.0,1.8
2023-09-13,954656,LOSS,-1.0,3.5
2023-09-13,954693,LOSS,-1.0,6.2
2023-09-13,954835,LOSS,-1.0,2.9
2023-09-13,954862,LOSS,-1.0,2.4
2023-09-13,954876,LOSS,-1.0,4.1
2023-09-13,955007,LOSS,-1.0,3.5
2023-09-13,955014,LOSS,-1.0,13.7
2023-09-13,955058,LOSS,-1.0,7.9
2023-09-13,955112,OPEN,0.0,5.6
2023-09-19,960337,LOSS,-1.0,2.2
2023-09-19,960351,LOSS,-1.0,2.7
2023-09-19,960380,LOSS,-1.0,3.3
2023-09-19,960404,WIN,2.028,7.1
2023-09-20,961791,LOSS,-1.0,2.4
2023-09-20,961837,WIN,2.429,4.2
2023-09-25,966100,LOSS,-1.0,2.8
2023-09-25,966147,LOSS,-1.0,2.6
2023-09-25,966168,LOSS,-1.0,5.8
2023-09-25,966209,LOSS,-1.0,4.4
2023-09-25,966238,LOSS,-1.0,2.5
2023-09-25,966440,LOSS,-1.0,3.3
2023-09-25,966462,LOSS,-1.0,7.3
2023-09-25,966474,LOSS,-1.0,8.0
2023-09-25,966515,LOSS,-1.0,9.1
2023-09-25,966542,LOSS,-1.0,2.5
2023-09-25,966572,LOSS,-1.0,3.9
2023-09-25,966585,OPEN,0.0,7.1
2023-09-26,967491,LOSS,-1.0,4.9
2023-09-26,967503,WIN,2.119,6.7
2023-09-28,970351,WIN,4.208,4.8
2023-10-02,973181,LOSS,-1.0,0.8
2023-10-02,973186,WIN,1.69,2.9
2023-10-03,974628,LOSS,-1.0,3.2
2023-10-03,974646,WIN,1.302,6.3
2023-10-04,976067,LOSS,-1.0,2.3
2023-10-04,976079,LOSS,-1.0,5.3
2023-10-04,976091,LOSS,-1.0,5.0
2023-10-04,976099,WIN,3.304,5.6
2023-10-05,977560,WIN,5.262,4.2
2023-10-06,978903,LOSS,-1.0,3.6
2023-10-06,978946,LOSS,-1.0,1.7
2023-10-06,978952,WIN,3.813,3.2
2023-10-09,980349,LOSS,-1.0,5.9
2023-10-09,980361,LOSS,-1.0,2.7
2023-10-09,980375,LOSS,-1.0,3.3
2023-10-09,980386,LOSS,-1.0,3.4
2023-10-09,980400,LOSS,-1.0,7.7
2023-10-09,980421,LOSS,-1.0,5.6
2023-10-09,980452,LOSS,-1.0,4.7
2023-10-09,980462,LOSS,-1.0,2.9
2023-10-09,980473,OPEN,0.0,7.2
2023-10-10,981805,LOSS,-1.0,4.5
2023-10-10,981827,LOSS,-1.0,4.6
2023-10-10,981864,WIN,4.88,5.0
2023-10-11,983217,LOSS,-1.0,2.7
2023-10-11,983227,WIN,2.538,3.9
2023-10-17,988963,LOSS,-1.0,3.2
2023-10-17,988973,LOSS,-1.0,1.1
2023-10-17,988983,LOSS,-1.0,3.9
2023-10-17,989002,LOSS,-1.0,4.3
2023-10-17,989014,LOSS,-1.0,3.6
2023-10-17,989037,LOSS,-1.0,4.3
2023-10-17,989088,LOSS,-1.0,4.0
2023-10-17,989098,LOSS,-1.0,2.3
2023-10-17,989128,WIN,8.586,2.9
2023-10-19,991841,WIN,3.69,2.9
2023-10-20,993302,WIN,8.773,2.2
2023-10-23,994728,WIN,2.686,5.1
2023-10-25,997653,LOSS,-1.0,2.0
2023-10-25,997671,LOSS,-1.0,7.8
2023-10-25,997786,LOSS,-1.0,5.5
2023-10-25,997829,OPEN,0.0,2.1
2023-10-26,999021,LOSS,-1.0,4.5
2023-10-26,999032,LOSS,-1.0,4.2
2023-10-26,999058,LOSS,-1.0,4.5
2023-10-26,999070,LOSS,-1.0,2.4
2023-10-26,999310,LOSS,-1.0,2.1
2023-10-26,999331,LOSS,-1.0,2.0
2023-10-26,999348,LOSS,-1.0,2.5
2023-10-26,999401,LOSS,-1.0,9.1
2023-10-26,999530,LOSS,-1.0,5.6
2023-10-26,999586,OPEN,0.0,3.0
2023-11-07,1010506,LOSS,-1.0,2.5
2023-11-07,1010524,LOSS,-1.0,2.4
2023-11-07,1010549,LOSS,-1.0,3.7
2023-11-07,1010630,LOSS,-1.0,5.9
2023-11-07,1010683,LOSS,-1.0,2.4
2023-11-07,1010735,LOSS,-1.0,2.3
2023-11-07,1010747,LOSS,-1.0,0.9
2023-11-07,1010784,LOSS,-1.0,3.1
2023-11-07,1010959,OPEN,0.0,6.6
2023-11-08,1011935,LOSS,-1.0,3.6
2023-11-08,1011962,LOSS,-1.0,1.4
2023-11-08,1011978,LOSS,-1.0,2.4
2023-11-08,1012003,LOSS,-1.0,4.2
2023-11-08,1012016,LOSS,-1.0,3.8
2023-11-08,1012070,LOSS,-1.0,4.6
2023-11-08,1012077,LOSS,-1.0,5.0
2023-11-08,1012118,LOSS,-1.0,9.6
2023-11-08,1012153,LOSS,-1.0,4.4
2023-11-08,1012344,WIN,9.289,3.8
2023-11-09,1013389,LOSS,-1.0,3.5
2023-11-09,1013460,LOSS,-1.0,3.4
2023-11-09,1013490,LOSS,-1.0,5.4
2023-11-09,1013500,LOSS,-1.0,1.1
2023-11-09,1013502,LOSS,-1.0,3.4
2023-11-09,1013542,LOSS,-1.0,3.4
2023-11-09,1013570,LOSS,-1.0,2.5
2023-11-09,1013590,LOSS,-1.0,3.0
2023-11-09,1013609,LOSS,-1.0,3.3
2023-11-09,1013639,WIN,11.138,2.9
2023-11-10,1014813,LOSS,-1.0,1.2
2023-11-10,1014819,LOSS,-1.0,4.1
2023-11-10,1014845,WIN,2.317,4.1
2023-11-15,1019120,LOSS,-1.0,2.6
2023-11-15,1019136,LOSS,-1.0,3.8
2023-11-15,1019242,LOSS,-1.0,2.5
2023-11-15,1019259,LOSS,-1.0,4.5
2023-11-15,1019277,LOSS,-1.0,3.7
2023-11-15,1019302,WIN,9.967,3.0
2023-11-17,1022005,LOSS,-1.0,4.1
2023-11-17,1022013,LOSS,-1.0,3.7
2023-11-17,1022022,LOSS,-1.0,4.8
2023-11-17,1022049,WIN,5.571,4.9
2023-11-21,1025010,LOSS,-1.0,5.7
2023-11-21,1025041,LOSS,-1.0,2.1
2023-11-21,1025116,LOSS,-1.0,2.7
2023-11-21,1025130,LOSS,-1.0,3.8
2023-11-21,1025155,LOSS,-1.0,1.2
2023-11-21,1025170,LOSS,-1.0,2.4
2023-11-21,1025177,LOSS,-1.0,3.4
2023-11-21,1025199,LOSS,-1.0,3.2
2023-11-21,1025263,LOSS,-1.0,3.5
2023-11-21,1025269,LOSS,-1.0,3.8
2023-11-21,1025371,LOSS,-1.0,6.4
2023-11-21,1025376,LOSS,-1.0,4.3
2023-11-21,1025395,LOSS,-1.0,3.6
2023-11-21,1025426,LOSS,-1.0,6.4
2023-11-21,1025447,LOSS,-1.0,3.4
2023-11-22,1026306,LOSS,-1.0,2.4
2023-11-22,1026310,LOSS,-1.0,5.3
2023-11-22,1026386,LOSS,-1.0,2.5
2023-11-22,1026406,LOSS,-1.0,6.1
2023-11-22,1026735,LOSS,-1.0,2.1
2023-11-22,1026741,LOSS,-1.0,4.4
2023-11-22,1026752,LOSS,-1.0,4.6
2023-11-22,1026786,OPEN,0.0,3.4
2023-11-28,1032008,LOSS,-1.0,1.2
2023-11-28,1032019,LOSS,-1.0,2.8
2023-11-28,1032030,LOSS,-1.0,4.2
2023-11-28,1032054,LOSS,-1.0,2.5
2023-11-28,1032063,WIN,3.377,6.1
2023-11-29,1033463,LOSS,-1.0,3.7
2023-11-29,1033484,LOSS,-1.0,3.9
2023-11-29,1033536,LOSS,-1.0,6.6
2023-11-29,1033571,LOSS,-1.0,4.1
2023-11-29,1033606,LOSS,-1.0,1.7
2023-11-29,1033636,LOSS,-1.0,2.9
2023-11-29,1033654,LOSS,-1.0,3.7
2023-11-29,1033862,LOSS,-1.0,2.6
2023-11-29,1033878,LOSS,-1.0,5.8
2023-11-29,1033945,LOSS,-1.0,4.7
2023-11-29,1033954,OPEN,0.0,4.8
2023-11-30,1034925,LOSS,-1.0,8.6
2023-11-30,1034983,LOSS,-1.0,2.3
2023-11-30,1034993,LOSS,-1.0,3.1
2023-11-30,1035004,LOSS,-1.0,5.8
2023-11-30,1035084,LOSS,-1.0,4.4
2023-11-30,1035146,LOSS,-1.0,2.3
2023-11-30,1035300,LOSS,-1.0,3.0
2023-11-30,1035346,OPEN,0.0,9.5
2023-12-01,1036375,LOSS,-1.0,3.5
2023-12-01,1036420,LOSS,-1.0,2.5
2023-12-01,1036428,LOSS,-1.0,5.4
2023-12-01,1036438,LOSS,-1.0,6.0
2023-12-01,1036543,LOSS,-1.0,3.0
2023-12-01,1036566,LOSS,-1.0,4.5
2023-12-01,1036674,LOSS,-1.0,3.3
2023-12-01,1036677,LOSS,-1.0,5.3
2023-12-01,1036686,LOSS,-1.0,5.7
2023-12-01,1036728,LOSS,-1.0,5.2
2023-12-01,1036745,LOSS,-1.0,3.1
2023-12-01,1036756,LOSS,-1.0,5.1
2023-12-01,1036771,LOSS,-1.0,2.9
2023-12-01,1036794,LOSS,-1.0,10.6
2023-12-01,1036830,LOSS,-1.0,2.3
2023-12-01,1036856,LOSS,-1.0,5.4
2023-12-01,1036878,OPEN,0.0,7.4
2023-12-04,1037757,LOSS,-1.0,2.5
2023-12-04,1037773,LOSS,-1.0,4.7
2023-12-04,1037811,LOSS,-1.0,1.4
2023-12-04,1038199,LOSS,-1.0,6.7
2023-12-04,1038263,LOSS,-1.0,5.4
2023-12-04,1038279,OPEN,0.0,7.0
2023-12-05,1039225,LOSS,-1.0,6.7
2023-12-05,1039245,LOSS,-1.0,5.3
2023-12-05,1039665,LOSS,-1.0,3.9
2023-12-05,1039714,LOSS,-1.0,2.3
2023-12-05,1039731,LOSS,-1.0,4.6
2023-12-05,1039759,LOSS,-1.0,6.2
2023-12-05,1039772,LOSS,-1.0,3.5
2023-12-05,1039775,LOSS,-1.0,2.7
2023-12-06,1040630,LOSS,-1.0,3.7
2023-12-06,1040720,LOSS,-1.0,2.7
2023-12-06,1040944,LOSS,-1.0,3.7
2023-12-06,1040955,LOSS,-1.0,3.7
2023-12-06,1040973,WIN,4.902,4.1
2023-12-07,1042068,WIN,0.459,10.9
2023-12-08,1043501,LOSS,-1.0,2.4
2023-12-08,1043510,LOSS,-1.0,2.1
2023-12-08,1043522,LOSS,-1.0,1.2
2023-12-08,1043545,LOSS,-1.0,5.5
2023-12-08,1043665,LOSS,-1.0,5.0
2023-12-08,1043897,LOSS,-1.0,12.1
2023-12-08,1043950,OPEN,0.0,14.5
2023-12-11,1044975,LOSS,-1.0,1.8
2023-12-11,1044995,LOSS,-1.0,4.3
2023-12-11,1045001,WIN,2.705,6.1
2023-12-13,1047808,LOSS,-1.0,3.7
2023-12-13,1048008,LOSS,-1.0,2.8
2023-12-13,1048012,LOSS,-1.0,1.9
2023-12-13,1048057,WIN,12.059,1.7
2023-12-14,1049303,LOSS,-1.0,1.1
2023-12-14,1049310,WIN,5.286,5.6
2023-12-15,1050793,LOSS,-1.0,5.7
2023-12-15,1050801,LOSS,-1.0,8.0
2023-12-15,1050859,LOSS,-1.0,9.8
2023-12-15,1051048,LOSS,-1.0,3.9
2023-12-15,1051093,LOSS,-1.0,13.7
2023-12-15,1051237,LOSS,-1.0,5.3
2023-12-15,1051274,LOSS,-1.0,2.8
2023-12-15,1051280,OPEN,0.0,3.8
2023-12-20,1054997,LOSS,-1.0,6.3
2023-12-20,1055209,LOSS,-1.0,4.9
2023-12-20,1055261,LOSS,-1.0,3.0
2023-12-20,1055268,LOSS,-1.0,3.5
2023-12-20,1055285,LOSS,-1.0,0.7
2023-12-20,1055293,LOSS,-1.0,4.1
2023-12-20,1055326,LOSS,-1.0,4.3
2023-12-20,1055353,LOSS,-1.0,2.6
2023-12-20,1055391,WIN,9.174,2.3
2023-12-21,1056435,LOSS,-1.0,4.4
2023-12-21,1056458,WIN,0.717,6.0
2023-12-22,1057880,WIN,3.75,2.0
2023-12-26,1059745,LOSS,-1.0,2.6
2023-12-26,1059761,LOSS,-1.0,2.4
2023-12-26,1059966,WIN,4.912,3.4
2023-12-29,1064037,LOSS,-1.0,5.0
2023-12-29,1064055,LOSS,-1.0,2.1
2023-12-29,1064069,LOSS,-1.0,2.7
2023-12-29,1064094,LOSS,-1.0,5.7
2023-12-29,1064105,LOSS,-1.0,1.7
2023-12-29,1064175,LOSS,-1.0,0.8
2023-12-29,1064197,LOSS,-1.0,3.0
2023-12-29,1064303,LOSS,-1.0,3.0
2023-12-29,1064335,LOSS,-1.0,2.7
2023-12-29,1064346,LOSS,-1.0,4.0
2023-12-29,1064388,LOSS,-1.0,5.9
2023-12-29,1064468,OPEN,0.0,8.0
2024-01-02,1065422,LOSS,-1.0,4.4
2024-01-02,1065540,LOSS,-1.0,2.5
2024-01-02,1065559,LOSS,-1.0,6.1
2024-01-02,1065624,LOSS,-1.0,5.9
2024-01-02,1065639,LOSS,-1.0,3.2
2024-01-02,1065658,LOSS,-1.0,2.8
2024-01-02,1065693,LOSS,-1.0,6.2
2024-01-02,1065733,LOSS,-1.0,5.6
2024-01-02,1065750,LOSS,-1.0,3.6
2024-01-02,1065777,LOSS,-1.0,2.8
2024-01-02,1065795,LOSS,-1.0,3.4
2024-01-02,1065904,OPEN,0.0,3.7
2024-01-05,1069673,LOSS,-1.0,4.3
2024-01-05,1069716,LOSS,-1.0,5.0
2024-01-05,1069738,LOSS,-1.0,5.7
2024-01-05,1069772,LOSS,-1.0,3.1
2024-01-05,1069784,LOSS,-1.0,2.5
2024-01-05,1069795,LOSS,-1.0,4.9
2024-01-05,1069879,LOSS,-1.0,3.9
2024-01-05,1070067,WIN,1.503,31.6
2024-01-08,1071189,LOSS,-1.0,9.1
2024-01-08,1071254,WIN,4.302,5.3
2024-01-09,1072536,LOSS,-1.0,4.4
2024-01-09,1072616,LOSS,-1.0,3.4
2024-01-09,1072683,LOSS,-1.0,6.2
2024-01-09,1072728,LOSS,-1.0,4.2
2024-01-09,1072767,LOSS,-1.0,3.8
2024-01-09,1072794,LOSS,-1.0,2.7
2024-01-09,1072817,LOSS,-1.0,2.5
2024-01-09,1072836,LOSS,-1.0,2.2
2024-01-09,1073080,OPEN,0.0,2.7
2024-01-10,1073985,WIN,1.255,5.1
2024-01-12,1076859,LOSS,-1.0,3.3
2024-01-12,1076882,LOSS,-1.0,3.2
2024-01-12,1077030,LOSS,-1.0,3.7
2024-01-12,1077047,LOSS,-1.0,3.9
2024-01-12,1077095,LOSS,-1.0,3.4
2024-01-12,1077111,LOSS,-1.0,3.4
2024-01-12,1077134,LOSS,-1.0,4.0
2024-01-12,1077145,LOSS,-1.0,2.9
2024-01-12,1077167,LOSS,-1.0,3.5
2024-01-12,1077176,LOSS,-1.0,2.9
2024-01-12,1077205,WIN,8.86,5.0
2024-01-15,1078455,LOSS,-1.0,4.9
2024-01-15,1078488,OPEN,0.0,3.5
2024-01-16,1079663,LOSS,-1.0,4.6
2024-01-16,1079748,LOSS,-1.0,4.1
2024-01-16,1079772,LOSS,-1.0,4.4
2024-01-16,1079780,LOSS,-1.0,2.6
2024-01-16,1079814,LOSS,-1.0,4.5
2024-01-16,1079828,LOSS,-1.0,5.2
2024-01-16,1079880,LOSS,-1.0,3.6
2024-01-16,1079895,LOSS,-1.0,3.4
2024-01-16,1080018,LOSS,-1.0,4.1
2024-01-16,1080029,LOSS,-1.0,4.0
2024-01-16,1080063,LOSS,-1.0,4.9
2024-01-16,1080121,LOSS,-1.0,8.6
2024-01-16,1080131,LOSS,-1.0,2.1
2024-01-16,1080193,OPEN,0.0,8.8
2024-01-17,1080855,LOSS,-1.0,5.6
2024-01-17,1080881,LOSS,-1.0,10.4
2024-01-17,1081236,LOSS,-1.0,12.2
2024-01-17,1081323,LOSS,-1.0,5.8
2024-01-17,1081359,LOSS,-1.0,6.2
2024-01-17,1081380,LOSS,-1.0,2.8
2024-01-17,1081418,OPEN,0.0,4.5
2024-01-19,1083734,LOSS,-1.0,2.1
2024-01-19,1083770,LOSS,-1.0,2.7
2024-01-19,1083828,LOSS,-1.0,1.5
2024-01-19,1083846,WIN,5.25,2.8
2024-01-22,1085227,LOSS,-1.0,3.5
2024-01-22,1085251,LOSS,-1.0,2.2
2024-01-22,1085261,LOSS,-1.0,1.4
2024-01-22,1085272,LOSS,-1.0,4.7
2024-01-22,1085402,LOSS,-1.0,4.0
2024-01-22,1085428,LOSS,-1.0,4.8
2024-01-22,1085556,OPEN,0.0,6.5
2024-01-26,1090936,LOSS,-1.0,3.8
2024-01-26,1090953,WIN,8.73,3.7
2024-01-30,1093782,WIN,11.522,2.3
2024-01-31,1095215,LOSS,-1.0,1.1
2024-01-31,1095275,WIN,1.745,13.7
2024-02-01,1096651,LOSS,-1.0,3.3
2024-02-01,1096676,LOSS,-1.0,1.2
2024-02-01,1096680,LOSS,-1.0,3.7
2024-02-01,1096697,LOSS,-1.0,4.7
2024-02-01,1096721,LOSS,-1.0,5.1
2024-02-01,1096746,WIN,8.929,4.2
2024-02-21,1116851,LOSS,-1.0,2.3
2024-02-21,1116879,WIN,4.84,5.0
2024-02-28,1123933,LOSS,-1.0,2.6
2024-02-28,1123961,LOSS,-1.0,1.7
2024-02-28,1124006,LOSS,-1.0,3.6
2024-02-28,1124038,LOSS,-1.0,3.5
2024-02-28,1124064,LOSS,-1.0,6.3
2024-02-28,1124082,OPEN,0.0,4.7
2024-02-29,1125415,WIN,0.524,8.4
2024-03-01,1126821,LOSS,-1.0,2.6
2024-03-01,1126840,LOSS,-1.0,4.5
2024-03-01,1126912,LOSS,-1.0,4.2
2024-03-01,1126924,LOSS,-1.0,3.7
2024-03-01,1126945,WIN,3.1,3.0
2024-03-05,1129652,LOSS,-1.0,4.4
2024-03-05,1129672,LOSS,-1.0,1.9
2024-03-05,1129710,LOSS,-1.0,3.5
2024-03-05,1129766,WIN,2.654,2.6
2024-03-07,1132573,LOSS,-1.0,2.1
2024-03-07,1132605,LOSS,-1.0,5.2
2024-03-07,1132916,LOSS,-1.0,4.7
2024-03-07,1132947,WIN,10.367,3.0
2024-03-08,1134002,LOSS,-1.0,1.8
2024-03-08,1134037,LOSS,-1.0,3.8
2024-03-08,1134047,LOSS,-1.0,2.2
2024-03-08,1134085,LOSS,-1.0,3.8
2024-03-08,1134107,LOSS,-1.0,5.3
2024-03-08,1134128,LOSS,-1.0,4.6
2024-03-08,1134181,LOSS,-1.0,4.4
2024-03-08,1134382,WIN,0.0,10.3
2024-03-14,1139769,LOSS,-1.0,1.8
2024-03-14,1139801,LOSS,-1.0,4.3
2024-03-14,1140092,LOSS,-1.0,14.1
2024-03-14,1140126,LOSS,-1.0,2.6
2024-03-14,1140135,LOSS,-1.0,3.6
2024-03-14,1140151,LOSS,-1.0,1.9
2024-03-14,1140203,LOSS,-1.0,3.4
2024-03-14,1140237,LOSS,-1.0,4.2
2024-03-14,1140268,OPEN,0.0,6.8
2024-03-19,1144062,LOSS,-1.0,1.9
2024-03-19,1144108,LOSS,-1.0,0.6
2024-03-19,1144129,LOSS,-1.0,1.5
2024-03-19,1144153,LOSS,-1.0,3.6
2024-03-19,1144228,OPEN,0.0,4.0
2024-03-22,1148408,LOSS,-1.0,4.3
2024-03-22,1148442,LOSS,-1.0,2.2
2024-03-22,1148454,LOSS,-1.0,3.0
2024-03-22,1148470,LOSS,-1.0,2.3
2024-03-22,1148921,LOSS,-1.0,3.1
2024-03-22,1148950,LOSS,-1.0,2.5
2024-03-28,1154096,LOSS,-1.0,2.2
2024-03-28,1154106,LOSS,-1.0,2.9
2024-03-28,1154124,LOSS,-1.0,2.1
2024-03-28,1154151,LOSS,-1.0,4.5
2024-03-28,1154209,LOSS,-1.0,2.9
2024-03-28,1154216,LOSS,-1.0,2.8
2024-03-28,1154249,LOSS,-1.0,1.3
2024-03-28,1154313,LOSS,-1.0,2.5
2024-03-28,1154368,OPEN,0.0,2.2
2024-03-29,1155569,WIN,3.048,4.2
2024-04-01,1156826,LOSS,-1.0,3.3
2024-04-01,1156942,LOSS,-1.0,2.7
2024-04-01,1157085,LOSS,-1.0,2.3
2024-04-01,1157104,LOSS,-1.0,2.0
2024-04-01,1157112,LOSS,-1.0,1.7
2024-04-01,1157190,LOSS,-1.0,3.0
2024-04-01,1157201,LOSS,-1.0,2.9
2024-04-01,1157227,LOSS,-1.0,3.1
2024-04-01,1157237,LOSS,-1.0,3.3
2024-04-01,1157250,LOSS,-1.0,1.9
2024-04-01,1157254,LOSS,-1.0,2.7
2024-04-01,1157267,LOSS,-1.0,2.4
2024-04-01,1157287,LOSS,-1.0,2.6
2024-04-01,1157307,LOSS,-1.0,5.1
2024-04-01,1157313,LOSS,-1.0,2.6
2024-04-01,1157323,LOSS,-1.0,2.8
2024-04-01,1157341,LOSS,-1.0,3.8
2024-04-02,1158240,LOSS,-1.0,3.2
2024-04-02,1158283,WIN,3.733,3.0
2024-04-03,1159742,LOSS,-1.0,4.9
2024-04-03,1159757,WIN,5.818,2.2
2024-04-05,1162555,WIN,4.244,4.1
2024-04-08,1164154,LOSS,-1.0,3.0
2024-04-08,1164168,LOSS,-1.0,1.8
2024-04-08,1164192,LOSS,-1.0,1.8
2024-04-08,1164312,LOSS,-1.0,4.4
2024-04-08,1164337,LOSS,-1.0,1.9
2024-04-08,1164344,WIN,5.212,3.3
2024-04-09,1165461,LOSS,-1.0,3.1
2024-04-09,1165533,WIN,2.361,3.6
2024-04-10,1166848,LOSS,-1.0,4.3
2024-04-10,1166872,WIN,1.775,4.0
2024-04-11,1168285,LOSS,-1.0,2.9
2024-04-11,1168305,LOSS,-1.0,2.1
2024-04-11,1168332,WIN,1.667,8.4
2024-04-12,1169705,LOSS,-1.0,3.6
2024-04-12,1169759,LOSS,-1.0,5.4
2024-04-12,1169780,LOSS,-1.0,4.2
2024-04-12,1169790,LOSS,-1.0,4.5
2024-04-12,1169842,LOSS,-1.0,8.7
2024-04-12,1169859,LOSS,-1.0,2.9
2024-04-12,1169881,LOSS,-1.0,2.0
2024-04-12,1169931,LOSS,-1.0,2.1
2024-04-12,1169953,LOSS,-1.0,4.0
2024-04-12,1169968,LOSS,-1.0,3.6
2024-04-12,1170000,LOSS,-1.0,6.2
2024-04-12,1170112,LOSS,-1.0,5.9
2024-04-12,1170156,LOSS,-1.0,4.8
2024-04-12,1170202,OPEN,0.0,3.4
2024-04-16,1172595,LOSS,-1.0,4.1
2024-04-16,1172609,WIN,2.966,5.8
2024-04-17,1174019,WIN,3.547,6.4
2024-04-22,1178409,LOSS,-1.0,3.3
2024-04-22,1178448,LOSS,-1.0,5.3
2024-04-22,1178638,LOSS,-1.0,5.4
2024-04-22,1178662,LOSS,-1.0,3.1
2024-04-22,1178677,LOSS,-1.0,2.0
2024-04-22,1178765,OPEN,0.0,4.3
2024-04-23,1179748,LOSS,-1.0,2.9
2024-04-23,1179758,LOSS,-1.0,2.4
2024-04-23,1179764,WIN,11.118,1.7
2024-04-24,1181188,LOSS,-1.0,2.1
2024-04-24,1181191,LOSS,-1.0,2.7
2024-04-24,1181248,LOSS,-1.0,3.1
2024-04-24,1181266,LOSS,-1.0,3.1
2024-04-24,1181286,LOSS,-1.0,1.0
2024-04-24,1181288,LOSS,-1.0,3.2
2024-04-24,1181327,LOSS,-1.0,4.5
2024-04-24,1181340,LOSS,-1.0,2.3
2024-04-24,1181358,LOSS,-1.0,3.9
2024-04-24,1181420,LOSS,-1.0,2.6
2024-04-24,1181461,LOSS,-1.0,4.8
2024-04-24,1181512,LOSS,-1.0,1.8
2024-04-24,1181523,LOSS,-1.0,3.8
2024-04-24,1181550,LOSS,-1.0,9.0
2024-04-24,1181579,OPEN,0.0,9.0
2024-04-30,1186916,WIN,4.365,5.2
2024-05-01,1188333,LOSS,-1.0,2.3
2024-05-01,1188381,LOSS,-1.0,2.1
2024-05-01,1188417,WIN,1.871,3.1
2024-05-07,1194058,LOSS,-1.0,1.6
2024-05-07,1194070,LOSS,-1.0,1.9
2024-05-07,1194086,WIN,3.52,5.0
2024-05-08,1195605,WIN,6.958,2.4
2024-05-09,1196914,LOSS,-1.0,2.3
2024-05-09,1196923,LOSS,-1.0,1.7
2024-05-09,1196935,LOSS,-1.0,1.9
2024-05-09,1196958,LOSS,-1.0,1.4
2024-05-09,1196965,LOSS,-1.0,1.4
2024-05-09,1196983,LOSS,-1.0,2.1
2024-05-09,1196987,LOSS,-1.0,1.8
2024-05-09,1197014,LOSS,-1.0,2.9
2024-05-09,1197061,LOSS,-1.0,2.0
2024-05-09,1197096,LOSS,-1.0,2.7
2024-05-09,1197251,WIN,6.794,3.4
2024-05-14,1201225,LOSS,-1.0,3.4
2024-05-14,1201317,LOSS,-1.0,0.7
2024-05-14,1201335,WIN,4.724,2.9
2024-05-16,1204057,LOSS,-1.0,3.3
2024-05-16,1204075,LOSS,-1.0,1.6
2024-05-16,1204081,LOSS,-1.0,1.8
2024-05-16,1204106,LOSS,-1.0,2.0
2024-05-16,1204124,LOSS,-1.0,2.6
2024-05-16,1204153,LOSS,-1.0,2.7
2024-05-16,1204160,LOSS,-1.0,3.5
2024-05-16,1204200,LOSS,-1.0,5.5
2024-05-16,1204390,LOSS,-1.0,2.4
2024-05-16,1204445,LOSS,-1.0,6.8
2024-05-16,1204452,LOSS,-1.0,4.6
2024-05-16,1204485,LOSS,-1.0,2.9
2024-05-16,1204492,LOSS,-1.0,2.9
2024-05-16,1204525,LOSS,-1.0,2.5
2024-05-16,1204530,LOSS,-1.0,2.8
2024-05-16,1204541,OPEN,0.0,5.3
2024-05-17,1205613,LOSS,-1.0,1.9
2024-05-17,1205630,LOSS,-1.0,3.4
2024-05-17,1205677,LOSS,-1.0,2.3
2024-05-17,1205785,WIN,5.264,5.3
2024-05-22,1209819,LOSS,-1.0,2.4
2024-05-22,1209836,LOSS,-1.0,2.9
2024-05-22,1209903,LOSS,-1.0,4.3
2024-05-22,1209959,LOSS,-1.0,3.5
2024-05-22,1209974,LOSS,-1.0,1.5
2024-05-22,1210024,LOSS,-1.0,4.1
2024-05-22,1210047,LOSS,-1.0,1.1
2024-05-22,1210051,LOSS,-1.0,2.0
2024-05-22,1210072,LOSS,-1.0,2.9
2024-05-22,1210107,OPEN,0.0,3.3
2024-05-23,1211191,LOSS,-1.0,2.5
2024-05-23,1211216,LOSS,-1.0,2.5
2024-05-23,1211231,LOSS,-1.0,2.6
2024-05-23,1211276,WIN,0.696,10.2
2024-05-27,1214056,WIN,2.08,2.5
2024-05-29,1216870,WIN,1.477,4.4
2024-05-30,1218298,WIN,4.103,2.9
2024-06-03,1221188,LOSS,-1.0,3.1
2024-06-03,1221199,WIN,2.69,2.9
2024-06-04,1222603,LOSS,-1.0,1.7
2024-06-04,1222632,LOSS,-1.0,2.1
2024-06-04,1222647,LOSS,-1.0,2.7
2024-06-04,1222655,LOSS,-1.0,2.9
2024-06-04,1222678,LOSS,-1.0,1.9
2024-06-04,1222690,LOSS,-1.0,4.9
2024-06-04,1222713,LOSS,-1.0,7.3
2024-06-04,1222737,LOSS,-1.0,6.2
2024-06-04,1222771,LOSS,-1.0,6.7
2024-06-04,1222801,LOSS,-1.0,5.1
2024-06-04,1222857,LOSS,-1.0,2.7
2024-06-04,1222869,LOSS,-1.0,2.0
2024-06-04,1222872,LOSS,-1.0,4.1
2024-06-04,1222882,LOSS,-1.0,3.6
2024-06-04,1222889,LOSS,-1.0,3.1
2024-06-04,1222901,LOSS,-1.0,2.6
2024-06-04,1222912,LOSS,-1.0,2.4
2024-06-04,1222958,LOSS,-1.0,3.2
2024-06-04,1222972,LOSS,-1.0,2.3
2024-06-04,1223022,LOSS,-1.0,2.3
2024-06-04,1223035,LOSS,-1.0,2.5
2024-06-04,1223059,LOSS,-1.0,3.5
2024-06-04,1223082,LOSS,-1.0,7.5
2024-06-04,1223096,LOSS,-1.0,4.3
2024-06-04,1223146,LOSS,-1.0,4.2
2024-06-04,1223160,OPEN,0.0,3.6
2024-06-05,1224051,LOSS,-1.0,3.1
2024-06-05,1224139,LOSS,-1.0,2.7
2024-06-05,1224144,LOSS,-1.0,2.1
2024-06-05,1224168,LOSS,-1.0,2.4
2024-06-05,1224279,LOSS,-1.0,2.4
2024-06-05,1224301,LOSS,-1.0,2.6
2024-06-05,1224339,LOSS,-1.0,1.5
2024-06-05,1224348,LOSS,-1.0,2.2
2024-06-05,1224360,WIN,11.474,1.9
2024-06-06,1225589,LOSS,-1.0,3.0
2024-06-06,1225613,LOSS,-1.0,2.1
2024-06-06,1225623,LOSS,-1.0,1.9
2024-06-06,1225810,LOSS,-1.0,3.2
2024-06-06,1225826,WIN,0.98,14.9
2024-06-10,1228318,LOSS,-1.0,3.8
2024-06-10,1228323,LOSS,-1.0,5.7
2024-06-10,1228346,LOSS,-1.0,3.9
2024-06-10,1228383,LOSS,-1.0,8.1
2024-06-10,1228569,LOSS,-1.0,3.7
2024-06-10,1228582,LOSS,-1.0,2.2
2024-06-10,1228593,LOSS,-1.0,1.7
2024-06-10,1228853,OPEN,0.0,4.6
2024-06-13,1232628,LOSS,-1.0,2.7
2024-06-13,1232647,WIN,2.75,4.0
2024-06-14,1234027,LOSS,-1.0,1.4
2024-06-14,1234071,LOSS,-1.0,4.7
2024-06-14,1234113,LOSS,-1.0,6.7
2024-06-14,1234135,LOSS,-1.0,1.9
2024-06-14,1234154,LOSS,-1.0,3.7
2024-06-14,1234170,LOSS,-1.0,2.7
2024-06-14,1234231,LOSS,-1.0,4.3
2024-06-14,1234250,LOSS,-1.0,3.0
2024-06-14,1234483,LOSS,-1.0,7.6
2024-06-14,1234506,OPEN,0.0,2.5
2024-06-17,1235470,WIN,5.552,2.9
2024-06-18,1237021,LOSS,-1.0,3.5
2024-06-18,1237036,LOSS,-1.0,3.9
2024-06-18,1237054,LOSS,-1.0,6.0
2024-06-18,1237200,LOSS,-1.0,0.8
2024-06-18,1237215,LOSS,-1.0,2.2
2024-06-18,1237222,LOSS,-1.0,2.3
2024-06-18,1237239,WIN,12.174,2.3
2024-06-19,1238309,LOSS,-1.0,3.7
2024-06-19,1238319,LOSS,-1.0,2.8
2024-06-19,1238364,LOSS,-1.0,5.6
2024-06-19,1238388,WIN,4.536,2.8
2024-06-20,1239708,LOSS,-1.0,2.5
2024-06-20,1239720,LOSS,-1.0,2.1
2024-06-20,1239734,LOSS,-1.0,2.6
2024-06-20,1239761,LOSS,-1.0,3.6
2024-06-20,1239835,LOSS,-1.0,2.8
2024-06-20,1239866,LOSS,-1.0,6.6
2024-06-20,1239900,LOSS,-1.0,1.9
2024-06-20,1240046,LOSS,-1.0,3.6
2024-06-20,1240252,LOSS,-1.0,2.6
2024-06-26,1245398,LOSS,-1.0,3.1
2024-06-26,1245417,LOSS,-1.0,5.4
2024-06-26,1245471,LOSS,-1.0,1.4
2024-06-26,1245480,LOSS,-1.0,3.2
2024-06-26,1245656,LOSS,-1.0,2.1
2024-06-26,1245728,LOSS,-1.0,2.7
2024-06-26,1245795,LOSS,-1.0,4.3
2024-06-26,1245805,LOSS,-1.0,4.2
2024-06-26,1245817,LOSS,-1.0,4.8
2024-06-26,1245837,LOSS,-1.0,4.1
2024-06-26,1245847,OPEN,0.0,6.2
2024-07-02,1251165,LOSS,-1.0,3.6
2024-07-02,1251184,LOSS,-1.0,4.4
2024-07-02,1251197,LOSS,-1.0,2.4
2024-07-02,1251229,LOSS,-1.0,3.3
2024-07-02,1251241,LOSS,-1.0,0.9
2024-07-02,1251245,LOSS,-1.0,3.4
2024-07-02,1251385,LOSS,-1.0,2.8
2024-07-02,1251392,WIN,8.129,3.1
2024-07-03,1252562,LOSS,-1.0,2.1
2024-07-03,1252579,LOSS,-1.0,1.6
2024-07-03,1252588,LOSS,-1.0,1.9
2024-07-03,1252603,WIN,5.308,2.6
2024-07-08,1256815,WIN,3.976,4.2
2024-07-09,1258302,LOSS,-1.0,1.4
2024-07-09,1258316,LOSS,-1.0,3.9
2024-07-09,1258532,LOSS,-1.0,2.6
2024-07-09,1258683,LOSS,-1.0,11.9
2024-07-09,1258748,OPEN,0.0,5.6
2024-07-11,1261096,WIN,0.95,4.0
2024-07-12,1262536,LOSS,-1.0,2.3
2024-07-12,1262557,WIN,1.822,4.5
2024-07-16,1265360,LOSS,-1.0,1.7
2024-07-16,1265366,LOSS,-1.0,1.7
2024-07-16,1265384,WIN,2.718,3.9
2024-07-17,1266850,WIN,1.293,4.1
2024-07-18,1268242,LOSS,-1.0,3.2
2024-07-18,1268263,LOSS,-1.0,5.7
2024-07-18,1268301,LOSS,-1.0,3.7
2024-07-18,1268314,LOSS,-1.0,4.3
2024-07-18,1268575,LOSS,-1.0,2.1
2024-07-18,1268632,LOSS,-1.0,5.7
2024-07-18,1268668,LOSS,-1.0,4.6
2024-07-18,1268700,LOSS,-1.0,4.5
2024-07-18,1268715,LOSS,-1.0,2.3
2024-07-18,1268772,LOSS,-1.0,3.1
2024-07-18,1268787,LOSS,-1.0,2.0
2024-07-18,1268811,OPEN,0.0,2.8
2024-07-19,1269660,LOSS,-1.0,3.8
2024-07-19,1269698,LOSS,-1.0,1.5
2024-07-19,1269725,LOSS,-1.0,4.1
2024-07-19,1269785,LOSS,-1.0,3.8
2024-07-19,1269809,LOSS,-1.0,4.7
2024-07-19,1269830,OPEN,0.0,2.4
2024-07-22,1271082,LOSS,-1.0,2.7
2024-07-22,1271103,LOSS,-1.0,1.6
2024-07-22,1271111,LOSS,-1.0,4.4
2024-07-22,1271142,LOSS,-1.0,5.3
2024-07-22,1271494,LOSS,-1.0,2.4
2024-07-22,1271509,LOSS,-1.0,3.8
2024-07-22,1271582,OPEN,0.0,4.9
2024-07-23,1272528,LOSS,-1.0,2.1
2024-07-23,1272542,LOSS,-1.0,2.5
2024-07-23,1272608,LOSS,-1.0,2.1
2024-07-23,1272620,LOSS,-1.0,1.9
2024-07-23,1272641,LOSS,-1.0,2.9
2024-07-23,1272704,LOSS,-1.0,3.1
2024-07-23,1272728,LOSS,-1.0,3.6
2024-07-23,1272744,LOSS,-1.0,2.5
2024-07-23,1272763,LOSS,-1.0,3.2
2024-07-23,1272777,LOSS,-1.0,2.5
2024-07-23,1272797,LOSS,-1.0,2.7
2024-07-23,1272864,LOSS,-1.0,3.1
2024-07-23,1272868,LOSS,-1.0,3.7
2024-07-23,1272905,LOSS,-1.0,2.1
2024-07-23,1272920,LOSS,-1.0,2.5
2024-07-23,1272944,LOSS,-1.0,3.0
2024-07-23,1272968,LOSS,-1.0,2.7
2024-07-23,1272983,LOSS,-1.0,4.3
2024-07-23,1273028,LOSS,-1.0,5.4
2024-07-23,1273044,OPEN,0.0,4.1
2024-07-26,1276828,LOSS,-1.0,2.7
2024-07-26,1276880,LOSS,-1.0,3.1
2024-07-26,1276892,LOSS,-1.0,6.1
2024-07-26,1276924,LOSS,-1.0,1.6
2024-07-26,1276931,LOSS,-1.0,3.8
2024-07-26,1276950,LOSS,-1.0,2.9
2024-07-26,1276968,WIN,4.75,3.2
2024-07-29,1278327,LOSS,-1.0,2.9
2024-07-29,1278363,LOSS,-1.0,2.5
2024-07-29,1278406,LOSS,-1.0,1.7
2024-07-29,1278416,LOSS,-1.0,1.6
2024-07-29,1278445,LOSS,-1.0,1.8
2024-07-29,1278605,LOSS,-1.0,2.0
2024-07-29,1278639,LOSS,-1.0,2.0
2024-07-29,1278661,LOSS,-1.0,2.1
2024-07-29,1278682,LOSS,-1.0,1.8
2024-07-29,1278722,LOSS,-1.0,2.8
2024-07-29,1278735,LOSS,-1.0,2.9
2024-07-29,1278764,LOSS,-1.0,1.5
2024-07-29,1278796,LOSS,-1.0,2.4
2024-07-29,1278835,OPEN,0.0,2.9
2024-07-31,1281182,LOSS,-1.0,5.1
2024-07-31,1281249,LOSS,-1.0,2.8
2024-07-31,1281261,WIN,3.409,4.4
2024-08-01,1282565,LOSS,-1.0,3.9
2024-08-01,1282585,LOSS,-1.0,2.7
2024-08-01,1282599,LOSS,-1.0,3.4
2024-08-01,1282682,LOSS,-1.0,3.0
2024-08-01,1282697,LOSS,-1.0,5.1
2024-08-01,1282733,LOSS,-1.0,2.1
2024-08-01,1282786,OPEN,0.0,2.3
2024-08-05,1285435,WIN,3.494,8.1
2024-08-06,1286875,LOSS,-1.0,2.9
2024-08-06,1286881,LOSS,-1.0,3.4
2024-08-06,1286891,LOSS,-1.0,4.0
2024-08-06,1286906,LOSS,-1.0,1.4
2024-08-06,1286928,LOSS,-1.0,5.4
2024-08-06,1286934,LOSS,-1.0,8.3
2024-08-06,1286976,LOSS,-1.0,4.3
2024-08-06,1286986,LOSS,-1.0,8.2
2024-08-06,1287059,LOSS,-1.0,4.5
2024-08-06,1287083,LOSS,-1.0,3.9
2024-08-06,1287107,LOSS,-1.0,5.2
2024-08-06,1287127,LOSS,-1.0,1.9
2024-08-06,1287136,LOSS,-1.0,5.5
2024-08-06,1287156,LOSS,-1.0,3.9
2024-08-06,1287180,LOSS,-1.0,4.4
2024-08-06,1287193,LOSS,-1.0,4.0
2024-08-06,1287285,OPEN,0.0,10.5
2024-08-07,1288306,WIN,3.5,5.6
2024-08-14,1295477,WIN,1.919,3.7
2024-08-20,1301219,LOSS,-1.0,3.1
2024-08-20,1301304,LOSS,-1.0,3.4
2024-08-20,1301358,WIN,1.35,4.0
2024-08-21,1302667,LOSS,-1.0,3.3
2024-08-21,1302698,LOSS,-1.0,3.0
2024-08-21,1302755,LOSS,-1.0,2.4
2024-08-21,1302986,LOSS,-1.0,1.1
2024-08-21,1303029,LOSS,-1.0,1.9
2024-08-21,1303125,LOSS,-1.0,7.1
2024-08-21,1303149,LOSS,-1.0,13.1
2024-08-21,1303167,WIN,0.899,12.9
2024-08-26,1306969,LOSS,-1.0,2.4
2024-08-26,1307009,LOSS,-1.0,3.8
2024-08-26,1307041,LOSS,-1.0,3.4
2024-08-26,1307057,LOSS,-1.0,4.1
2024-08-26,1307187,LOSS,-1.0,3.8
2024-08-26,1307198,LOSS,-1.0,3.8
2024-08-26,1307245,LOSS,-1.0,4.5
2024-08-26,1307284,LOSS,-1.0,2.6
2024-08-26,1307300,LOSS,-1.0,3.0
2024-08-26,1307320,LOSS,-1.0,2.5
2024-08-26,1307347,LOSS,-1.0,5.7
2024-08-26,1307378,OPEN,0.0,7.7
2024-08-28,1309821,LOSS,-1.0,2.5
2024-08-28,1309828,LOSS,-1.0,3.5
2024-08-28,1310050,LOSS,-1.0,3.7
2024-08-28,1310073,LOSS,-1.0,2.6
2024-08-28,1310079,LOSS,-1.0,4.4
2024-08-28,1310107,LOSS,-1.0,3.9
2024-08-28,1310216,OPEN,0.0,4.9
2024-09-03,1315516,LOSS,-1.0,1.2
2024-09-03,1315522,LOSS,-1.0,4.0
2024-09-03,1315527,LOSS,-1.0,2.8
2024-09-03,1315536,LOSS,-1.0,4.4
2024-09-03,1315654,LOSS,-1.0,3.4
2024-09-03,1315695,LOSS,-1.0,3.1
2024-09-03,1315703,LOSS,-1.0,3.8
2024-09-03,1315778,OPEN,0.0,5.4
2024-09-09,1321251,LOSS,-1.0,2.3
2024-09-09,1321258,LOSS,-1.0,1.6
2024-09-09,1321282,LOSS,-1.0,3.4
2024-09-09,1321300,LOSS,-1.0,2.2
2024-09-09,1321327,LOSS,-1.0,6.2
2024-09-09,1321401,LOSS,-1.0,2.9
2024-09-09,1321433,LOSS,-1.0,5.0
2024-09-09,1321531,LOSS,-1.0,4.2
2024-09-09,1321578,LOSS,-1.0,2.3
2024-09-09,1321673,LOSS,-1.0,3.6
2024-09-09,1321708,LOSS,-1.0,2.8
2024-09-09,1321743,LOSS,-1.0,6.4
2024-09-09,1321771,OPEN,0.0,3.7
2024-09-13,1327015,LOSS,-1.0,3.8
2024-09-13,1327033,LOSS,-1.0,4.7
2024-09-13,1327052,WIN,4.179,2.8
2024-09-18,1331311,LOSS,-1.0,2.7
2024-09-18,1331333,WIN,3.25,3.2
2024-09-23,1335609,LOSS,-1.0,2.0
2024-09-23,1335659,LOSS,-1.0,6.8
2024-09-23,1335724,LOSS,-1.0,3.4
2024-09-23,1335742,OPEN,0.0,5.1
2024-09-25,1338597,LOSS,-1.0,3.3
2024-09-25,1338607,LOSS,-1.0,2.3
2024-09-25,1338617,LOSS,-1.0,2.9
2024-09-25,1338628,LOSS,-1.0,5.2
2024-09-25,1338650,LOSS,-1.0,2.5
2024-09-25,1338657,WIN,6.069,2.9
2024-09-27,1341336,LOSS,-1.0,4.9
2024-09-27,1341373,LOSS,-1.0,6.8
2024-09-27,1341423,WIN,3.475,11.8
2024-09-30,1342773,LOSS,-1.0,3.6
2024-09-30,1342847,WIN,2.244,4.5
2024-10-01,1344261,LOSS,-1.0,3.5
2024-10-01,1344326,LOSS,-1.0,4.2
2024-10-01,1344365,LOSS,-1.0,5.5
2024-10-01,1344421,LOSS,-1.0,2.8
2024-10-01,1344424,LOSS,-1.0,3.5
2024-10-01,1344437,LOSS,-1.0,2.8
2024-10-01,1344478,LOSS,-1.0,2.0
2024-10-01,1344485,LOSS,-1.0,3.1
2024-10-01,1344528,LOSS,-1.0,3.9
2024-10-01,1344543,LOSS,-1.0,3.7
2024-10-01,1344574,LOSS,-1.0,3.2
2024-10-01,1344587,LOSS,-1.0,3.8
2024-10-01,1344609,LOSS,-1.0,5.1
2024-10-01,1344654,LOSS,-1.0,7.5
2024-10-01,1344695,LOSS,-1.0,3.1
2024-10-01,1344702,LOSS,-1.0,6.4
2024-10-01,1344738,LOSS,-1.0,3.6
2024-10-01,1344765,OPEN,0.0,6.3
2024-10-02,1345628,WIN,2.784,3.7
2024-10-03,1347060,LOSS,-1.0,3.4
2024-10-03,1347089,LOSS,-1.0,3.0
2024-10-03,1347092,LOSS,-1.0,4.4
2024-10-03,1347168,WIN,5.517,2.9
2024-10-04,1348624,LOSS,-1.0,4.5
2024-10-04,1348642,LOSS,-1.0,4.1
2024-10-04,1348656,LOSS,-1.0,4.5
2024-10-04,1348688,LOSS,-1.0,3.6
2024-10-04,1348693,LOSS,-1.0,3.0
2024-10-04,1348701,LOSS,-1.0,3.4
2024-10-04,1348894,LOSS,-1.0,19.4
2024-10-04,1348911,LOSS,-1.0,6.3
2024-10-04,1348917,LOSS,-1.0,2.7
2024-10-04,1348922,LOSS,-1.0,11.5
2024-10-04,1349072,LOSS,-1.0,7.5
2024-10-04,1349092,OPEN,0.0,4.3
2024-10-07,1349939,LOSS,-1.0,3.3
2024-10-07,1349970,LOSS,-1.0,2.4
2024-10-07,1349988,LOSS,-1.0,4.0
2024-10-07,1350016,WIN,3.333,4.2
2024-10-09,1352842,LOSS,-1.0,2.3
2024-10-09,1352856,LOSS,-1.0,3.0
2024-10-09,1352881,LOSS,-1.0,4.1
2024-10-09,1353251,LOSS,-1.0,6.4
2024-10-09,1353337,OPEN,0.0,2.5
2024-10-10,1354253,LOSS,-1.0,1.4
2024-10-10,1354311,LOSS,-1.0,4.3
2024-10-10,1354323,LOSS,-1.0,2.2
2024-10-10,1354334,LOSS,-1.0,5.5
2024-10-10,1354387,LOSS,-1.0,3.6
2024-10-10,1354441,LOSS,-1.0,3.2
2024-10-10,1354593,LOSS,-1.0,4.3
2024-10-10,1354635,WIN,0.0,22.8
2024-10-15,1358556,WIN,4.905,4.2
2024-10-16,1359989,LOSS,-1.0,5.1
2024-10-16,1360015,LOSS,-1.0,2.7
2024-10-16,1360034,WIN,7.16,2.5
2024-10-17,1361470,LOSS,-1.0,2.1
2024-10-17,1361490,LOSS,-1.0,3.5
2024-10-17,1361513,LOSS,-1.0,4.4
2024-10-17,1361564,LOSS,-1.0,2.3
2024-10-17,1361573,LOSS,-1.0,2.0
2024-10-17,1361580,LOSS,-1.0,2.1
2024-10-17,1361613,WIN,3.281,3.2
2024-10-21,1364294,LOSS,-1.0,2.2
2024-10-21,1364322,LOSS,-1.0,2.7
2024-10-21,1364330,LOSS,-1.0,1.9
2024-10-21,1364365,LOSS,-1.0,1.5
2024-10-21,1364396,LOSS,-1.0,2.4
2024-10-21,1364509,LOSS,-1.0,4.4
2024-10-21,1364749,LOSS,-1.0,5.8
2024-10-21,1364782,LOSS,-1.0,2.4
2024-10-21,1364818,LOSS,-1.0,1.6
2024-10-21,1364850,LOSS,-1.0,3.3
2024-10-25,1370035,LOSS,-1.0,3.1
2024-10-25,1370067,LOSS,-1.0,1.0
2024-10-25,1370069,WIN,2.939,3.3
2024-10-29,1372900,LOSS,-1.0,3.8
2024-10-29,1372916,LOSS,-1.0,2.7
2024-10-29,1372950,WIN,1.231,3.9
2024-11-01,1377215,LOSS,-1.0,2.5
2024-11-01,1377238,LOSS,-1.0,2.0
2024-11-01,1377244,LOSS,-1.0,2.5
2024-11-01,1377278,LOSS,-1.0,4.0
2024-11-01,1377295,LOSS,-1.0,3.3
2024-11-01,1377364,LOSS,-1.0,2.7
2024-11-01,1377388,LOSS,-1.0,2.5
2024-11-01,1377396,LOSS,-1.0,2.4
2024-11-01,1377419,WIN,10.281,3.2
2024-11-08,1384329,LOSS,-1.0,3.9
2024-11-08,1384349,LOSS,-1.0,2.0
2024-11-08,1384355,LOSS,-1.0,5.1
2024-11-08,1384397,WIN,1.868,10.6
2024-11-11,1385799,LOSS,-1.0,6.5
2024-11-11,1385819,LOSS,-1.0,3.3
2024-11-11,1385822,LOSS,-1.0,6.7
2024-11-11,1385849,LOSS,-1.0,6.9
2024-11-11,1385858,LOSS,-1.0,6.2
2024-11-11,1385918,LOSS,-1.0,3.6
2024-11-11,1385923,LOSS,-1.0,3.2
2024-11-11,1386009,LOSS,-1.0,3.7
2024-11-11,1386037,LOSS,-1.0,5.2
2024-11-11,1386054,LOSS,-1.0,5.2
2024-11-11,1386081,LOSS,-1.0,4.2
2024-11-11,1386094,LOSS,-1.0,3.1
2024-11-11,1386123,LOSS,-1.0,3.3
2024-11-11,1386157,LOSS,-1.0,5.7
2024-11-11,1386236,OPEN,0.0,12.4
2024-11-12,1387202,LOSS,-1.0,4.5
2024-11-12,1387227,LOSS,-1.0,5.0
2024-11-12,1387238,LOSS,-1.0,8.3
2024-11-12,1387296,LOSS,-1.0,7.5
2024-11-12,1387356,LOSS,-1.0,8.1
2024-11-12,1387365,LOSS,-1.0,2.9
2024-11-12,1387406,LOSS,-1.0,2.6
2024-11-12,1387413,LOSS,-1.0,4.2
2024-11-12,1387439,LOSS,-1.0,3.0
2024-11-12,1387494,LOSS,-1.0,0.8
2024-11-12,1387502,LOSS,-1.0,2.7
2024-11-12,1387529,LOSS,-1.0,2.2
2024-11-12,1387534,LOSS,-1.0,6.2
2024-11-12,1387693,LOSS,-1.0,7.4
2024-11-12,1387718,LOSS,-1.0,3.1
2024-11-12,1387731,LOSS,-1.0,4.3
2024-11-12,1387788,OPEN,0.0,5.3
2024-11-13,1388644,LOSS,-1.0,2.9
2024-11-13,1388673,LOSS,-1.0,2.8
2024-11-13,1388701,LOSS,-1.0,1.1
2024-11-13,1388720,WIN,1.888,12.5
2024-11-14,1390079,LOSS,-1.0,4.1
2024-11-14,1390084,LOSS,-1.0,4.7
2024-11-14,1390108,LOSS,-1.0,5.3
2024-11-14,1390178,LOSS,-1.0,7.4
2024-11-14,1390187,LOSS,-1.0,3.7
2024-11-14,1390197,LOSS,-1.0,5.9
2024-11-14,1390237,LOSS,-1.0,4.6
2024-11-14,1390254,LOSS,-1.0,4.5
2024-11-14,1390270,LOSS,-1.0,5.0
2024-11-14,1390286,LOSS,-1.0,2.7
2024-11-14,1390298,LOSS,-1.0,6.7
2024-11-14,1390339,LOSS,-1.0,5.3
2024-11-14,1390345,WIN,8.431,6.5
2024-11-19,1394412,LOSS,-1.0,3.3
2024-11-19,1394514,LOSS,-1.0,4.6
2024-11-19,1394549,WIN,4.301,13.3
2024-11-20,1395850,LOSS,-1.0,8.1
2024-11-20,1395870,LOSS,-1.0,3.7
2024-11-20,1395910,LOSS,-1.0,7.8
2024-11-20,1395966,LOSS,-1.0,5.1
2024-11-20,1395991,LOSS,-1.0,4.3
2024-11-20,1396015,LOSS,-1.0,4.4
2024-11-20,1396040,LOSS,-1.0,3.8
2024-11-20,1396060,LOSS,-1.0,3.6
2024-11-20,1396070,LOSS,-1.0,7.2
2024-11-20,1396083,LOSS,-1.0,3.6
2024-11-20,1396099,LOSS,-1.0,5.6
2024-11-20,1396281,LOSS,-1.0,12.7
2024-11-20,1396316,LOSS,-1.0,8.0
2024-11-20,1396375,LOSS,-1.0,9.8
2024-11-20,1396398,LOSS,-1.0,5.2
2024-11-20,1396407,LOSS,-1.0,4.7
2024-11-20,1396414,OPEN,0.0,5.4
2024-11-21,1397281,LOSS,-1.0,2.5
2024-11-21,1397290,LOSS,-1.0,3.2
2024-11-21,1397297,LOSS,-1.0,3.7
2024-11-21,1397318,LOSS,-1.0,4.2
2024-11-21,1397376,LOSS,-1.0,3.0
2024-11-21,1397425,LOSS,-1.0,10.2
2024-11-21,1397448,LOSS,-1.0,6.0
2024-11-21,1397474,LOSS,-1.0,5.1
2024-11-21,1397844,LOSS,-1.0,5.0
2024-11-21,1397867,LOSS,-1.0,7.1
2024-11-22,1398726,WIN,1.772,5.7
2024-11-25,1400162,LOSS,-1.0,7.3
2024-11-25,1400204,LOSS,-1.0,3.1
2024-11-25,1400220,LOSS,-1.0,6.0
2024-11-25,1400237,LOSS,-1.0,1.8
2024-11-25,1400241,WIN,9.757,3.7
2024-11-28,1404475,LOSS,-1.0,2.7
2024-11-28,1404483,LOSS,-1.0,4.2
2024-11-28,1404512,LOSS,-1.0,6.9
2024-11-28,1404535,OPEN,0.0,12.4
2024-12-02,1407370,LOSS,-1.0,5.2
2024-12-02,1407380,LOSS,-1.0,7.5
2024-12-02,1407394,LOSS,-1.0,4.2
2024-12-02,1407409,LOSS,-1.0,9.2
2024-12-02,1407429,LOSS,-1.0,5.1
2024-12-02,1407687,LOSS,-1.0,6.1
2024-12-02,1407740,LOSS,-1.0,6.7
2024-12-02,1407806,LOSS,-1.0,3.8
2024-12-02,1407809,LOSS,-1.0,1.8
2024-12-02,1407829,LOSS,-1.0,10.7
2024-12-02,1407849,LOSS,-1.0,6.2
2024-12-02,1407866,LOSS,-1.0,6.1
2024-12-02,1407879,OPEN,0.0,10.1
2024-12-11,1417428,LOSS,-1.0,4.2
2024-12-11,1417450,LOSS,-1.0,3.4
2024-12-11,1417600,LOSS,-1.0,6.1
2024-12-11,1417643,LOSS,-1.0,3.2
2024-12-11,1417879,LOSS,-1.0,5.0
2024-12-11,1417909,LOSS,-1.0,10.2
2024-12-11,1417921,OPEN,0.0,4.9
2024-12-13,1420245,LOSS,-1.0,4.0
2024-12-13,1420253,LOSS,-1.0,4.7
2024-12-13,1420260,LOSS,-1.0,3.2
2024-12-13,1420265,WIN,4.935,4.6
2024-12-16,1421729,LOSS,-1.0,3.7
2024-12-16,1421767,LOSS,-1.0,3.1
2024-12-16,1421778,LOSS,-1.0,4.6
2024-12-16,1421788,LOSS,-1.0,1.6
2024-12-16,1421821,LOSS,-1.0,5.3
2024-12-16,1421871,LOSS,-1.0,2.9
2024-12-16,1421912,LOSS,-1.0,4.0
2024-12-16,1421945,LOSS,-1.0,3.9
2024-12-16,1421965,LOSS,-1.0,3.7
2024-12-16,1422131,LOSS,-1.0,3.1
2024-12-16,1422141,OPEN,0.0,5.8
2024-12-17,1423114,LOSS,-1.0,2.8
2024-12-17,1423163,LOSS,-1.0,2.4
2024-12-17,1423176,LOSS,-1.0,2.6
2024-12-17,1423186,LOSS,-1.0,2.8
2024-12-17,1423206,LOSS,-1.0,1.9
2024-12-17,1423232,LOSS,-1.0,2.1
2024-12-17,1423240,LOSS,-1.0,3.7
2024-12-17,1423261,LOSS,-1.0,3.9
2024-12-17,1423267,LOSS,-1.0,3.9
2024-12-17,1423319,OPEN,0.0,6.4
2024-12-23,1428911,LOSS,-1.0,4.1
2024-12-23,1428945,LOSS,-1.0,5.3
2024-12-23,1429040,LOSS,-1.0,3.9
2024-12-23,1429085,LOSS,-1.0,2.5
2024-12-23,1429093,LOSS,-1.0,8.1
2024-12-23,1429172,LOSS,-1.0,3.5
2024-12-23,1429345,OPEN,0.0,9.1
2024-12-26,1432024,WIN,2.513,3.9
2024-12-27,1433480,WIN,1.809,4.7
2024-12-30,1434961,LOSS,-1.0,4.4
2024-12-30,1434995,WIN,1.867,7.5
2025-01-08,1443509,LOSS,-1.0,4.9
2025-01-08,1443533,LOSS,-1.0,3.2
2025-01-08,1443548,LOSS,-1.0,4.5
2025-01-08,1443555,LOSS,-1.0,4.1
2025-01-08,1443573,LOSS,-1.0,10.6
2025-01-08,1443591,LOSS,-1.0,5.2
2025-01-08,1443610,LOSS,-1.0,3.7
2025-01-08,1443618,LOSS,-1.0,3.5
2025-01-08,1443648,LOSS,-1.0,7.7
2025-01-08,1443690,LOSS,-1.0,3.7
2025-01-08,1443713,LOSS,-1.0,4.9
2025-01-08,1443723,LOSS,-1.0,2.6
2025-01-08,1443742,LOSS,-1.0,2.6
2025-01-08,1443780,OPEN,0.0,13.6
2025-01-09,1444935,LOSS,-1.0,7.6
2025-01-09,1444971,LOSS,-1.0,2.2
2025-01-09,1444985,LOSS,-1.0,3.6
2025-01-09,1445001,OPEN,0.0,5.1
2025-01-10,1446364,WIN,6.931,2.9
2025-01-13,1447832,LOSS,-1.0,4.9
2025-01-13,1447958,OPEN,0.0,10.2
2025-01-15,1450682,LOSS,-1.0,5.4
2025-01-15,1450693,WIN,3.359,3.9
2025-01-17,1453542,LOSS,-1.0,5.0
2025-01-17,1453575,WIN,7.342,3.8
2025-01-21,1456513,LOSS,-1.0,6.2
2025-01-21,1456573,WIN,7.167,7.2
2025-01-22,1457862,LOSS,-1.0,2.6
2025-01-22,1457908,WIN,1.206,6.8
2025-01-23,1459311,LOSS,-1.0,2.1
2025-01-23,1459326,LOSS,-1.0,2.9
2025-01-23,1459383,LOSS,-1.0,1.4
2025-01-23,1459400,WIN,4.31,4.2
2025-01-27,1462174,LOSS,-1.0,3.1
2025-01-27,1462218,WIN,2.068,7.4
2025-01-28,1463716,LOSS,-1.0,9.1
2025-01-28,1463908,LOSS,-1.0,4.5
2025-01-28,1463928,LOSS,-1.0,2.0
2025-01-28,1463938,LOSS,-1.0,4.3
2025-01-28,1463963,OPEN,0.0,3.5
2025-01-29,1465069,LOSS,-1.0,4.9
2025-01-29,1465093,LOSS,-1.0,7.3
2025-01-29,1465168,LOSS,-1.0,5.7
2025-01-29,1465229,LOSS,-1.0,4.9
2025-01-29,1465234,LOSS,-1.0,4.3
2025-01-29,1465328,LOSS,-1.0,3.9
2025-01-29,1465355,LOSS,-1.0,3.7
2025-01-29,1465363,LOSS,-1.0,3.7
2025-01-29,1465424,LOSS,-1.0,5.9
2025-01-29,1465429,LOSS,-1.0,6.0
2025-01-29,1465450,LOSS,-1.0,4.0
2025-01-29,1465477,LOSS,-1.0,3.6
2025-01-29,1465498,OPEN,0.0,7.8
2025-01-30,1466479,LOSS,-1.0,2.0
2025-01-30,1466496,WIN,3.154,3.9
2025-02-04,1470797,WIN,4.738,4.2
2025-02-06,1473683,LOSS,-1.0,4.7
2025-02-06,1473740,LOSS,-1.0,3.9
2025-02-06,1473762,LOSS,-1.0,8.1
2025-02-06,1473776,LOSS,-1.0,4.4
2025-02-06,1473815,LOSS,-1.0,7.8
2025-02-06,1473896,LOSS,-1.0,3.1
2025-02-06,1473912,LOSS,-1.0,3.0
2025-02-06,1473977,LOSS,-1.0,6.3
2025-02-06,1474004,LOSS,-1.0,6.6
2025-02-06,1474031,LOSS,-1.0,4.9
2025-02-06,1474081,OPEN,0.0,4.4
2025-02-07,1475101,WIN,2.848,3.3
2025-02-17,1483725,LOSS,-1.0,4.0
2025-02-17,1483746,LOSS,-1.0,3.4
2025-02-17,1483761,LOSS,-1.0,5.7
2025-02-17,1483783,LOSS,-1.0,5.9
2025-02-17,1483812,LOSS,-1.0,5.2
2025-02-17,1484062,LOSS,-1.0,3.3
2025-02-17,1484090,LOSS,-1.0,2.4
2025-02-17,1484112,OPEN,0.0,3.3
2025-02-18,1485214,LOSS,-1.0,4.0
2025-02-18,1485259,LOSS,-1.0,3.7
2025-02-18,1485471,LOSS,-1.0,2.2
2025-02-18,1485515,LOSS,-1.0,4.6
2025-02-18,1485541,LOSS,-1.0,4.4
2025-02-18,1485563,OPEN,0.0,4.2
2025-02-21,1489531,LOSS,-1.0,6.0
2025-02-21,1489631,LOSS,-1.0,1.3
2025-02-21,1489645,LOSS,-1.0,2.3
2025-02-21,1489695,LOSS,-1.0,1.8
2025-02-21,1489715,LOSS,-1.0,2.9
2025-02-21,1489772,LOSS,-1.0,7.1
2025-02-21,1489958,LOSS,-1.0,1.8
2025-02-21,1489966,LOSS,-1.0,6.5
2025-02-21,1489977,LOSS,-1.0,4.2
2025-02-21,1490006,LOSS,-1.0,2.2
2025-02-21,1490023,OPEN,0.0,4.8
2025-02-24,1490937,LOSS,-1.0,4.7
2025-02-24,1490972,LOSS,-1.0,7.9
2025-02-24,1491068,LOSS,-1.0,1.3
2025-02-24,1491083,LOSS,-1.0,8.2
2025-02-24,1491165,LOSS,-1.0,6.0
2025-02-24,1491228,LOSS,-1.0,3.7
2025-02-24,1491245,LOSS,-1.0,4.2
2025-02-24,1491329,LOSS,-1.0,2.2
2025-02-24,1491333,LOSS,-1.0,3.9
2025-02-24,1491362,OPEN,0.0,4.2
2025-02-26,1493789,LOSS,-1.0,3.8
2025-02-26,1493795,LOSS,-1.0,6.1
2025-02-26,1493809,LOSS,-1.0,3.3
2025-02-26,1493829,LOSS,-1.0,3.4
2025-02-26,1493879,LOSS,-1.0,4.7
2025-02-26,1493964,LOSS,-1.0,3.5
2025-02-26,1493982,LOSS,-1.0,4.1
2025-02-26,1494035,LOSS,-1.0,2.7
2025-02-26,1494053,LOSS,-1.0,1.8
2025-02-26,1494062,LOSS,-1.0,3.9
2025-02-26,1494085,LOSS,-1.0,3.4
2025-02-26,1494133,LOSS,-1.0,3.1
2025-02-26,1494188,LOSS,-1.0,4.2
2025-02-26,1494259,LOSS,-1.0,3.5
2025-02-26,1494272,OPEN,0.0,7.9
2025-03-03,1498089,LOSS,-1.0,3.4
2025-03-03,1498102,LOSS,-1.0,3.9
2025-03-03,1498137,LOSS,-1.0,5.5
2025-03-03,1498149,LOSS,-1.0,3.6
2025-03-03,1498184,WIN,8.273,3.3
2025-03-10,1505353,LOSS,-1.0,1.9
2025-03-10,1505385,LOSS,-1.0,5.2
2025-03-10,1505401,LOSS,-1.0,5.6
2025-03-10,1505426,LOSS,-1.0,4.9
2025-03-10,1505443,WIN,17.857,3.5
2025-03-12,1508213,LOSS,-1.0,3.4
2025-03-12,1508231,WIN,3.068,5.9
2025-03-13,1509645,LOSS,-1.0,4.2
2025-03-13,1509691,LOSS,-1.0,6.6
2025-03-13,1509726,LOSS,-1.0,6.6
2025-03-13,1509772,LOSS,-1.0,4.1
2025-03-13,1509827,LOSS,-1.0,13.9
2025-03-13,1509863,LOSS,-1.0,4.0
2025-03-13,1509879,LOSS,-1.0,3.3
2025-03-13,1509882,LOSS,-1.0,4.7
2025-03-13,1509898,LOSS,-1.0,2.0
2025-03-13,1509901,LOSS,-1.0,7.1
2025-03-13,1509916,LOSS,-1.0,3.4
2025-03-13,1509938,LOSS,-1.0,5.2
2025-03-13,1509958,LOSS,-1.0,12.7
2025-03-13,1509995,LOSS,-1.0,15.0
2025-03-13,1510022,OPEN,0.0,5.6
2025-03-14,1511084,LOSS,-1.0,7.5
2025-03-14,1511125,WIN,4.303,3.3
2025-03-17,1512552,WIN,3.564,5.5
2025-03-19,1515411,LOSS,-1.0,3.8
2025-03-19,1515439,OPEN,0.0,13.7
2025-03-20,1516840,LOSS,-1.0,2.7
2025-03-20,1516875,LOSS,-1.0,4.8
2025-03-20,1516941,LOSS,-1.0,6.6
2025-03-20,1516955,LOSS,-1.0,8.2
2025-03-20,1516982,LOSS,-1.0,9.2
2025-03-20,1517035,LOSS,-1.0,8.5
2025-03-20,1517169,LOSS,-1.0,5.6
2025-03-20,1517192,LOSS,-1.0,4.9
2025-03-20,1517214,LOSS,-1.0,4.7
2025-03-20,1517226,LOSS,-1.0,5.5
2025-03-20,1517232,LOSS,-1.0,4.5
2025-03-20,1517247,OPEN,0.0,6.0
2025-03-21,1518277,LOSS,-1.0,4.6
2025-03-21,1518356,LOSS,-1.0,3.9
2025-03-21,1518371,WIN,5.87,4.6
2025-03-25,1521132,LOSS,-1.0,2.3
2025-03-25,1521136,LOSS,-1.0,3.0
2025-03-25,1521179,LOSS,-1.0,4.9
2025-03-25,1521211,WIN,5.14,5.0
2025-03-27,1524040,WIN,2.871,8.5
2025-03-28,1525444,WIN,2.921,3.8
2025-04-01,1528191,LOSS,-1.0,0.7
2025-04-01,1528197,LOSS,-1.0,3.2
2025-04-01,1528218,WIN,3.041,7.3
2025-04-02,1529707,LOSS,-1.0,3.4
2025-04-02,1529739,WIN,1.071,9.8
2025-04-04,1532607,LOSS,-1.0,4.7
2025-04-04,1532624,LOSS,-1.0,27.2
2025-04-04,1532692,LOSS,-1.0,6.7
2025-04-04,1532725,LOSS,-1.0,8.1
2025-04-04,1532746,LOSS,-1.0,0.6
2025-04-04,1532795,LOSS,-1.0,11.2
2025-04-04,1532915,LOSS,-1.0,11.9
2025-04-04,1532983,LOSS,-1.0,4.2
2025-04-04,1533016,LOSS,-1.0,6.9
2025-04-04,1533018,LOSS,-1.0,6.3
2025-04-04,1533026,LOSS,-1.0,1.8
2025-04-04,1533050,LOSS,-1.0,17.8
2025-04-04,1533062,LOSS,-1.0,5.2
2025-04-04,1533068,OPEN,0.0,9.4
2025-04-11,1539719,WIN,17.067,7.5
2025-04-17,1545433,LOSS,-1.0,7.0
2025-04-17,1545811,OPEN,0.0,10.2
2025-04-18,1546931,WIN,1.541,9.8
2025-04-25,1554062,LOSS,-1.0,4.5
2025-04-25,1554106,LOSS,-1.0,2.3
2025-04-25,1554112,LOSS,-1.0,6.5
2025-04-25,1554226,LOSS,-1.0,9.5
2025-04-25,1554320,LOSS,-1.0,10.1
2025-04-25,1554504,LOSS,-1.0,4.6
2025-04-25,1554509,WIN,10.371,3.5
2025-04-29,1556920,LOSS,-1.0,4.1
2025-04-29,1556925,LOSS,-1.0,5.4
2025-04-29,1557056,LOSS,-1.0,12.5
2025-04-29,1557099,LOSS,-1.0,6.0
2025-04-29,1557164,LOSS,-1.0,6.8
2025-04-29,1557183,LOSS,-1.0,3.2
2025-04-29,1557202,LOSS,-1.0,3.4
2025-04-29,1557218,LOSS,-1.0,5.7
2025-04-29,1557286,LOSS,-1.0,4.2
2025-04-29,1557299,OPEN,0.0,4.4
2025-05-01,1559813,LOSS,-1.0,5.6
2025-05-01,1559826,LOSS,-1.0,5.5
2025-05-01,1559838,LOSS,-1.0,4.6
2025-05-01,1559871,LOSS,-1.0,3.8
2025-05-01,1559882,LOSS,-1.0,5.9
2025-05-01,1559890,WIN,3.827,7.5
2025-05-05,1562798,WIN,10.833,3.0
2025-05-08,1567036,LOSS,-1.0,4.9
2025-05-08,1567063,LOSS,-1.0,8.8
2025-05-08,1567557,LOSS,-1.0,7.0
2025-05-08,1567575,LOSS,-1.0,1.1
2025-05-12,1569899,LOSS,-1.0,9.7
2025-05-12,1569917,LOSS,-1.0,4.3
2025-05-12,1569924,LOSS,-1.0,3.0
2025-05-12,1569961,LOSS,-1.0,21.2
2025-05-12,1569975,LOSS,-1.0,7.7
2025-05-12,1569988,LOSS,-1.0,11.4
2025-05-12,1570006,LOSS,-1.0,19.2
2025-05-12,1570158,OPEN,0.0,4.5
2025-05-14,1572755,WIN,3.341,4.1
2025-05-22,1581457,LOSS,-1.0,2.5
2025-05-22,1581464,LOSS,-1.0,3.7
2025-05-22,1581478,LOSS,-1.0,10.4
2025-05-22,1581570,LOSS,-1.0,5.8
2025-05-22,1581596,LOSS,-1.0,4.4
2025-05-22,1581629,LOSS,-1.0,3.6
2025-05-22,1581780,LOSS,-1.0,3.7
2025-05-22,1581789,LOSS,-1.0,4.7
2025-05-22,1581798,LOSS,-1.0,10.2
2025-05-22,1581862,LOSS,-1.0,6.2
2025-05-22,1581882,LOSS,-1.0,4.4
2025-05-22,1581922,LOSS,-1.0,6.6
2025-05-22,1581934,OPEN,0.0,8.1
2025-05-27,1585745,LOSS,-1.0,3.8
2025-05-27,1585776,LOSS,-1.0,8.9
2025-05-27,1585801,LOSS,-1.0,6.5
2025-05-27,1586210,LOSS,-1.0,3.5
2025-05-27,1586246,LOSS,-1.0,5.5
2025-05-27,1586266,LOSS,-1.0,6.0
2025-05-30,1590013,LOSS,-1.0,5.0
2025-05-30,1590069,LOSS,-1.0,3.2
2025-05-30,1590078,LOSS,-1.0,4.3
2025-05-30,1590200,LOSS,-1.0,2.8
2025-05-30,1590209,LOSS,-1.0,3.3
2025-05-30,1590350,LOSS,-1.0,5.3
2025-05-30,1590449,LOSS,-1.0,6.7
2025-05-30,1590475,OPEN,0.0,4.5
2025-06-03,1592875,LOSS,-1.0,6.0
2025-06-03,1592963,LOSS,-1.0,6.6
2025-06-03,1592973,LOSS,-1.0,1.8
2025-06-03,1592987,LOSS,-1.0,2.3
2025-06-03,1593001,LOSS,-1.0,5.8
2025-06-03,1593051,LOSS,-1.0,8.6
2025-06-03,1593132,LOSS,-1.0,3.4
2025-06-03,1593174,LOSS,-1.0,2.4
2025-06-03,1593193,LOSS,-1.0,6.4
2025-06-03,1593240,LOSS,-1.0,5.7
2025-06-03,1593273,LOSS,-1.0,2.4
2025-06-03,1593279,LOSS,-1.0,4.9
2025-06-03,1593313,LOSS,-1.0,6.4
2025-06-03,1593344,LOSS,-1.0,12.3
2025-06-03,1593356,OPEN,0.0,17.5
2025-06-04,1594309,WIN,3.432,8.1
2025-06-05,1595735,WIN,10.185,2.7
2025-06-06,1597186,LOSS,-1.0,2.7
2025-06-06,1597203,LOSS,-1.0,3.0
2025-06-06,1597207,LOSS,-1.0,4.1
2025-06-06,1597251,LOSS,-1.0,3.6
2025-06-06,1597263,LOSS,-1.0,4.0
2025-06-06,1597307,LOSS,-1.0,4.3
2025-06-06,1597358,LOSS,-1.0,3.9
2025-06-06,1597366,LOSS,-1.0,1.9
2025-06-06,1597550,LOSS,-1.0,9.3
2025-06-06,1597563,LOSS,-1.0,11.1
2025-06-06,1597575,LOSS,-1.0,9.9
2025-06-06,1597602,LOSS,-1.0,10.7
2025-06-06,1597623,OPEN,0.0,11.1
2025-06-10,1600115,LOSS,-1.0,0.6
2025-06-10,1600163,WIN,8.229,4.8
2025-06-11,1601560,WIN,7.375,4.0
2025-06-13,1604401,LOSS,-1.0,10.2
2025-06-13,1604584,LOSS,-1.0,6.4
2025-06-13,1604647,OPEN,0.0,12.5
2025-06-19,1610124,LOSS,-1.0,3.1
2025-06-19,1610137,LOSS,-1.0,6.9
2025-06-19,1610170,LOSS,-1.0,5.1
2025-06-19,1610222,WIN,5.026,3.9
2025-06-20,1611647,WIN,1.671,7.6
2025-06-25,1615920,LOSS,-1.0,3.3
2025-06-25,1615950,LOSS,-1.0,5.7
2025-06-25,1615966,OPEN,0.0,9.5
2025-06-27,1618737,WIN,3.923,5.2
2025-07-01,1621630,LOSS,-1.0,3.0
2025-07-01,1621642,LOSS,-1.0,3.7
2025-07-01,1621670,WIN,2.802,10.6
2025-07-02,1623060,LOSS,-1.0,2.8
2025-07-02,1623072,LOSS,-1.0,2.8
2025-07-02,1623086,LOSS,-1.0,2.6
2025-07-02,1623094,LOSS,-1.0,3.3
2025-07-02,1623146,LOSS,-1.0,8.0
2025-07-02,1623171,LOSS,-1.0,8.4
2025-07-02,1623187,LOSS,-1.0,6.6
2025-07-02,1623254,LOSS,-1.0,2.7
2025-07-02,1623267,LOSS,-1.0,6.0
2025-07-02,1623342,LOSS,-1.0,2.6
2025-07-02,1623375,LOSS,-1.0,0.4
2025-07-02,1623410,OPEN,0.0,10.6
2025-07-07,1627360,LOSS,-1.0,4.5
2025-07-07,1627387,LOSS,-1.0,4.3
2025-07-07,1627392,LOSS,-1.0,4.6
2025-07-07,1627400,LOSS,-1.0,5.6
2025-07-07,1627416,LOSS,-1.0,3.5
2025-07-07,1627441,LOSS,-1.0,2.3
2025-07-07,1627454,LOSS,-1.0,5.6
2025-07-07,1627480,LOSS,-1.0,4.9
2025-07-07,1627496,LOSS,-1.0,4.9
2025-07-07,1627528,LOSS,-1.0,3.9
2025-07-07,1627540,LOSS,-1.0,5.3
2025-07-07,1627745,OPEN,0.0,5.8
2025-07-10,1631701,LOSS,-1.0,4.2
2025-07-10,1631760,LOSS,-1.0,2.2
2025-07-10,1631803,LOSS,-1.0,2.4
2025-07-10,1631829,LOSS,-1.0,3.7
2025-07-10,1631980,LOSS,-1.0,2.6
2025-07-10,1631995,LOSS,-1.0,3.5
2025-07-10,1632025,LOSS,-1.0,2.3
2025-07-10,1632053,LOSS,-1.0,6.3
2025-07-10,1632111,LOSS,-1.0,3.5
2025-07-10,1632129,LOSS,-1.0,6.8
2025-07-10,1632136,LOSS,-1.0,5.8
2025-07-10,1632145,LOSS,-1.0,9.9
2025-07-10,1632165,OPEN,0.0,9.2
2025-07-14,1634536,LOSS,-1.0,1.4
2025-07-14,1634558,OPEN,0.0,2.7
2025-07-17,1638840,LOSS,-1.0,3.2
2025-07-17,1638861,LOSS,-1.0,2.9
2025-07-17,1638883,LOSS,-1.0,3.8
2025-07-17,1638903,LOSS,-1.0,3.5
2025-07-17,1638919,LOSS,-1.0,3.8
2025-07-17,1639097,LOSS,-1.0,3.5
2025-07-17,1639169,LOSS,-1.0,2.8
2025-07-17,1639193,LOSS,-1.0,5.4
2025-07-17,1639230,OPEN,0.0,20.6
2025-07-18,1640278,WIN,6.852,2.7
2025-07-22,1643267,WIN,0.772,7.9
2025-07-23,1644588,LOSS,-1.0,2.7
2025-07-23,1644599,WIN,4.139,3.6
2025-07-24,1646083,LOSS,-1.0,6.1
2025-07-24,1646214,LOSS,-1.0,3.6
2025-07-24,1646239,LOSS,-1.0,4.8
2025-07-24,1646252,LOSS,-1.0,5.1
2025-07-24,1646289,LOSS,-1.0,4.3
2025-07-24,1646297,LOSS,-1.0,2.7
2025-07-24,1646441,WIN,7.509,5.5
2025-07-28,1648896,LOSS,-1.0,2.5
2025-07-28,1648909,LOSS,-1.0,3.7
2025-07-28,1648939,LOSS,-1.0,7.0
2025-07-28,1648990,LOSS,-1.0,8.3
2025-07-28,1649024,LOSS,-1.0,4.4
2025-07-28,1649072,LOSS,-1.0,6.3
2025-07-28,1649116,LOSS,-1.0,10.8
2025-07-28,1649163,LOSS,-1.0,4.5
2025-07-28,1649208,LOSS,-1.0,2.5
2025-07-28,1649233,LOSS,-1.0,7.9
2025-07-28,1649345,LOSS,-1.0,3.9
2025-07-28,1649371,LOSS,-1.0,3.6
2025-07-28,1649462,LOSS,-1.0,6.9
2025-07-29,1650341,LOSS,-1.0,6.4
2025-07-29,1650374,LOSS,-1.0,7.1
2025-07-29,1650398,LOSS,-1.0,13.4
2025-07-29,1650410,LOSS,-1.0,9.4
2025-07-29,1650761,LOSS,-1.0,8.7
2025-07-29,1650774,LOSS,-1.0,3.3
2025-07-29,1650793,OPEN,0.0,10.8
2025-07-30,1651780,LOSS,-1.0,10.6
2025-07-30,1652056,LOSS,-1.0,2.9
2025-07-30,1652081,LOSS,-1.0,5.8
2025-07-30,1652108,LOSS,-1.0,2.8
2025-07-30,1652144,LOSS,-1.0,6.9
2025-07-30,1652152,LOSS,-1.0,3.1
2025-07-30,1652171,LOSS,-1.0,7.0
2025-07-30,1652185,LOSS,-1.0,2.7
2025-07-30,1652208,LOSS,-1.0,6.9
2025-07-30,1652217,LOSS,-1.0,4.8
2025-07-30,1652227,LOSS,-1.0,3.2
2025-07-30,1652232,LOSS,-1.0,8.4
2025-07-30,1652240,OPEN,0.0,5.9
2025-08-04,1656248,OPEN,0.0,3.4
2025-08-05,1657528,LOSS,-1.0,2.8
2025-08-05,1657571,LOSS,-1.0,3.0
2025-08-05,1657634,LOSS,-1.0,8.1
2025-08-05,1657696,LOSS,-1.0,5.2
2025-08-05,1657710,LOSS,-1.0,5.8
2025-08-05,1657865,OPEN,0.0,7.2
2025-08-08,1661832,LOSS,-1.0,2.5
2025-08-08,1662005,LOSS,-1.0,3.4
2025-08-08,1662009,LOSS,-1.0,3.8
2025-08-08,1662041,LOSS,-1.0,4.5
2025-08-08,1662114,OPEN,0.0,3.2
2025-08-12,1664727,LOSS,-1.0,2.2
2025-08-12,1664763,LOSS,-1.0,3.0
2025-08-12,1664774,LOSS,-1.0,4.8
2025-08-12,1664910,LOSS,-1.0,4.4
2025-08-12,1664927,LOSS,-1.0,3.4
2025-08-12,1665032,LOSS,-1.0,3.7
2025-08-12,1665047,WIN,3.768,5.6
2025-08-14,1667574,LOSS,-1.0,4.4
2025-08-14,1667592,LOSS,-1.0,5.8
2025-08-14,1667598,LOSS,-1.0,7.1
2025-08-14,1667616,LOSS,-1.0,2.0
2025-08-14,1667623,LOSS,-1.0,4.7
2025-08-14,1667635,LOSS,-1.0,3.0
2025-08-14,1667654,LOSS,-1.0,5.4
2025-08-14,1667670,LOSS,-1.0,2.1
2025-08-14,1667680,LOSS,-1.0,2.7
2025-08-14,1667701,LOSS,-1.0,3.1
2025-08-14,1667744,LOSS,-1.0,2.8
2025-08-14,1667965,LOSS,-1.0,7.8
2025-08-14,1667984,LOSS,-1.0,6.6
2025-08-14,1667993,LOSS,-1.0,3.6
2025-08-14,1668017,LOSS,-1.0,7.4
2025-08-14,1668036,LOSS,-1.0,7.5
2025-08-14,1668052,LOSS,-1.0,8.2
2025-08-14,1668149,LOSS,-1.0,5.4
2025-08-18,1670493,LOSS,-1.0,1.9
2025-08-18,1670501,LOSS,-1.0,3.6
2025-08-18,1670565,LOSS,-1.0,4.2
2025-08-18,1670841,LOSS,-1.0,3.3
2025-08-18,1670846,LOSS,-1.0,4.0
2025-08-18,1670970,LOSS,-1.0,3.6
2025-08-18,1670989,OPEN,0.0,5.7
2025-08-21,1674776,LOSS,-1.0,2.0
2025-08-21,1674802,WIN,3.691,5.5
2025-08-22,1676165,WIN,10.556,2.7
2025-08-26,1679120,WIN,9.5,5.2
2025-08-27,1680481,LOSS,-1.0,4.3
2025-08-27,1680490,LOSS,-1.0,2.4
2025-08-27,1680534,LOSS,-1.0,1.3
2025-08-27,1680542,LOSS,-1.0,4.7
2025-08-27,1680554,LOSS,-1.0,4.5
2025-08-27,1680582,LOSS,-1.0,6.2
2025-08-27,1680636,LOSS,-1.0,6.5
2025-08-27,1680782,OPEN,0.0,5.1
2025-08-28,1681918,LOSS,-1.0,3.8
2025-08-28,1681951,LOSS,-1.0,5.2
2025-08-28,1682012,LOSS,-1.0,4.0
2025-08-28,1682050,LOSS,-1.0,5.7
2025-08-28,1682073,WIN,4.184,3.8
2025-09-02,1686292,LOSS,-1.0,3.4
2025-09-02,1686321,LOSS,-1.0,5.9
2025-09-02,1686331,LOSS,-1.0,5.3
2025-09-02,1686354,LOSS,-1.0,7.3
2025-09-02,1686399,LOSS,-1.0,4.1
2025-09-02,1686405,LOSS,-1.0,8.4
2025-09-02,1686617,OPEN,0.0,8.4
2025-09-04,1689127,LOSS,-1.0,6.1
2025-09-04,1689153,LOSS,-1.0,2.3
2025-09-04,1689171,LOSS,-1.0,2.5
2025-09-04,1689177,LOSS,-1.0,2.2
2025-09-04,1689183,LOSS,-1.0,3.0
2025-09-04,1689209,LOSS,-1.0,4.0
2025-09-04,1689268,LOSS,-1.0,3.9
2025-09-04,1689275,LOSS,-1.0,3.4
2025-09-04,1689300,LOSS,-1.0,2.5
2025-09-04,1689424,LOSS,-1.0,3.0
2025-09-04,1689471,OPEN,0.0,6.0
2025-09-11,1696247,LOSS,-1.0,4.7
2025-09-11,1696271,LOSS,-1.0,11.0
2025-09-11,1696469,LOSS,-1.0,5.6
2025-09-11,1696542,LOSS,-1.0,5.5
2025-09-11,1696587,LOSS,-1.0,5.7
2025-09-11,1696625,LOSS,-1.0,8.9
2025-09-11,1696654,WIN,0.0,11.7
2025-09-12,1697693,WIN,0.969,6.4
2025-09-15,1699142,WIN,4.871,3.1
2025-09-17,1702073,LOSS,-1.0,4.0
2025-09-17,1702242,OPEN,0.0,3.8
2025-09-18,1703433,LOSS,-1.0,3.5
2025-09-18,1703440,WIN,7.824,5.1
2025-09-19,1704864,LOSS,-1.0,1.8
2025-09-19,1704878,LOSS,-1.0,3.3
2025-09-19,1704896,LOSS,-1.0,7.7
2025-09-19,1704916,LOSS,-1.0,4.6
2025-09-19,1704932,LOSS,-1.0,13.5
2025-09-19,1704987,LOSS,-1.0,2.1
2025-09-19,1704996,LOSS,-1.0,3.0
2025-09-19,1705005,LOSS,-1.0,5.9
2025-09-19,1705228,LOSS,-1.0,4.0
2025-09-19,1705252,OPEN,0.0,4.2
2025-09-23,1707748,LOSS,-1.0,3.9
2025-09-23,1707766,LOSS,-1.0,4.7
2025-09-23,1707814,OPEN,0.0,10.1
2025-09-24,1709183,LOSS,-1.0,3.2
2025-09-24,1709200,LOSS,-1.0,3.4
2025-09-24,1709221,LOSS,-1.0,3.8
2025-09-24,1709240,LOSS,-1.0,4.4
2025-09-24,1709315,LOSS,-1.0,4.0
2025-09-24,1709332,LOSS,-1.0,3.7
2025-09-24,1709392,LOSS,-1.0,4.6
2025-09-24,1709428,LOSS,-1.0,4.6
2025-09-24,1709454,LOSS,-1.0,2.1
2025-09-24,1709476,LOSS,-1.0,3.1
2025-09-24,1709487,LOSS,-1.0,2.2
2025-09-24,1709508,LOSS,-1.0,3.8
2025-09-24,1709518,LOSS,-1.0,2.7
2025-09-24,1709523,LOSS,-1.0,4.2
2025-09-24,1709556,LOSS,-1.0,4.0
2025-09-24,1709577,LOSS,-1.0,2.9
2025-09-24,1709602,LOSS,-1.0,8.0
2025-09-24,1709620,LOSS,-1.0,5.4
2025-09-24,1709627,LOSS,-1.0,4.5
2025-09-24,1709656,LOSS,-1.0,4.9
2025-09-24,1709667,OPEN,0.0,5.9
2025-09-25,1710614,LOSS,-1.0,5.3
2025-09-25,1710722,WIN,4.045,4.4
2025-10-03,1719195,WIN,2.39,4.1
2025-10-06,1720650,LOSS,-1.0,3.8
2025-10-06,1720687,LOSS,-1.0,5.3
2025-10-06,1720757,LOSS,-1.0,2.1
2025-10-06,1720768,LOSS,-1.0,9.4
2025-10-06,1720883,OPEN,0.0,3.8
2025-10-07,1722075,LOSS,-1.0,5.9
2025-10-07,1722094,LOSS,-1.0,2.5
2025-10-07,1722121,LOSS,-1.0,2.9
2025-10-07,1722144,LOSS,-1.0,7.6
2025-10-07,1722175,LOSS,-1.0,4.1
2025-10-07,1722245,LOSS,-1.0,4.1
2025-10-07,1722270,LOSS,-1.0,4.4
2025-10-07,1722288,LOSS,-1.0,2.9
2025-10-07,1722395,LOSS,-1.0,3.4
2025-10-07,1722405,LOSS,-1.0,4.5
2025-10-07,1722425,LOSS,-1.0,3.0
2025-10-07,1722450,LOSS,-1.0,6.0
2025-10-07,1722555,LOSS,-1.0,2.9
2025-10-07,1722588,OPEN,0.0,2.8
2025-10-08,1723531,LOSS,-1.0,6.5
2025-10-08,1723544,LOSS,-1.0,6.8
2025-10-08,1723739,LOSS,-1.0,3.8
2025-10-09,1724952,LOSS,-1.0,3.7
2025-10-09,1724974,LOSS,-1.0,2.8
2025-10-09,1724994,LOSS,-1.0,4.2
2025-10-09,1725041,LOSS,-1.0,2.4
2025-10-09,1725064,LOSS,-1.0,3.8
2025-10-09,1725099,LOSS,-1.0,2.3
2025-10-09,1725108,LOSS,-1.0,3.7
2025-10-09,1725112,LOSS,-1.0,3.0
2025-10-09,1725320,LOSS,-1.0,3.3
2025-10-09,1725347,LOSS,-1.0,1.3
2025-10-09,1725361,LOSS,-1.0,3.5
2025-10-09,1725378,LOSS,-1.0,3.9
2025-10-09,1725403,LOSS,-1.0,7.1
2025-10-09,1725420,LOSS,-1.0,6.2
2025-10-09,1725451,LOSS,-1.0,1.0
2025-10-09,1725456,LOSS,-1.0,6.9
2025-10-09,1725493,LOSS,-1.0,14.2
2025-10-09,1725501,LOSS,-1.0,3.1
2025-10-09,1725508,LOSS,-1.0,4.1
2025-10-09,1725524,OPEN,0.0,7.0
2025-10-21,1736421,LOSS,-1.0,3.0
2025-10-21,1736539,LOSS,-1.0,3.5
2025-10-21,1736553,LOSS,-1.0,2.5
2025-10-21,1736586,LOSS,-1.0,2.2
2025-10-21,1736677,LOSS,-1.0,8.2
2025-10-21,1736788,LOSS,-1.0,4.2
2025-10-21,1736804,LOSS,-1.0,3.5
2025-10-21,1736809,LOSS,-1.0,5.3
2025-10-21,1736828,LOSS,-1.0,5.9
2025-10-21,1736899,LOSS,-1.0,4.6
2025-10-21,1736956,OPEN,0.0,9.9
2025-10-23,1739328,LOSS,-1.0,5.8
2025-10-23,1739572,LOSS,-1.0,3.6
2025-10-23,1739581,LOSS,-1.0,4.0
2025-10-23,1739592,LOSS,-1.0,3.6
2025-10-23,1739600,WIN,6.3,3.0
2025-10-24,1740718,LOSS,-1.0,2.9
2025-10-24,1740732,WIN,3.312,4.8
2025-10-27,1742279,WIN,6.919,3.7
2025-10-28,1743652,LOSS,-1.0,2.5
2025-10-28,1743719,LOSS,-1.0,5.5
2025-10-28,1743769,LOSS,-1.0,5.5
2025-10-28,1743791,LOSS,-1.0,2.8
2025-10-28,1743996,LOSS,-1.0,2.3
2025-10-28,1744026,WIN,9.171,4.1
2025-10-29,1745107,LOSS,-1.0,2.4
2025-10-29,1745122,LOSS,-1.0,5.1
2025-10-29,1745162,LOSS,-1.0,3.5
2025-10-29,1745183,LOSS,-1.0,3.4
2025-10-29,1745207,LOSS,-1.0,2.8
2025-10-29,1745218,WIN,5.032,6.2
2025-10-30,1746592,LOSS,-1.0,5.4
2025-10-30,1746761,LOSS,-1.0,3.6
2025-10-30,1746820,LOSS,-1.0,3.4
2025-10-30,1746879,LOSS,-1.0,5.8
2025-10-30,1746885,OPEN,0.0,4.3
2025-10-31,1747968,LOSS,-1.0,3.4
2025-10-31,1748276,LOSS,-1.0,6.6
2025-10-31,1748317,LOSS,-1.0,0.4
2025-10-31,1748366,LOSS,-1.0,8.4
2025-10-31,1748405,OPEN,0.0,5.7
2025-11-07,1755073,LOSS,-1.0,3.6
2025-11-07,1755138,LOSS,-1.0,6.1
2025-11-07,1755185,WIN,4.143,2.1
2025-11-27,1775167,LOSS,-1.0,1.8
2025-11-27,1775188,LOSS,-1.0,2.2
2025-11-27,1775202,LOSS,-1.0,1.7
2025-11-27,1775213,LOSS,-1.0,2.8
2025-11-27,1775302,LOSS,-1.0,1.8
2025-11-27,1775324,LOSS,-1.0,2.6
2025-11-27,1775346,OPEN,0.0,1.7
2025-11-28,1776640,LOSS,-1.0,6.6
2025-11-28,1776692,LOSS,-1.0,6.2
2025-11-28,1776765,LOSS,-1.0,3.3
2025-11-28,1776778,LOSS,-1.0,5.2
2025-11-28,1776813,LOSS,-1.0,6.1
2025-11-28,1776831,LOSS,-1.0,1.9
2025-11-28,1776843,LOSS,-1.0,2.0
2025-11-28,1776851,WIN,11.382,3.4
2025-12-09,1786679,WIN,2.234,4.7
2025-12-12,1791042,LOSS,-1.0,3.9
2025-12-12,1791145,LOSS,-1.0,1.8
2025-12-12,1791158,LOSS,-1.0,2.9
2025-12-12,1791193,LOSS,-1.0,1.7
2025-12-12,1791235,LOSS,-1.0,2.4
2025-12-12,1791255,LOSS,-1.0,2.4
2025-12-12,1791271,OPEN,0.0,3.4
2025-12-15,1792424,LOSS,-1.0,3.5
2025-12-15,1792430,WIN,4.182,3.3
2025-12-16,1793803,WIN,4.103,2.9
2025-12-17,1795240,LOSS,-1.0,4.0
2025-12-17,1795254,WIN,10.78,4.1
2025-12-19,1798102,LOSS,-1.0,3.7
2025-12-19,1798122,LOSS,-1.0,2.6
2025-12-19,1798144,LOSS,-1.0,3.8
2025-12-19,1798153,LOSS,-1.0,7.5
2025-12-19,1798472,WIN,9.739,2.3
2025-12-24,1802490,LOSS,-1.0,4.4
2025-12-24,1802869,LOSS,-1.0,3.0
2025-12-24,1802875,LOSS,-1.0,4.6
2025-12-24,1802893,LOSS,-1.0,3.2
2025-12-24,1802905,LOSS,-1.0,4.2
2025-12-24,1802932,LOSS,-1.0,5.3
2025-12-24,1802944,LOSS,-1.0,4.7
2025-12-24,1802977,OPEN,0.0,2.1
2025-12-26,1804055,LOSS,-1.0,3.7
2025-12-26,1804065,LOSS,-1.0,3.3
2025-12-26,1804089,LOSS,-1.0,2.1
2025-12-26,1804119,WIN,5.7,4.0
2025-12-31,1808354,LOSS,-1.0,2.2
2025-12-31,1808366,LOSS,-1.0,4.6
2025-12-31,1808436,LOSS,-1.0,2.2
2025-12-31,1808458,WIN,5.568,4.4
