date,side,direction,leg_extreme,stop_level,leg_range_pips,outcome,max_retrace_pct,leg_extreme_bar,window_end,target,bucket
2021-01-04,high,short,1.22566,1.22684,11.8,LOSS,116.1,599,1135,1.22397,>100% (stop)
2021-01-05,high,short,1.22742,1.22804,6.2,LOSS,116.1,2137,2573,1.22548,>100% (stop)
2021-01-06,high,short,1.23224,1.23452,22.8,LOSS,102.2,3500,4006,1.22755,>100% (stop)
2021-01-07,low,long,1.2317,1.2308,9.0,LOSS,173.3,4903,5439,1.2337,>100% (stop)
2021-01-08,high,short,1.22132,1.22653,52.1,WIN,27.1,6352,6873,1.22349,25-50%
2021-01-11,high,short,1.2184,1.21917,7.7,LOSS,103.9,7745,8311,1.21666,>100% (stop)
2021-01-12,high,short,1.21505,1.21752,24.7,LOSS,115.0,9234,9745,1.21386,>100% (stop)
2021-01-13,high,short,1.21941,1.22185,24.4,WIN,35.2,10647,11178,1.22048,25-50%
2021-01-15,low,long,1.21461,1.2134,12.1,LOSS,107.4,13482,14048,1.21573,>100% (stop)
2021-01-18,high,short,1.20725,1.20817,9.2,WIN,77.2,14933,15479,1.20654,75-100%
2021-01-19,low,long,1.21076,1.20938,13.8,WIN,32.6,16354,16895,1.20986,25-50%
2021-01-20,high,short,1.214,1.21576,17.6,WIN,32.4,17816,18332,1.21351,25-50%
2021-01-21,high,short,1.21177,1.21339,16.2,WIN,63.6,19226,19757,1.21153,50-75%
2021-01-22,low,long,1.21608,1.21539,6.9,LOSS,127.5,20670,21191,1.21766,>100% (stop)
2021-01-25,high,short,1.21684,1.21772,8.8,WIN,97.7,22110,22626,1.21601,75-100%
2021-01-26,low,long,1.21311,1.21232,7.9,LOSS,119.0,23471,24057,1.21461,>100% (stop)
2021-01-27,low,long,1.21301,1.21228,7.3,LOSS,113.7,25103,25484,1.2167,>100% (stop)
2021-01-28,low,long,1.20962,1.20833,12.9,WIN,35.7,26378,26919,1.21059,25-50%
2021-01-29,high,short,1.2107,1.21195,12.5,LOSS,112.8,27905,28356,1.2095,>100% (stop)
2021-02-01,low,long,1.21293,1.21216,7.7,LOSS,116.9,29248,29794,1.21363,>100% (stop)
2021-02-02,low,long,1.2076,1.20646,11.4,LOSS,104.4,30683,31229,1.20877,>100% (stop)
2021-02-03,low,long,1.20404,1.20347,5.7,LOSS,110.5,32091,32667,1.205,>100% (stop)
2021-02-04,low,long,1.20136,1.20049,8.7,LOSS,194.3,33570,34101,1.20388,>100% (stop)
2021-02-05,high,short,1.19753,1.19804,5.1,LOSS,176.5,35040,35526,1.19522,>100% (stop)
2021-02-08,high,short,1.20289,1.20486,19.7,WIN,21.8,36460,36961,1.20296,0-25%
2021-02-09,high,short,1.20786,1.20868,8.2,LOSS,212.2,37828,38374,1.20561,>100% (stop)
2021-02-10,high,short,1.21229,1.21337,10.8,LOSS,129.6,39289,39810,1.21088,>100% (stop)
2021-02-11,high,short,1.21274,1.21298,2.4,LOSS,104.2,40645,41236,1.21138,>100% (stop)
2021-02-12,low,long,1.21115,1.21014,10.1,LOSS,104.0,42216,42657,1.21301,>100% (stop)
2021-02-15,high,short,1.21307,1.21375,6.8,LOSS,104.4,43543,44089,1.21174,>100% (stop)
2021-02-16,low,long,1.21431,1.21283,14.8,WIN,28.4,44990,45506,1.21501,25-50%
2021-02-17,low,long,1.20775,1.20716,5.9,LOSS,113.6,46395,46941,1.20982,>100% (stop)
2021-02-18,high,short,1.20448,1.20524,7.6,LOSS,106.6,47850,48376,1.20355,>100% (stop)
2021-02-19,high,short,1.21286,1.21413,12.7,LOSS,102.4,49403,49804,1.20823,>100% (stop)
2021-02-22,low,long,1.21236,1.21052,18.4,LOSS,103.3,50715,51236,1.21355,>100% (stop)
2021-02-23,high,short,1.21545,1.21747,20.2,WIN,17.8,52170,52666,1.21638,0-25%
2021-02-24,high,short,1.21672,1.21696,2.4,LOSS,100.0,53649,54095,1.21473,75-100%
2021-02-25,high,short,1.2171,1.21798,8.8,LOSS,103.4,54951,55532,1.21559,>100% (stop)
2021-02-26,low,long,1.21594,1.21288,30.6,LOSS,106.2,56468,56969,1.21826,>100% (stop)
2021-03-01,low,long,1.20411,1.20283,12.8,LOSS,105.5,57996,58407,1.20956,>100% (stop)
2021-03-02,low,long,1.2011,1.2003,8.0,LOSS,148.7,59321,59837,1.20407,>100% (stop)
2021-03-03,low,long,1.20846,1.20774,7.2,LOSS,134.7,60793,61274,1.20934,>100% (stop)
2021-03-04,low,long,1.20374,1.20267,10.7,LOSS,100.9,62266,62702,1.2063,>100% (stop)
2021-03-05,low,long,1.19596,1.19551,4.5,LOSS,124.4,63561,64137,1.19665,>100% (stop)
2021-03-08,low,long,1.18918,1.18815,10.3,LOSS,101.0,65043,65569,1.19287,>100% (stop)
2021-03-09,high,short,1.18997,1.19088,9.1,LOSS,100.0,66613,66999,1.18355,75-100%
2021-03-10,low,long,1.18835,1.18747,8.8,LOSS,102.3,67873,68434,1.18976,>100% (stop)
2021-03-11,high,short,1.19568,1.19687,11.9,LOSS,142.9,69433,69869,1.19172,>100% (stop)
2021-03-12,low,long,1.19508,1.19379,12.9,LOSS,120.9,70751,71297,1.19884,>100% (stop)
2021-03-15,low,long,1.19313,1.19269,4.4,LOSS,190.9,72236,72792,1.19674,>100% (stop)
2021-03-16,low,long,1.19241,1.19173,6.8,LOSS,127.9,73672,74228,1.19385,>100% (stop)
2021-03-17,high,short,1.18959,1.19076,11.7,WIN,41.9,75088,75659,1.18926,25-50%
2021-03-18,high,short,1.19427,1.19791,36.4,WIN,26.6,76552,77088,1.19552,25-50%
2021-03-19,high,short,1.19242,1.19371,12.9,WIN,31.0,78024,78520,1.1902,25-50%
2021-03-22,low,long,1.18888,1.18843,4.5,LOSS,115.6,79402,79958,1.18989,>100% (stop)
2021-03-23,low,long,1.18998,1.18917,8.1,LOSS,102.5,80986,81392,1.19369,>100% (stop)
2021-03-24,low,long,1.18236,1.18176,6.0,LOSS,146.7,82307,82823,1.18508,>100% (stop)
2021-03-25,low,long,1.18163,1.18027,13.6,LOSS,101.5,83753,84254,1.18277,>100% (stop)
2021-03-26,high,short,1.17756,1.17875,11.9,LOSS,103.4,85162,85683,1.17746,>100% (stop)
2021-03-29,low,long,1.17784,1.17734,5.0,WIN,54.0,86400,86983,1.17911,50-75%
2021-03-30,low,long,1.17551,1.17409,14.2,LOSS,115.5,87901,88412,1.17737,>100% (stop)
2021-03-31,high,short,1.17301,1.17376,7.5,LOSS,140.0,89370,89841,1.17044,>100% (stop)
2021-04-01,low,long,1.17259,1.17156,10.3,WIN,69.9,90707,91272,1.17328,50-75%
2021-04-02,high,short,1.17803,1.17866,6.3,WIN,76.2,92295,92689,1.17691,75-100%
2021-04-05,low,long,1.17534,1.17478,5.6,LOSS,110.7,93533,94103,1.17718,>100% (stop)
2021-04-06,low,long,1.18116,1.17968,14.8,LOSS,106.8,95015,95521,1.18215,>100% (stop)
2021-04-07,low,long,1.18818,1.18639,17.9,WIN,76.5,96393,96949,1.18777,75-100%
2021-04-08,high,short,1.18779,1.1893,15.1,LOSS,106.0,97888,98374,1.18609,>100% (stop)
2021-04-09,low,long,1.18937,1.18872,6.5,LOSS,101.5,99255,99796,1.19201,>100% (stop)
2021-04-12,low,long,1.18807,1.1871,9.7,WIN,36.1,100779,101225,1.19029,25-50%
2021-04-13,low,long,1.19085,1.18948,13.7,LOSS,113.9,102152,102647,1.1912,>100% (stop)
2021-04-14,high,short,1.19632,1.19688,5.6,LOSS,117.9,103536,104077,1.19526,>100% (stop)
2021-04-15,high,short,1.19759,1.199,14.1,LOSS,119.1,105017,105483,1.19722,>100% (stop)
2021-04-16,high,short,1.19723,1.19791,6.8,LOSS,101.5,106514,106895,1.19503,>100% (stop)
2021-04-19,high,short,1.20218,1.20325,10.7,LOSS,104.7,107916,108322,1.19424,>100% (stop)
2021-04-20,high,short,1.20627,1.20746,11.9,WIN,79.0,109287,109753,1.20373,75-100%
2021-04-21,low,long,1.20354,1.20295,5.9,LOSS,111.9,110574,111155,1.20436,>100% (stop)
2021-04-22,low,long,1.20426,1.20305,12.1,WIN,30.6,112011,112562,1.20467,25-50%
2021-04-23,high,short,1.20233,1.20292,5.9,LOSS,106.8,113403,113984,1.20127,>100% (stop)
2021-04-27,low,long,1.20757,1.20658,9.9,LOSS,116.2,116323,116829,1.2084,>100% (stop)
2021-04-28,low,long,1.20785,1.20712,7.3,LOSS,172.6,117681,118257,1.2089,>100% (stop)
2021-04-29,low,long,1.21227,1.21171,5.6,LOSS,116.1,119177,119683,1.21498,>100% (stop)
2021-04-30,low,long,1.21198,1.21155,4.3,LOSS,146.5,120515,121101,1.21265,>100% (stop)
2021-05-03,low,long,1.20225,1.2013,9.5,WIN,31.6,121979,122525,1.20354,25-50%
2021-05-05,low,long,1.19982,1.19871,11.1,LOSS,100.9,124853,125329,1.20265,>100% (stop)
2021-05-06,high,short,1.20122,1.20202,8.0,LOSS,145.0,126197,126733,1.19929,>100% (stop)
2021-05-07,low,long,1.20893,1.20527,36.6,WIN,46.4,127641,128157,1.20697,25-50%
2021-05-10,low,long,1.21752,1.21366,38.6,WIN,16.6,129173,129594,1.21705,0-25%
2021-05-11,low,long,1.21402,1.21295,10.7,WIN,38.3,130508,131014,1.21493,25-50%
2021-05-13,high,short,1.20843,1.20992,14.9,WIN,68.5,133389,133865,1.20706,50-75%
2021-05-14,high,short,1.21044,1.2109,4.6,LOSS,110.9,134751,135287,1.20708,>100% (stop)
2021-05-17,low,long,1.21383,1.21267,11.6,WIN,58.6,136140,136716,1.21497,50-75%
2021-05-18,high,short,1.2213,1.22195,6.5,LOSS,150.8,137746,138132,1.21534,>100% (stop)
2021-05-19,high,short,1.22366,1.22425,5.9,LOSS,111.9,138998,139554,1.22172,>100% (stop)
2021-05-20,high,short,1.21829,1.21978,14.9,LOSS,102.0,140445,140976,1.21689,>100% (stop)
2021-05-21,high,short,1.22223,1.2237,14.7,WIN,19.0,141849,142400,1.22238,0-25%
2021-05-24,high,short,1.21889,1.21945,5.6,LOSS,126.8,143301,143832,1.2175,>100% (stop)
2021-05-25,high,short,1.22527,1.22605,7.8,LOSS,115.4,144780,145266,1.22113,>100% (stop)
2021-05-26,low,long,1.22483,1.22326,15.7,LOSS,101.3,146238,146699,1.22604,>100% (stop)
2021-05-27,high,short,1.21867,1.21965,9.8,LOSS,105.1,147569,148130,1.21751,>100% (stop)
2021-05-28,low,long,1.21817,1.21755,6.2,LOSS,138.7,149002,149558,1.21927,>100% (stop)
2021-06-01,low,long,1.2237,1.22347,2.3,WIN,34.8,150834,151225,1.22364,25-50%
2021-06-02,low,long,1.22179,1.22105,7.4,LOSS,135.1,152078,152639,1.22265,>100% (stop)
2021-06-03,low,long,1.21936,1.2179,14.6,LOSS,136.3,153613,154049,1.22141,>100% (stop)
2021-06-04,low,long,1.21099,1.21077,2.2,LOSS,159.1,154890,155476,1.21302,>100% (stop)
2021-06-07,low,long,1.21662,1.21514,14.8,LOSS,100.7,156406,156892,1.21726,>100% (stop)
2021-06-08,low,long,1.21852,1.2178,7.2,LOSS,108.3,157725,158311,1.21941,>100% (stop)
2021-06-09,high,short,1.21773,1.21814,4.1,LOSS,114.6,159182,159723,1.21714,>100% (stop)
2021-06-10,low,long,1.2174,1.21616,12.4,LOSS,106.5,160587,161133,1.21806,>100% (stop)
2021-06-11,high,short,1.21827,1.21902,7.5,LOSS,109.3,162009,162555,1.21717,>100% (stop)
2021-06-14,low,long,1.21206,1.21031,17.5,WIN,33.7,163484,163969,1.21102,25-50%
2021-06-15,high,short,1.21241,1.21267,2.6,LOSS,138.5,164794,165375,1.21137,>100% (stop)
2021-06-16,high,short,1.21227,1.213,7.3,LOSS,105.5,166217,166793,1.21165,>100% (stop)
2021-06-17,low,long,1.19643,1.19425,21.8,LOSS,101.4,167771,168232,1.20047,>100% (stop)
2021-06-18,low,long,1.19086,1.18953,13.3,LOSS,103.8,169099,169670,1.19249,>100% (stop)
2021-06-21,high,short,1.18511,1.18807,29.6,LOSS,100.7,170597,171108,1.18476,>100% (stop)
2021-06-22,low,long,1.19046,1.18956,9.0,LOSS,101.1,171998,172544,1.19151,>100% (stop)
2021-06-23,low,long,1.19368,1.19113,25.5,WIN,17.3,173489,173975,1.19398,0-25%
2021-06-24,low,long,1.19294,1.19216,7.8,WIN,38.5,174822,175403,1.19332,25-50%
2021-06-25,high,short,1.19431,1.19479,4.8,LOSS,131.2,176294,176830,1.19266,>100% (stop)
2021-06-28,high,short,1.19255,1.19442,18.7,WIN,97.3,177807,178258,1.192,75-100%
2021-06-29,low,long,1.19113,1.18994,11.9,LOSS,101.7,179326,179687,1.19295,>100% (stop)
2021-06-30,low,long,1.19052,1.1894,11.2,LOSS,108.9,180561,181112,1.1909,>100% (stop)
2021-07-01,low,long,1.18461,1.18386,7.5,WIN,53.3,181991,182537,1.18564,50-75%
2021-07-02,low,long,1.18326,1.18229,9.7,LOSS,107.2,183514,183965,1.18476,>100% (stop)
2021-07-05,high,short,1.1852,1.18595,7.5,LOSS,168.0,184874,185380,1.18518,>100% (stop)
2021-07-06,high,short,1.18884,1.18947,6.3,WIN,61.9,186256,186812,1.18583,50-75%
2021-07-07,high,short,1.18216,1.183,8.4,LOSS,104.8,187662,188243,1.18155,>100% (stop)
2021-07-08,high,short,1.17921,1.18068,14.7,LOSS,102.0,189122,189678,1.17834,>100% (stop)
2021-07-09,low,long,1.18356,1.18307,4.9,LOSS,151.0,190534,191105,1.18499,>100% (stop)
2021-07-12,low,long,1.1868,1.18625,5.5,LOSS,121.8,191966,192527,1.18802,>100% (stop)
2021-07-13,low,long,1.18643,1.18556,8.7,LOSS,128.7,193384,193950,1.18751,>100% (stop)
2021-07-14,high,short,1.17853,1.17919,6.6,LOSS,104.5,194867,195383,1.17717,>100% (stop)
2021-07-15,high,short,1.18392,1.18433,4.1,LOSS,109.8,196252,196818,1.18211,>100% (stop)
2021-07-16,low,long,1.18066,1.1797,9.6,WIN,88.5,197772,198253,1.18168,75-100%
2021-07-19,low,long,1.17836,1.1777,6.6,LOSS,110.6,199230,199676,1.18136,>100% (stop)
2021-07-20,low,long,1.17851,1.17776,7.5,LOSS,116.0,200537,201098,1.18021,>100% (stop)
2021-07-21,low,long,1.17632,1.17518,11.4,WIN,81.6,202047,202523,1.17829,75-100%
2021-07-22,high,short,1.17938,1.18012,7.4,LOSS,106.8,203413,203939,1.17866,>100% (stop)
2021-07-23,low,long,1.17732,1.17686,4.6,LOSS,100.0,204802,205363,1.17804,75-100%
2021-07-26,high,short,1.17773,1.17817,4.4,LOSS,106.8,206192,206778,1.17632,>100% (stop)
2021-07-27,low,long,1.17798,1.17698,10.0,WIN,55.0,207789,208210,1.1812,50-75%
2021-07-28,low,long,1.18106,1.1805,5.6,LOSS,108.9,209117,209638,1.18274,>100% (stop)
2021-07-29,high,short,1.18502,1.18635,13.3,LOSS,100.8,210531,211072,1.18406,>100% (stop)
2021-07-30,low,long,1.18955,1.1875,20.5,WIN,10.7,212008,212504,1.18916,0-25%
2021-08-02,high,short,1.18709,1.18746,3.7,LOSS,210.8,213356,213922,1.18587,>100% (stop)
2021-08-03,high,short,1.18716,1.18774,5.8,LOSS,105.2,214790,215346,1.1868,>100% (stop)
2021-08-04,high,short,1.18746,1.18795,4.9,WIN,77.6,216240,216761,1.18606,75-100%
2021-08-05,low,long,1.18396,1.18312,8.4,LOSS,109.5,217611,218177,1.18392,>100% (stop)
2021-08-06,low,long,1.18138,1.18104,3.4,LOSS,152.9,219163,219589,1.18333,>100% (stop)
2021-08-09,high,short,1.17605,1.17656,5.1,LOSS,103.9,220447,221013,1.17424,>100% (stop)
2021-08-10,high,short,1.17382,1.17419,3.7,LOSS,121.6,221862,222408,1.1732,>100% (stop)
2021-08-11,low,long,1.17149,1.17099,5.0,LOSS,128.0,223286,223827,1.17255,>100% (stop)
2021-08-12,low,long,1.17401,1.17326,7.5,WIN,44.0,224749,225239,1.17449,25-50%
2021-08-13,low,long,1.17383,1.17302,8.1,WIN,53.1,226171,226652,1.17424,50-75%
2021-08-16,low,long,1.17928,1.17865,6.3,LOSS,133.3,227495,228056,1.18006,>100% (stop)
2021-08-17,low,long,1.17673,1.17631,4.2,LOSS,169.0,228914,229455,1.17776,>100% (stop)
2021-08-18,high,short,1.17196,1.17294,9.8,WIN,63.3,230416,230882,1.17075,50-75%
2021-08-20,low,long,1.16766,1.16706,6.0,LOSS,101.7,233328,233734,1.16873,>100% (stop)
2021-08-23,high,short,1.17214,1.17319,10.5,LOSS,107.6,234766,235142,1.1695,>100% (stop)
2021-08-24,low,long,1.17393,1.17329,6.4,LOSS,110.9,236080,236541,1.17473,>100% (stop)
2021-08-25,low,long,1.17566,1.17363,20.3,WIN,21.2,237498,237944,1.17575,0-25%
2021-08-26,low,long,1.17632,1.17599,3.3,LOSS,206.1,238816,239362,1.17736,>100% (stop)
2021-08-27,high,short,1.17606,1.17635,2.9,LOSS,127.6,240194,240775,1.1742,>100% (stop)
2021-08-30,low,long,1.18033,1.17995,3.8,LOSS,163.2,241672,242203,1.18097,>100% (stop)
2021-08-31,high,short,1.18232,1.18298,6.6,LOSS,101.5,243069,243605,1.17952,>100% (stop)
2021-09-01,low,long,1.18135,1.17951,18.4,WIN,98.4,244497,245028,1.18111,75-100%
2021-09-02,high,short,1.18398,1.18465,6.7,LOSS,152.2,245869,246430,1.18367,>100% (stop)
2021-09-03,low,long,1.18826,1.18713,11.3,LOSS,111.5,247410,247841,1.18842,>100% (stop)
2021-09-06,low,long,1.18685,1.18602,8.3,LOSS,108.4,248824,249270,1.18857,>100% (stop)
2021-09-07,low,long,1.1874,1.18719,2.1,LOSS,204.8,250102,250688,1.18851,>100% (stop)
2021-09-08,low,long,1.18349,1.183,4.9,LOSS,132.7,251557,252113,1.18511,>100% (stop)
2021-09-09,low,long,1.18242,1.18137,10.5,LOSS,100.0,252973,253539,1.18252,75-100%
2021-09-13,low,long,1.17853,1.17759,9.4,LOSS,108.5,255884,256385,1.18127,>100% (stop)
2021-09-14,high,short,1.18237,1.18292,5.5,WIN,52.7,257313,257789,1.18054,50-75%
2021-09-15,low,long,1.18117,1.18022,9.5,WIN,65.3,258657,259198,1.18119,50-75%
2021-09-16,low,long,1.18062,1.18013,4.9,LOSS,249.0,260067,260613,1.18204,>100% (stop)
2021-09-17,high,short,1.17693,1.17747,5.4,LOSS,150.0,261488,262039,1.17586,>100% (stop)
2021-09-20,low,long,1.17134,1.17058,7.6,LOSS,107.9,262971,263452,1.17296,>100% (stop)
2021-09-21,low,long,1.17347,1.1727,7.7,WIN,62.3,264456,264882,1.17399,50-75%
2021-09-22,high,short,1.17241,1.17374,13.3,LOSS,104.5,265853,266309,1.17164,>100% (stop)
2021-09-23,high,short,1.17064,1.17101,3.7,LOSS,135.1,267154,267740,1.16834,>100% (stop)
2021-09-24,low,long,1.17414,1.17366,4.8,LOSS,108.3,268583,269169,1.17476,>100% (stop)
2021-09-27,low,long,1.17007,1.16846,16.1,OPEN,71.4,270221,270597,1.1725,50-75%
2021-09-28,high,short,1.16742,1.17031,28.9,WIN,7.3,271473,272009,1.1685,0-25%
2021-09-29,low,long,1.16853,1.16798,5.5,LOSS,100.0,272892,273438,1.169,75-100%
2021-09-30,low,long,1.16049,1.15949,10.0,LOSS,109.0,274326,274867,1.16085,>100% (stop)
2021-10-01,high,short,1.15751,1.15913,16.2,LOSS,108.6,275842,276303,1.15628,>100% (stop)
2021-10-04,high,short,1.16056,1.16142,8.6,LOSS,103.5,277303,277734,1.15876,>100% (stop)
2021-10-05,low,long,1.16049,1.15939,11.0,LOSS,100.0,278655,279161,1.16198,75-100%
2021-10-06,low,long,1.15832,1.15758,7.4,LOSS,101.4,280031,280582,1.15977,>100% (stop)
2021-10-07,low,long,1.1557,1.15493,7.7,WIN,22.1,281434,282005,1.1561,0-25%
2021-10-08,low,long,1.15488,1.15413,7.5,WIN,74.7,282870,283431,1.15596,50-75%
2021-10-11,high,short,1.15736,1.15816,8.0,WIN,58.7,284358,284864,1.15649,50-75%
2021-10-12,high,short,1.15602,1.15633,3.1,LOSS,125.8,285703,286284,1.15471,>100% (stop)
2021-10-13,high,short,1.15503,1.15577,7.4,LOSS,104.1,287299,287695,1.15299,>100% (stop)
2021-10-14,high,short,1.16052,1.16114,6.2,LOSS,103.2,288623,289114,1.15886,>100% (stop)
2021-10-15,high,short,1.16087,1.16148,6.1,LOSS,154.1,290025,290536,1.15881,>100% (stop)
2021-10-18,low,long,1.15767,1.15734,3.3,WIN,24.2,291432,291968,1.15977,0-25%
2021-10-19,high,short,1.16461,1.16543,8.2,LOSS,111.0,292843,293384,1.1613,>100% (stop)
2021-10-20,low,long,1.16298,1.16168,13.0,WIN,66.2,294371,294812,1.16475,50-75%
2021-10-21,low,long,1.16425,1.16363,6.2,LOSS,101.6,295800,296231,1.16674,>100% (stop)
2021-10-22,high,short,1.16389,1.16465,7.6,LOSS,105.3,297179,297650,1.1621,>100% (stop)
2021-10-26,low,long,1.16042,1.15956,8.6,WIN,97.7,299988,300479,1.16101,75-100%
2021-10-27,low,long,1.16064,1.16014,5.0,WIN,72.0,301348,301904,1.16043,50-75%
2021-10-28,high,short,1.15967,1.16137,17.0,WIN,-14.1,302885,303326,1.15892,<0%
2021-10-29,low,long,1.16753,1.1665,10.3,LOSS,104.9,304238,304754,1.16899,>100% (stop)
2021-11-01,high,short,1.15616,1.15723,10.7,LOSS,101.9,305828,306249,1.1546,>100% (stop)
2021-11-02,high,short,1.16033,1.16084,5.1,LOSS,103.9,307111,307677,1.1595,>100% (stop)
2021-11-03,high,short,1.15802,1.15875,7.3,LOSS,113.7,308550,309096,1.15772,>100% (stop)
2021-11-04,low,long,1.15563,1.1549,7.3,LOSS,109.6,310047,310528,1.16125,>100% (stop)
2021-11-05,high,short,1.15582,1.15629,4.7,WIN,66.0,311419,311960,1.15409,50-75%
2021-11-08,high,short,1.15624,1.15686,6.2,WIN,41.9,312752,313333,1.15531,25-50%
2021-11-09,high,short,1.15909,1.16009,10.0,WIN,75.0,314204,314760,1.1577,50-75%
2021-11-10,low,long,1.15729,1.15577,15.2,LOSS,108.6,315667,316193,1.15951,>100% (stop)
2021-11-11,low,long,1.14765,1.14591,17.4,LOSS,101.1,317146,317627,1.14845,>100% (stop)
2021-11-12,high,short,1.14412,1.14452,4.0,LOSS,102.5,318473,319059,1.14359,>100% (stop)
2021-11-15,low,long,1.14538,1.14367,17.1,LOSS,115.8,320058,320489,1.14638,>100% (stop)
2021-11-16,low,long,1.13765,1.1371,5.5,LOSS,121.8,321370,321926,1.13856,>100% (stop)
2021-11-18,low,long,1.13351,1.13256,9.5,LOSS,100.0,324334,324805,1.13379,75-100%
2021-11-19,low,long,1.13052,1.12938,11.4,LOSS,107.0,325863,326234,1.13653,>100% (stop)
2021-11-22,low,long,1.12739,1.12665,7.4,LOSS,112.2,327100,327671,1.12896,>100% (stop)
2021-11-23,high,short,1.12392,1.12641,24.9,LOSS,119.3,328582,329108,1.12259,>100% (stop)
2021-11-24,high,short,1.12402,1.12473,7.1,LOSS,119.7,329990,330541,1.12325,>100% (stop)
2021-11-25,high,short,1.12126,1.12184,5.8,LOSS,125.9,331406,331967,1.12058,>100% (stop)
2021-11-26,high,short,1.1258,1.12749,16.9,LOSS,103.6,332964,333400,1.12122,>100% (stop)
2021-11-29,low,long,1.12707,1.12635,7.2,LOSS,126.4,334274,334840,1.129,>100% (stop)
2021-11-30,high,short,1.13578,1.13663,8.5,LOSS,101.2,335861,336277,1.12871,>100% (stop)
2021-12-01,high,short,1.13219,1.13372,15.3,LOSS,116.3,337151,337717,1.13163,>100% (stop)
2021-12-02,low,long,1.13189,1.13092,9.7,WIN,85.6,338627,339153,1.13392,75-100%
2021-12-03,low,long,1.12872,1.1282,5.2,WIN,61.5,340019,340590,1.13021,50-75%
2021-12-06,low,long,1.12882,1.1278,10.2,LOSS,104.9,341472,342028,1.12964,>100% (stop)
2021-12-07,high,short,1.12901,1.12965,6.4,LOSS,114.1,342873,343459,1.12758,>100% (stop)
2021-12-08,high,short,1.12836,1.12899,6.3,LOSS,144.4,344356,344892,1.12729,>100% (stop)
2021-12-09,low,long,1.13309,1.13268,4.1,LOSS,214.6,345744,346325,1.13396,>100% (stop)
2021-12-10,low,long,1.12948,1.12867,8.1,LOSS,102.5,347227,347758,1.13015,>100% (stop)
2021-12-13,low,long,1.12888,1.12839,4.9,LOSS,102.0,348612,349178,1.13131,>100% (stop)
2021-12-14,low,long,1.1281,1.12717,9.3,WIN,9.7,350100,350604,1.12837,0-25%
2021-12-15,high,short,1.12672,1.1271,3.8,LOSS,113.2,351469,352025,1.12575,>100% (stop)
2021-12-16,high,short,1.1303,1.1312,9.0,LOSS,103.3,352948,353464,1.12818,>100% (stop)
2021-12-17,low,long,1.13264,1.1317,9.4,WIN,-7.4,354390,354901,1.13359,<0%
2021-12-20,high,short,1.12582,1.12591,0.9,LOSS,455.6,355879,356335,1.12363,>100% (stop)
2021-12-21,high,short,1.12846,1.12947,10.1,LOSS,104.0,357232,357763,1.12738,>100% (stop)
2021-12-22,low,long,1.12696,1.12657,3.9,LOSS,100.0,358646,359197,1.1294,75-100%
2021-12-23,low,long,1.13184,1.13118,6.6,LOSS,112.1,360172,360623,1.13422,>100% (stop)
2021-12-24,high,short,1.13358,1.13414,5.6,WIN,98.2,361683,362049,1.13232,75-100%
2021-12-27,high,short,1.13157,1.13197,4.0,WIN,72.5,362967,363468,1.13162,50-75%
2021-12-28,low,long,1.13309,1.13198,11.1,LOSS,106.3,364369,364880,1.13312,>100% (stop)
2021-12-29,low,long,1.13018,1.12972,4.6,LOSS,113.0,365759,366305,1.13116,>100% (stop)
2021-12-30,low,long,1.132,1.1316,4.0,LOSS,107.5,367143,367729,1.13514,>100% (stop)
2021-12-31,low,long,1.13152,1.13062,9.0,WIN,85.6,368620,369146,1.13285,75-100%
2022-01-03,low,long,1.135,1.13349,15.1,WIN,98.0,370039,370570,1.13651,75-100%
2022-01-04,low,long,1.12927,1.12837,9.0,LOSS,106.7,371465,372001,1.13094,>100% (stop)
2022-01-05,high,short,1.12946,1.12981,3.5,LOSS,128.6,372864,373435,1.12773,>100% (stop)
2022-01-06,low,long,1.12907,1.12881,2.6,LOSS,230.8,374315,374871,1.13205,>100% (stop)
2022-01-07,high,short,1.13094,1.13145,5.1,LOSS,119.6,375847,376298,1.1295,>100% (stop)
2022-01-10,low,long,1.13325,1.13205,12.0,LOSS,100.8,377227,377728,1.13563,>100% (stop)
2022-01-11,high,short,1.13356,1.13432,7.6,LOSS,168.4,378605,379156,1.13321,>100% (stop)
2022-01-12,low,long,1.13665,1.13555,11.0,LOSS,107.3,380068,380584,1.13755,>100% (stop)
2022-01-13,high,short,1.14666,1.14782,11.6,LOSS,110.3,381525,382016,1.14357,>100% (stop)
2022-01-17,high,short,1.14215,1.14279,6.4,LOSS,104.7,384370,384886,1.14,>100% (stop)
2022-01-19,high,short,1.13297,1.13362,6.5,LOSS,123.1,387147,387728,1.13187,>100% (stop)
2022-01-20,high,short,1.13567,1.13688,12.1,WIN,14.9,388671,389167,1.13483,0-25%
2022-01-21,high,short,1.13225,1.13307,8.2,LOSS,137.8,390070,390606,1.13009,>100% (stop)
2022-01-24,low,long,1.13292,1.132,9.2,LOSS,117.4,391479,392040,1.13394,>100% (stop)
2022-01-25,low,long,1.13156,1.13073,8.3,LOSS,101.2,392905,393471,1.13234,>100% (stop)
2022-01-26,low,long,1.1296,1.12892,6.8,LOSS,126.5,394357,394903,1.13107,>100% (stop)
2022-01-27,low,long,1.12163,1.12103,6.0,LOSS,113.3,395784,396340,1.12344,>100% (stop)
2022-01-28,low,long,1.11371,1.11259,11.2,LOSS,107.1,397228,397774,1.11558,>100% (stop)
2022-01-31,high,short,1.11611,1.11672,6.1,LOSS,167.2,398641,399207,1.11445,>100% (stop)
2022-02-01,high,short,1.12517,1.12694,17.7,LOSS,124.3,400153,400634,1.12214,>100% (stop)
2022-02-02,low,long,1.1278,1.12665,11.5,WIN,47.8,401488,402054,1.12778,25-50%
2022-02-03,low,long,1.12982,1.12902,8.0,LOSS,122.5,402950,403481,1.13082,>100% (stop)
2022-02-04,low,long,1.14608,1.14397,21.1,WIN,54.0,404444,404920,1.14719,50-75%
2022-02-07,low,long,1.14262,1.14151,11.1,WIN,91.0,405959,406360,1.14537,75-100%
2022-02-08,low,long,1.14077,1.13961,11.6,OPEN,84.5,407275,407796,1.14487,75-100%
2022-02-09,low,long,1.14158,1.14046,11.2,WIN,17.0,408703,409229,1.14323,0-25%
2022-02-10,high,short,1.14225,1.14335,11.0,LOSS,110.9,410175,410661,1.14169,>100% (stop)
2022-02-11,low,long,1.13845,1.13743,10.2,WIN,63.7,411539,412100,1.14068,50-75%
2022-02-14,low,long,1.13491,1.13388,10.3,LOSS,115.5,412973,413539,1.1365,>100% (stop)
2022-02-15,high,short,1.13093,1.13237,14.4,LOSS,191.7,414441,414972,1.13084,>100% (stop)
2022-02-16,high,short,1.13631,1.13706,7.5,LOSS,144.0,415839,416400,1.13449,>100% (stop)
2022-02-17,high,short,1.13529,1.1384,31.1,OPEN,85.2,417341,417836,1.1323,75-100%
2022-02-18,high,short,1.13676,1.13724,4.8,LOSS,116.7,418711,419272,1.13577,>100% (stop)
2022-02-21,high,short,1.13706,1.13749,4.3,LOSS,120.9,420139,420710,1.13279,>100% (stop)
2022-02-22,high,short,1.1337,1.13667,29.7,OPEN,74.7,421837,422148,1.1288,50-75%
2022-02-23,low,long,1.13399,1.13159,24.0,WIN,13.8,423030,423581,1.13387,0-25%
2022-02-25,low,long,1.11881,1.11722,15.9,LOSS,100.6,425995,426451,1.12285,>100% (stop)
2022-02-28,high,short,1.11648,1.12,35.2,LOSS,102.6,427380,427891,1.11421,>100% (stop)
2022-03-01,high,short,1.12147,1.1224,9.3,LOSS,135.5,428777,429323,1.11906,>100% (stop)
2022-03-02,low,long,1.11126,1.10965,16.1,LOSS,108.1,430203,430759,1.11355,>100% (stop)
2022-03-03,low,long,1.11,1.10892,10.8,LOSS,105.6,431690,432196,1.11066,>100% (stop)
2022-03-04,low,long,1.10169,1.10087,8.2,LOSS,101.2,433087,433633,1.10517,>100% (stop)
2022-03-07,high,short,1.08663,1.08978,31.5,WIN,77.5,434526,435072,1.08213,75-100%
2022-03-08,low,long,1.08836,1.08522,31.4,WIN,88.2,435965,436511,1.08847,75-100%
2022-03-09,high,short,1.09119,1.09253,13.4,LOSS,111.2,437406,437947,1.0905,>100% (stop)
2022-03-10,high,short,1.10356,1.10718,36.2,WIN,29.8,438879,439385,1.10415,25-50%
2022-03-11,low,long,1.09858,1.09656,20.2,LOSS,109.9,440372,440823,1.10102,>100% (stop)
2022-03-14,high,short,1.09302,1.0938,7.8,LOSS,152.6,441790,442321,1.09005,>100% (stop)
2022-03-15,high,short,1.09876,1.10156,28.0,OPEN,71.4,443265,443761,1.09375,50-75%
2022-03-16,high,short,1.09643,1.09821,17.8,WIN,33.1,444629,445200,1.09558,25-50%
2022-03-17,high,short,1.10499,1.1067,17.1,WIN,31.0,446154,446640,1.10296,25-50%
2022-03-18,low,long,1.10825,1.10742,8.3,LOSS,118.1,447532,448078,1.11036,>100% (stop)
2022-03-21,low,long,1.10558,1.10386,17.2,WIN,64.0,448940,449516,1.10537,50-75%
2022-03-22,low,long,1.09778,1.09633,14.5,WIN,31.0,450394,450950,1.1005,25-50%
2022-03-23,high,short,1.10215,1.10349,13.4,WIN,44.8,451812,452388,1.10209,25-50%
2022-03-24,low,long,1.09915,1.09752,16.3,LOSS,104.3,453315,453826,1.1003,>100% (stop)
2022-03-25,low,long,1.10133,1.10005,12.8,LOSS,114.1,454829,455255,1.10376,>100% (stop)
2022-03-28,low,long,1.09527,1.09504,2.3,LOSS,130.4,455984,456570,1.09844,>100% (stop)
2022-03-29,high,short,1.09975,1.1009,11.5,LOSS,130.4,457485,458001,1.0969,>100% (stop)
2022-03-31,low,long,1.11317,1.11127,19.0,LOSS,119.5,460459,460870,1.11848,>100% (stop)
2022-04-01,low,long,1.10757,1.10524,23.3,LOSS,120.6,461766,462297,1.10745,>100% (stop)
2022-04-04,low,long,1.10465,1.10378,8.7,LOSS,108.0,463188,463734,1.10544,>100% (stop)
2022-04-05,low,long,1.09806,1.0965,15.6,WIN,35.3,464624,465165,1.09797,25-50%
2022-04-06,low,long,1.08927,1.08745,18.2,WIN,50.0,466066,466597,1.09061,25-50%
2022-04-07,high,short,1.09141,1.09341,20.0,WIN,-10.0,467503,468029,1.08966,<0%
2022-04-08,low,long,1.0879,1.0848,31.0,WIN,27.7,468996,469457,1.08717,25-50%
2022-04-11,low,long,1.08877,1.08761,11.6,WIN,47.4,470376,470897,1.08946,25-50%
2022-04-12,low,long,1.08636,1.08533,10.3,LOSS,111.7,471827,472333,1.08873,>100% (stop)
2022-04-13,high,short,1.08245,1.08447,20.2,LOSS,109.4,473202,473763,1.08113,>100% (stop)
2022-04-14,high,short,1.09103,1.09233,13.0,WIN,56.2,474680,475201,1.08826,50-75%
2022-04-15,high,short,1.08142,1.08194,5.2,LOSS,105.8,476271,476636,1.07964,>100% (stop)
2022-04-18,low,long,1.0798,1.07919,6.1,LOSS,109.8,477503,478069,1.08156,>100% (stop)
2022-04-19,high,short,1.07813,1.07877,6.4,LOSS,117.2,478980,479506,1.0761,>100% (stop)
2022-04-20,high,short,1.08295,1.08417,12.2,LOSS,105.7,480552,480943,1.07838,>100% (stop)
2022-04-21,high,short,1.09112,1.09362,25.0,OPEN,74.4,481941,482382,1.08234,50-75%
2022-04-22,high,short,1.08394,1.08478,8.4,WIN,91.7,483260,483821,1.08308,75-100%
2022-04-25,low,long,1.07521,1.07118,40.3,LOSS,106.2,484791,485257,1.08119,>100% (stop)
2022-04-26,low,long,1.0692,1.06725,19.5,LOSS,103.6,486242,486688,1.07386,>100% (stop)
2022-04-27,low,long,1.06158,1.05854,30.4,LOSS,100.0,487739,488125,1.06534,75-100%
2022-04-28,low,long,1.05308,1.0512,18.8,WIN,83.5,489019,489560,1.05541,75-100%
2022-04-29,high,short,1.05394,1.05487,9.3,LOSS,137.6,490435,490986,1.05019,>100% (stop)
2022-05-02,low,long,1.0523,1.05104,12.6,WIN,6.3,491859,492420,1.0553,0-25%
2022-05-03,low,long,1.05085,1.04977,10.8,LOSS,101.9,493268,493854,1.05265,>100% (stop)
2022-05-04,low,long,1.05236,1.05113,12.3,LOSS,130.9,494712,495283,1.05342,>100% (stop)
2022-05-05,low,long,1.06065,1.05936,12.9,LOSS,165.1,496194,496715,1.06417,>100% (stop)
2022-05-06,low,long,1.05196,1.05087,10.9,LOSS,218.3,497605,498151,1.05506,>100% (stop)
2022-05-09,low,long,1.05197,1.04951,24.6,WIN,76.0,499068,499584,1.05353,75-100%
2022-05-10,low,long,1.05783,1.0551,27.3,LOSS,119.8,500531,501022,1.05797,>100% (stop)
2022-05-11,high,short,1.0537,1.05471,10.1,LOSS,106.9,501877,502453,1.05255,>100% (stop)
2022-05-12,low,long,1.05104,1.04961,14.3,LOSS,108.4,503330,503891,1.05292,>100% (stop)
2022-05-13,high,short,1.0385,1.04014,16.4,LOSS,103.7,504753,505324,1.03729,>100% (stop)
2022-05-16,high,short,1.04194,1.04341,14.7,LOSS,117.0,506357,506758,1.03889,>100% (stop)
2022-05-17,high,short,1.04585,1.04642,5.7,LOSS,107.0,507681,508187,1.04318,>100% (stop)
2022-05-18,low,long,1.05197,1.05164,3.3,LOSS,139.4,509098,509609,1.05636,>100% (stop)
2022-05-19,low,long,1.04843,1.04753,9.0,WIN,76.7,510544,511040,1.05065,75-100%
2022-05-20,high,short,1.05811,1.05934,12.3,WIN,83.7,511907,512473,1.05546,75-100%
2022-05-23,high,short,1.05949,1.06074,12.5,LOSS,102.4,513394,513910,1.05679,>100% (stop)
2022-05-24,high,short,1.07053,1.07359,30.6,LOSS,110.1,514889,515340,1.06608,>100% (stop)
2022-05-25,low,long,1.07061,1.06912,14.9,LOSS,120.8,516229,516770,1.07365,>100% (stop)
2022-05-26,low,long,1.06795,1.06669,12.6,LOSS,121.4,517633,518204,1.07063,>100% (stop)
2022-05-27,low,long,1.07433,1.07332,10.1,LOSS,105.0,519184,519635,1.0765,>100% (stop)
2022-05-30,high,short,1.0751,1.07654,14.4,LOSS,101.4,520533,521074,1.07267,>100% (stop)
2022-05-31,low,long,1.07481,1.07386,9.5,LOSS,116.8,521982,522503,1.07744,>100% (stop)
2022-06-01,low,long,1.07177,1.07117,6.0,WIN,46.7,523390,523936,1.07345,25-50%
2022-06-02,high,short,1.06842,1.0692,7.8,LOSS,101.3,524896,525367,1.06447,>100% (stop)
2022-06-03,low,long,1.07606,1.07448,15.8,LOSS,108.9,526325,526801,1.07643,>100% (stop)
2022-06-06,high,short,1.07267,1.07377,11.0,LOSS,139.1,527736,528227,1.07099,>100% (stop)
2022-06-07,low,long,1.06926,1.06735,19.1,WIN,44.5,529120,529666,1.06918,25-50%
2022-06-08,low,long,1.07088,1.06756,33.2,WIN,16.0,530731,531097,1.07011,0-25%
2022-06-09,low,long,1.07172,1.07089,8.3,LOSS,130.1,531997,532533,1.07337,>100% (stop)
2022-06-10,high,short,1.06199,1.0639,19.1,WIN,56.5,533495,533971,1.06113,50-75%
2022-06-13,low,long,1.04895,1.04763,13.2,LOSS,109.1,534876,535402,1.04955,>100% (stop)
2022-06-14,high,short,1.04652,1.04667,1.5,LOSS,280.0,536371,536837,1.0397,>100% (stop)
2022-06-15,high,short,1.04461,1.04847,38.6,LOSS,103.9,537792,538273,1.04263,>100% (stop)
2022-06-16,low,long,1.04047,1.03808,23.9,WIN,89.1,539234,539700,1.04692,75-100%
2022-06-17,low,long,1.05152,1.04998,15.4,LOSS,109.1,540620,541136,1.0552,>100% (stop)
2022-06-20,high,short,1.05134,1.05427,29.3,LOSS,100.0,542059,542575,1.04848,75-100%
2022-06-21,low,long,1.05306,1.05151,15.5,WIN,51.6,543452,544003,1.05424,50-75%
2022-06-22,low,long,1.04998,1.04954,4.4,LOSS,109.1,544840,545426,1.05314,>100% (stop)
2022-06-23,low,long,1.05193,1.04982,21.1,LOSS,106.6,546400,546856,1.0581,>100% (stop)
2022-06-24,high,short,1.0534,1.05464,12.4,LOSS,111.3,547730,548291,1.0512,>100% (stop)
2022-06-27,high,short,1.05779,1.05911,13.2,LOSS,100.8,549275,549726,1.05502,>100% (stop)
2022-06-28,high,short,1.05742,1.05939,19.7,LOSS,103.6,550695,551166,1.05703,>100% (stop)
2022-06-29,low,long,1.05184,1.04877,30.7,LOSS,105.5,552073,552594,1.05354,>100% (stop)
2022-06-30,high,short,1.04338,1.04659,32.1,WIN,35.5,553496,554027,1.04329,25-50%
2022-07-01,low,long,1.04642,1.04407,23.5,LOSS,122.1,554928,555464,1.04783,>100% (stop)
2022-07-04,low,long,1.04368,1.04229,13.9,LOSS,117.3,556370,556896,1.04442,>100% (stop)
2022-07-05,high,short,1.0432,1.04444,12.4,WIN,60.5,557753,558329,1.0423,50-75%
2022-07-06,low,long,1.02605,1.02425,18.0,WIN,61.7,559190,559766,1.02712,50-75%
2022-07-07,high,short,1.01918,1.02143,22.5,WIN,94.7,560669,561200,1.0176,75-100%
2022-07-08,low,long,1.01195,1.0072,47.5,OPEN,30.7,562200,562626,1.01912,25-50%
2022-07-11,low,long,1.01415,1.01358,5.7,LOSS,159.6,563497,564053,1.01675,>100% (stop)
2022-07-12,low,long,1.00177,1.00026,15.1,LOSS,106.0,565060,565491,1.00552,>100% (stop)
2022-07-13,high,short,1.00353,1.00405,5.2,LOSS,109.6,566342,566928,1.00226,>100% (stop)
2022-07-14,low,long,1.00271,1.00145,12.6,LOSS,126.2,567800,568366,1.00434,>100% (stop)
2022-07-15,low,long,1.00222,1.00108,11.4,LOSS,111.4,569258,569799,1.00411,>100% (stop)
2022-07-18,low,long,1.01115,1.00813,30.2,WIN,0.3,570700,571236,1.01143,0-25%
2022-07-19,high,short,1.022,1.02533,33.3,LOSS,113.8,572278,572674,1.01195,>100% (stop)
2022-07-20,low,long,1.02729,1.02298,43.1,WIN,42.2,573605,574111,1.02484,25-50%
2022-07-21,high,short,1.02072,1.02266,19.4,WIN,55.2,574992,575548,1.01782,50-75%
2022-07-22,low,long,1.02134,1.01842,29.2,LOSS,105.8,576456,576987,1.02216,>100% (stop)
2022-07-25,high,short,1.01784,1.02223,43.9,LOSS,114.4,577935,578411,1.01809,>100% (stop)
2022-07-26,low,long,1.02236,1.0213,10.6,LOSS,119.8,579284,579845,1.025,>100% (stop)
2022-07-27,high,short,1.01341,1.01501,16.0,WIN,19.4,580721,581282,1.01278,0-25%
2022-07-28,high,short,1.02163,1.02255,9.2,LOSS,109.8,582141,582717,1.01803,>100% (stop)
2022-07-29,high,short,1.02244,1.02526,28.2,WIN,66.3,583646,584152,1.01892,50-75%
2022-08-01,high,short,1.02532,1.027,16.8,LOSS,100.6,585257,585588,1.02075,>100% (stop)
2022-08-02,low,long,1.02443,1.02149,29.4,LOSS,104.8,586572,587023,1.02939,>100% (stop)
2022-08-04,high,short,1.01737,1.01861,12.4,LOSS,101.6,589416,589892,1.01542,>100% (stop)
2022-08-05,low,long,1.02293,1.02224,6.9,LOSS,102.9,590780,591331,1.02482,>100% (stop)
2022-08-08,high,short,1.01781,1.01886,10.5,LOSS,107.6,592192,592768,1.0159,>100% (stop)
2022-08-09,high,short,1.02003,1.02101,9.8,LOSS,112.2,593667,594203,1.01885,>100% (stop)
2022-08-10,low,long,1.02257,1.02088,16.9,WIN,45.6,595215,595641,1.0219,25-50%
2022-08-11,low,long,1.03017,1.02815,20.2,WIN,57.4,596511,597077,1.03038,50-75%
2022-08-12,low,long,1.03012,1.02885,12.7,LOSS,111.0,598083,598514,1.03251,>100% (stop)
2022-08-15,low,long,1.02409,1.0236,4.9,LOSS,224.5,599419,599950,1.02682,>100% (stop)
2022-08-16,low,long,1.0142,1.01349,7.1,LOSS,147.9,600999,601390,1.01698,>100% (stop)
2022-08-17,high,short,1.0165,1.01795,14.5,WIN,17.2,602253,602819,1.0166,0-25%
2022-08-18,low,long,1.01614,1.01507,10.7,LOSS,145.8,603735,604256,1.01929,>100% (stop)
2022-08-19,high,short,1.00777,1.00954,17.7,WIN,66.7,605240,605691,1.00697,50-75%
2022-08-22,low,long,1.00151,0.99944,20.7,LOSS,117.4,606701,607127,1.00466,>100% (stop)
2022-08-23,low,long,0.99161,0.99019,14.2,WIN,81.0,608044,608565,0.995,75-100%
2022-08-24,low,long,0.9951,0.99347,16.3,LOSS,104.3,609467,610003,0.99718,>100% (stop)
2022-08-25,high,short,1.00032,1.00334,30.2,WIN,66.6,610912,611443,0.99629,50-75%
2022-08-26,low,long,0.9965,0.99594,5.6,LOSS,112.5,612300,612881,0.99745,>100% (stop)
2022-08-29,high,short,0.99334,0.9949,15.6,LOSS,150.6,613826,614317,0.9918,>100% (stop)
2022-08-30,high,short,1.00205,1.00337,13.2,LOSS,101.5,615305,615756,0.99818,>100% (stop)
2022-08-31,high,short,0.99741,1.00067,32.6,WIN,49.4,616770,617186,1.00164,25-50%
2022-09-01,low,long,1.00202,1.00115,8.7,LOSS,101.1,618068,618624,1.0038,>100% (stop)
2022-09-02,high,short,0.99818,0.99909,9.1,LOSS,103.3,619601,620062,0.99499,>100% (stop)
2022-09-05,low,long,0.99027,0.98801,22.6,WIN,52.2,620936,621502,0.9929,50-75%
2022-09-06,high,short,0.99531,0.99862,33.1,WIN,28.7,622484,622935,0.99426,25-50%
2022-09-07,high,short,0.98918,0.99129,21.1,LOSS,124.6,623869,624375,0.98768,>100% (stop)
2022-09-08,high,short,0.99824,1.0001,18.6,WIN,58.1,625305,625811,0.99791,50-75%
2022-09-09,high,short,1.00942,1.01091,14.9,LOSS,103.4,626814,627245,1.00083,>100% (stop)
2022-09-12,high,short,1.01677,1.01977,30.0,OPEN,92.3,628227,628683,1.00629,75-100%
2022-09-13,high,short,1.0134,1.01487,14.7,LOSS,100.0,629581,630117,1.01239,75-100%
2022-09-14,low,long,0.9991,0.99718,19.2,LOSS,115.1,631036,631552,0.99901,>100% (stop)
2022-09-15,low,long,0.99679,0.99591,8.8,LOSS,101.1,632403,632989,0.99824,>100% (stop)
2022-09-16,low,long,0.99951,0.99809,14.2,LOSS,116.2,633855,634421,1.0012,>100% (stop)
2022-09-19,low,long,0.99868,0.99761,10.7,LOSS,100.9,635277,635838,1.00291,>100% (stop)
2022-09-20,low,long,1.00368,1.00212,15.6,LOSS,104.5,636721,637272,1.00504,>100% (stop)
2022-09-21,low,long,0.99185,0.98845,34.0,LOSS,112.6,638211,638712,0.9975,>100% (stop)
2022-09-22,high,short,0.98727,0.99074,34.7,OPEN,43.5,639740,640151,0.9808,25-50%
2022-09-23,low,long,0.97802,0.97669,13.3,LOSS,112.8,641114,641585,0.98517,>100% (stop)
2022-09-26,high,short,0.96709,0.96856,14.7,LOSS,112.9,642544,643025,0.95503,>100% (stop)
2022-09-27,high,short,0.9646,0.96554,9.4,LOSS,206.4,643883,644464,0.96184,>100% (stop)
2022-09-28,low,long,0.95584,0.95357,22.7,WIN,91.2,645398,645904,0.96006,75-100%
2022-09-29,low,long,0.9673,0.96565,16.5,LOSS,105.5,646801,647342,0.97137,>100% (stop)
2022-09-30,high,short,0.98195,0.98278,8.3,WIN,32.5,648196,648782,0.97943,25-50%
2022-10-04,high,short,0.98689,0.98959,27.0,LOSS,107.0,651159,651640,0.9806,>100% (stop)
2022-10-05,high,short,0.99473,0.99676,20.3,WIN,53.2,652564,653075,0.99593,50-75%
2022-10-06,low,long,0.99132,0.98929,20.3,LOSS,134.0,653998,654512,0.99264,>100% (stop)
2022-10-07,low,long,0.98088,0.97655,43.3,WIN,36.0,655460,655951,0.98119,25-50%
2022-10-10,low,long,0.97334,0.9718,15.4,LOSS,106.5,656797,657373,0.97531,>100% (stop)
2022-10-11,low,long,0.97026,0.96824,20.2,WIN,87.1,658257,658808,0.97228,75-100%
2022-10-12,high,short,0.97148,0.97203,5.5,LOSS,178.2,659656,660247,0.96826,>100% (stop)
2022-10-13,low,long,0.97066,0.96878,18.8,WIN,46.3,661208,661684,0.97219,25-50%
2022-10-14,low,long,0.97712,0.97524,18.8,LOSS,110.1,662648,663124,0.98086,>100% (stop)
2022-10-17,high,short,0.97337,0.97557,22.0,WIN,26.8,663998,664549,0.97368,25-50%
2022-10-18,high,short,0.98584,0.98726,14.2,WIN,16.9,665449,665980,0.9823,0-25%
2022-10-19,low,long,0.98393,0.9815,24.3,LOSS,110.7,666932,667408,0.98667,>100% (stop)
2022-10-20,high,short,0.97805,0.97938,13.3,LOSS,103.8,668287,668843,0.97544,>100% (stop)
2022-10-21,low,long,0.97727,0.97651,7.6,WIN,-71.1,669757,670278,0.97832,<0%
2022-10-24,low,long,0.98427,0.98163,26.4,LOSS,100.0,671300,671716,0.98675,75-100%
2022-10-25,low,long,0.98786,0.98732,5.4,LOSS,144.4,672583,673149,0.98984,>100% (stop)
2022-10-26,high,short,0.99682,0.99815,13.3,LOSS,100.0,674027,674583,0.99434,75-100%
2022-10-27,low,long,1.00694,1.00543,15.1,LOSS,102.6,675500,676021,1.00934,>100% (stop)
2022-10-31,low,long,0.99486,0.99394,9.2,LOSS,145.7,678373,678924,0.99656,>100% (stop)
2022-11-01,high,short,0.99252,0.99309,5.7,LOSS,131.6,679772,680363,0.98841,>100% (stop)
2022-11-02,low,long,0.98851,0.98709,14.2,WIN,43.0,681259,681800,0.98996,25-50%
2022-11-03,low,long,0.97845,0.97729,11.6,LOSS,116.4,682696,683230,0.98394,>100% (stop)
2022-11-07,high,short,0.99818,0.99907,8.9,LOSS,101.1,685665,686041,0.99175,>100% (stop)
2022-11-08,low,long,0.99969,0.99958,1.1,LOSS,509.1,686919,687480,1.00276,>100% (stop)
2022-11-09,low,long,1.00714,1.00586,12.8,LOSS,106.3,688341,688917,1.0088,>100% (stop)
2022-11-10,high,short,1.00018,1.00381,36.3,WIN,10.2,689794,690355,1.00101,0-25%
2022-11-11,high,short,1.02261,1.02397,13.6,LOSS,114.0,691273,691794,1.0163,>100% (stop)
2022-11-14,high,short,1.03153,1.03504,35.1,WIN,44.7,692777,693233,1.03051,25-50%
2022-11-15,high,short,1.03934,1.0418,24.6,LOSS,106.9,694140,694666,1.03121,>100% (stop)
2022-11-16,high,short,1.0375,1.03964,21.4,LOSS,133.2,695542,696103,1.03307,>100% (stop)
2022-11-17,high,short,1.03778,1.04065,28.7,WIN,33.1,697071,697537,1.03596,25-50%
2022-11-18,low,long,1.0358,1.03421,15.9,WIN,61.0,698485,698976,1.03908,50-75%
2022-11-21,low,long,1.02657,1.02526,13.1,LOSS,117.6,699844,700415,1.03185,>100% (stop)
2022-11-22,low,long,1.02563,1.02459,10.4,WIN,28.8,701297,701853,1.0268,25-50%
2022-11-23,high,short,1.03308,1.03397,8.9,LOSS,118.0,702766,703292,1.03003,>100% (stop)
2022-11-24,low,long,1.04208,1.03999,20.9,LOSS,123.0,704239,704730,1.04484,>100% (stop)
2022-11-25,low,long,1.04214,1.04109,10.5,LOSS,106.7,705778,706154,1.04291,>100% (stop)
2022-11-28,high,short,1.03674,1.03835,16.1,LOSS,169.6,707055,707586,1.0341,>100% (stop)
2022-11-30,high,short,1.03517,1.03798,28.1,LOSS,144.5,710110,710461,1.03358,>100% (stop)
2022-12-01,high,short,1.04444,1.04517,7.3,LOSS,245.2,711319,711900,1.04187,>100% (stop)
2022-12-02,high,short,1.05242,1.0533,8.8,LOSS,100.0,712762,713338,1.05049,75-100%
2022-12-05,low,long,1.05466,1.05303,16.3,LOSS,108.0,714272,714778,1.05832,>100% (stop)
2022-12-06,low,long,1.04979,1.04755,22.4,WIN,84.8,715678,716214,1.05186,75-100%
2022-12-07,low,long,1.04579,1.04474,10.5,LOSS,141.0,717061,717647,1.04763,>100% (stop)
2022-12-08,high,short,1.05151,1.05309,15.8,WIN,75.9,718561,719087,1.04942,75-100%
2022-12-09,high,short,1.05688,1.0577,8.2,LOSS,100.0,719952,720523,1.05593,75-100%
2022-12-12,high,short,1.05164,1.05278,11.4,LOSS,116.7,721376,721962,1.05057,>100% (stop)
2022-12-13,high,short,1.05477,1.05603,12.6,WIN,60.3,722856,723392,1.05311,50-75%
2022-12-14,high,short,1.06291,1.06401,11.0,WIN,32.7,724251,724827,1.06197,25-50%
2022-12-15,low,long,1.06432,1.06331,10.1,LOSS,171.3,725760,726261,1.06799,>100% (stop)
2022-12-16,high,short,1.06304,1.06602,29.8,WIN,33.6,727156,727692,1.06385,25-50%
2022-12-19,high,short,1.0627,1.06316,4.6,LOSS,204.3,728540,729131,1.05961,>100% (stop)
2022-12-20,low,long,1.06138,1.05912,22.6,WIN,88.1,730005,730566,1.0652,75-100%
2022-12-21,high,short,1.06232,1.06345,11.3,LOSS,108.0,731478,732004,1.06066,>100% (stop)
2022-12-22,high,short,1.06342,1.06382,4.0,LOSS,300.0,732915,733441,1.06134,>100% (stop)
2022-12-23,high,short,1.05989,1.06253,26.4,LOSS,105.3,734373,734874,1.05867,>100% (stop)
2022-12-26,high,short,1.06264,1.06307,4.3,LOSS,104.7,735747,736251,1.06089,>100% (stop)
2022-12-27,high,short,1.06544,1.0665,10.6,LOSS,126.4,737077,737648,1.06354,>100% (stop)
2022-12-28,high,short,1.06458,1.06545,8.7,LOSS,100.0,738537,739083,1.06268,75-100%
2022-12-29,low,long,1.06198,1.06109,8.9,WIN,76.4,739937,740518,1.06341,75-100%
2022-12-30,low,long,1.0664,1.06385,25.5,WIN,21.2,741432,741948,1.06692,0-25%
2023-01-02,low,long,1.06875,1.06726,14.9,LOSS,104.0,742854,743350,1.07087,>100% (stop)
2023-01-03,low,long,1.06585,1.06513,7.2,LOSS,172.2,744215,744776,1.06801,>100% (stop)
2023-01-04,high,short,1.06081,1.06307,22.6,OPEN,96.5,745719,746205,1.05569,75-100%
2023-01-05,low,long,1.06121,1.06015,10.6,LOSS,113.2,747078,747639,1.06314,>100% (stop)
2023-01-06,low,long,1.05224,1.05171,5.3,LOSS,167.9,748480,749066,1.05363,>100% (stop)
2023-01-09,high,short,1.06679,1.06884,20.5,LOSS,130.7,749947,750498,1.06551,>100% (stop)
2023-01-10,high,short,1.0732,1.07442,12.2,LOSS,123.8,751453,751934,1.07212,>100% (stop)
2023-01-11,high,short,1.07434,1.07523,8.9,WIN,89.9,752808,753359,1.07255,75-100%
2023-01-12,low,long,1.07627,1.0756,6.7,LOSS,107.5,754224,754795,1.07733,>100% (stop)
2023-01-13,high,short,1.08331,1.0864,30.9,WIN,59.9,755793,756229,1.08315,50-75%
2023-01-16,low,long,1.08403,1.08317,8.6,LOSS,122.1,757111,757662,1.08741,>100% (stop)
2023-01-17,high,short,1.08229,1.08385,15.6,LOSS,127.6,758609,759085,1.08061,>100% (stop)
2023-01-18,high,short,1.08349,1.08512,16.3,LOSS,104.3,760049,760525,1.07661,>100% (stop)
2023-01-19,high,short,1.08137,1.08241,10.4,LOSS,101.0,761486,761962,1.07821,>100% (stop)
2023-01-20,low,long,1.08464,1.08241,22.3,WIN,50.2,762829,763395,1.0844,50-75%
2023-01-23,high,short,1.0892,1.09118,19.8,LOSS,102.0,764269,764830,1.08804,>100% (stop)
2023-01-24,high,short,1.08831,1.08916,8.5,LOSS,107.1,765681,766257,1.08692,>100% (stop)
2023-01-25,high,short,1.08781,1.09082,30.1,WIN,42.5,767153,767689,1.08837,25-50%
2023-01-26,low,long,1.09224,1.09064,16.0,WIN,63.7,768575,769111,1.09215,50-75%
2023-01-27,low,long,1.08916,1.08741,17.5,LOSS,103.4,770063,770484,1.08992,>100% (stop)
2023-01-30,low,long,1.08696,1.08627,6.9,LOSS,110.1,771334,771920,1.08792,>100% (stop)
2023-01-31,low,long,1.08465,1.08374,9.1,LOSS,101.1,772781,773352,1.08599,>100% (stop)
2023-02-01,high,short,1.08665,1.08753,8.8,LOSS,136.4,774243,774789,1.0852,>100% (stop)
2023-02-02,low,long,1.10147,1.10079,6.8,LOSS,100.0,775636,776222,1.10253,75-100%
2023-02-03,high,short,1.08818,1.08997,17.9,LOSS,104.5,777076,777637,1.0887,>100% (stop)
2023-02-06,low,long,1.0795,1.07749,20.1,LOSS,110.0,778591,779077,1.07987,>100% (stop)
2023-02-07,low,long,1.07347,1.07105,24.2,LOSS,100.0,780059,780510,1.07425,75-100%
2023-02-08,high,short,1.07411,1.07575,16.4,LOSS,119.5,781464,781945,1.0723,>100% (stop)
2023-02-09,high,short,1.07239,1.074,16.1,LOSS,103.1,782796,783382,1.07093,>100% (stop)
2023-02-10,high,short,1.07253,1.07351,9.8,LOSS,154.1,784264,784820,1.07171,>100% (stop)
2023-02-13,high,short,1.06776,1.06897,12.1,LOSS,119.0,785727,786253,1.06553,>100% (stop)
2023-02-14,high,short,1.0733,1.07428,9.8,LOSS,118.4,787119,787685,1.07253,>100% (stop)
2023-02-15,low,long,1.07126,1.07039,8.7,LOSS,105.7,788533,789119,1.07443,>100% (stop)
2023-02-16,high,short,1.07004,1.07102,9.8,LOSS,100.0,790074,790555,1.06867,75-100%
2023-02-17,low,long,1.06373,1.06327,4.6,LOSS,106.5,791412,791993,1.06654,>100% (stop)
2023-02-20,high,short,1.06985,1.07035,5.0,LOSS,110.0,792831,793186,1.06733,>100% (stop)
2023-02-21,low,long,1.06713,1.06599,11.4,WIN,25.4,793825,794121,1.06777,25-50%
2023-02-22,low,long,1.06632,1.06523,10.9,LOSS,109.2,794838,795198,1.06638,>100% (stop)
2023-02-23,low,long,1.06178,1.06128,5.0,LOSS,238.0,795859,796209,1.06247,>100% (stop)
2023-02-24,low,long,1.05933,1.05889,4.4,LOSS,109.1,796908,797228,1.06141,>100% (stop)
2023-02-27,low,long,1.05512,1.05328,18.4,WIN,50.5,797865,798245,1.05598,50-75%
2023-02-28,low,long,1.05912,1.05832,8.0,WIN,31.3,798880,799260,1.06101,25-50%
2023-03-01,high,short,1.06716,1.06913,19.7,OPEN,34.5,800139,800220,1.05672,25-50%
2023-03-02,low,long,1.0641,1.06324,8.6,LOSS,100.0,800939,801240,1.06618,75-100%
2023-03-03,high,short,1.06091,1.06231,14.0,LOSS,101.4,801948,802303,1.06017,>100% (stop)
2023-03-06,high,short,1.06467,1.06497,3.0,LOSS,116.7,802968,803264,1.0624,>100% (stop)
2023-03-07,low,long,1.06917,1.06758,15.9,WIN,13.8,803956,804282,1.06931,0-25%
2023-03-09,high,short,1.05522,1.05596,7.4,LOSS,102.7,805979,806321,1.05378,>100% (stop)
2023-03-10,high,short,1.05738,1.06066,32.8,WIN,26.5,807011,807341,1.05791,25-50%
2023-03-13,high,short,1.07191,1.07306,11.5,WIN,84.3,808014,808359,1.06637,75-100%
2023-03-14,low,long,1.07001,1.06797,20.4,WIN,84.3,809044,809379,1.07211,75-100%
2023-03-15,low,long,1.07444,1.07352,9.2,LOSS,115.2,809995,810321,1.07597,>100% (stop)
2023-03-16,high,short,1.05927,1.06078,15.1,LOSS,120.5,810962,811368,1.05861,>100% (stop)
2023-03-17,high,short,1.06602,1.06693,9.1,LOSS,106.6,812002,812387,1.06142,>100% (stop)
2023-03-20,low,long,1.06708,1.06597,11.1,LOSS,100.9,813027,813407,1.06898,>100% (stop)
2023-03-21,low,long,1.07161,1.07038,12.3,WIN,24.4,814037,814427,1.07223,0-25%
2023-03-22,low,long,1.07679,1.07593,8.6,WIN,33.7,815087,815388,1.07767,25-50%
2023-03-23,high,short,1.0905,1.09267,21.7,WIN,24.9,816100,816406,1.08789,0-25%
2023-03-24,low,long,1.07907,1.07679,22.8,LOSS,119.7,817215,817426,1.08351,>100% (stop)
2023-03-27,low,long,1.07821,1.07515,30.6,LOSS,120.9,818086,818432,1.07775,>100% (stop)
2023-03-28,high,short,1.08191,1.08298,10.7,LOSS,103.7,819145,819430,1.08033,>100% (stop)
2023-03-29,low,long,1.08341,1.08205,13.6,WIN,55.9,820127,820447,1.08494,50-75%
2023-03-30,high,short,1.08324,1.08465,14.1,LOSS,127.7,821063,821458,1.08263,>100% (stop)
2023-03-31,low,long,1.08988,1.08946,4.2,LOSS,159.5,822075,822466,1.09257,>100% (stop)
2023-04-03,high,short,1.08306,1.08392,8.6,LOSS,111.6,823279,823535,1.07882,>100% (stop)
2023-04-04,low,long,1.09007,1.08828,17.9,WIN,14.0,824169,824555,1.09097,0-25%
2023-04-05,low,long,1.09654,1.09466,18.8,LOSS,102.7,825244,825575,1.09695,>100% (stop)
2023-04-06,high,short,1.09056,1.09167,11.1,LOSS,100.0,826341,826832,1.08845,75-100%
2023-04-10,low,long,1.09103,1.08968,13.5,WIN,28.9,827833,828179,1.09145,25-50%
2023-04-11,high,short,1.08841,1.08965,12.4,LOSS,115.3,828817,829192,1.0867,>100% (stop)
2023-04-12,high,short,1.09159,1.09323,16.4,LOSS,103.7,829829,830209,1.09147,>100% (stop)
2023-04-13,low,long,1.09893,1.09846,4.7,LOSS,157.4,830840,831225,1.10049,>100% (stop)
2023-04-14,high,short,1.1065,1.10758,10.8,WIN,59.3,831834,832229,1.10488,50-75%
2023-04-18,high,short,1.0935,1.09416,6.6,LOSS,109.1,833869,834260,1.09222,>100% (stop)
2023-04-19,low,long,1.09703,1.09662,4.1,LOSS,365.9,834874,835279,1.0984,>100% (stop)
2023-04-20,high,short,1.09498,1.0973,23.2,LOSS,105.6,835964,836299,1.09494,>100% (stop)
2023-04-21,low,long,1.09531,1.0938,15.1,WIN,96.7,837003,837318,1.09731,75-100%
2023-04-24,low,long,1.09813,1.09724,8.9,WIN,42.7,838012,838337,1.0995,25-50%
2023-04-25,low,long,1.10564,1.10485,7.9,LOSS,111.4,838944,839344,1.1067,>100% (stop)
2023-04-26,high,short,1.09849,1.09906,5.7,LOSS,115.8,839956,840362,1.09683,>100% (stop)
2023-04-27,high,short,1.1055,1.10634,8.4,WIN,77.4,840983,841378,1.10389,75-100%
2023-04-28,low,long,1.10172,1.10067,10.5,LOSS,103.8,842023,842398,1.10394,>100% (stop)
2023-05-01,low,long,1.10052,1.09948,10.4,LOSS,118.3,842993,843358,1.10143,>100% (stop)
2023-05-02,high,short,1.09941,1.10016,7.5,LOSS,116.0,844038,844353,1.09685,>100% (stop)
2023-05-03,high,short,1.10259,1.1031,5.1,LOSS,166.7,845019,845365,1.10048,>100% (stop)
2023-05-04,high,short,1.1073,1.10917,18.7,WIN,33.2,846013,846383,1.10686,25-50%
2023-05-05,high,short,1.10322,1.10375,5.3,LOSS,179.2,847052,847393,1.10188,>100% (stop)
2023-05-08,high,short,1.10383,1.10505,12.2,LOSS,124.6,848097,848413,1.10167,>100% (stop)
2023-05-09,high,short,1.09872,1.09945,7.3,LOSS,120.5,849066,849432,1.09849,>100% (stop)
2023-05-10,low,long,1.09752,1.09673,7.9,WIN,92.4,850086,850452,1.09772,75-100%
2023-05-11,low,long,1.09386,1.09242,14.4,LOSS,122.2,851170,851470,1.09981,>100% (stop)
2023-05-12,high,short,1.09046,1.09331,28.5,WIN,25.3,852198,852479,1.09122,25-50%
2023-05-15,high,short,1.08601,1.08692,9.1,LOSS,107.7,853177,853547,1.0848,>100% (stop)
2023-05-16,low,long,1.0877,1.08662,10.8,WIN,12.0,854267,854623,1.08845,0-25%
2023-05-17,low,long,1.08642,1.08595,4.7,LOSS,129.8,855246,855621,1.08736,>100% (stop)
2023-05-18,low,long,1.08265,1.08191,7.4,LOSS,182.4,856319,856624,1.08479,>100% (stop)
2023-05-19,high,short,1.07785,1.0792,13.5,LOSS,117.8,857310,857641,1.076,>100% (stop)
2023-05-22,low,long,1.08175,1.08113,6.2,LOSS,121.0,858254,858659,1.08298,>100% (stop)
2023-05-23,low,long,1.08024,1.0791,11.4,LOSS,102.6,859360,859676,1.08204,>100% (stop)
2023-05-24,high,short,1.07816,1.07861,4.5,LOSS,168.9,860288,860684,1.07676,>100% (stop)
2023-05-25,low,long,1.07438,1.07349,8.9,LOSS,115.7,861337,861703,1.07556,>100% (stop)
2023-05-26,high,short,1.073,1.07444,14.4,LOSS,101.4,862445,862721,1.07189,>100% (stop)
2023-05-29,high,short,1.07311,1.0741,9.9,WIN,76.8,863335,863680,1.07172,75-100%
2023-05-30,low,long,1.06982,1.06812,17.0,LOSS,111.8,864329,864690,1.07262,>100% (stop)
2023-05-31,low,long,1.06761,1.06585,17.6,LOSS,104.0,865518,865708,1.07356,>100% (stop)
2023-06-01,low,long,1.06807,1.06768,3.9,LOSS,117.9,866307,866713,1.06951,>100% (stop)
2023-06-02,high,short,1.07698,1.07789,9.1,WIN,79.1,867351,867732,1.07581,75-100%
2023-06-05,low,long,1.06934,1.06916,1.8,LOSS,472.2,868466,868801,1.07045,>100% (stop)
2023-06-06,high,short,1.07227,1.07279,5.2,WIN,71.2,869458,869813,1.07098,50-75%
2023-06-07,low,long,1.06817,1.06748,6.9,LOSS,172.5,870464,870755,1.07043,>100% (stop)
2023-06-08,high,short,1.07054,1.07131,7.7,WIN,64.9,871487,871832,1.07028,50-75%
2023-06-09,low,long,1.07822,1.07725,9.7,LOSS,101.0,872470,872846,1.0785,>100% (stop)
2023-06-12,high,short,1.0747,1.07533,6.3,LOSS,100.0,873433,873803,1.0733,75-100%
2023-06-13,high,short,1.07911,1.07949,3.8,LOSS,139.5,874458,874814,1.07591,>100% (stop)
2023-06-14,low,long,1.07875,1.07739,13.6,WIN,27.2,875451,875832,1.0796,25-50%
2023-06-15,low,long,1.08138,1.08036,10.2,WIN,25.5,876526,876852,1.08444,25-50%
2023-06-16,high,short,1.09339,1.09624,28.5,LOSS,105.6,877545,877871,1.09354,>100% (stop)
2023-06-19,low,long,1.09314,1.09259,5.5,LOSS,103.6,878505,878830,1.09462,>100% (stop)
2023-06-20,high,short,1.0915,1.09272,12.2,LOSS,107.4,879471,879821,1.09106,>100% (stop)
2023-06-21,low,long,1.09167,1.09126,4.1,LOSS,131.7,880444,880770,1.0921,>100% (stop)
2023-06-22,low,long,1.0992,1.09806,11.4,WIN,69.3,881443,881788,1.09949,50-75%
2023-06-23,low,long,1.08744,1.08532,21.2,LOSS,110.4,882515,882806,1.09585,>100% (stop)
2023-06-26,high,short,1.08977,1.09098,12.1,WIN,69.4,883443,883814,1.08988,50-75%
2023-06-27,high,short,1.09308,1.09414,10.6,LOSS,102.8,884516,884831,1.09021,>100% (stop)
2023-06-28,low,long,1.09511,1.09399,11.2,WIN,51.8,885519,885790,1.09614,50-75%
2023-06-29,low,long,1.0917,1.09116,5.4,WIN,46.3,886611,886807,1.09161,25-50%
2023-06-30,low,long,1.08661,1.08599,6.2,LOSS,101.6,887455,887826,1.08754,>100% (stop)
2023-07-03,low,long,1.08946,1.08882,6.4,LOSS,134.4,888485,888845,1.09176,>100% (stop)
2023-07-04,low,long,1.09128,1.08939,18.9,LOSS,109.5,889496,889861,1.09163,>100% (stop)
2023-07-05,low,long,1.08889,1.08773,11.6,WIN,56.9,890515,890875,1.08908,50-75%
2023-07-06,high,short,1.0857,1.08677,10.7,LOSS,131.8,891549,891889,1.08399,>100% (stop)
2023-07-07,high,short,1.08792,1.08945,15.3,WIN,77.1,892541,892956,1.08823,75-100%
2023-07-10,low,long,1.09532,1.0945,8.2,WIN,59.8,893533,893909,1.09695,50-75%
2023-07-11,high,short,1.10149,1.10269,12.0,WIN,65.8,894563,894923,1.10014,50-75%
2023-07-12,high,short,1.10289,1.10322,3.3,LOSS,1081.8,895555,895935,1.10119,>100% (stop)
2023-07-13,low,long,1.11475,1.1139,8.5,WIN,72.9,896566,896951,1.11486,50-75%
2023-07-14,low,long,1.12295,1.12055,24.0,WIN,24.2,897696,897971,1.12429,0-25%
2023-07-17,high,short,1.1236,1.124,4.0,LOSS,180.0,898600,898931,1.12147,>100% (stop)
2023-07-18,high,short,1.12597,1.12721,12.4,WIN,19.4,899638,899949,1.12345,0-25%
2023-07-19,high,short,1.12121,1.12317,19.6,WIN,23.0,900569,900964,1.12161,0-25%
2023-07-20,low,long,1.12133,1.11982,15.1,LOSS,106.0,901709,901985,1.12291,>100% (stop)
2023-07-21,high,short,1.11352,1.11427,7.5,LOSS,113.3,902643,903003,1.11296,>100% (stop)
2023-07-24,high,short,1.10746,1.1141,66.4,WIN,16.7,903696,904007,1.11194,0-25%
2023-07-25,high,short,1.10715,1.10868,15.3,WIN,85.6,904681,905026,1.10627,75-100%
2023-07-26,high,short,1.10602,1.1071,10.8,LOSS,122.2,905691,906047,1.10377,>100% (stop)
2023-07-27,high,short,1.11267,1.11439,17.2,WIN,83.7,906879,907065,1.10774,75-100%
2023-07-28,high,short,1.09683,1.0986,17.7,WIN,34.5,907725,908081,1.09714,25-50%
2023-07-31,low,long,1.10188,1.10095,9.3,WIN,65.6,908869,909395,1.10277,50-75%
2023-08-01,low,long,1.09812,1.097,11.2,LOSS,104.5,910354,910830,1.10015,>100% (stop)
2023-08-02,low,long,1.09903,1.09759,14.4,LOSS,101.4,911820,912266,1.1008,>100% (stop)
2023-08-03,low,long,1.09277,1.09153,12.4,LOSS,109.7,913206,913702,1.09492,>100% (stop)
2023-08-04,low,long,1.09525,1.09446,7.9,LOSS,101.3,914619,915135,1.09615,>100% (stop)
2023-08-07,low,long,1.09826,1.09708,11.8,LOSS,100.8,916034,916570,1.10117,>100% (stop)
2023-08-08,high,short,1.09736,1.1008,34.4,WIN,28.5,917508,918004,1.09768,25-50%
2023-08-09,high,short,1.09699,1.09773,7.4,LOSS,106.8,918876,919442,1.09552,>100% (stop)
2023-08-10,high,short,1.10056,1.10186,13.0,LOSS,108.5,920395,920876,1.09673,>100% (stop)
2023-08-11,high,short,1.09897,1.1002,12.3,LOSS,108.9,921775,922311,1.09797,>100% (stop)
2023-08-14,low,long,1.09486,1.09286,20.0,WIN,19.5,923230,923741,1.09467,0-25%
2023-08-15,high,short,1.09155,1.09263,10.8,LOSS,113.9,924672,925173,1.09003,>100% (stop)
2023-08-16,high,short,1.09105,1.09167,6.2,LOSS,117.7,926024,926610,1.08989,>100% (stop)
2023-08-17,high,short,1.0875,1.08854,10.4,LOSS,121.2,927549,928040,1.08618,>100% (stop)
2023-08-18,low,long,1.0878,1.08644,13.6,LOSS,105.1,928996,929477,1.08938,>100% (stop)
2023-08-21,high,short,1.08822,1.08888,6.6,LOSS,103.0,930466,930912,1.08695,>100% (stop)
2023-08-22,high,short,1.09137,1.09208,7.1,LOSS,101.4,931800,932341,1.08932,>100% (stop)
2023-08-23,high,short,1.08525,1.08633,10.8,LOSS,112.0,933197,933768,1.08446,>100% (stop)
2023-08-24,low,long,1.08627,1.0853,9.7,LOSS,105.2,934741,935207,1.0875,>100% (stop)
2023-08-25,low,long,1.0792,1.07807,11.3,LOSS,106.2,936127,936643,1.0804,>100% (stop)
2023-08-28,high,short,1.08156,1.0819,3.4,LOSS,111.8,937546,938077,1.07961,>100% (stop)
2023-08-29,low,long,1.08288,1.08083,20.5,LOSS,100.5,939009,939510,1.08382,>100% (stop)
2023-08-30,high,short,1.08691,1.08752,6.1,WIN,73.8,940385,940946,1.08636,50-75%
2023-08-31,low,long,1.09244,1.09134,11.0,LOSS,146.4,941837,942383,1.09394,>100% (stop)
2023-09-01,low,long,1.08532,1.08388,14.4,WIN,60.4,943285,943816,1.08541,50-75%
2023-09-04,high,short,1.07886,1.07931,4.5,LOSS,173.3,944723,945249,1.07731,>100% (stop)
2023-09-05,low,long,1.07716,1.07579,13.7,LOSS,109.5,946108,946634,1.07982,>100% (stop)
2023-09-06,high,short,1.07274,1.07377,10.3,LOSS,103.9,947478,948064,1.07131,>100% (stop)
2023-09-07,low,long,1.07166,1.07091,7.5,LOSS,106.7,949015,949491,1.07317,>100% (stop)
2023-09-08,high,short,1.07197,1.07261,6.4,WIN,18.7,950355,950921,1.06971,0-25%
2023-09-11,high,short,1.0725,1.07354,10.4,LOSS,101.9,951880,952356,1.07099,>100% (stop)
2023-09-12,low,long,1.07408,1.0737,3.8,LOSS,107.9,953203,953784,1.07692,>100% (stop)
2023-09-13,low,long,1.07471,1.07357,11.4,LOSS,101.8,954675,955218,1.07648,>100% (stop)
2023-09-14,high,short,1.07434,1.07521,8.7,WIN,36.8,956066,956632,1.07301,25-50%
2023-09-15,high,short,1.06569,1.06661,9.2,LOSS,105.4,957539,958065,1.06332,>100% (stop)
2023-09-18,high,short,1.0664,1.06709,6.9,WIN,34.8,958944,959488,1.06609,25-50%
2023-09-19,low,long,1.06837,1.06775,6.2,LOSS,100.0,960365,960921,1.06965,75-100%
2023-09-20,low,long,1.06916,1.06789,12.7,WIN,30.7,961784,962355,1.06897,25-50%
2023-09-21,high,short,1.06386,1.0647,8.4,LOSS,104.8,963266,963787,1.06167,>100% (stop)
2023-09-22,high,short,1.0615,1.06598,44.8,WIN,74.8,964718,965224,1.06409,50-75%
2023-09-25,low,long,1.06531,1.06431,10.0,LOSS,103.0,966115,966602,1.06555,>100% (stop)
2023-09-26,low,long,1.05873,1.05701,17.2,WIN,33.1,967534,968025,1.05919,25-50%
2023-09-27,high,short,1.05638,1.0574,10.2,WIN,55.9,968982,969458,1.05559,50-75%
2023-09-28,low,long,1.05188,1.04997,19.1,WIN,73.8,970384,970895,1.0516,50-75%
2023-09-29,high,short,1.05802,1.05896,9.4,LOSS,117.0,971775,972331,1.05579,>100% (stop)
2023-10-02,low,long,1.05754,1.05601,15.3,WIN,24.2,973217,973768,1.05707,0-25%
2023-10-03,low,long,1.04702,1.04623,7.9,WIN,60.8,974627,975203,1.04803,50-75%
2023-10-04,low,long,1.04613,1.04543,7.0,LOSS,102.9,976089,976635,1.04755,>100% (stop)
2023-10-05,low,long,1.05145,1.05047,9.8,LOSS,107.1,977580,978071,1.05288,>100% (stop)
2023-10-06,low,long,1.05387,1.05327,6.0,WIN,26.7,978971,979502,1.05479,25-50%
2023-10-09,low,long,1.05585,1.05529,5.6,LOSS,126.8,980359,980940,1.05742,>100% (stop)
2023-10-10,low,long,1.05663,1.05565,9.8,LOSS,111.2,981848,982379,1.05836,>100% (stop)
2023-10-11,low,long,1.06145,1.05991,15.4,WIN,79.2,983270,983811,1.06142,75-100%
2023-10-12,high,short,1.06277,1.06369,9.2,LOSS,101.1,984685,985246,1.06199,>100% (stop)
2023-10-13,high,short,1.05377,1.05422,4.5,LOSS,108.9,986129,986685,1.05345,>100% (stop)
2023-10-16,high,short,1.05245,1.05346,10.1,LOSS,101.0,987600,988121,1.05156,>100% (stop)
2023-10-17,low,long,1.05497,1.05415,8.2,LOSS,113.4,989035,989556,1.05607,>100% (stop)
2023-10-18,high,short,1.05875,1.05941,6.6,WIN,10.6,990434,990995,1.05604,0-25%
2023-10-19,low,long,1.05394,1.05301,9.3,WIN,74.2,991859,992430,1.05418,50-75%
2023-10-20,low,long,1.05757,1.05651,10.6,WIN,69.8,993330,993866,1.05864,50-75%
2023-10-23,low,long,1.05864,1.05759,10.5,WIN,94.3,994760,995301,1.05902,75-100%
2023-10-24,high,short,1.06569,1.0691,34.1,WIN,14.4,996252,996738,1.06668,0-25%
2023-10-25,low,long,1.05888,1.05783,10.5,LOSS,107.6,997687,998173,1.0605,>100% (stop)
2023-10-26,low,long,1.05448,1.05396,5.2,LOSS,140.4,999045,999611,1.05691,>100% (stop)
2023-10-27,high,short,1.0552,1.05603,8.3,LOSS,108.4,1000516,1001047,1.05525,>100% (stop)
2023-10-30,high,short,1.0561,1.05656,4.6,LOSS,104.3,1001959,1002540,1.05584,>100% (stop)
2023-10-31,high,short,1.06354,1.06458,10.4,LOSS,137.5,1003535,1003976,1.05906,>100% (stop)
2023-11-01,high,short,1.0559,1.05763,17.3,WIN,43.9,1004872,1005413,1.05659,25-50%
2023-11-02,high,short,1.0591,1.061,19.0,LOSS,110.5,1006334,1006850,1.05932,>100% (stop)
2023-11-03,high,short,1.0625,1.06302,5.2,LOSS,128.8,1007700,1008286,1.06146,>100% (stop)
2023-11-06,high,short,1.07315,1.07425,11.0,LOSS,100.9,1009127,1009663,1.07222,>100% (stop)
2023-11-07,low,long,1.07019,1.06951,6.8,LOSS,104.4,1010573,1011099,1.07139,>100% (stop)
2023-11-08,low,long,1.06698,1.06606,9.2,LOSS,103.3,1012107,1012533,1.06992,>100% (stop)
2023-11-09,low,long,1.07094,1.07022,7.2,LOSS,102.8,1013423,1013969,1.07156,>100% (stop)
2023-11-10,low,long,1.06696,1.06579,11.7,WIN,68.4,1014860,1015406,1.0675,50-75%
2023-11-13,high,short,1.06931,1.06961,3.0,LOSS,113.3,1016288,1016839,1.0681,>100% (stop)
2023-11-14,high,short,1.07004,1.07096,9.2,LOSS,103.3,1017751,1018272,1.06945,>100% (stop)
2023-11-15,low,long,1.08794,1.08647,14.7,LOSS,104.8,1019193,1019709,1.08836,>100% (stop)
2023-11-16,high,short,1.08467,1.08607,14.0,LOSS,120.7,1020747,1021138,1.083,>100% (stop)
2023-11-17,low,long,1.08571,1.08247,32.4,WIN,29.3,1022115,1022576,1.08569,25-50%
2023-11-20,high,short,1.09256,1.09401,14.5,LOSS,100.0,1023619,1024015,1.09014,75-100%
2023-11-21,low,long,1.09496,1.09424,7.2,LOSS,100.0,1025033,1025454,1.09651,75-100%
2023-11-22,low,long,1.09121,1.08826,29.5,LOSS,112.9,1026465,1026891,1.09229,>100% (stop)
2023-11-23,high,short,1.08955,1.09147,19.2,LOSS,181.3,1027808,1028324,1.08885,>100% (stop)
2023-11-24,high,short,1.09067,1.09108,4.1,LOSS,117.1,1029201,1029732,1.08949,>100% (stop)
2023-11-27,high,short,1.0945,1.09592,14.2,WIN,80.3,1030635,1031166,1.09267,75-100%
2023-11-28,low,long,1.09473,1.09437,3.6,LOSS,102.8,1032039,1032600,1.09628,>100% (stop)
2023-11-29,low,long,1.09983,1.09819,16.4,LOSS,103.7,1033522,1034036,1.10171,>100% (stop)
2023-11-30,low,long,1.09592,1.09404,18.8,LOSS,100.0,1034960,1035476,1.09825,75-100%
2023-12-01,low,long,1.09029,1.08929,10.0,LOSS,124.0,1036403,1036914,1.09127,>100% (stop)
2023-12-04,low,long,1.08708,1.08498,21.0,LOSS,109.5,1037838,1038354,1.08858,>100% (stop)
2023-12-05,low,long,1.08139,1.0806,7.9,LOSS,158.2,1039268,1039789,1.08444,>100% (stop)
2023-12-06,low,long,1.07933,1.07822,11.1,LOSS,104.5,1040688,1041224,1.07996,>100% (stop)
2023-12-07,low,long,1.07811,1.07617,19.4,WIN,9.8,1042114,1042660,1.07711,0-25%
2023-12-08,low,long,1.07823,1.0773,9.3,LOSS,107.5,1043569,1044100,1.08005,>100% (stop)
2023-12-11,low,long,1.07666,1.07513,15.3,WIN,60.8,1045033,1045534,1.07739,50-75%
2023-12-12,high,short,1.07738,1.07832,9.4,LOSS,100.0,1046423,1046969,1.07612,75-100%
2023-12-13,low,long,1.07883,1.07818,6.5,LOSS,118.5,1047847,1048403,1.07961,>100% (stop)
2023-12-14,low,long,1.09049,1.08801,24.8,WIN,46.0,1049347,1049843,1.09153,25-50%
2023-12-15,low,long,1.09658,1.0946,19.8,LOSS,107.1,1050832,1051283,1.10036,>100% (stop)
2023-12-18,high,short,1.09161,1.09199,3.8,LOSS,105.3,1052133,1052719,1.08945,>100% (stop)
2023-12-19,high,short,1.09389,1.09493,10.4,LOSS,113.5,1053736,1054157,1.09148,>100% (stop)
2023-12-20,low,long,1.09703,1.09555,14.8,LOSS,116.9,1055050,1055591,1.09742,>100% (stop)
2023-12-21,low,long,1.09497,1.09428,6.9,WIN,84.1,1056449,1057030,1.09542,75-100%
2023-12-22,low,long,1.10076,1.09938,13.8,WIN,65.9,1057912,1058468,1.10064,50-75%
2023-12-26,low,long,1.10194,1.10096,9.8,LOSS,111.2,1059819,1060220,1.10286,>100% (stop)
2023-12-27,high,short,1.10364,1.1049,12.6,LOSS,106.3,1061102,1061653,1.10286,>100% (stop)
2023-12-28,high,short,1.11146,1.11224,7.8,WIN,51.3,1062548,1063089,1.11096,50-75%
2023-12-29,low,long,1.10543,1.10458,8.5,LOSS,132.9,1064115,1064526,1.10842,>100% (stop)
2024-01-02,low,long,1.10387,1.10245,14.2,LOSS,107.0,1065439,1065960,1.10432,>100% (stop)
2024-01-03,high,short,1.09502,1.0964,13.8,WIN,54.3,1066894,1067395,1.09448,50-75%
2024-01-04,high,short,1.09415,1.09436,2.1,LOSS,128.6,1068321,1068832,1.0916,>100% (stop)
2024-01-05,low,long,1.09333,1.09256,7.7,LOSS,106.5,1069699,1070265,1.09558,>100% (stop)
2024-01-08,low,long,1.09424,1.09313,11.1,WIN,73.9,1071275,1071696,1.0953,50-75%
2024-01-09,low,long,1.09629,1.09496,13.3,LOSS,103.0,1072574,1073130,1.09663,>100% (stop)
2024-01-10,low,long,1.09453,1.09235,21.8,WIN,43.1,1074022,1074568,1.0936,25-50%
2024-01-11,high,short,1.09799,1.09866,6.7,WIN,31.3,1075449,1076005,1.09749,25-50%
2024-01-12,low,long,1.09772,1.09608,16.4,LOSS,109.1,1076921,1077442,1.09853,>100% (stop)
2024-01-15,low,long,1.09422,1.09346,7.6,OPEN,53.9,1078534,1078880,1.09675,50-75%
2024-01-16,low,long,1.09265,1.0914,12.5,LOSS,118.4,1079699,1080239,1.09315,>100% (stop)
2024-01-17,low,long,1.08673,1.08607,6.6,LOSS,116.7,1080849,1081440,1.08844,>100% (stop)
2024-01-18,high,short,1.09009,1.0906,5.1,WIN,70.6,1082287,1082878,1.08905,50-75%
2024-01-19,low,long,1.08862,1.08768,9.4,LOSS,101.1,1083772,1084318,1.08896,>100% (stop)
2024-01-22,low,long,1.09023,1.08893,13.0,LOSS,100.0,1085304,1085755,1.09091,75-100%
2024-01-23,high,short,1.0906,1.09146,8.6,WIN,52.3,1086625,1087191,1.08766,50-75%
2024-01-24,high,short,1.08687,1.08794,10.7,LOSS,106.5,1088115,1088626,1.08514,>100% (stop)
2024-01-25,high,short,1.08828,1.08904,7.6,LOSS,132.9,1089554,1090065,1.08702,>100% (stop)
2024-01-26,low,long,1.08421,1.08148,27.3,WIN,29.3,1091024,1091500,1.08488,25-50%
2024-01-29,high,short,1.08331,1.08474,14.3,WIN,42.7,1092409,1092940,1.08393,25-50%
2024-01-30,low,long,1.08321,1.08119,20.2,WIN,78.7,1093857,1094378,1.08407,75-100%
2024-01-31,low,long,1.0821,1.08168,4.2,LOSS,107.1,1095238,1095814,1.08436,>100% (stop)
2024-02-01,low,long,1.07942,1.07838,10.4,LOSS,106.7,1096712,1097248,1.08217,>100% (stop)
2024-02-02,high,short,1.08777,1.08856,7.9,LOSS,102.5,1098146,1098682,1.08701,>100% (stop)
2024-02-05,high,short,1.07635,1.07819,18.4,WIN,50.5,1099646,1100122,1.07686,50-75%
2024-02-06,high,short,1.0754,1.07623,8.3,WIN,72.3,1101003,1101559,1.07415,50-75%
2024-02-07,high,short,1.07682,1.07713,3.1,LOSS,148.4,1102437,1102993,1.07566,>100% (stop)
2024-02-08,high,short,1.07767,1.07889,12.2,WIN,59.8,1103892,1104433,1.07751,50-75%
2024-02-09,high,short,1.07728,1.07817,8.9,LOSS,110.1,1105353,1105869,1.07693,>100% (stop)
2024-02-12,high,short,1.07776,1.07989,21.3,WIN,9.9,1106795,1107301,1.07893,0-25%
2024-02-13,high,short,1.07693,1.07753,6.0,WIN,86.7,1108172,1108738,1.07606,75-100%
2024-02-14,high,short,1.06949,1.07137,18.8,WIN,38.3,1109676,1110177,1.07032,25-50%
2024-02-15,high,short,1.07299,1.07413,11.4,LOSS,110.5,1111082,1111613,1.07246,>100% (stop)
2024-02-16,high,short,1.076,1.07673,7.3,LOSS,109.6,1112515,1113051,1.07573,>100% (stop)
2024-02-19,high,short,1.07831,1.07894,6.3,WIN,66.7,1113945,1114491,1.07748,50-75%
2024-02-20,high,short,1.07674,1.07727,5.3,LOSS,118.9,1115357,1115908,1.07615,>100% (stop)
2024-02-21,low,long,1.0799,1.07899,9.1,WIN,52.7,1116913,1117344,1.08191,50-75%
2024-02-22,high,short,1.0848,1.08882,40.2,WIN,26.9,1118347,1118783,1.0819,25-50%
2024-02-23,high,short,1.08224,1.08324,10.0,WIN,15.0,1119732,1120218,1.08216,0-25%
2024-02-26,high,short,1.0827,1.08366,9.6,LOSS,103.1,1121131,1121652,1.08126,>100% (stop)
2024-02-27,high,short,1.08529,1.08626,9.7,LOSS,106.2,1122557,1123083,1.08454,>100% (stop)
2024-02-28,low,long,1.08018,1.07966,5.2,OPEN,-94.2,1124102,1124518,1.08447,<0%
2024-02-29,low,long,1.08418,1.08314,10.4,WIN,15.4,1125429,1125955,1.08403,0-25%
2024-03-01,low,long,1.08174,1.08082,9.2,WIN,95.7,1126814,1127390,1.08218,75-100%
2024-03-04,high,short,1.08451,1.08527,7.6,LOSS,100.0,1128268,1128824,1.08385,75-100%
2024-03-05,low,long,1.08512,1.08479,3.3,LOSS,148.5,1129665,1130251,1.08547,>100% (stop)
2024-03-06,high,short,1.08604,1.08646,4.2,LOSS,111.9,1131147,1131688,1.08421,>100% (stop)
2024-03-07,low,long,1.08979,1.08876,10.3,LOSS,236.9,1132650,1133126,1.09055,>100% (stop)
2024-03-08,low,long,1.0935,1.09304,4.6,LOSS,126.1,1134060,1134561,1.09528,>100% (stop)
2024-03-11,high,short,1.0937,1.09455,8.5,LOSS,108.2,1135513,1136059,1.09369,>100% (stop)
2024-03-12,high,short,1.09322,1.09374,5.2,WIN,53.8,1136946,1137492,1.09267,50-75%
2024-03-13,high,short,1.09207,1.09284,7.7,LOSS,100.0,1138359,1138925,1.0922,75-100%
2024-03-14,low,long,1.09413,1.09398,1.5,LOSS,100.0,1139769,1140355,1.09527,75-100%
2024-03-15,high,short,1.08781,1.08836,5.5,LOSS,105.5,1141261,1141787,1.0873,>100% (stop)
2024-03-18,high,short,1.08908,1.08957,4.9,LOSS,104.1,1142684,1143219,1.08829,>100% (stop)
2024-03-19,low,long,1.08501,1.08423,7.8,LOSS,109.0,1144177,1144648,1.08765,>100% (stop)
2024-03-20,high,short,1.0856,1.0872,16.0,WIN,3.8,1145554,1146080,1.08622,0-25%
2024-03-21,high,short,1.09332,1.09368,3.6,LOSS,136.1,1146948,1147519,1.09326,>100% (stop)
2024-03-22,low,long,1.08345,1.08313,3.2,LOSS,118.7,1148368,1148954,1.08657,>100% (stop)
2024-03-25,high,short,1.08119,1.08204,8.5,LOSS,101.2,1149853,1150384,1.08021,>100% (stop)
2024-03-26,high,short,1.08461,1.08517,5.6,LOSS,100.0,1151242,1151808,1.08358,75-100%
2024-03-27,high,short,1.08239,1.08314,7.5,LOSS,110.7,1152674,1153235,1.08205,>100% (stop)
2024-03-28,low,long,1.07926,1.07904,2.2,LOSS,422.7,1154198,1154669,1.0826,>100% (stop)
2024-03-29,low,long,1.07733,1.07678,5.5,WIN,14.5,1155596,1156097,1.07848,0-25%
2024-04-01,low,long,1.07921,1.07872,4.9,LOSS,102.0,1156898,1157412,1.07987,>100% (stop)
2024-04-02,low,long,1.0732,1.07249,7.1,LOSS,104.2,1158271,1158837,1.07388,>100% (stop)
2024-04-03,low,long,1.07723,1.0764,8.3,WIN,86.7,1159786,1160267,1.07793,75-100%
2024-04-04,high,short,1.08508,1.08576,6.8,LOSS,123.5,1161243,1161694,1.08347,>100% (stop)
2024-04-05,low,long,1.0833,1.08224,10.6,WIN,26.4,1162593,1163134,1.08439,25-50%
2024-04-08,low,long,1.08286,1.08219,6.7,LOSS,106.0,1164191,1164572,1.08432,>100% (stop)
2024-04-09,low,long,1.08601,1.08542,5.9,LOSS,101.7,1165490,1166001,1.08635,>100% (stop)
2024-04-10,low,long,1.08561,1.08479,8.2,WIN,64.6,1166898,1167429,1.08588,50-75%
2024-04-11,low,long,1.07393,1.07357,3.6,LOSS,158.3,1168316,1168867,1.07489,>100% (stop)
2024-04-12,low,long,1.06838,1.06758,8.0,LOSS,102.5,1169803,1170299,1.07281,>100% (stop)
2024-04-15,high,short,1.06516,1.06609,9.3,LOSS,101.1,1171197,1171738,1.06391,>100% (stop)
2024-04-16,low,long,1.06188,1.06023,16.5,WIN,43.6,1172646,1173172,1.06253,25-50%
2024-04-17,low,long,1.06181,1.06097,8.4,WIN,23.8,1174035,1174611,1.06355,0-25%
2024-04-18,high,short,1.06803,1.06899,9.6,WIN,80.2,1175521,1176047,1.06643,75-100%
2024-04-19,high,short,1.06437,1.06492,5.5,LOSS,152.7,1176961,1177472,1.06104,>100% (stop)
2024-04-22,low,long,1.06623,1.06473,15.0,LOSS,103.3,1178485,1178906,1.06706,>100% (stop)
2024-04-23,low,long,1.06505,1.06385,12.0,WIN,57.5,1179797,1180338,1.06605,50-75%
2024-04-24,low,long,1.07008,1.06983,2.5,LOSS,232.0,1181222,1181768,1.07142,>100% (stop)
2024-04-25,high,short,1.07113,1.07277,16.4,LOSS,105.5,1182692,1183203,1.06969,>100% (stop)
2024-04-26,high,short,1.07259,1.07387,12.8,LOSS,104.7,1184122,1184633,1.07185,>100% (stop)
2024-04-29,high,short,1.0713,1.07243,11.3,LOSS,105.3,1185573,1186054,1.07061,>100% (stop)
2024-04-30,low,long,1.07098,1.06899,19.9,WIN,84.9,1186957,1187488,1.07178,75-100%
2024-05-01,low,long,1.06583,1.06547,3.6,LOSS,113.9,1188363,1188924,1.06671,>100% (stop)
2024-05-02,high,short,1.07164,1.07254,9.0,LOSS,110.0,1189813,1190364,1.07069,>100% (stop)
2024-05-03,high,short,1.07403,1.07441,3.8,LOSS,134.2,1191401,1191802,1.07243,>100% (stop)
2024-05-06,high,short,1.07684,1.07706,2.2,LOSS,186.4,1192874,1193225,1.07553,>100% (stop)
2024-05-07,low,long,1.07672,1.07554,11.8,LOSS,101.7,1194121,1194647,1.07768,>100% (stop)
2024-05-08,low,long,1.07447,1.0735,9.7,WIN,51.5,1195655,1196081,1.07541,50-75%
2024-05-09,low,long,1.07412,1.07382,3.0,LOSS,110.0,1196983,1197504,1.07515,>100% (stop)
2024-05-10,high,short,1.07715,1.07767,5.2,LOSS,101.9,1198385,1198931,1.07731,>100% (stop)
2024-05-13,high,short,1.07721,1.07746,2.5,LOSS,112.0,1199784,1200360,1.07658,>100% (stop)
2024-05-14,low,long,1.07934,1.07858,7.6,WIN,94.7,1201395,1201786,1.07922,75-100%
2024-05-15,high,short,1.08245,1.08317,7.2,LOSS,102.8,1202744,1203215,1.0813,>100% (stop)
2024-05-16,low,long,1.08828,1.08811,1.7,LOSS,305.9,1204064,1204650,1.08949,>100% (stop)
2024-05-17,low,long,1.08453,1.0836,9.3,WIN,67.7,1205835,1206071,1.08688,50-75%
2024-05-20,high,short,1.08788,1.08823,3.5,LOSS,137.1,1206919,1207490,1.08689,>100% (stop)
2024-05-21,high,short,1.08598,1.08669,7.1,LOSS,111.3,1208467,1208918,1.08509,>100% (stop)
2024-05-22,low,long,1.08527,1.08461,6.6,LOSS,101.5,1209929,1210350,1.08633,>100% (stop)
2024-05-23,low,long,1.08263,1.08245,1.8,LOSS,233.3,1211200,1211786,1.08312,>100% (stop)
2024-05-24,high,short,1.08207,1.08257,5.0,LOSS,100.0,1212766,1213217,1.08056,75-100%
2024-05-27,low,long,1.08517,1.08442,7.5,WIN,58.7,1214098,1214634,1.08519,50-75%
2024-05-28,high,short,1.08737,1.088,6.3,LOSS,130.2,1215482,1216028,1.08608,>100% (stop)
2024-05-29,low,long,1.08502,1.08444,5.8,WIN,70.7,1216881,1217462,1.08569,50-75%
2024-05-30,low,long,1.07952,1.07883,6.9,WIN,69.6,1218315,1218896,1.08044,50-75%
2024-05-31,high,short,1.08481,1.08551,7.0,LOSS,107.1,1220091,1220327,1.08112,>100% (stop)
2024-06-03,low,long,1.08587,1.08483,10.4,LOSS,101.9,1221228,1221764,1.08587,>100% (stop)
2024-06-04,low,long,1.08704,1.08643,6.1,LOSS,123.0,1222901,1223202,1.0916,>100% (stop)
2024-06-05,low,long,1.08801,1.08721,8.0,LOSS,101.3,1224087,1224623,1.0886,>100% (stop)
2024-06-06,low,long,1.08812,1.08711,10.1,LOSS,105.0,1225655,1226051,1.08957,>100% (stop)
2024-06-07,high,short,1.08857,1.08983,12.6,WIN,34.9,1227020,1227471,1.08867,25-50%
2024-06-10,low,long,1.0764,1.07501,13.9,LOSS,107.2,1228407,1228908,1.07814,>100% (stop)
2024-06-11,high,short,1.07674,1.07709,3.5,LOSS,117.1,1229774,1230330,1.07612,>100% (stop)
2024-06-12,high,short,1.07389,1.07464,7.5,LOSS,102.7,1231213,1231749,1.07346,>100% (stop)
2024-06-13,low,long,1.08136,1.08009,12.7,WIN,49.6,1232671,1233187,1.08157,25-50%
2024-06-14,low,long,1.06886,1.068,8.6,LOSS,109.3,1234270,1234626,1.07449,>100% (stop)
2024-06-17,low,long,1.07037,1.06863,17.4,WIN,53.4,1235513,1236059,1.07072,50-75%
2024-06-18,low,long,1.07233,1.07161,7.2,LOSS,100.0,1237084,1237490,1.07407,75-100%
2024-06-19,low,long,1.07399,1.0736,3.9,LOSS,110.3,1238318,1238904,1.07423,>100% (stop)
2024-06-20,low,long,1.07331,1.07305,2.6,LOSS,115.4,1239753,1240284,1.07483,>100% (stop)
2024-06-21,high,short,1.07117,1.0718,6.3,WIN,14.3,1241162,1241713,1.07033,0-25%
2024-06-24,high,short,1.07023,1.07083,6.0,LOSS,113.3,1242641,1243147,1.06837,>100% (stop)
2024-06-25,high,short,1.07356,1.07441,8.5,WIN,23.5,1243986,1244567,1.07319,0-25%
2024-06-26,low,long,1.06998,1.06852,14.6,LOSS,103.4,1245546,1245992,1.07179,>100% (stop)
2024-06-27,high,short,1.0691,1.06968,5.8,LOSS,112.1,1246883,1247429,1.0677,>100% (stop)
2024-07-01,high,short,1.07613,1.07678,6.5,LOSS,124.6,1249752,1250298,1.07348,>100% (stop)
2024-07-02,low,long,1.07219,1.07128,9.1,LOSS,101.1,1251265,1251736,1.07385,>100% (stop)
2024-07-03,low,long,1.07408,1.07363,4.5,WIN,88.9,1252575,1253161,1.07542,75-100%
2024-07-04,high,short,1.07889,1.07955,6.6,LOSS,103.0,1254068,1254572,1.07836,>100% (stop)
2024-07-05,high,short,1.08164,1.08238,7.4,LOSS,106.8,1255414,1255945,1.08102,>100% (stop)
2024-07-08,low,long,1.08292,1.08209,8.3,LOSS,103.6,1256834,1257385,1.08363,>100% (stop)
2024-07-09,low,long,1.08212,1.08151,6.1,LOSS,106.6,1258354,1258789,1.08333,>100% (stop)
2024-07-10,high,short,1.08134,1.08242,10.8,LOSS,106.5,1259744,1260215,1.08108,>100% (stop)
2024-07-11,low,long,1.08399,1.08322,7.7,WIN,36.4,1261147,1261643,1.084,25-50%
2024-07-12,low,long,1.08796,1.08632,16.4,WIN,9.1,1262619,1263080,1.08744,0-25%
2024-07-15,high,short,1.08862,1.08957,9.5,LOSS,100.0,1263958,1264514,1.08833,75-100%
2024-07-16,low,long,1.08907,1.08841,6.6,WIN,34.8,1265405,1265946,1.08981,25-50%
2024-07-17,low,long,1.09063,1.08986,7.7,WIN,48.1,1266865,1267381,1.09068,25-50%
2024-07-18,low,long,1.09324,1.09292,3.2,LOSS,131.2,1268277,1268813,1.09407,>100% (stop)
2024-07-19,low,long,1.08896,1.08859,3.7,LOSS,132.4,1269709,1270245,1.09003,>100% (stop)
2024-07-22,low,long,1.08891,1.08828,6.3,LOSS,122.2,1271098,1271679,1.08998,>100% (stop)
2024-07-23,low,long,1.08886,1.08793,9.3,LOSS,100.0,1272578,1273104,1.08967,75-100%
2024-07-24,high,short,1.0849,1.08525,3.5,LOSS,134.3,1273947,1274528,1.08416,>100% (stop)
2024-07-25,high,short,1.08338,1.08438,10.0,WIN,36.0,1275415,1275966,1.08349,25-50%
2024-07-26,low,long,1.08533,1.08506,2.7,LOSS,114.8,1276868,1277404,1.08604,>100% (stop)
2024-07-29,low,long,1.08413,1.08345,6.8,LOSS,101.5,1278477,1278838,1.087,>100% (stop)
2024-07-30,high,short,1.0819,1.08246,5.6,LOSS,101.8,1279724,1280265,1.08142,>100% (stop)
2024-07-31,low,long,1.08243,1.0814,10.3,LOSS,107.8,1281222,1281703,1.08302,>100% (stop)
2024-08-01,low,long,1.08199,1.08114,8.5,LOSS,116.5,1282611,1283142,1.08345,>100% (stop)
2024-08-02,high,short,1.07861,1.08087,22.6,LOSS,102.7,1284056,1284582,1.07818,>100% (stop)
2024-08-05,low,long,1.09161,1.08923,23.8,WIN,53.4,1285476,1286022,1.09311,50-75%
2024-08-06,low,long,1.09408,1.09344,6.4,LOSS,117.2,1286943,1287459,1.09631,>100% (stop)
2024-08-07,low,long,1.0913,1.09069,6.1,WIN,73.8,1288323,1288899,1.09305,50-75%
2024-08-08,high,short,1.09361,1.09451,9.0,WIN,91.1,1289837,1290338,1.09235,75-100%
2024-08-09,high,short,1.09247,1.09274,2.7,WIN,81.5,1291261,1291772,1.09114,75-100%
2024-08-12,high,short,1.09197,1.09235,3.8,LOSS,128.9,1292712,1293203,1.09116,>100% (stop)
2024-08-13,high,short,1.09346,1.09402,5.6,WIN,42.9,1294059,1294635,1.09292,25-50%
2024-08-14,low,long,1.09918,1.09863,5.5,WIN,14.5,1295506,1296072,1.09971,0-25%
2024-08-15,high,short,1.10092,1.10144,5.2,LOSS,117.3,1296956,1297502,1.1003,>100% (stop)
2024-08-16,high,short,1.09832,1.09858,2.6,LOSS,100.0,1298348,1298939,1.09718,75-100%
2024-08-19,high,short,1.10407,1.1049,8.3,LOSS,107.2,1299816,1300377,1.10231,>100% (stop)
2024-08-20,low,long,1.10888,1.10759,12.9,WIN,86.0,1301341,1301807,1.10871,75-100%
2024-08-21,low,long,1.11197,1.11146,5.1,LOSS,119.6,1302696,1303242,1.11325,>100% (stop)
2024-08-22,high,short,1.11272,1.11492,22.0,WIN,48.2,1304184,1304680,1.11404,25-50%
2024-08-23,high,short,1.11124,1.11304,18.0,WIN,81.7,1305628,1306114,1.11129,75-100%
2024-08-26,low,long,1.11841,1.11824,1.7,LOSS,164.7,1306967,1307548,1.12015,>100% (stop)
2024-08-27,high,short,1.11656,1.11689,3.3,LOSS,142.4,1308421,1308982,1.11595,>100% (stop)
2024-08-28,low,long,1.11513,1.11397,11.6,LOSS,106.9,1309870,1310411,1.118,>100% (stop)
2024-08-29,high,short,1.11162,1.11379,21.7,WIN,38.7,1311320,1311841,1.11241,25-50%
2024-08-30,high,short,1.10752,1.1078,2.8,LOSS,267.9,1312757,1313278,1.10697,>100% (stop)
2024-09-02,high,short,1.10703,1.10773,7.0,OPEN,34.3,1314273,1314708,1.10419,25-50%
2024-09-03,low,long,1.10592,1.10539,5.3,LOSS,107.5,1315556,1316097,1.10702,>100% (stop)
2024-09-04,high,short,1.10468,1.10547,7.9,LOSS,149.4,1317009,1317535,1.10464,>100% (stop)
2024-09-05,high,short,1.10802,1.10853,5.1,LOSS,147.1,1318446,1318972,1.10756,>100% (stop)
2024-09-06,high,short,1.11141,1.11162,2.1,LOSS,171.4,1319817,1320408,1.11092,>100% (stop)
2024-09-09,low,long,1.10639,1.10549,9.0,LOSS,104.4,1321365,1321846,1.1091,>100% (stop)
2024-09-10,high,short,1.10388,1.1045,6.2,WIN,80.6,1322778,1323274,1.10283,75-100%
2024-09-11,high,short,1.10407,1.1049,8.3,LOSS,103.6,1324163,1324709,1.10166,>100% (stop)
2024-09-12,high,short,1.10059,1.10238,17.9,WIN,54.7,1325633,1326144,1.10059,50-75%
2024-09-13,low,long,1.10792,1.10749,4.3,LOSS,104.7,1327025,1327571,1.10902,>100% (stop)
2024-09-16,high,short,1.11131,1.11196,6.5,LOSS,100.0,1328532,1329008,1.10867,75-100%
2024-09-17,high,short,1.11156,1.1131,15.4,LOSS,111.0,1329924,1330440,1.11219,>100% (stop)
2024-09-18,low,long,1.11276,1.11176,10.0,WIN,54.0,1331364,1331875,1.11303,50-75%
2024-09-20,high,short,1.11698,1.11735,3.7,LOSS,100.0,1334174,1334745,1.11571,75-100%
2024-09-23,low,long,1.11599,1.11551,4.8,LOSS,137.5,1335632,1336178,1.11648,>100% (stop)
2024-09-24,high,short,1.11042,1.11194,15.2,LOSS,104.6,1337053,1337614,1.11033,>100% (stop)
2024-09-25,low,long,1.11836,1.11784,5.2,WIN,86.5,1338673,1339044,1.11987,75-100%
2024-09-26,high,short,1.1147,1.11519,4.9,LOSS,104.1,1339904,1340480,1.1129,>100% (stop)
2024-09-27,low,long,1.1138,1.11248,13.2,WIN,88.6,1341431,1341917,1.11776,75-100%
2024-09-30,low,long,1.11697,1.11653,4.4,LOSS,190.9,1342820,1343351,1.11739,>100% (stop)
2024-10-01,low,long,1.10998,1.1084,15.8,LOSS,108.9,1344500,1344786,1.11433,>100% (stop)
2024-10-02,low,long,1.10828,1.1064,18.8,WIN,30.9,1345788,1346224,1.10739,25-50%
2024-10-03,low,long,1.10458,1.10275,18.3,WIN,57.4,1347213,1347659,1.10465,50-75%
2024-10-04,low,long,1.103,1.10254,4.6,LOSS,108.7,1348642,1349098,1.10395,>100% (stop)
2024-10-07,low,long,1.09712,1.09634,7.8,LOSS,112.8,1349961,1350532,1.09775,>100% (stop)
2024-10-08,high,short,1.09813,1.0987,5.7,LOSS,105.3,1351408,1351969,1.09727,>100% (stop)
2024-10-10,low,long,1.0943,1.09383,4.7,LOSS,110.6,1354287,1354843,1.09459,>100% (stop)
2024-10-11,high,short,1.09321,1.09379,5.8,LOSS,115.5,1355762,1356273,1.09294,>100% (stop)
2024-10-14,high,short,1.09269,1.09304,3.5,LOSS,102.9,1357145,1357701,1.09153,>100% (stop)
2024-10-15,low,long,1.08956,1.08882,7.4,LOSS,117.6,1358586,1359137,1.09097,>100% (stop)
2024-10-16,low,long,1.08831,1.08762,6.9,WIN,78.3,1360050,1360571,1.08956,75-100%
2024-10-17,low,long,1.08576,1.0849,8.6,LOSS,100.0,1361507,1362003,1.0865,75-100%
2024-10-18,high,short,1.08381,1.08411,3.0,LOSS,160.0,1362859,1363440,1.08274,>100% (stop)
2024-10-21,low,long,1.08556,1.08495,6.1,LOSS,104.9,1364344,1364865,1.08688,>100% (stop)
2024-10-22,high,short,1.08207,1.08274,6.7,LOSS,109.0,1365768,1366299,1.08142,>100% (stop)
2024-10-23,high,short,1.08012,1.08059,4.7,WIN,12.8,1367156,1367737,1.07922,0-25%
2024-10-24,high,short,1.07964,1.0808,11.6,LOSS,112.9,1368783,1369174,1.07798,>100% (stop)
2024-10-25,low,long,1.08262,1.08162,10.0,WIN,57.0,1370105,1370606,1.08275,50-75%
2024-10-28,high,short,1.07966,1.08,3.4,LOSS,120.6,1371490,1372046,1.0782,>100% (stop)
2024-10-29,low,long,1.08161,1.08054,10.7,WIN,62.6,1372929,1373485,1.08181,50-75%
2024-10-30,high,short,1.08333,1.08447,11.4,WIN,93.0,1374486,1374922,1.0813,75-100%
2024-10-31,high,short,1.08518,1.08635,11.7,LOSS,107.7,1375837,1376358,1.08441,>100% (stop)
2024-11-01,low,long,1.08684,1.08573,11.1,LOSS,119.8,1377333,1377794,1.08885,>100% (stop)
2024-11-05,high,short,1.08842,1.08907,6.5,LOSS,100.0,1380088,1380609,1.0873,75-100%
2024-11-07,high,short,1.07491,1.07701,21.0,LOSS,103.3,1382950,1383481,1.07129,>100% (stop)
2024-11-08,low,long,1.07817,1.07759,5.8,LOSS,319.0,1384384,1384920,1.07913,>100% (stop)
2024-11-11,low,long,1.06939,1.06789,15.0,LOSS,103.3,1385873,1386359,1.07277,>100% (stop)
2024-11-12,low,long,1.06372,1.06294,7.8,LOSS,144.9,1387212,1387798,1.06598,>100% (stop)
2024-11-13,low,long,1.06109,1.06041,6.8,LOSS,107.4,1388687,1389238,1.06294,>100% (stop)
2024-11-14,low,long,1.0551,1.05417,9.3,LOSS,107.5,1390121,1390677,1.05651,>100% (stop)
2024-11-15,high,short,1.05548,1.0561,6.2,LOSS,104.8,1391570,1392116,1.05281,>100% (stop)
2024-11-18,high,short,1.05435,1.05561,12.6,LOSS,124.6,1393074,1393555,1.05302,>100% (stop)
2024-11-19,low,long,1.05866,1.05744,12.2,LOSS,103.3,1394449,1394995,1.06007,>100% (stop)
2024-11-20,low,long,1.05688,1.05601,8.7,LOSS,105.7,1395979,1396435,1.06039,>100% (stop)
2024-11-22,low,long,1.04892,1.04639,25.3,WIN,22.9,1398763,1399314,1.04782,0-25%
2024-11-25,low,long,1.04595,1.04498,9.7,WIN,87.6,1400258,1400754,1.049,75-100%
2024-11-26,high,short,1.0505,1.05207,15.7,LOSS,101.3,1401866,1402192,1.04303,>100% (stop)
2024-11-27,high,short,1.05074,1.05402,32.8,LOSS,109.5,1403156,1403632,1.04773,>100% (stop)
2024-11-28,low,long,1.0549,1.05467,2.3,LOSS,108.7,1404484,1405065,1.05627,>100% (stop)
2024-11-29,high,short,1.05639,1.05971,33.2,WIN,53.0,1405974,1406490,1.05564,50-75%
2024-12-02,low,long,1.05124,1.05043,8.1,LOSS,143.2,1407408,1407929,1.05391,>100% (stop)
2024-12-03,high,short,1.04969,1.05115,14.6,LOSS,115.1,1408829,1409365,1.04823,>100% (stop)
2024-12-04,high,short,1.05084,1.05289,20.5,WIN,31.2,1410252,1410803,1.04879,25-50%
2024-12-05,high,short,1.05248,1.05282,3.4,LOSS,191.2,1411686,1412242,1.0509,>100% (stop)
2024-12-06,high,short,1.05734,1.0594,20.6,LOSS,182.5,1413212,1413678,1.05659,>100% (stop)
2024-12-09,high,short,1.05615,1.05712,9.7,LOSS,111.3,1414692,1415118,1.0532,>100% (stop)
2024-12-10,high,short,1.05561,1.0568,11.9,WIN,54.6,1415986,1416557,1.05452,50-75%
2024-12-11,low,long,1.05031,1.0488,15.1,LOSS,106.6,1417472,1417988,1.05393,>100% (stop)
2024-12-12,high,short,1.0511,1.05308,19.8,WIN,33.8,1418899,1419391,1.05009,25-50%
2024-12-13,low,long,1.0462,1.04531,8.9,WIN,65.2,1420280,1420831,1.04808,50-75%
2024-12-16,low,long,1.05247,1.05034,21.3,LOSS,100.0,1421772,1422268,1.05228,75-100%
2024-12-17,low,long,1.04921,1.04851,7.0,LOSS,158.6,1423228,1423704,1.05299,>100% (stop)
2024-12-18,high,short,1.05077,1.05127,5.0,WIN,52.0,1424560,1425136,1.04955,50-75%
2024-12-19,high,short,1.03918,1.04051,13.3,LOSS,109.8,1426077,1426573,1.0371,>100% (stop)
2024-12-20,high,short,1.03904,1.03983,7.9,LOSS,100.0,1427525,1428011,1.03583,75-100%
2024-12-23,low,long,1.0419,1.04072,11.8,LOSS,100.0,1428980,1429451,1.04452,75-100%
2024-12-26,low,long,1.04,1.03905,9.5,WIN,90.5,1432053,1432594,1.04042,75-100%
2024-12-27,low,long,1.04257,1.04091,16.6,WIN,34.3,1433507,1434028,1.04181,25-50%
2024-12-30,low,long,1.04197,1.04093,10.4,WIN,-13.5,1435026,1435467,1.04308,<0%
2024-12-31,high,short,1.04051,1.04177,12.6,LOSS,103.2,1436514,1436905,1.04022,>100% (stop)
2025-01-03,high,short,1.0276,1.02793,3.3,LOSS,139.4,1439197,1439778,1.02665,>100% (stop)
2025-01-06,high,short,1.03326,1.03435,10.9,LOSS,112.8,1440730,1441216,1.03012,>100% (stop)
2025-01-07,high,short,1.04093,1.04159,6.6,LOSS,147.0,1442119,1442655,1.03761,>100% (stop)
2025-01-08,low,long,1.03478,1.03411,6.7,LOSS,116.4,1443529,1444095,1.03547,>100% (stop)
2025-01-09,low,long,1.03043,1.0293,11.3,LOSS,102.7,1445026,1445532,1.03214,>100% (stop)
2025-01-10,low,long,1.02896,1.02826,7.0,WIN,55.7,1446382,1446963,1.03044,50-75%
2025-01-13,low,long,1.02235,1.02074,16.1,LOSS,191.3,1447859,1448400,1.02499,>100% (stop)
2025-01-14,high,short,1.02499,1.0266,16.1,LOSS,117.4,1449304,1449840,1.02384,>100% (stop)
2025-01-15,low,long,1.03171,1.02881,29.0,WIN,53.4,1450750,1451271,1.03048,50-75%
2025-01-16,high,short,1.02891,1.0299,9.9,WIN,98.0,1452187,1452703,1.02845,75-100%
2025-01-17,low,long,1.0288,1.028,8.0,WIN,45.0,1453595,1454136,1.03093,25-50%
2025-01-20,high,short,1.03076,1.03188,11.2,LOSS,108.0,1455010,1455571,1.02791,>100% (stop)
2025-01-21,low,long,1.03637,1.03595,4.2,LOSS,342.9,1456561,1457007,1.04008,>100% (stop)
2025-01-22,low,long,1.04168,1.0405,11.8,WIN,73.7,1457876,1458447,1.04231,50-75%
2025-01-23,low,long,1.04018,1.03899,11.9,WIN,97.5,1459344,1459880,1.04158,75-100%
2025-01-24,high,short,1.04471,1.04581,11.0,LOSS,105.5,1460740,1461316,1.04115,>100% (stop)
2025-01-27,low,long,1.04711,1.04569,14.2,LOSS,106.3,1462210,1462756,1.04787,>100% (stop)
2025-01-28,low,long,1.04441,1.04246,19.5,LOSS,103.1,1463755,1464196,1.04564,>100% (stop)
2025-01-29,low,long,1.04265,1.04181,8.4,LOSS,102.4,1465112,1465633,1.04424,>100% (stop)
2025-01-30,low,long,1.04148,1.04116,3.2,WIN,71.9,1466497,1467068,1.04276,50-75%
2025-01-31,high,short,1.0385,1.04125,27.5,WIN,11.6,1468017,1468508,1.03768,0-25%
2025-02-03,high,short,1.02255,1.0251,25.5,LOSS,102.0,1469532,1469948,1.0212,>100% (stop)
2025-02-04,low,long,1.03331,1.03097,23.4,WIN,26.5,1470885,1471386,1.03238,25-50%
2025-02-05,high,short,1.03978,1.04096,11.8,LOSS,102.5,1472289,1472825,1.0372,>100% (stop)
2025-02-06,low,long,1.03912,1.03867,4.5,LOSS,144.4,1473692,1474263,1.04053,>100% (stop)
2025-02-07,low,long,1.03798,1.0374,5.8,WIN,65.5,1475114,1475700,1.03867,50-75%
2025-02-10,high,short,1.03098,1.03199,10.1,LOSS,105.0,1476577,1477138,1.02985,>100% (stop)
2025-02-11,high,short,1.03008,1.03068,6.0,LOSS,108.3,1477989,1478575,1.02919,>100% (stop)
2025-02-12,high,short,1.03714,1.03791,7.7,LOSS,111.7,1479501,1480012,1.03537,>100% (stop)
2025-02-13,high,short,1.04131,1.04261,13.0,LOSS,108.5,1481085,1481446,1.03871,>100% (stop)
2025-02-14,high,short,1.04634,1.0472,8.6,LOSS,123.3,1482331,1482882,1.04536,>100% (stop)
2025-02-17,low,long,1.04953,1.04885,6.8,LOSS,101.5,1483740,1484316,1.05062,>100% (stop)
2025-02-18,low,long,1.04691,1.04586,10.5,LOSS,103.8,1485248,1485739,1.04753,>100% (stop)
2025-02-19,high,short,1.0425,1.04298,4.8,LOSS,102.1,1486966,1487177,1.04409,>100% (stop)
2025-02-20,high,short,1.04297,1.04409,11.2,LOSS,101.8,1488121,1488612,1.04185,>100% (stop)
2025-02-21,low,long,1.0472,1.04665,5.5,LOSS,107.3,1489665,1490051,1.05047,>100% (stop)
2025-02-24,low,long,1.04849,1.04695,15.4,LOSS,102.6,1491008,1491489,1.05282,>100% (stop)
2025-02-25,high,short,1.04665,1.0474,7.5,WIN,86.7,1492376,1492927,1.04605,75-100%
2025-02-26,low,long,1.05113,1.04923,19.0,LOSS,100.5,1493861,1494367,1.05235,>100% (stop)
2025-02-27,high,short,1.04738,1.04792,5.4,LOSS,103.7,1495417,1495803,1.04589,>100% (stop)
2025-02-28,high,short,1.03979,1.04078,9.9,LOSS,100.0,1496803,1497239,1.03802,75-100%
2025-03-03,low,long,1.041,1.04018,8.2,LOSS,100.0,1498133,1498679,1.04231,75-100%
2025-03-04,high,short,1.05093,1.05238,14.5,LOSS,100.0,1499667,1500118,1.0471,75-100%
2025-03-05,high,short,1.06986,1.0722,23.4,LOSS,102.1,1501156,1501557,1.06018,>100% (stop)
2025-03-06,high,short,1.07928,1.08076,14.8,LOSS,112.2,1502465,1502996,1.0784,>100% (stop)
2025-03-07,high,short,1.08259,1.08331,7.2,LOSS,100.0,1503896,1504427,1.0781,75-100%
2025-03-11,high,short,1.08846,1.09014,16.8,LOSS,113.7,1506840,1507366,1.08435,>100% (stop)
2025-03-12,low,long,1.08978,1.08872,10.6,WIN,62.3,1508245,1508806,1.09151,50-75%
2025-03-13,low,long,1.0885,1.08694,15.6,LOSS,107.7,1509667,1510243,1.0897,>100% (stop)
2025-03-14,low,long,1.0847,1.08348,12.2,LOSS,115.6,1511097,1511678,1.08493,>100% (stop)
2025-03-17,low,long,1.08867,1.08685,18.2,WIN,54.9,1512598,1513114,1.08936,50-75%
2025-03-18,high,short,1.09393,1.09538,14.5,WIN,86.2,1514118,1514554,1.09062,75-100%
2025-03-19,low,long,1.09105,1.08731,37.4,OPEN,94.1,1515495,1515991,1.09449,75-100%
2025-03-20,low,long,1.08541,1.08381,16.0,LOSS,123.1,1517009,1517430,1.09171,>100% (stop)
2025-03-21,low,long,1.08377,1.08289,8.8,LOSS,110.2,1518292,1518868,1.08555,>100% (stop)
2025-03-24,high,short,1.08329,1.08444,11.5,LOSS,152.2,1519755,1520296,1.08169,>100% (stop)
2025-03-25,low,long,1.08018,1.07927,9.1,LOSS,104.4,1521149,1521730,1.08087,>100% (stop)
2025-03-26,high,short,1.07941,1.07995,5.4,LOSS,103.7,1522747,1523163,1.07777,>100% (stop)
2025-03-27,low,long,1.07694,1.0754,15.4,WIN,90.9,1524067,1524603,1.07869,75-100%
2025-03-28,low,long,1.07784,1.07674,11.0,LOSS,116.4,1525651,1526037,1.07987,>100% (stop)
2025-03-31,high,short,1.0825,1.08447,19.7,WIN,34.5,1526851,1527357,1.0823,25-50%
2025-04-01,low,long,1.08079,1.08007,7.2,LOSS,101.4,1528230,1528786,1.08281,>100% (stop)
2025-04-02,low,long,1.07904,1.078,10.4,WIN,63.5,1529732,1530223,1.08017,50-75%
2025-04-03,high,short,1.09346,1.09517,17.1,LOSS,181.9,1531087,1531658,1.08795,>100% (stop)
2025-04-04,low,long,1.10095,1.09749,34.6,LOSS,102.9,1532655,1533094,1.10984,>100% (stop)
2025-04-07,high,short,1.09953,1.10214,26.1,LOSS,105.7,1533973,1534534,1.09198,>100% (stop)
2025-04-08,high,short,1.09677,1.09778,10.1,WIN,45.5,1535447,1535968,1.09146,25-50%
2025-04-09,high,short,1.10425,1.10634,20.9,LOSS,103.8,1536828,1537404,1.09709,>100% (stop)
2025-04-10,high,short,1.10374,1.10486,11.2,LOSS,101.8,1538465,1538841,1.09499,>100% (stop)
2025-04-11,low,long,1.13404,1.12521,88.3,WIN,27.9,1539757,1540278,1.13852,25-50%
2025-04-14,high,short,1.13881,1.14236,35.5,WIN,60.0,1541216,1541712,1.13407,50-75%
2025-04-15,high,short,1.13397,1.13643,24.6,LOSS,115.4,1542589,1543150,1.13157,>100% (stop)
2025-04-16,high,short,1.13591,1.13827,23.6,LOSS,110.2,1544052,1544584,1.12925,>100% (stop)
2025-04-17,low,long,1.13708,1.13433,27.5,LOSS,130.5,1545482,1546023,1.13967,>100% (stop)
2025-04-18,low,long,1.13756,1.13671,8.5,LOSS,101.2,1546947,1547458,1.13853,>100% (stop)
2025-04-21,high,short,1.1506,1.15344,28.4,LOSS,100.7,1548336,1548897,1.14488,>100% (stop)
2025-04-22,high,short,1.15236,1.1547,23.4,WIN,-0.9,1549771,1550337,1.14818,<0%
2025-04-24,high,short,1.1363,1.13928,29.8,LOSS,105.4,1552787,1553213,1.13212,>100% (stop)
2025-04-25,low,long,1.13573,1.13251,32.2,WIN,76.4,1554095,1554651,1.13725,75-100%
2025-04-28,high,short,1.13403,1.13617,21.4,WIN,16.4,1555624,1556080,1.13432,0-25%
2025-04-29,low,long,1.13974,1.13839,13.5,LOSS,114.8,1556943,1557519,1.14199,>100% (stop)
2025-04-30,high,short,1.13733,1.13994,26.1,WIN,57.9,1558468,1558959,1.13547,50-75%
2025-05-01,low,long,1.13124,1.1302,10.4,LOSS,106.7,1559848,1560399,1.13291,>100% (stop)
2025-05-02,high,short,1.13173,1.13288,11.5,LOSS,116.5,1561288,1561839,1.1274,>100% (stop)
2025-05-05,low,long,1.13327,1.13111,21.6,WIN,30.6,1562853,1563274,1.13466,25-50%
2025-05-06,high,short,1.13137,1.1319,5.3,LOSS,122.6,1564122,1564713,1.12797,>100% (stop)
2025-05-07,high,short,1.13631,1.13731,10.0,LOSS,106.0,1565626,1566152,1.13248,>100% (stop)
2025-05-08,low,long,1.12894,1.12766,12.8,LOSS,112.5,1567089,1567590,1.13361,>100% (stop)
2025-05-09,high,short,1.12368,1.12463,9.5,LOSS,106.3,1568497,1569028,1.11964,>100% (stop)
2025-05-12,low,long,1.11173,1.10996,17.7,LOSS,198.3,1569997,1570468,1.12426,>100% (stop)
2025-05-13,high,short,1.11025,1.11242,21.7,LOSS,124.0,1571472,1571908,1.10948,>100% (stop)
2025-05-14,low,long,1.11984,1.11844,14.0,LOSS,112.1,1572786,1573347,1.11976,>100% (stop)
2025-05-15,high,short,1.12032,1.12146,11.4,LOSS,100.9,1574289,1574785,1.11758,>100% (stop)
2025-05-16,high,short,1.12079,1.12195,11.6,WIN,77.6,1575693,1576224,1.11902,75-100%
2025-05-19,high,short,1.12401,1.12505,10.4,LOSS,116.3,1577233,1577664,1.11721,>100% (stop)
2025-05-20,high,short,1.12511,1.12622,11.1,LOSS,101.8,1578543,1579104,1.12178,>100% (stop)
2025-05-21,high,short,1.13335,1.13498,16.3,LOSS,147.9,1579997,1580543,1.12866,>100% (stop)
2025-05-22,low,long,1.13347,1.12953,39.4,LOSS,101.3,1581519,1581980,1.13448,>100% (stop)
2025-05-23,high,short,1.131,1.13266,16.6,LOSS,101.8,1582856,1583417,1.12787,>100% (stop)
2025-05-27,low,long,1.13927,1.13687,24.0,LOSS,100.4,1585710,1586281,1.14071,>100% (stop)
2025-05-29,high,short,1.12702,1.12826,12.4,LOSS,106.5,1588694,1589160,1.1223,>100% (stop)
2025-05-30,low,long,1.13498,1.1336,13.8,LOSS,131.2,1590044,1590595,1.13897,>100% (stop)
2025-06-02,high,short,1.1413,1.14199,6.9,LOSS,302.9,1591530,1592021,1.13524,>100% (stop)
2025-06-03,low,long,1.14319,1.142,11.9,LOSS,110.9,1592949,1593460,1.14544,>100% (stop)
2025-06-04,low,long,1.13699,1.13597,10.2,WIN,42.2,1594322,1594898,1.13931,25-50%
2025-06-05,low,long,1.1417,1.14077,9.3,LOSS,116.1,1595758,1596334,1.14347,>100% (stop)
2025-06-06,low,long,1.14424,1.14245,17.9,LOSS,116.2,1597230,1597771,1.14572,>100% (stop)
2025-06-09,high,short,1.14197,1.14295,9.8,LOSS,110.2,1598694,1599210,1.13927,>100% (stop)
2025-06-10,low,long,1.13996,1.13919,7.7,LOSS,109.1,1600152,1600643,1.14355,>100% (stop)
2025-06-11,low,long,1.14236,1.14052,18.4,WIN,29.3,1601600,1602081,1.14387,25-50%
2025-06-12,high,short,1.15123,1.15326,20.3,LOSS,119.2,1602949,1603520,1.15017,>100% (stop)
2025-06-13,low,long,1.15603,1.15297,30.6,LOSS,100.0,1604432,1604953,1.16143,75-100%
2025-06-16,high,short,1.15545,1.15622,7.7,LOSS,158.4,1605799,1606390,1.15238,>100% (stop)
2025-06-17,high,short,1.15453,1.15681,22.8,LOSS,102.2,1607330,1607826,1.15423,>100% (stop)
2025-06-18,high,short,1.15068,1.15151,8.3,LOSS,108.4,1608720,1609261,1.14807,>100% (stop)
2025-06-19,low,long,1.14676,1.14503,17.3,WIN,64.7,1610164,1610700,1.14835,50-75%
2025-06-20,low,long,1.15266,1.15114,15.2,WIN,37.5,1611721,1612137,1.15302,25-50%
2025-06-23,high,short,1.15034,1.15211,17.7,WIN,71.2,1613018,1613574,1.1472,50-75%
2025-06-24,high,short,1.16016,1.16221,20.5,WIN,42.9,1614478,1615014,1.15865,25-50%
2025-06-25,low,long,1.16086,1.15998,8.8,LOSS,128.4,1615943,1616449,1.16314,>100% (stop)
2025-06-26,high,short,1.17213,1.17324,11.1,OPEN,86.5,1617481,1617887,1.16673,75-100%
2025-06-27,low,long,1.17023,1.16859,16.4,WIN,1.8,1618765,1619326,1.17093,0-25%
2025-06-30,high,short,1.17255,1.17506,25.1,WIN,40.2,1620262,1620763,1.17115,25-50%
2025-07-01,low,long,1.17865,1.17758,10.7,LOSS,110.3,1621656,1622202,1.18076,>100% (stop)
2025-07-02,low,long,1.17834,1.17734,10.0,LOSS,101.0,1623126,1623642,1.18098,>100% (stop)
2025-07-04,high,short,1.17758,1.17854,9.6,LOSS,119.8,1625924,1626508,1.17561,>100% (stop)
2025-07-07,low,long,1.17585,1.17499,8.6,LOSS,103.5,1627415,1627946,1.17901,>100% (stop)
2025-07-08,high,short,1.17514,1.1765,13.6,WIN,31.6,1628934,1629385,1.17305,25-50%
2025-07-09,high,short,1.17042,1.17284,24.2,WIN,31.0,1630338,1630819,1.17027,25-50%
2025-07-10,low,long,1.17378,1.17292,8.6,LOSS,100.0,1631727,1632253,1.17494,75-100%
2025-07-14,low,long,1.16663,1.16541,12.2,OPEN,25.4,1634591,1635127,1.16978,25-50%
2025-07-15,high,short,1.16815,1.16849,3.4,LOSS,123.5,1635968,1636559,1.16646,>100% (stop)
2025-07-16,high,short,1.16201,1.16235,3.4,LOSS,120.6,1637430,1637996,1.16023,>100% (stop)
2025-07-17,low,long,1.15995,1.15966,2.9,LOSS,251.7,1639063,1639434,1.16361,>100% (stop)
2025-07-18,low,long,1.16217,1.16121,9.6,WIN,49.0,1640316,1640872,1.1634,25-50%
2025-07-21,high,short,1.16354,1.16472,11.8,LOSS,108.5,1641810,1642306,1.16145,>100% (stop)
2025-07-22,low,long,1.16949,1.1683,11.9,WIN,54.6,1643278,1643744,1.16955,50-75%
2025-07-23,low,long,1.17367,1.17273,9.4,WIN,66.0,1644618,1645179,1.17488,50-75%
2025-07-24,low,long,1.1769,1.17648,4.2,LOSS,126.2,1646102,1646618,1.178,>100% (stop)
2025-07-25,high,short,1.17495,1.17586,9.1,WIN,91.2,1647575,1648056,1.17339,75-100%
2025-07-28,low,long,1.16806,1.1671,9.6,LOSS,107.3,1649094,1649495,1.177,>100% (stop)
2025-07-29,low,long,1.15693,1.15265,42.8,LOSS,104.0,1650483,1650934,1.15989,>100% (stop)
2025-07-30,low,long,1.15604,1.15399,20.5,LOSS,105.9,1651827,1652363,1.15725,>100% (stop)
2025-07-31,high,short,1.14371,1.14606,23.5,WIN,75.3,1653307,1653803,1.14073,75-100%
2025-08-01,high,short,1.1426,1.14359,9.9,WIN,80.8,1654701,1655242,1.14047,75-100%
2025-08-04,low,long,1.15772,1.15497,27.5,OPEN,81.5,1656311,1656682,1.15887,75-100%
2025-08-05,low,long,1.15611,1.15478,13.3,LOSS,116.5,1657554,1658120,1.15876,>100% (stop)
2025-08-06,high,short,1.15755,1.15832,7.7,LOSS,101.3,1659025,1659556,1.15642,>100% (stop)
2025-08-07,high,short,1.16678,1.16732,5.4,LOSS,114.8,1660413,1660994,1.16495,>100% (stop)
2025-08-08,low,long,1.16498,1.16402,9.6,LOSS,129.2,1661858,1662429,1.16792,>100% (stop)
2025-08-12,low,long,1.16183,1.16128,5.5,LOSS,105.5,1664747,1665293,1.16254,>100% (stop)
2025-08-13,high,short,1.17055,1.17106,5.1,LOSS,105.9,1666240,1666726,1.16703,>100% (stop)
2025-08-14,low,long,1.17063,1.16993,7.0,LOSS,105.7,1667581,1668162,1.1715,>100% (stop)
2025-08-15,high,short,1.16701,1.16738,3.7,LOSS,213.5,1669058,1669594,1.16467,>100% (stop)
2025-08-18,low,long,1.17033,1.16933,10.0,LOSS,101.0,1670532,1671033,1.17106,>100% (stop)
2025-08-19,high,short,1.16747,1.16815,6.8,LOSS,108.8,1672006,1672467,1.1639,>100% (stop)
2025-08-20,high,short,1.16231,1.16401,17.0,LOSS,108.8,1673317,1673898,1.16221,>100% (stop)
2025-08-21,low,long,1.16613,1.16418,19.5,WIN,37.4,1674859,1675335,1.16516,25-50%
2025-08-22,low,long,1.15938,1.1584,9.8,WIN,70.4,1676184,1676760,1.16164,50-75%
2025-08-25,high,short,1.17117,1.17195,7.8,WIN,73.1,1677667,1678198,1.16935,50-75%
2025-08-26,low,long,1.16286,1.16192,9.4,LOSS,100.0,1679141,1679637,1.166,75-100%
2025-08-27,low,long,1.16041,1.15961,8.0,LOSS,105.0,1680600,1681076,1.16415,>100% (stop)
2025-08-28,low,long,1.16449,1.16358,9.1,LOSS,112.1,1681939,1682515,1.16546,>100% (stop)
2025-08-29,high,short,1.16727,1.16901,17.4,WIN,56.9,1683532,1683948,1.1656,50-75%
2025-09-01,high,short,1.17172,1.17243,7.1,LOSS,111.3,1684863,1685379,1.16879,>100% (stop)
2025-09-02,low,long,1.16555,1.16358,19.7,LOSS,102.0,1686374,1686800,1.17156,>100% (stop)
2025-09-03,high,short,1.16081,1.16309,22.8,WIN,61.8,1687719,1688230,1.1623,50-75%
2025-09-04,low,long,1.16584,1.16439,14.5,LOSS,114.5,1689203,1689664,1.16694,>100% (stop)
2025-09-05,high,short,1.16649,1.16775,12.6,LOSS,101.6,1690526,1691097,1.16522,>100% (stop)
2025-09-08,high,short,1.17118,1.17189,7.1,LOSS,118.3,1691964,1692535,1.17046,>100% (stop)
2025-09-09,high,short,1.17643,1.17749,10.6,WIN,50.9,1693411,1693972,1.17634,50-75%
2025-09-10,high,short,1.17077,1.17184,10.7,WIN,70.1,1694852,1695408,1.16891,50-75%
2025-09-11,low,long,1.16946,1.16836,11.0,LOSS,129.1,1696301,1696842,1.17025,>100% (stop)
2025-09-12,low,long,1.17474,1.17218,25.6,WIN,19.5,1697754,1698280,1.17344,0-25%
2025-09-15,low,long,1.17516,1.17298,21.8,WIN,27.1,1699327,1699708,1.17342,25-50%
2025-09-16,high,short,1.17829,1.17912,8.3,LOSS,110.8,1700596,1701147,1.17572,>100% (stop)
2025-09-17,low,long,1.18458,1.18396,6.2,LOSS,161.3,1702144,1702585,1.18727,>100% (stop)
2025-09-18,low,long,1.17994,1.17827,16.7,WIN,35.3,1703483,1704024,1.18287,25-50%
2025-09-19,low,long,1.17775,1.17712,6.3,LOSS,103.2,1704880,1705456,1.17925,>100% (stop)
2025-09-22,high,short,1.1739,1.17484,9.4,LOSS,129.8,1706369,1706890,1.17262,>100% (stop)
2025-09-23,low,long,1.18044,1.17909,13.5,LOSS,128.1,1707785,1708326,1.18199,>100% (stop)
2025-09-24,low,long,1.17946,1.17865,8.1,LOSS,121.0,1709235,1709761,1.18163,>100% (stop)
2025-09-25,low,long,1.17521,1.17445,7.6,LOSS,131.6,1710639,1711200,1.17535,>100% (stop)
2025-09-26,high,short,1.16718,1.16837,11.9,LOSS,108.4,1712090,1712636,1.16579,>100% (stop)
2025-09-29,high,short,1.17221,1.17329,10.8,LOSS,112.0,1713563,1714059,1.17044,>100% (stop)
2025-09-30,high,short,1.17362,1.17437,7.5,LOSS,101.3,1714996,1715487,1.17119,>100% (stop)
2025-10-01,high,short,1.17481,1.17748,26.7,WIN,66.7,1716421,1716922,1.17296,50-75%
2025-10-02,high,short,1.17339,1.17448,10.9,LOSS,101.8,1717810,1718356,1.17237,>100% (stop)
2025-10-03,low,long,1.17265,1.17154,11.1,WIN,81.1,1719216,1719792,1.17292,75-100%
2025-10-06,low,long,1.17047,1.16901,14.6,LOSS,102.7,1720708,1721229,1.17307,>100% (stop)
2025-10-07,low,long,1.16672,1.16625,4.7,LOSS,108.5,1722309,1722665,1.1711,>100% (stop)
2025-10-08,low,long,1.16181,1.1607,11.1,LOSS,109.9,1723564,1724100,1.1653,>100% (stop)
2025-10-09,low,long,1.16143,1.16067,7.6,LOSS,102.6,1725114,1725535,1.16476,>100% (stop)
2025-10-10,high,short,1.15609,1.15724,11.5,LOSS,117.4,1726418,1726964,1.15606,>100% (stop)
2025-10-13,high,short,1.16018,1.16297,27.9,WIN,42.3,1727887,1728403,1.16,25-50%
2025-10-14,high,short,1.15629,1.15935,30.6,WIN,37.6,1729282,1729838,1.15549,25-50%
2025-10-15,high,short,1.16292,1.16384,9.2,LOSS,104.3,1730764,1731270,1.16017,>100% (stop)
2025-10-17,high,short,1.17095,1.17283,18.8,WIN,27.1,1733599,1734145,1.16951,25-50%
2025-10-20,high,short,1.16535,1.16653,11.8,LOSS,101.7,1735058,1735584,1.16564,>100% (stop)
2025-10-21,low,long,1.16261,1.16185,7.6,LOSS,136.8,1736447,1737013,1.1655,>100% (stop)
2025-10-22,high,short,1.16006,1.16147,14.1,WIN,6.4,1737934,1738450,1.15996,0-25%
2025-10-23,low,long,1.16005,1.15922,8.3,LOSS,107.2,1739368,1739879,1.16072,>100% (stop)
2025-10-24,low,long,1.16116,1.1605,6.6,LOSS,127.3,1740766,1741312,1.16215,>100% (stop)
2025-10-27,low,long,1.16296,1.16207,8.9,WIN,41.6,1742296,1742806,1.16475,25-50%
2025-10-28,low,long,1.16614,1.16521,9.3,LOSS,112.9,1743698,1744244,1.16673,>100% (stop)
2025-10-29,low,long,1.16367,1.16277,9.0,LOSS,126.7,1745103,1745679,1.16559,>100% (stop)
2025-10-30,low,long,1.16202,1.16066,13.6,LOSS,102.2,1746638,1747114,1.16374,>100% (stop)
2025-10-31,low,long,1.15658,1.15548,11.0,LOSS,115.5,1748018,1748554,1.15775,>100% (stop)
2025-11-03,high,short,1.15247,1.1541,16.3,WIN,11.7,1749423,1749934,1.15215,0-25%
2025-11-04,high,short,1.15216,1.15305,8.9,WIN,71.9,1750846,1751367,1.1498,50-75%
2025-11-06,high,short,1.1507,1.15132,6.2,LOSS,108.1,1753688,1754234,1.15007,>100% (stop)
2025-11-07,low,long,1.15364,1.15316,4.8,LOSS,104.2,1755105,1755671,1.15428,>100% (stop)
2025-11-10,high,short,1.15648,1.1571,6.2,LOSS,124.2,1756565,1757101,1.15464,>100% (stop)
2025-11-11,high,short,1.1558,1.15648,6.8,LOSS,111.8,1758043,1758534,1.15468,>100% (stop)
2025-11-12,high,short,1.15812,1.15882,7.0,WIN,91.4,1759420,1759971,1.157,75-100%
2025-11-13,high,short,1.161,1.16192,9.2,LOSS,110.9,1760914,1761405,1.15789,>100% (stop)
2025-11-14,high,short,1.16316,1.16463,14.7,WIN,-17.0,1762305,1762841,1.16297,<0%
2025-11-17,high,short,1.16112,1.16145,3.3,LOSS,112.1,1763741,1764277,1.15961,>100% (stop)
2025-11-18,high,short,1.1589,1.16062,17.2,WIN,32.6,1765243,1765714,1.15845,25-50%
2025-11-19,high,short,1.15772,1.15902,13.0,WIN,62.3,1766615,1767151,1.15723,50-75%
2025-11-21,high,short,1.15339,1.15471,13.2,LOSS,117.4,1769494,1770025,1.15322,>100% (stop)
2025-11-24,high,short,1.15097,1.15214,11.7,LOSS,107.7,1770920,1771456,1.15049,>100% (stop)
2025-11-25,high,short,1.15194,1.1526,6.6,LOSS,110.6,1772362,1772893,1.15143,>100% (stop)
2025-11-26,high,short,1.15745,1.15804,5.9,LOSS,108.5,1773824,1774330,1.15652,>100% (stop)
2025-11-27,low,long,1.1595,1.15859,9.1,LOSS,107.7,1775235,1775766,1.16132,>100% (stop)
2025-11-28,low,long,1.15687,1.1555,13.7,WIN,46.7,1776876,1777172,1.15986,25-50%
2025-12-01,high,short,1.16188,1.16259,7.1,LOSS,132.4,1778231,1778597,1.15893,>100% (stop)
2025-12-02,high,short,1.16111,1.16162,5.1,WIN,98.0,1779470,1780026,1.16037,75-100%
2025-12-03,high,short,1.16396,1.16455,5.9,LOSS,100.0,1780914,1781460,1.16304,75-100%
2025-12-04,high,short,1.16733,1.16801,6.8,LOSS,101.5,1782424,1782895,1.16533,>100% (stop)
2025-12-05,high,short,1.16586,1.16717,13.1,WIN,20.6,1783800,1784331,1.16462,0-25%
2025-12-08,high,short,1.16548,1.16642,9.4,WIN,79.8,1785229,1785770,1.16455,75-100%
2025-12-09,low,long,1.16495,1.1639,10.5,WIN,69.5,1786704,1787205,1.16486,50-75%
2025-12-10,high,short,1.16361,1.16397,3.6,LOSS,102.8,1788084,1788640,1.16214,>100% (stop)
2025-12-12,low,long,1.17346,1.17292,5.4,LOSS,118.5,1791102,1791518,1.17461,>100% (stop)
2025-12-15,low,long,1.17345,1.1727,7.5,WIN,54.7,1792445,1792956,1.17447,50-75%
2025-12-16,low,long,1.17515,1.17442,7.3,WIN,38.4,1793829,1794390,1.1759,25-50%
2025-12-17,low,long,1.17124,1.17049,7.5,LOSS,101.3,1795273,1795829,1.17523,>100% (stop)
2025-12-18,high,short,1.17428,1.17465,3.7,WIN,59.5,1796685,1797261,1.1735,50-75%
2025-12-19,low,long,1.17128,1.17053,7.5,LOSS,125.3,1798164,1798690,1.17285,>100% (stop)
2025-12-22,high,short,1.17231,1.1731,7.9,LOSS,122.8,1799614,1800130,1.17133,>100% (stop)
2025-12-23,high,short,1.17797,1.17837,4.0,LOSS,145.0,1801087,1801568,1.17657,>100% (stop)
2025-12-24,low,long,1.17917,1.17864,5.3,LOSS,120.8,1802511,1803007,1.18079,>100% (stop)
2025-12-26,low,long,1.17765,1.17716,4.9,LOSS,120.4,1804085,1804641,1.17934,>100% (stop)
2025-12-29,high,short,1.17715,1.17784,6.9,LOSS,101.4,1805612,1806073,1.17637,>100% (stop)
2025-12-30,high,short,1.1772,1.17797,7.7,WIN,16.9,1806926,1807507,1.17695,0-25%
2025-12-31,low,long,1.17397,1.17297,10.0,LOSS,122.0,1808402,1808933,1.17489,>100% (stop)
