date,side,direction,leg_extreme,stop_level,leg_range_pips,outcome,max_retrace_pct,leg_extreme_bar,window_end,target,bucket
2021-01-04,high,short,1.2287,1.22997,12.7,LOSS,101.6,864,1135,1.22397,>100% (stop)
2021-01-05,high,short,1.22658,1.22842,18.4,WIN,68.5,2347,2573,1.22548,50-75%
2021-01-06,high,short,1.23206,1.23452,24.6,LOSS,102.0,3540,4006,1.22755,>100% (stop)
2021-01-07,low,long,1.22784,1.2245,33.4,OPEN,96.7,5243,5439,1.2337,75-100%
2021-01-08,high,short,1.22132,1.22681,54.9,WIN,23.7,6392,6873,1.22349,0-25%
2021-01-11,high,short,1.21767,1.21887,12.0,LOSS,163.3,7785,8311,1.21666,>100% (stop)
2021-01-12,high,short,1.21502,1.21752,25.0,LOSS,114.4,9294,9745,1.21386,>100% (stop)
2021-01-13,high,short,1.21822,1.22185,36.3,WIN,26.4,10757,11178,1.22048,25-50%
2021-01-15,low,long,1.21466,1.21353,11.3,LOSS,101.8,13492,14048,1.21573,>100% (stop)
2021-01-18,high,short,1.20669,1.20817,14.8,WIN,85.8,14968,15479,1.20654,75-100%
2021-01-19,low,long,1.21186,1.20925,26.1,WIN,46.0,16414,16895,1.20986,25-50%
2021-01-20,high,short,1.21179,1.21466,28.7,WIN,32.1,17911,18332,1.21351,25-50%
2021-01-21,high,short,1.21148,1.21325,17.7,LOSS,108.5,19276,19757,1.21153,>100% (stop)
2021-01-22,low,long,1.21894,1.21532,36.2,WIN,82.0,20740,21191,1.21766,75-100%
2021-01-25,high,short,1.214,1.21811,41.1,WIN,24.3,22235,22626,1.21601,0-25%
2021-01-26,low,long,1.21414,1.21232,18.2,LOSS,103.8,23591,24057,1.21461,>100% (stop)
2021-01-27,low,long,1.21327,1.21187,14.0,LOSS,100.0,25153,25484,1.2167,75-100%
2021-01-28,low,long,1.21136,1.20931,20.5,LOSS,102.9,26423,26919,1.21059,>100% (stop)
2021-01-29,high,short,1.21266,1.21373,10.7,LOSS,129.0,28070,28356,1.2095,>100% (stop)
2021-02-01,low,long,1.21307,1.21216,9.1,LOSS,213.2,29283,29794,1.21363,>100% (stop)
2021-02-02,low,long,1.2076,1.20659,10.1,LOSS,105.0,30688,31229,1.20877,>100% (stop)
2021-02-03,low,long,1.20423,1.20347,7.6,LOSS,111.8,32156,32667,1.205,>100% (stop)
2021-02-04,low,long,1.19969,1.1983,13.9,LOSS,101.4,33740,34101,1.20388,>100% (stop)
2021-02-05,high,short,1.19686,1.19878,19.2,LOSS,108.3,35195,35526,1.19522,>100% (stop)
2021-02-08,high,short,1.20252,1.20394,14.2,WIN,40.1,36495,36961,1.20296,25-50%
2021-02-09,high,short,1.20672,1.20868,19.6,LOSS,146.9,37878,38374,1.20561,>100% (stop)
2021-02-10,high,short,1.21229,1.21337,10.8,LOSS,145.4,39314,39810,1.21088,>100% (stop)
2021-02-11,high,short,1.21179,1.21276,9.7,LOSS,101.0,40740,41236,1.21138,>100% (stop)
2021-02-12,low,long,1.21118,1.21002,11.6,LOSS,117.2,42281,42657,1.21301,>100% (stop)
2021-02-15,high,short,1.21329,1.21451,12.2,OPEN,96.7,43638,44089,1.21174,75-100%
2021-02-16,low,long,1.21572,1.21337,23.5,WIN,31.9,45070,45506,1.21501,25-50%
2021-02-17,low,long,1.20822,1.20716,10.6,LOSS,108.5,46445,46941,1.20982,>100% (stop)
2021-02-18,high,short,1.20624,1.20752,12.8,LOSS,104.7,48120,48376,1.20355,>100% (stop)
2021-02-19,high,short,1.2126,1.21417,15.7,OPEN,89.2,49623,49804,1.20823,75-100%
2021-02-22,low,long,1.21349,1.20911,43.8,WIN,16.4,50890,51236,1.21355,0-25%
2021-02-23,high,short,1.21492,1.21727,23.5,WIN,15.7,52230,52666,1.21638,0-25%
2021-02-24,high,short,1.21588,1.21745,15.7,WIN,86.0,53689,54095,1.21473,75-100%
2021-02-25,high,short,1.21676,1.21828,15.2,LOSS,116.4,54976,55532,1.21559,>100% (stop)
2021-02-26,low,long,1.21317,1.20925,39.2,LOSS,104.1,56818,56969,1.21826,>100% (stop)
2021-03-01,low,long,1.20534,1.20376,15.8,LOSS,111.4,58196,58407,1.20956,>100% (stop)
2021-03-02,low,long,1.20163,1.19997,16.6,LOSS,101.8,59356,59837,1.20407,>100% (stop)
2021-03-03,low,long,1.21077,1.2079,28.7,LOSS,104.2,60748,61274,1.20934,>100% (stop)
2021-03-04,low,long,1.20413,1.20275,13.8,LOSS,102.2,62551,62702,1.2063,>100% (stop)
2021-03-05,low,long,1.19608,1.19543,6.5,LOSS,189.2,63596,64137,1.19665,>100% (stop)
2021-03-08,low,long,1.18806,1.18652,15.4,LOSS,101.9,65223,65569,1.19287,>100% (stop)
2021-03-09,high,short,1.18867,1.19097,23.0,OPEN,97.0,66773,66999,1.18355,75-100%
2021-03-10,low,long,1.19016,1.18745,27.1,WIN,32.8,67998,68434,1.18976,25-50%
2021-03-11,high,short,1.19614,1.19664,5.0,LOSS,248.0,69568,69869,1.19172,>100% (stop)
2021-03-12,low,long,1.19231,1.19099,13.2,OPEN,87.9,70996,71297,1.19884,75-100%
2021-03-15,low,long,1.19401,1.19235,16.6,LOSS,100.6,72326,72792,1.19674,>100% (stop)
2021-03-16,low,long,1.19276,1.19173,10.3,WIN,50.5,73732,74228,1.19385,50-75%
2021-03-17,high,short,1.18861,1.19042,18.1,WIN,35.9,75148,75659,1.18926,25-50%
2021-03-18,high,short,1.19427,1.19639,21.2,WIN,41.0,76562,77088,1.19552,25-50%
2021-03-19,high,short,1.18905,1.19275,37.0,WIN,20.5,78129,78520,1.1902,0-25%
2021-03-22,low,long,1.1906,1.18744,31.6,WIN,32.9,79507,79958,1.18989,25-50%
2021-03-23,low,long,1.18998,1.18916,8.2,LOSS,113.4,81001,81392,1.19369,>100% (stop)
2021-03-24,low,long,1.18446,1.18123,32.3,OPEN,93.5,82402,82823,1.18508,75-100%
2021-03-25,low,long,1.1818,1.18012,16.8,LOSS,101.8,83878,84254,1.18277,>100% (stop)
2021-03-26,high,short,1.17752,1.17868,11.6,LOSS,109.5,85187,85683,1.17746,>100% (stop)
2021-03-29,low,long,1.17939,1.17769,17.0,LOSS,102.4,86520,86983,1.17911,>100% (stop)
2021-03-30,low,long,1.17497,1.1733,16.7,LOSS,106.6,88021,88412,1.17737,>100% (stop)
2021-03-31,high,short,1.17215,1.17376,16.1,LOSS,104.3,89510,89841,1.17044,>100% (stop)
2021-04-01,low,long,1.17428,1.17137,29.1,WIN,11.0,90792,91272,1.17328,0-25%
2021-04-02,high,short,1.17786,1.17866,8.0,WIN,18.8,92345,92689,1.17691,0-25%
2021-04-05,low,long,1.17571,1.17466,10.5,LOSS,105.7,93683,94103,1.17718,>100% (stop)
2021-04-06,low,long,1.18209,1.18052,15.7,LOSS,101.3,95070,95521,1.18215,>100% (stop)
2021-04-07,low,long,1.18818,1.187,11.8,LOSS,105.9,96408,96949,1.18777,>100% (stop)
2021-04-08,high,short,1.18625,1.1893,30.5,LOSS,103.0,98043,98374,1.18609,>100% (stop)
2021-04-09,low,long,1.18989,1.18844,14.5,LOSS,101.4,99345,99796,1.19201,>100% (stop)
2021-04-12,low,long,1.19089,1.1871,37.9,WIN,12.7,100879,101225,1.19029,0-25%
2021-04-13,low,long,1.19004,1.18857,14.7,LOSS,116.3,102092,102647,1.1912,>100% (stop)
2021-04-14,high,short,1.19616,1.19688,7.2,LOSS,108.3,103566,104077,1.19526,>100% (stop)
2021-04-15,high,short,1.19616,1.199,28.4,WIN,19.0,105227,105483,1.19722,0-25%
2021-04-16,high,short,1.19692,1.19887,19.5,LOSS,108.2,106534,106895,1.19503,>100% (stop)
2021-04-19,high,short,1.20307,1.2048,17.3,OPEN,57.2,108126,108322,1.19424,50-75%
2021-04-20,high,short,1.20522,1.20797,27.5,WIN,25.5,109407,109753,1.20373,25-50%
2021-04-21,low,long,1.2016,1.20032,12.8,LOSS,112.5,110779,111155,1.20436,>100% (stop)
2021-04-22,low,long,1.2049,1.20307,18.3,WIN,21.3,112066,112562,1.20467,0-25%
2021-04-23,high,short,1.2055,1.20603,5.3,LOSS,100.0,113623,113984,1.20127,75-100%
2021-04-27,low,long,1.20735,1.20658,7.7,LOSS,209.1,116363,116829,1.2084,>100% (stop)
2021-04-28,low,long,1.20796,1.2056,23.6,WIN,98.7,117806,118257,1.2089,75-100%
2021-04-29,low,long,1.21217,1.21162,5.5,LOSS,134.5,119292,119683,1.21498,>100% (stop)
2021-05-03,low,long,1.20412,1.20162,25.0,WIN,31.6,122014,122525,1.20354,25-50%
2021-05-04,low,long,1.20148,1.19989,15.9,OPEN,84.3,123625,123911,1.20598,75-100%
2021-05-05,low,long,1.20197,1.19859,33.8,OPEN,83.7,125043,125329,1.20265,75-100%
2021-05-06,high,short,1.20384,1.20526,14.2,LOSS,108.5,126462,126733,1.19929,>100% (stop)
2021-05-07,low,long,1.20893,1.20626,26.7,WIN,66.7,127661,128157,1.20697,50-75%
2021-05-10,low,long,1.21752,1.2152,23.2,WIN,78.0,129188,129594,1.21705,75-100%
2021-05-11,low,long,1.21484,1.21412,7.2,WIN,-84.7,130578,131014,1.21493,<0%
2021-05-13,high,short,1.20514,1.20785,27.1,WIN,72.0,133474,133865,1.20706,50-75%
2021-05-14,high,short,1.21053,1.21138,8.5,LOSS,110.6,134941,135287,1.20708,>100% (stop)
2021-05-17,low,long,1.21421,1.21267,15.4,WIN,68.8,136190,136716,1.21497,50-75%
2021-05-18,high,short,1.22092,1.22195,10.3,LOSS,111.7,137816,138132,1.21534,>100% (stop)
2021-05-19,high,short,1.22046,1.2245,40.4,WIN,25.7,139148,139554,1.22172,25-50%
2021-05-20,high,short,1.21832,1.21974,14.2,LOSS,104.9,140615,140976,1.21689,>100% (stop)
2021-05-21,high,short,1.22223,1.2237,14.7,WIN,91.2,141874,142400,1.22238,75-100%
2021-05-24,high,short,1.21749,1.21953,20.4,LOSS,125.5,143426,143832,1.2175,>100% (stop)
2021-05-25,high,short,1.22439,1.22622,18.3,LOSS,104.4,144845,145266,1.22113,>100% (stop)
2021-05-26,low,long,1.22483,1.22326,15.7,LOSS,101.3,146263,146699,1.22604,>100% (stop)
2021-05-28,low,long,1.22005,1.21714,29.1,WIN,19.9,149137,149558,1.21927,0-25%
2021-06-01,low,long,1.22375,1.22259,11.6,WIN,76.7,150699,151225,1.22364,75-100%
2021-06-02,low,long,1.22136,1.22057,7.9,LOSS,175.9,152158,152639,1.22265,>100% (stop)
2021-06-03,low,long,1.21937,1.21853,8.4,LOSS,101.2,153628,154049,1.22141,>100% (stop)
2021-06-04,low,long,1.21178,1.2105,12.8,LOSS,102.3,154965,155476,1.21302,>100% (stop)
2021-06-07,low,long,1.21678,1.21556,12.2,LOSS,104.1,156426,156892,1.21726,>100% (stop)
2021-06-08,low,long,1.21837,1.2178,5.7,LOSS,264.9,157800,158311,1.21941,>100% (stop)
2021-06-09,high,short,1.21837,1.21926,8.9,LOSS,109.0,159347,159723,1.21714,>100% (stop)
2021-06-10,low,long,1.2174,1.21626,11.4,LOSS,100.0,160592,161133,1.21806,75-100%
2021-06-11,high,short,1.21812,1.21902,9.0,WIN,68.9,162029,162555,1.21717,50-75%
2021-06-14,low,long,1.21206,1.20945,26.1,WIN,48.3,163519,163969,1.21102,25-50%
2021-06-15,high,short,1.21241,1.2126,1.9,LOSS,478.9,164804,165375,1.21137,>100% (stop)
2021-06-16,high,short,1.21183,1.21308,12.5,LOSS,108.0,166282,166793,1.21165,>100% (stop)
2021-06-17,low,long,1.1951,1.19261,24.9,LOSS,116.1,168111,168232,1.20047,>100% (stop)
2021-06-18,low,long,1.19086,1.18953,13.3,LOSS,103.8,169114,169670,1.19249,>100% (stop)
2021-06-21,high,short,1.18511,1.18657,14.6,LOSS,171.9,170612,171108,1.18476,>100% (stop)
2021-06-22,low,long,1.19067,1.18956,11.1,LOSS,100.9,172018,172544,1.19151,>100% (stop)
2021-06-23,low,long,1.19454,1.19221,23.3,WIN,40.3,173539,173975,1.19398,25-50%
2021-06-24,low,long,1.19429,1.19209,22.0,WIN,50.9,174922,175403,1.19332,50-75%
2021-06-25,high,short,1.19377,1.19469,9.2,LOSS,101.1,176529,176830,1.19266,>100% (stop)
2021-06-28,high,short,1.19255,1.19444,18.9,WIN,96.3,177822,178258,1.192,75-100%
2021-06-29,low,long,1.19076,1.18968,10.8,LOSS,164.8,179446,179687,1.19295,>100% (stop)
2021-06-30,low,long,1.19079,1.18993,8.6,LOSS,105.8,180586,181112,1.1909,>100% (stop)
2021-07-01,low,long,1.186,1.18388,21.2,LOSS,102.4,182041,182537,1.18564,>100% (stop)
2021-07-02,low,long,1.18327,1.18271,5.6,LOSS,107.1,183679,183965,1.18476,>100% (stop)
2021-07-05,high,short,1.186,1.18803,20.3,OPEN,38.9,185184,185380,1.18518,25-50%
2021-07-06,high,short,1.18424,1.18951,52.7,WIN,6.5,186391,186812,1.18583,0-25%
2021-07-07,high,short,1.18118,1.18307,18.9,LOSS,107.4,187762,188243,1.18155,>100% (stop)
2021-07-08,high,short,1.18099,1.18206,10.7,LOSS,119.6,189272,189678,1.17834,>100% (stop)
2021-07-09,low,long,1.18364,1.18251,11.3,WIN,67.3,190609,191105,1.18499,50-75%
2021-07-12,low,long,1.18738,1.18608,13.0,LOSS,109.2,192046,192527,1.18802,>100% (stop)
2021-07-13,low,long,1.18647,1.18599,4.8,LOSS,229.2,193409,193950,1.18751,>100% (stop)
2021-07-14,high,short,1.17853,1.17919,6.6,LOSS,118.2,194887,195383,1.17717,>100% (stop)
2021-07-15,high,short,1.181,1.18506,40.6,WIN,1.5,196577,196818,1.18211,0-25%
2021-07-16,low,long,1.18212,1.1804,17.2,WIN,11.0,197877,198253,1.18168,0-25%
2021-07-19,low,long,1.17805,1.17708,9.7,LOSS,111.3,199420,199676,1.18136,>100% (stop)
2021-07-20,low,long,1.17851,1.17801,5.0,LOSS,218.0,200557,201098,1.18021,>100% (stop)
2021-07-21,low,long,1.17821,1.17603,21.8,LOSS,100.0,202132,202523,1.17829,75-100%
2021-07-22,high,short,1.17792,1.18012,22.0,WIN,92.7,203503,203939,1.17866,75-100%
2021-07-23,low,long,1.17742,1.17671,7.1,LOSS,100.0,204822,205363,1.17804,75-100%
2021-07-26,high,short,1.17708,1.17848,14.0,LOSS,100.0,206252,206778,1.17632,75-100%
2021-07-27,low,long,1.17853,1.1775,10.3,WIN,87.4,207849,208210,1.1812,75-100%
2021-07-28,low,long,1.18303,1.18031,27.2,LOSS,100.7,209247,209638,1.18274,>100% (stop)
2021-07-29,high,short,1.18502,1.18597,9.5,LOSS,205.3,210546,211072,1.18406,>100% (stop)
2021-07-30,low,long,1.18955,1.1875,20.5,WIN,7.3,212023,212504,1.18916,0-25%
2021-08-02,high,short,1.18641,1.18753,11.2,LOSS,173.2,213381,213922,1.18587,>100% (stop)
2021-08-03,high,short,1.1871,1.18823,11.3,LOSS,101.8,214820,215346,1.1868,>100% (stop)
2021-08-04,high,short,1.1869,1.1875,6.0,LOSS,136.7,216280,216761,1.18606,>100% (stop)
2021-08-05,low,long,1.18496,1.1834,15.6,WIN,78.2,217711,218177,1.18392,75-100%
2021-08-06,low,long,1.18085,1.18049,3.6,LOSS,113.9,219363,219589,1.18333,>100% (stop)
2021-08-09,high,short,1.17574,1.17599,2.5,LOSS,180.0,220487,221013,1.17424,>100% (stop)
2021-08-10,high,short,1.1726,1.17416,15.6,WIN,62.8,221942,222408,1.1732,50-75%
2021-08-11,low,long,1.17183,1.17073,11.0,WIN,90.0,223391,223827,1.17255,75-100%
2021-08-12,low,long,1.17481,1.17373,10.8,WIN,37.0,224834,225239,1.17449,25-50%
2021-08-13,low,long,1.17404,1.17302,10.2,WIN,5.9,226216,226652,1.17424,0-25%
2021-08-16,low,long,1.17872,1.17778,9.4,LOSS,107.4,227920,228056,1.18006,>100% (stop)
2021-08-17,low,long,1.17846,1.17619,22.7,WIN,35.2,229034,229455,1.17776,25-50%
2021-08-18,high,short,1.17176,1.17294,11.8,WIN,56.8,230461,230882,1.17075,50-75%
2021-08-20,low,long,1.16775,1.16706,6.9,LOSS,101.4,233388,233734,1.16873,>100% (stop)
2021-08-23,high,short,1.17151,1.17325,17.4,LOSS,101.1,234841,235142,1.1695,>100% (stop)
2021-08-24,low,long,1.17361,1.17329,3.2,LOSS,253.1,236120,236541,1.17473,>100% (stop)
2021-08-25,low,long,1.17594,1.17322,27.2,LOSS,114.0,237523,237944,1.17575,>100% (stop)
2021-08-26,low,long,1.17746,1.17629,11.7,LOSS,100.0,238881,239362,1.17736,75-100%
2021-08-30,low,long,1.18033,1.17985,4.8,LOSS,181.3,241692,242203,1.18097,>100% (stop)
2021-08-31,high,short,1.18232,1.18302,7.0,LOSS,121.4,243169,243605,1.17952,>100% (stop)
2021-09-01,low,long,1.18135,1.17952,18.3,WIN,98.9,244517,245028,1.18111,75-100%
2021-09-02,high,short,1.18428,1.18499,7.1,LOSS,105.6,246039,246430,1.18367,>100% (stop)
2021-09-03,low,long,1.18826,1.18734,9.2,LOSS,103.3,247420,247841,1.18842,>100% (stop)
2021-09-06,low,long,1.18666,1.18557,10.9,OPEN,82.6,248999,249270,1.18857,75-100%
2021-09-08,low,long,1.18448,1.18284,16.4,LOSS,100.0,251632,252113,1.18511,75-100%
2021-09-09,low,long,1.18243,1.18112,13.1,WIN,82.4,252998,253539,1.18252,75-100%
2021-09-10,high,short,1.18271,1.1851,23.9,WIN,61.1,254676,254962,1.18186,50-75%
2021-09-13,low,long,1.17929,1.17748,18.1,LOSS,100.0,255994,256385,1.18127,75-100%
2021-09-14,high,short,1.18196,1.18299,10.3,WIN,14.6,257398,257789,1.18054,0-25%
2021-09-15,low,long,1.18117,1.18022,9.5,WIN,38.9,258672,259198,1.18119,25-50%
2021-09-16,low,long,1.17742,1.17661,8.1,LOSS,102.5,260372,260613,1.18204,>100% (stop)
2021-09-17,high,short,1.17739,1.17747,0.8,LOSS,787.5,261603,262039,1.17586,>100% (stop)
2021-09-20,low,long,1.17135,1.17058,7.7,LOSS,102.6,263031,263452,1.17296,>100% (stop)
2021-09-21,low,long,1.17369,1.17183,18.6,WIN,37.6,264476,264882,1.17399,25-50%
2021-09-22,high,short,1.17243,1.17355,11.2,LOSS,100.0,266113,266309,1.17164,75-100%
2021-09-23,high,short,1.17064,1.17101,3.7,LOSS,259.5,267169,267740,1.16834,>100% (stop)
2021-09-24,low,long,1.17414,1.17356,5.8,LOSS,105.2,268598,269169,1.17476,>100% (stop)
2021-09-27,low,long,1.17105,1.16846,25.9,OPEN,82.2,270326,270597,1.1725,75-100%
2021-09-28,high,short,1.1672,1.17031,31.1,WIN,24.8,271513,272009,1.1685,0-25%
2021-09-29,low,long,1.16719,1.16587,13.2,LOSS,100.8,273032,273438,1.169,>100% (stop)
2021-09-30,low,long,1.1606,1.15949,11.1,LOSS,125.2,274341,274867,1.16085,>100% (stop)
2021-10-01,high,short,1.15751,1.15816,6.5,LOSS,101.5,275852,276303,1.15628,>100% (stop)
2021-10-04,high,short,1.1615,1.16394,24.4,OPEN,24.6,277733,277734,1.15876,0-25%
2021-10-05,low,long,1.16019,1.159,11.9,LOSS,126.1,278635,279161,1.16198,>100% (stop)
2021-10-06,low,long,1.15438,1.15291,14.7,OPEN,78.9,280341,280582,1.15977,75-100%
2021-10-07,low,long,1.15705,1.15539,16.6,WIN,32.5,281494,282005,1.1561,25-50%
2021-10-08,low,long,1.15512,1.15413,9.9,WIN,80.8,282935,283431,1.15596,75-100%
2021-10-11,high,short,1.15641,1.15754,11.3,WIN,89.4,284428,284864,1.15649,75-100%
2021-10-12,high,short,1.15552,1.15633,8.1,LOSS,112.3,285833,286284,1.15471,>100% (stop)
2021-10-13,high,short,1.15474,1.15602,12.8,LOSS,139.1,287349,287695,1.15299,>100% (stop)
2021-10-14,high,short,1.1603,1.16116,8.6,LOSS,107.0,288813,289114,1.15886,>100% (stop)
2021-10-15,high,short,1.15993,1.1615,15.7,OPEN,82.2,290145,290536,1.15881,75-100%
2021-10-18,low,long,1.15961,1.15777,18.4,LOSS,101.6,291517,291968,1.15977,>100% (stop)
2021-10-19,high,short,1.16447,1.16555,10.8,LOSS,100.0,292873,293384,1.1613,75-100%
2021-10-20,low,long,1.16303,1.16168,13.5,WIN,67.4,294391,294812,1.16475,50-75%
2021-10-21,low,long,1.16448,1.16341,10.7,LOSS,124.3,295885,296231,1.16674,>100% (stop)
2021-10-22,high,short,1.16336,1.16465,12.9,LOSS,103.1,297274,297650,1.1621,>100% (stop)
2021-10-26,low,long,1.16133,1.15941,19.2,WIN,56.8,300043,300479,1.16101,50-75%
2021-10-27,low,long,1.1613,1.1601,12.0,WIN,90.8,301393,301904,1.16043,75-100%
2021-10-28,high,short,1.15821,1.16061,24.0,LOSS,103.8,302965,303326,1.15892,>100% (stop)
2021-10-29,low,long,1.16757,1.1665,10.7,LOSS,104.7,304273,304754,1.16899,>100% (stop)
2021-11-01,high,short,1.15616,1.15751,13.5,LOSS,107.4,305843,306249,1.1546,>100% (stop)
2021-11-02,high,short,1.15952,1.16084,13.2,WIN,27.3,307181,307677,1.1595,25-50%
2021-11-03,high,short,1.15784,1.15856,7.2,LOSS,102.8,308570,309096,1.15772,>100% (stop)
2021-11-04,low,long,1.15581,1.15426,15.5,LOSS,117.4,310242,310528,1.16125,>100% (stop)
2021-11-05,high,short,1.1551,1.15571,6.1,WIN,80.3,311464,311960,1.15409,75-100%
2021-11-08,high,short,1.15511,1.15671,16.0,WIN,31.2,312807,313333,1.15531,25-50%
2021-11-09,high,short,1.15909,1.16065,15.6,WIN,48.1,314219,314760,1.1577,25-50%
2021-11-10,low,long,1.15822,1.15577,24.5,LOSS,105.3,315832,316193,1.15951,>100% (stop)
2021-11-11,low,long,1.14748,1.14541,20.7,OPEN,92.3,317371,317627,1.14845,75-100%
2021-11-12,high,short,1.14374,1.14559,18.5,WIN,96.2,318638,319059,1.14359,75-100%
2021-11-15,low,long,1.14565,1.14367,19.8,LOSS,113.6,320128,320489,1.14638,>100% (stop)
2021-11-16,low,long,1.13797,1.13743,5.4,LOSS,157.4,321400,321926,1.13856,>100% (stop)
2021-11-18,low,long,1.1334,1.13269,7.1,WIN,59.2,324414,324805,1.13379,50-75%
2021-11-19,low,long,1.13212,1.12846,36.6,OPEN,57.9,326113,326234,1.13653,50-75%
2021-11-22,low,long,1.12787,1.12633,15.4,WIN,90.9,327175,327671,1.12896,75-100%
2021-11-23,high,short,1.12417,1.1275,33.3,OPEN,88.9,328822,329108,1.12259,75-100%
2021-11-24,high,short,1.12198,1.12473,27.5,WIN,54.5,330090,330541,1.12325,50-75%
2021-11-25,high,short,1.1218,1.12252,7.2,LOSS,134.7,331606,331967,1.12058,>100% (stop)
2021-11-26,high,short,1.12741,1.12898,15.7,LOSS,100.0,333144,333400,1.12122,75-100%
2021-11-29,low,long,1.12901,1.12635,26.6,WIN,22.6,334404,334840,1.129,0-25%
2021-11-30,high,short,1.1357,1.13665,9.5,LOSS,145.3,335901,336277,1.12871,>100% (stop)
2021-12-01,high,short,1.1317,1.13372,20.2,LOSS,171.3,337176,337717,1.13163,>100% (stop)
2021-12-02,low,long,1.13274,1.13132,14.2,LOSS,101.4,338687,339153,1.13392,>100% (stop)
2021-12-03,low,long,1.13144,1.1285,29.4,WIN,21.8,340229,340590,1.13021,0-25%
2021-12-06,low,long,1.12882,1.12807,7.5,LOSS,180.0,341487,342028,1.12964,>100% (stop)
2021-12-07,high,short,1.12814,1.12965,15.1,WIN,88.7,342948,343459,1.12758,75-100%
2021-12-08,high,short,1.12785,1.12928,14.3,WIN,62.9,344426,344892,1.12729,50-75%
2021-12-09,low,long,1.13235,1.13154,8.1,LOSS,139.5,345949,346325,1.13396,>100% (stop)
2021-12-10,low,long,1.12763,1.12651,11.2,WIN,86.6,347502,347758,1.13015,75-100%
2021-12-13,low,long,1.12928,1.12837,9.1,LOSS,138.5,348682,349178,1.13131,>100% (stop)
2021-12-14,low,long,1.13238,1.12734,50.4,WIN,17.3,350320,350604,1.12837,0-25%
2021-12-15,high,short,1.12672,1.12725,5.3,LOSS,109.4,351484,352025,1.12575,>100% (stop)
2021-12-16,high,short,1.12904,1.1319,28.6,LOSS,132.2,353163,353464,1.12818,>100% (stop)
2021-12-17,low,long,1.13327,1.13115,21.2,LOSS,108.5,354690,354901,1.13359,>100% (stop)
2021-12-20,high,short,1.12471,1.12559,8.8,LOSS,110.2,355764,356335,1.12363,>100% (stop)
2021-12-21,high,short,1.12908,1.13026,11.8,WIN,89.8,357387,357763,1.12738,75-100%
2021-12-22,low,long,1.12763,1.12647,11.6,WIN,48.3,358716,359197,1.1294,25-50%
2021-12-23,low,long,1.13131,1.13012,11.9,LOSS,154.6,360457,360623,1.13422,>100% (stop)
2021-12-24,high,short,1.13358,1.13414,5.6,WIN,96.4,361688,362049,1.13232,75-100%
2021-12-27,high,short,1.13028,1.13248,22.0,WIN,33.2,363032,363468,1.13162,25-50%
2021-12-28,low,long,1.13309,1.1325,5.9,LOSS,255.9,364384,364880,1.13312,>100% (stop)
2021-12-29,low,long,1.12883,1.12737,14.6,WIN,15.1,365959,366305,1.13116,0-25%
2021-12-30,low,long,1.13236,1.13147,8.9,LOSS,132.6,367188,367729,1.13514,>100% (stop)
2021-12-31,low,long,1.13179,1.13079,10.0,WIN,31.0,368665,369146,1.13285,25-50%
2022-01-03,low,long,1.135,1.13359,14.1,LOSS,103.5,370059,370570,1.13651,>100% (stop)
2022-01-04,low,long,1.13083,1.1291,17.3,LOSS,100.0,371580,372001,1.13094,75-100%
2022-01-05,high,short,1.12946,1.13011,6.5,LOSS,126.2,372894,373435,1.12773,>100% (stop)
2022-01-06,low,long,1.13092,1.12881,21.1,WIN,98.1,374390,374871,1.13205,75-100%
2022-01-07,high,short,1.13008,1.13174,16.6,WIN,25.3,375997,376298,1.1295,25-50%
2022-01-10,low,long,1.13361,1.13263,9.8,LOSS,101.0,377187,377728,1.13563,>100% (stop)
2022-01-11,high,short,1.13287,1.13445,15.8,WIN,49.4,378750,379156,1.13321,25-50%
2022-01-12,low,long,1.13666,1.13547,11.9,WIN,58.0,380328,380584,1.13755,50-75%
2022-01-13,high,short,1.14574,1.14748,17.4,LOSS,112.6,381670,382016,1.14357,>100% (stop)
2022-01-17,high,short,1.14169,1.14279,11.0,WIN,87.3,384480,384886,1.14,75-100%
2022-01-19,high,short,1.13297,1.13362,6.5,LOSS,143.1,387172,387728,1.13187,>100% (stop)
2022-01-20,high,short,1.13432,1.13666,23.4,WIN,18.4,388761,389167,1.13483,0-25%
2022-01-21,high,short,1.13225,1.13307,8.2,LOSS,148.8,390080,390606,1.13009,>100% (stop)
2022-01-24,low,long,1.13322,1.13147,17.5,LOSS,101.7,391559,392040,1.13394,>100% (stop)
2022-01-25,low,long,1.13156,1.13056,10.0,LOSS,108.0,392915,393471,1.13234,>100% (stop)
2022-01-26,low,long,1.12971,1.12892,7.9,LOSS,145.6,394407,394903,1.13107,>100% (stop)
2022-01-27,low,long,1.11621,1.11348,27.3,LOSS,108.4,396234,396340,1.12344,>100% (stop)
2022-01-28,low,long,1.11396,1.11259,13.7,LOSS,104.4,397323,397774,1.11558,>100% (stop)
2022-01-31,high,short,1.11605,1.11666,6.1,LOSS,177.0,398666,399207,1.11445,>100% (stop)
2022-02-01,high,short,1.12517,1.12694,17.7,LOSS,124.3,400168,400634,1.12214,>100% (stop)
2022-02-02,low,long,1.1278,1.12709,7.1,WIN,77.5,401498,402054,1.12778,75-100%
2022-02-03,low,long,1.13024,1.12927,9.7,LOSS,106.2,402985,403481,1.13082,>100% (stop)
2022-02-04,low,long,1.14752,1.14397,35.5,WIN,51.8,404559,404920,1.14719,50-75%
2022-02-07,low,long,1.14491,1.14151,34.0,WIN,15.9,406089,406360,1.14537,0-25%
2022-02-08,low,long,1.14091,1.13961,13.0,OPEN,85.4,407330,407796,1.14487,75-100%
2022-02-09,low,long,1.14278,1.14024,25.4,WIN,8.7,408823,409229,1.14323,0-25%
2022-02-10,high,short,1.14334,1.14463,12.9,WIN,62.8,410330,410661,1.14169,50-75%
2022-02-11,low,long,1.1392,1.13699,22.1,WIN,44.3,411574,412100,1.14068,25-50%
2022-02-14,low,long,1.13423,1.13008,41.5,LOSS,100.2,413313,413539,1.1365,>100% (stop)
2022-02-15,high,short,1.13093,1.13185,9.2,LOSS,265.2,414446,414972,1.13084,>100% (stop)
2022-02-16,high,short,1.1371,1.13953,24.3,OPEN,71.2,416039,416400,1.13449,50-75%
2022-02-17,high,short,1.13429,1.13738,30.9,LOSS,108.7,417401,417836,1.1323,>100% (stop)
2022-02-18,high,short,1.1366,1.13735,7.5,LOSS,102.7,418761,419272,1.13577,>100% (stop)
2022-02-21,high,short,1.13539,1.13788,24.9,WIN,50.6,420274,420710,1.13279,50-75%
2022-02-22,high,short,1.1337,1.13592,22.2,OPEN,76.1,421982,422148,1.1288,75-100%
2022-02-23,low,long,1.13427,1.13218,20.9,WIN,23.4,423070,423581,1.13387,0-25%
2022-02-25,low,long,1.12185,1.11659,52.6,WIN,25.5,426195,426451,1.12285,25-50%
2022-02-28,high,short,1.11639,1.12,36.1,LOSS,102.5,427425,427891,1.11421,>100% (stop)
2022-03-01,high,short,1.12116,1.1224,12.4,LOSS,100.8,428827,429323,1.11906,>100% (stop)
2022-03-02,low,long,1.11131,1.10881,25.0,LOSS,116.8,430503,430759,1.11355,>100% (stop)
2022-03-03,low,long,1.10968,1.10717,25.1,LOSS,119.5,431940,432196,1.11066,>100% (stop)
2022-03-04,low,long,1.10242,1.10083,15.9,LOSS,132.1,433197,433633,1.10517,>100% (stop)
2022-03-07,high,short,1.08663,1.08893,23.0,WIN,51.3,434546,435072,1.08213,50-75%
2022-03-08,low,long,1.08836,1.08522,31.4,WIN,88.2,435970,436511,1.08847,75-100%
2022-03-09,high,short,1.09417,1.09727,31.0,LOSS,116.5,437646,437947,1.0905,>100% (stop)
2022-03-10,high,short,1.10261,1.10676,41.5,WIN,57.8,438919,439385,1.10415,50-75%
2022-03-11,low,long,1.10435,1.09601,83.4,WIN,43.5,440567,440823,1.10102,25-50%
2022-03-14,high,short,1.09399,1.09897,49.8,LOSS,100.0,442035,442321,1.09005,75-100%
2022-03-15,high,short,1.09876,1.10196,32.0,OPEN,62.5,443280,443761,1.09375,50-75%
2022-03-16,high,short,1.09557,1.09778,22.1,LOSS,154.3,444674,445200,1.09558,>100% (stop)
2022-03-17,high,short,1.10229,1.1067,44.1,LOSS,100.0,446279,446640,1.10296,75-100%
2022-03-21,low,long,1.10438,1.10255,18.3,OPEN,95.6,449320,449516,1.10537,75-100%
2022-03-22,low,long,1.10144,1.09738,40.6,WIN,21.7,450514,450950,1.1005,0-25%
2022-03-23,high,short,1.09639,1.09939,30.0,WIN,81.0,452222,452388,1.10209,75-100%
2022-03-24,low,long,1.10007,1.09752,25.5,LOSS,112.2,453345,453826,1.1003,>100% (stop)
2022-03-25,low,long,1.10169,1.10005,16.4,LOSS,111.0,454924,455255,1.10376,>100% (stop)
2022-03-28,low,long,1.09654,1.09509,14.5,LOSS,104.1,456029,456570,1.09844,>100% (stop)
2022-03-29,high,short,1.09749,1.1009,34.1,LOSS,122.6,457595,458001,1.0969,>100% (stop)
2022-03-30,high,short,1.11054,1.11145,9.1,LOSS,259.3,458910,459436,1.10878,>100% (stop)
2022-03-31,low,long,1.11756,1.11573,18.3,LOSS,121.3,460359,460870,1.11848,>100% (stop)
2022-04-01,low,long,1.10757,1.10635,12.2,LOSS,246.7,461786,462297,1.10745,>100% (stop)
2022-04-04,low,long,1.1009,1.1,9.0,LOSS,120.0,463553,463734,1.10544,>100% (stop)
2022-04-05,low,long,1.09756,1.09561,19.5,LOSS,131.8,465059,465165,1.09797,>100% (stop)
2022-04-06,low,long,1.09019,1.08931,8.8,LOSS,160.2,466101,466597,1.09061,>100% (stop)
2022-04-07,high,short,1.08946,1.09202,25.6,WIN,-31.3,467563,468029,1.08966,<0%
2022-04-08,low,long,1.0879,1.08584,20.6,WIN,89.8,469021,469457,1.08717,75-100%
2022-04-11,low,long,1.09193,1.08739,45.4,WIN,27.8,470461,470897,1.08946,25-50%
2022-04-12,low,long,1.08727,1.08604,12.3,LOSS,101.6,471882,472333,1.08873,>100% (stop)
2022-04-13,high,short,1.0815,1.08342,19.2,LOSS,108.9,473252,473763,1.08113,>100% (stop)
2022-04-14,high,short,1.09034,1.09177,14.3,WIN,99.3,474735,475201,1.08826,75-100%
2022-04-15,high,short,1.08044,1.08236,19.2,OPEN,79.7,476381,476636,1.07964,75-100%
2022-04-18,low,long,1.07982,1.0787,11.2,LOSS,100.9,477708,478069,1.08156,>100% (stop)
2022-04-19,high,short,1.07846,1.08112,26.6,OPEN,88.7,479220,479506,1.0761,75-100%
2022-04-20,high,short,1.0825,1.0867,42.0,OPEN,97.9,480732,480943,1.07838,75-100%
2022-04-21,high,short,1.0908,1.09362,28.2,OPEN,48.2,482036,482382,1.08234,25-50%
2022-04-22,high,short,1.07902,1.08478,57.6,WIN,14.8,483400,483821,1.08308,0-25%
2022-04-25,low,long,1.07542,1.07067,47.5,LOSS,102.5,484836,485257,1.08119,>100% (stop)
2022-04-26,low,long,1.0697,1.06725,24.5,LOSS,102.9,486327,486688,1.07386,>100% (stop)
2022-04-27,low,long,1.06226,1.05854,37.2,LOSS,100.0,487824,488125,1.06534,75-100%
2022-04-28,low,long,1.05337,1.04808,52.9,WIN,35.2,489034,489560,1.05541,25-50%
2022-04-29,high,short,1.05614,1.05764,15.0,LOSS,116.7,490670,490986,1.05019,>100% (stop)
2022-05-02,low,long,1.05682,1.05154,52.8,LOSS,101.1,491909,492420,1.0553,>100% (stop)
2022-05-03,low,long,1.05123,1.04977,14.6,LOSS,119.2,493313,493854,1.05265,>100% (stop)
2022-05-04,low,long,1.05236,1.05139,9.7,LOSS,110.3,494727,495283,1.05342,>100% (stop)
2022-05-05,low,long,1.0603,1.05833,19.7,LOSS,116.2,496324,496715,1.06417,>100% (stop)
2022-05-06,low,long,1.05809,1.05087,72.2,WIN,38.6,497730,498151,1.05506,25-50%
2022-05-09,low,long,1.05293,1.05029,26.4,LOSS,103.4,499103,499584,1.05353,>100% (stop)
2022-05-10,low,long,1.05666,1.05354,31.2,LOSS,101.0,500781,501022,1.05797,>100% (stop)
2022-05-11,high,short,1.05432,1.05756,32.4,WIN,42.0,502182,502453,1.05255,25-50%
2022-05-12,low,long,1.04381,1.0422,16.1,LOSS,148.4,503710,503891,1.05292,>100% (stop)
2022-05-13,high,short,1.0385,1.03983,13.3,LOSS,102.3,504768,505324,1.03729,>100% (stop)
2022-05-16,high,short,1.0422,1.04319,9.9,LOSS,111.1,506517,506758,1.03889,>100% (stop)
2022-05-17,high,short,1.04516,1.04642,12.6,LOSS,104.8,507706,508187,1.04318,>100% (stop)
2022-05-18,low,long,1.05242,1.05164,7.8,LOSS,119.2,509128,509609,1.05636,>100% (stop)
2022-05-19,low,long,1.05088,1.04852,23.6,WIN,92.4,510634,511040,1.05065,75-100%
2022-05-20,high,short,1.05651,1.05934,28.3,WIN,62.5,511977,512473,1.05546,50-75%
2022-05-23,high,short,1.05924,1.06138,21.4,LOSS,154.7,513444,513910,1.05679,>100% (stop)
2022-05-24,high,short,1.0702,1.07192,17.2,LOSS,119.2,515084,515340,1.06608,>100% (stop)
2022-05-25,low,long,1.06792,1.06665,12.7,LOSS,109.4,516424,516770,1.07365,>100% (stop)
2022-05-26,low,long,1.06859,1.06669,19.0,WIN,44.2,517693,518204,1.07063,25-50%
2022-05-27,low,long,1.07279,1.07069,21.0,LOSS,100.0,519439,519635,1.0765,75-100%
2022-05-30,high,short,1.07446,1.07598,15.2,LOSS,102.6,520578,521074,1.07267,>100% (stop)
2022-05-31,low,long,1.07188,1.06789,39.9,OPEN,42.9,522412,522503,1.07744,25-50%
2022-06-01,low,long,1.07176,1.07072,10.4,WIN,26.0,523380,523936,1.07345,25-50%
2022-06-02,high,short,1.06806,1.0692,11.4,LOSS,104.4,524976,525367,1.06447,>100% (stop)
2022-06-03,low,long,1.07606,1.0752,8.6,LOSS,111.6,526335,526801,1.07643,>100% (stop)
2022-06-06,high,short,1.07388,1.07518,13.0,WIN,56.2,527881,528227,1.07099,50-75%
2022-06-07,low,long,1.06945,1.06709,23.6,WIN,53.4,529170,529666,1.06918,50-75%
2022-06-08,low,long,1.07231,1.06817,41.4,WIN,10.1,530781,531097,1.07011,0-25%
2022-06-09,low,long,1.07193,1.07096,9.7,WIN,81.4,532172,532533,1.07337,75-100%
2022-06-10,high,short,1.06074,1.0639,31.6,WIN,8.5,533565,533971,1.06113,0-25%
2022-06-13,low,long,1.04895,1.04763,13.2,LOSS,124.2,534906,535402,1.04955,>100% (stop)
2022-06-14,high,short,1.04253,1.04748,49.5,OPEN,86.7,536536,536837,1.0397,75-100%
2022-06-15,high,short,1.04461,1.04942,48.1,LOSS,126.2,537807,538273,1.04263,>100% (stop)
2022-06-16,low,long,1.04355,1.04246,10.9,LOSS,351.4,539174,539700,1.04692,>100% (stop)
2022-06-17,low,long,1.05306,1.05199,10.7,LOSS,143.9,540655,541136,1.0552,>100% (stop)
2022-06-20,high,short,1.05134,1.05427,29.3,LOSS,100.0,542079,542575,1.04848,75-100%
2022-06-21,low,long,1.05824,1.05131,69.3,WIN,12.3,543627,544003,1.05424,0-25%
2022-06-22,low,long,1.05082,1.04923,15.9,LOSS,131.4,544870,545426,1.05314,>100% (stop)
2022-06-23,low,long,1.05218,1.04826,39.2,OPEN,80.6,546540,546856,1.0581,75-100%
2022-06-24,high,short,1.0523,1.05464,23.4,LOSS,106.0,547795,548291,1.0512,>100% (stop)
2022-06-27,high,short,1.0568,1.05882,20.2,LOSS,100.0,549395,549726,1.05502,75-100%
2022-06-28,high,short,1.05811,1.05974,16.3,WIN,57.1,550805,551166,1.05703,50-75%
2022-06-29,low,long,1.05184,1.05009,17.5,LOSS,107.4,552098,552594,1.05354,>100% (stop)
2022-06-30,high,short,1.04298,1.04577,27.9,LOSS,136.9,553516,554027,1.04329,>100% (stop)
2022-07-01,low,long,1.04679,1.04326,35.3,LOSS,102.5,555058,555464,1.04783,>100% (stop)
2022-07-04,low,long,1.04569,1.04219,35.0,WIN,35.4,556550,556896,1.04442,25-50%
2022-07-05,high,short,1.02975,1.04485,151.0,WIN,8.0,557938,558329,1.0423,0-25%
2022-07-06,low,long,1.02605,1.02425,18.0,WIN,-7.8,559210,559766,1.02712,<0%
2022-07-07,high,short,1.01819,1.02209,39.0,WIN,80.0,560719,561200,1.0176,75-100%
2022-07-08,low,long,1.01195,1.0072,47.5,OPEN,24.2,562220,562626,1.01912,0-25%
2022-07-11,low,long,1.01182,1.00957,22.5,LOSS,102.2,563782,564053,1.01675,>100% (stop)
2022-07-12,low,long,1.00177,1.00028,14.9,LOSS,107.4,565070,565491,1.00552,>100% (stop)
2022-07-13,high,short,1.00298,1.00402,10.4,LOSS,156.7,566372,566928,1.00226,>100% (stop)
2022-07-14,low,long,1.00464,1.00093,37.1,WIN,84.6,567900,568366,1.00434,75-100%
2022-07-15,low,long,1.00356,1.00108,24.8,WIN,75.4,569318,569799,1.00411,75-100%
2022-07-18,low,long,1.0149,1.00869,62.1,WIN,10.1,570755,571236,1.01143,0-25%
2022-07-19,high,short,1.022,1.02533,33.3,LOSS,116.2,572298,572674,1.01195,>100% (stop)
2022-07-20,low,long,1.02729,1.02356,37.3,LOSS,109.9,573615,574111,1.02484,>100% (stop)
2022-07-21,high,short,1.02014,1.02266,25.2,WIN,63.9,575037,575548,1.01782,50-75%
2022-07-22,low,long,1.02134,1.01803,33.1,LOSS,164.7,576476,576987,1.02216,>100% (stop)
2022-07-26,low,long,1.02361,1.0213,23.1,LOSS,107.8,579364,579845,1.025,>100% (stop)
2022-07-27,high,short,1.01274,1.01522,24.8,LOSS,101.2,580756,581282,1.01278,>100% (stop)
2022-07-28,high,short,1.01852,1.0228,42.8,WIN,80.1,582236,582717,1.01803,75-100%
2022-07-29,high,short,1.02027,1.02542,51.5,WIN,53.0,583731,584152,1.01892,50-75%
2022-08-01,high,short,1.02248,1.027,45.2,LOSS,100.2,585377,585588,1.02075,>100% (stop)
2022-08-02,low,long,1.02453,1.02149,30.4,LOSS,104.6,586677,587023,1.02939,>100% (stop)
2022-08-04,high,short,1.01851,1.01977,12.6,LOSS,116.7,589591,589892,1.01542,>100% (stop)
2022-08-05,low,long,1.02373,1.02295,7.8,LOSS,110.3,590820,591331,1.02482,>100% (stop)
2022-08-08,high,short,1.01712,1.0186,14.8,LOSS,131.1,592242,592768,1.0159,>100% (stop)
2022-08-09,high,short,1.02203,1.02472,26.9,OPEN,88.5,593947,594203,1.01885,75-100%
2022-08-10,low,long,1.02307,1.02051,25.6,WIN,18.4,595280,595641,1.0219,0-25%
2022-08-11,low,long,1.03322,1.02752,57.0,WIN,7.5,596611,597077,1.03038,0-25%
2022-08-12,low,long,1.03083,1.0288,20.3,LOSS,104.4,598153,598514,1.03251,>100% (stop)
2022-08-16,low,long,1.01422,1.01247,17.5,LOSS,101.7,601059,601390,1.01698,>100% (stop)
2022-08-17,high,short,1.01567,1.01852,28.5,WIN,30.5,602293,602819,1.0166,25-50%
2022-08-18,low,long,1.01766,1.01585,18.1,LOSS,100.0,603820,604256,1.01929,75-100%
2022-08-19,high,short,1.00777,1.00904,12.7,WIN,92.9,605255,605691,1.00697,75-100%
2022-08-22,low,long,1.0006,0.99961,9.9,LOSS,107.1,606946,607127,1.00466,>100% (stop)
2022-08-23,low,long,0.99496,0.99019,47.7,WIN,77.8,608099,608565,0.995,75-100%
2022-08-24,low,long,0.99588,0.99347,24.1,LOSS,102.9,609507,610003,0.99718,>100% (stop)
2022-08-25,high,short,0.99874,1.00334,46.0,WIN,53.3,611007,611443,0.99629,50-75%
2022-08-26,low,long,0.99684,0.99593,9.1,LOSS,193.4,612340,612881,0.99745,>100% (stop)
2022-08-29,high,short,0.99197,0.99503,30.6,LOSS,121.6,613896,614317,0.9918,>100% (stop)
2022-08-30,high,short,1.00249,1.00547,29.8,OPEN,56.7,615470,615756,0.99818,50-75%
2022-08-31,high,short,0.9982,1.00057,23.7,LOSS,123.6,617005,617186,1.00164,>100% (stop)
2022-09-02,high,short,0.99638,0.99757,11.9,LOSS,117.6,619506,620062,0.99499,>100% (stop)
2022-09-05,low,long,0.99027,0.98801,22.6,WIN,40.7,620946,621502,0.9929,25-50%
2022-09-06,high,short,0.9936,0.99649,28.9,WIN,83.4,622559,622935,0.99426,75-100%
2022-09-07,high,short,0.98756,0.993,54.4,LOSS,116.7,624164,624375,0.98768,>100% (stop)
2022-09-08,high,short,0.9976,1.00148,38.8,WIN,43.6,625345,625811,0.99791,25-50%
2022-09-09,high,short,1.0076,1.01102,34.2,OPEN,52.9,626899,627245,1.00083,50-75%
2022-09-12,high,short,1.0129,1.01977,68.7,OPEN,49.1,628382,628683,1.00629,25-50%
2022-09-13,high,short,1.01268,1.01502,23.4,LOSS,100.0,629621,630117,1.01239,75-100%
2022-09-14,low,long,1.00099,0.99595,50.4,WIN,51.4,631131,631552,0.99901,50-75%
2022-09-15,low,long,0.99954,0.99556,39.8,WIN,26.4,632583,632989,0.99824,25-50%
2022-09-16,low,long,0.99872,0.99448,42.4,WIN,80.7,634060,634421,1.0012,75-100%
2022-09-19,low,long,0.99865,0.99657,20.8,OPEN,94.2,635447,635838,1.00291,75-100%
2022-09-20,low,long,1.00368,1.00195,17.3,LOSS,108.7,636731,637272,1.00504,>100% (stop)
2022-09-21,low,long,0.99377,0.98993,38.4,LOSS,100.0,638366,638712,0.9975,75-100%
2022-09-22,high,short,0.98325,0.9887,54.5,OPEN,41.7,640045,640151,0.9808,25-50%
2022-09-23,low,long,0.97694,0.97509,18.5,LOSS,105.4,641269,641585,0.98517,>100% (stop)
2022-09-26,high,short,0.96332,0.97013,68.1,OPEN,82.5,642694,643025,0.95503,75-100%
2022-09-27,high,short,0.9639,0.96582,19.2,LOSS,113.5,643953,644464,0.96184,>100% (stop)
2022-09-28,low,long,0.95884,0.9543,45.4,LOSS,106.2,645453,645904,0.96006,>100% (stop)
2022-09-29,low,long,0.9673,0.9654,19.0,LOSS,116.3,646816,647342,0.97137,>100% (stop)
2022-09-30,high,short,0.97898,0.98075,17.7,LOSS,124.9,648241,648782,0.97943,>100% (stop)
2022-10-04,high,short,0.98524,0.98959,43.5,LOSS,104.4,651264,651640,0.9806,>100% (stop)
2022-10-05,high,short,0.9923,0.99787,55.7,WIN,51.9,652654,653075,0.99593,50-75%
2022-10-06,low,long,0.9893,0.98742,18.8,LOSS,105.3,654241,654512,0.99264,>100% (stop)
2022-10-07,low,long,0.98088,0.97913,17.5,WIN,30.9,655485,655951,0.98119,25-50%
2022-10-11,low,long,0.97026,0.96782,24.4,WIN,55.7,658267,658808,0.97228,50-75%
2022-10-12,high,short,0.96959,0.97239,28.0,LOSS,101.8,659781,660247,0.96826,>100% (stop)
2022-10-13,low,long,0.97088,0.96878,21.0,WIN,43.8,661233,661684,0.97219,25-50%
2022-10-14,low,long,0.97996,0.9709,90.6,LOSS,102.2,662973,663124,0.98086,>100% (stop)
2022-10-17,high,short,0.97305,0.97398,9.3,LOSS,229.0,664028,664549,0.97368,>100% (stop)
2022-10-18,high,short,0.9831,0.98578,26.8,LOSS,103.0,665499,665980,0.9823,>100% (stop)
2022-10-19,low,long,0.97959,0.97592,36.7,OPEN,69.8,667287,667408,0.98667,50-75%
2022-10-20,high,short,0.97713,0.97938,22.5,LOSS,110.7,668362,668843,0.97544,>100% (stop)
2022-10-21,low,long,0.98022,0.97614,40.8,WIN,42.9,669797,670278,0.97832,25-50%
2022-10-24,low,long,0.98576,0.98067,50.9,WIN,60.9,671520,671716,0.98675,50-75%
2022-10-25,low,long,0.9876,0.98551,20.9,LOSS,103.3,672728,673149,0.98984,>100% (stop)
2022-10-26,high,short,1.00087,1.00476,38.9,LOSS,105.9,674267,674583,0.99434,>100% (stop)
2022-10-27,low,long,1.00777,1.00543,23.4,LOSS,101.7,675585,676021,1.00934,>100% (stop)
2022-10-28,low,long,0.99646,0.99377,26.9,LOSS,100.0,677060,677436,0.9998,75-100%
2022-10-31,low,long,0.99487,0.99381,10.6,LOSS,134.9,678533,678924,0.99656,>100% (stop)
2022-11-01,high,short,0.99086,0.99384,29.8,LOSS,115.4,679822,680363,0.98841,>100% (stop)
2022-11-02,low,long,0.99067,0.98783,28.4,WIN,23.9,681319,681800,0.98996,0-25%
2022-11-03,low,long,0.97634,0.97355,27.9,LOSS,101.8,682974,683230,0.98394,>100% (stop)
2022-11-04,high,short,0.9751,0.97961,45.1,LOSS,133.5,684405,684661,0.97481,>100% (stop)
2022-11-07,high,short,0.99747,1.0007,32.3,OPEN,96.3,685710,686041,0.99175,75-100%
2022-11-08,low,long,1.00047,0.99836,21.1,WIN,92.9,687089,687480,1.00276,75-100%
2022-11-09,low,long,1.00714,1.00562,15.2,LOSS,115.1,688361,688917,1.0088,>100% (stop)
2022-11-10,high,short,1.00015,1.00387,37.2,WIN,-1.1,689814,690355,1.00101,<0%
2022-11-11,high,short,1.02539,1.02797,25.8,LOSS,117.1,691463,691794,1.0163,>100% (stop)
2022-11-14,high,short,1.03153,1.03504,35.1,WIN,31.1,692797,693233,1.03051,25-50%
2022-11-15,high,short,1.0392,1.04371,45.1,LOSS,114.0,694470,694666,1.03121,>100% (stop)
2022-11-16,high,short,1.04089,1.04214,12.5,OPEN,56.0,695877,696103,1.03307,50-75%
2022-11-17,high,short,1.03522,1.03927,40.5,WIN,42.7,697146,697537,1.03596,25-50%
2022-11-18,low,long,1.03959,1.0367,28.9,LOSS,105.5,698570,698976,1.03908,>100% (stop)
2022-11-21,low,long,1.02431,1.02291,14.0,LOSS,117.1,700039,700415,1.03185,>100% (stop)
2022-11-22,low,long,1.02675,1.02476,19.9,WIN,58.8,701327,701853,1.0268,50-75%
2022-11-23,high,short,1.03018,1.03456,43.8,WIN,56.2,702841,703292,1.03003,50-75%
2022-11-24,low,long,1.04248,1.03999,24.9,LOSS,119.3,704294,704730,1.04484,>100% (stop)
2022-11-25,low,long,1.03886,1.0361,27.6,OPEN,5.8,706063,706154,1.04291,0-25%
2022-11-30,high,short,1.03463,1.03811,34.8,LOSS,132.2,710145,710461,1.03358,>100% (stop)
2022-12-01,high,short,1.03929,1.0459,66.1,WIN,33.1,711389,711900,1.04187,25-50%
2022-12-02,high,short,1.05127,1.05357,23.0,LOSS,100.0,712827,713338,1.05049,75-100%
2022-12-05,low,long,1.05767,1.05196,57.1,WIN,29.4,714507,714778,1.05832,25-50%
2022-12-06,low,long,1.05093,1.04755,33.8,WIN,89.9,715703,716214,1.05186,75-100%
2022-12-07,low,long,1.0467,1.04474,19.6,WIN,71.4,717121,717647,1.04763,50-75%
2022-12-08,high,short,1.04895,1.05309,41.4,WIN,59.4,718711,719087,1.04942,50-75%
2022-12-09,high,short,1.05633,1.05865,23.2,WIN,35.3,720012,720523,1.05593,25-50%
2022-12-12,high,short,1.05545,1.05646,10.1,LOSS,101.0,721586,721962,1.05057,>100% (stop)
2022-12-13,high,short,1.05313,1.05603,29.0,WIN,55.2,722911,723392,1.05311,50-75%
2022-12-14,high,short,1.06199,1.06404,20.5,WIN,62.4,724286,724827,1.06197,50-75%
2022-12-15,low,long,1.06279,1.06066,21.3,WIN,55.4,726035,726261,1.06799,50-75%
2022-12-16,high,short,1.06304,1.06478,17.4,WIN,59.2,727181,727692,1.06385,50-75%
2022-12-19,high,short,1.06212,1.0634,12.8,LOSS,105.5,728605,729131,1.05961,>100% (stop)
2022-12-20,low,long,1.06248,1.05788,46.0,WIN,67.2,730055,730566,1.0652,50-75%
2022-12-21,high,short,1.06166,1.06347,18.1,LOSS,105.5,731523,732004,1.06066,>100% (stop)
2022-12-22,high,short,1.06349,1.06485,13.6,LOSS,110.3,732900,733441,1.06134,>100% (stop)
2022-12-23,high,short,1.05989,1.06112,12.3,LOSS,108.1,734393,734874,1.05867,>100% (stop)
2022-12-26,high,short,1.06151,1.06317,16.6,LOSS,107.2,735814,736251,1.06089,>100% (stop)
2022-12-27,high,short,1.06382,1.06499,11.7,LOSS,150.4,737137,737648,1.06354,>100% (stop)
2022-12-28,high,short,1.06278,1.06523,24.5,LOSS,100.8,738647,739083,1.06268,>100% (stop)
2022-12-29,low,long,1.06426,1.06109,31.7,WIN,40.1,740037,740518,1.06341,25-50%
2022-12-30,low,long,1.06744,1.06405,33.9,WIN,68.1,741482,741948,1.06692,50-75%
2023-01-02,low,long,1.06994,1.06872,12.2,LOSS,177.9,742929,743350,1.07087,>100% (stop)
2023-01-03,low,long,1.05491,1.05194,29.7,OPEN,63.3,744535,744776,1.06801,50-75%
2023-01-04,high,short,1.06004,1.06299,29.5,OPEN,94.2,745919,746205,1.05569,75-100%
2023-01-05,low,long,1.06278,1.06015,26.3,LOSS,113.3,747173,747639,1.06314,>100% (stop)
2023-01-06,low,long,1.05224,1.05105,11.9,LOSS,121.8,748495,749066,1.05363,>100% (stop)
2023-01-09,high,short,1.06679,1.06861,18.2,LOSS,164.3,749972,750498,1.06551,>100% (stop)
2023-01-10,high,short,1.07154,1.07516,36.2,WIN,21.3,751708,751934,1.07212,0-25%
2023-01-11,high,short,1.07326,1.07566,24.0,WIN,-2.1,752878,753359,1.07255,<0%
2023-01-12,low,long,1.0765,1.07555,9.5,LOSS,183.2,754284,754795,1.07733,>100% (stop)
2023-01-13,high,short,1.08331,1.08488,15.7,LOSS,105.1,755808,756229,1.08315,>100% (stop)
2023-01-16,low,long,1.08364,1.08013,35.1,OPEN,87.2,757376,757662,1.08741,75-100%
2023-01-17,high,short,1.08108,1.08385,27.7,LOSS,115.5,758679,759085,1.08061,>100% (stop)
2023-01-18,high,short,1.08115,1.08714,59.9,LOSS,115.4,760254,760525,1.07661,>100% (stop)
2023-01-19,high,short,1.08155,1.08291,13.6,LOSS,100.0,761616,761962,1.07821,75-100%
2023-01-20,low,long,1.08464,1.08247,21.7,WIN,-28.6,762869,763395,1.0844,<0%
2023-01-23,high,short,1.08666,1.09203,53.7,WIN,22.2,764574,764830,1.08804,0-25%
2023-01-24,high,short,1.08663,1.08926,26.3,WIN,30.0,765791,766257,1.08692,25-50%
2023-01-25,high,short,1.08677,1.09109,43.2,WIN,33.3,767238,767689,1.08837,25-50%
2023-01-26,low,long,1.09279,1.09064,21.5,LOSS,104.2,768615,769111,1.09215,>100% (stop)
2023-01-27,low,long,1.0892,1.08662,25.8,LOSS,100.4,770093,770484,1.08992,>100% (stop)
2023-01-30,low,long,1.08696,1.08627,6.9,LOSS,204.3,771349,771920,1.08792,>100% (stop)
2023-01-31,low,long,1.08496,1.08315,18.1,LOSS,130.4,772811,773352,1.08599,>100% (stop)
2023-02-02,low,long,1.10043,1.09803,24.0,LOSS,110.4,775936,776222,1.10253,>100% (stop)
2023-02-03,high,short,1.08818,1.08997,17.9,WIN,98.9,777096,777637,1.0887,75-100%
2023-02-06,low,long,1.0795,1.07749,20.1,LOSS,105.0,778611,779077,1.07987,>100% (stop)
2023-02-07,low,long,1.07122,1.0698,14.2,LOSS,106.3,780284,780510,1.07425,>100% (stop)
2023-02-08,high,short,1.07428,1.07607,17.9,WIN,34.6,781584,781945,1.0723,25-50%
2023-02-09,high,short,1.07239,1.0734,10.1,LOSS,164.4,782856,783382,1.07093,>100% (stop)
2023-02-10,high,short,1.06915,1.07525,61.0,WIN,22.0,784444,784820,1.07171,0-25%
2023-02-13,high,short,1.0663,1.06897,26.7,LOSS,108.6,785832,786253,1.06553,>100% (stop)
2023-02-14,high,short,1.0733,1.07394,6.4,LOSS,128.1,787129,787685,1.07253,>100% (stop)
2023-02-15,low,long,1.07186,1.06997,18.9,LOSS,107.9,788593,789119,1.07443,>100% (stop)
2023-02-16,high,short,1.07004,1.07115,11.1,LOSS,101.8,790089,790555,1.06867,>100% (stop)
2023-02-17,low,long,1.06461,1.06315,14.6,LOSS,106.8,791467,791993,1.06654,>100% (stop)
2023-02-20,high,short,1.06852,1.06936,8.4,LOSS,135.7,792901,793186,1.06733,>100% (stop)
2023-02-21,low,long,1.06883,1.06659,22.4,LOSS,108.9,793865,794121,1.06777,>100% (stop)
2023-02-22,low,long,1.06503,1.06245,25.8,OPEN,98.4,795123,795198,1.06638,75-100%
2023-02-23,low,long,1.06154,1.05872,28.2,LOSS,100.7,796089,796209,1.06247,>100% (stop)
2023-02-24,low,long,1.05959,1.05842,11.7,LOSS,158.1,797048,797228,1.06141,>100% (stop)
2023-02-27,low,long,1.05512,1.05386,12.6,WIN,46.0,797870,798245,1.05598,25-50%
2023-02-28,low,long,1.0626,1.05837,42.3,WIN,40.7,799005,799260,1.06101,25-50%
2023-03-01,high,short,1.06434,1.06913,47.9,OPEN,73.1,800204,800220,1.05672,50-75%
2023-03-02,low,long,1.06429,1.06324,10.5,LOSS,125.7,801029,801240,1.06618,>100% (stop)
2023-03-03,high,short,1.06091,1.06231,14.0,LOSS,101.4,801958,802303,1.06017,>100% (stop)
2023-03-06,high,short,1.06219,1.06568,34.9,LOSS,137.5,803128,803264,1.0624,>100% (stop)
2023-03-07,low,long,1.06943,1.06805,13.8,LOSS,110.1,803981,804282,1.06931,>100% (stop)
2023-03-09,high,short,1.05502,1.05546,4.4,LOSS,368.2,806064,806321,1.05378,>100% (stop)
2023-03-10,high,short,1.05738,1.05908,17.0,LOSS,143.5,807026,807341,1.05791,>100% (stop)
2023-03-13,high,short,1.06623,1.07372,74.9,WIN,24.6,808119,808359,1.06637,0-25%
2023-03-14,low,long,1.07282,1.06787,49.5,WIN,1.8,809214,809379,1.07211,0-25%
2023-03-15,low,long,1.07444,1.07305,13.9,LOSS,117.3,810005,810321,1.07597,>100% (stop)
2023-03-16,high,short,1.05927,1.06154,22.7,LOSS,101.8,810977,811368,1.05861,>100% (stop)
2023-03-17,high,short,1.06312,1.06693,38.1,WIN,10.8,812192,812387,1.06142,0-25%
2023-03-20,low,long,1.07088,1.06311,77.7,WIN,-4.2,813257,813407,1.06898,<0%
2023-03-21,low,long,1.07201,1.07109,9.2,WIN,43.5,814067,814427,1.07223,25-50%
2023-03-22,low,long,1.07828,1.07638,19.0,WIN,-27.9,815162,815388,1.07767,<0%
2023-03-23,high,short,1.08998,1.09296,29.8,WIN,31.2,816120,816406,1.08789,25-50%
2023-03-24,low,long,1.07541,1.07131,41.0,OPEN,23.9,817395,817426,1.08351,0-25%
2023-03-27,low,long,1.07821,1.07637,18.4,LOSS,112.0,818101,818432,1.07775,>100% (stop)
2023-03-28,high,short,1.08103,1.08339,23.6,LOSS,103.0,819250,819430,1.08033,>100% (stop)
2023-03-29,low,long,1.08374,1.08231,14.3,WIN,76.2,820192,820447,1.08494,75-100%
2023-03-30,high,short,1.08324,1.08459,13.5,LOSS,133.3,821083,821458,1.08263,>100% (stop)
2023-03-31,low,long,1.09107,1.09012,9.5,LOSS,216.8,822135,822466,1.09257,>100% (stop)
2023-04-04,low,long,1.09199,1.08878,32.1,WIN,55.8,824224,824555,1.09097,50-75%
2023-04-05,low,long,1.09673,1.09512,16.1,LOSS,109.9,825259,825575,1.09695,>100% (stop)
2023-04-06,high,short,1.08934,1.09064,13.0,LOSS,104.6,826411,826832,1.08845,>100% (stop)
2023-04-11,high,short,1.09037,1.09197,16.0,LOSS,121.9,829102,829192,1.0867,>100% (stop)
2023-04-12,high,short,1.09159,1.09285,12.6,LOSS,112.7,829849,830209,1.09147,>100% (stop)
2023-04-13,low,long,1.09913,1.09851,6.2,LOSS,167.7,830865,831225,1.10049,>100% (stop)
2023-04-14,high,short,1.10593,1.10758,16.5,WIN,55.2,831914,832229,1.10488,50-75%
2023-04-18,high,short,1.09704,1.09828,12.4,OPEN,76.6,834094,834260,1.09222,75-100%
2023-04-19,low,long,1.09722,1.096,12.2,LOSS,120.5,834964,835279,1.0984,>100% (stop)
2023-04-20,high,short,1.09498,1.09615,11.7,LOSS,105.1,835984,836299,1.09494,>100% (stop)
2023-04-21,low,long,1.09719,1.0938,33.9,WIN,67.6,837063,837318,1.09731,50-75%
2023-04-24,low,long,1.09943,1.09724,21.9,WIN,47.5,838067,838337,1.0995,25-50%
2023-04-25,low,long,1.10564,1.1045,11.4,LOSS,100.0,838984,839344,1.1067,75-100%
2023-04-26,high,short,1.10355,1.10506,15.1,LOSS,100.0,840271,840362,1.09683,75-100%
2023-04-27,high,short,1.10489,1.10547,5.8,LOSS,132.8,841018,841378,1.10389,>100% (stop)
2023-04-28,low,long,1.1009,1.10056,3.4,LOSS,217.6,842098,842398,1.10394,>100% (stop)
2023-05-01,low,long,1.10057,1.09947,11.0,LOSS,120.9,843088,843358,1.10143,>100% (stop)
2023-05-02,high,short,1.09598,1.09921,32.3,WIN,67.8,844113,844353,1.09685,50-75%
2023-05-03,high,short,1.10296,1.10447,15.1,LOSS,104.6,845259,845365,1.10048,>100% (stop)
2023-05-04,high,short,1.10407,1.10878,47.1,WIN,4.9,846143,846383,1.10686,0-25%
2023-05-05,high,short,1.10241,1.10477,23.6,WIN,33.1,847137,847393,1.10188,25-50%
2023-05-08,high,short,1.10227,1.10505,27.8,WIN,98.2,848217,848413,1.10167,75-100%
2023-05-09,high,short,1.09872,1.09943,7.1,LOSS,115.5,849086,849432,1.09849,>100% (stop)
2023-05-10,low,long,1.09824,1.09623,20.1,LOSS,117.4,850151,850452,1.09772,>100% (stop)
2023-05-11,low,long,1.09382,1.0918,20.2,LOSS,126.7,851350,851470,1.09981,>100% (stop)
2023-05-12,high,short,1.09195,1.0927,7.5,LOSS,101.3,852088,852479,1.09122,>100% (stop)
2023-05-15,high,short,1.08601,1.08692,9.1,LOSS,114.3,853187,853547,1.0848,>100% (stop)
2023-05-16,low,long,1.08978,1.08798,18.0,WIN,48.9,854382,854623,1.08845,25-50%
2023-05-17,low,long,1.08416,1.08205,21.1,LOSS,100.5,855501,855621,1.08736,>100% (stop)
2023-05-19,high,short,1.07738,1.0792,18.2,LOSS,113.2,857340,857641,1.076,>100% (stop)
2023-05-22,low,long,1.08241,1.08173,6.8,LOSS,233.8,858299,858659,1.08298,>100% (stop)
2023-05-23,low,long,1.08079,1.07852,22.7,LOSS,111.5,859450,859676,1.08204,>100% (stop)
2023-05-24,high,short,1.07745,1.07828,8.3,LOSS,109.6,860353,860684,1.07676,>100% (stop)
2023-05-25,low,long,1.07369,1.07328,4.1,LOSS,361.0,861462,861703,1.07556,>100% (stop)
2023-05-26,high,short,1.07285,1.07437,15.2,LOSS,100.0,862480,862721,1.07189,75-100%
2023-05-29,high,short,1.07311,1.07384,7.3,WIN,61.6,863350,863680,1.07172,50-75%
2023-05-30,low,long,1.07082,1.06812,27.0,WIN,30.4,864464,864690,1.07262,25-50%
2023-05-31,low,long,1.07051,1.06585,46.6,LOSS,103.2,865663,865708,1.07356,>100% (stop)
2023-06-01,low,long,1.06865,1.06759,10.6,LOSS,136.8,866382,866713,1.06951,>100% (stop)
2023-06-02,high,short,1.076,1.07789,18.9,WIN,89.9,867446,867732,1.07581,75-100%
2023-06-05,low,long,1.06994,1.06891,10.3,LOSS,104.9,868516,868801,1.07045,>100% (stop)
2023-06-06,high,short,1.07071,1.07311,24.0,WIN,-7.9,869528,869813,1.07098,<0%
2023-06-07,low,long,1.06863,1.06726,13.7,WIN,16.1,870529,870755,1.07043,0-25%
2023-06-08,high,short,1.07009,1.07172,16.3,LOSS,104.3,871532,871832,1.07028,>100% (stop)
2023-06-09,low,long,1.07775,1.07686,8.9,LOSS,138.2,872560,872846,1.0785,>100% (stop)
2023-06-13,high,short,1.07906,1.08082,17.6,LOSS,141.5,874723,874814,1.07591,>100% (stop)
2023-06-14,low,long,1.07967,1.07789,17.8,WIN,61.2,875531,875832,1.0796,50-75%
2023-06-15,low,long,1.08303,1.08056,24.7,WIN,19.0,876581,876852,1.08444,0-25%
2023-06-16,high,short,1.09339,1.09449,11.0,LOSS,116.4,877555,877871,1.09354,>100% (stop)
2023-06-19,low,long,1.09385,1.09275,11.0,LOSS,104.5,878575,878830,1.09462,>100% (stop)
2023-06-20,high,short,1.09227,1.09461,23.4,WIN,49.1,879656,879821,1.09106,25-50%
2023-06-21,low,long,1.09197,1.09058,13.9,WIN,74.8,880529,880770,1.0921,50-75%
2023-06-22,low,long,1.10035,1.09814,22.1,WIN,64.3,881533,881788,1.09949,50-75%
2023-06-23,low,long,1.08957,1.08532,42.5,OPEN,39.3,882730,882806,1.09585,25-50%
2023-06-26,high,short,1.08977,1.09098,12.1,WIN,69.4,883453,883814,1.08988,50-75%
2023-06-27,high,short,1.0926,1.09438,17.8,LOSS,100.0,884636,884831,1.09021,75-100%
2023-06-28,low,long,1.09568,1.09462,10.6,LOSS,106.6,885564,885790,1.09614,>100% (stop)
2023-06-30,low,long,1.08692,1.08583,10.9,LOSS,100.0,887510,887826,1.08754,75-100%
2023-07-03,low,long,1.08913,1.08702,21.1,WIN,72.5,888650,888845,1.09176,50-75%
2023-07-04,low,long,1.09146,1.09033,11.3,LOSS,108.8,889531,889861,1.09163,>100% (stop)
2023-07-05,low,long,1.08956,1.08662,29.4,WIN,68.0,890710,890875,1.08908,50-75%
2023-07-06,high,short,1.08454,1.08691,23.7,LOSS,179.3,891649,891889,1.08399,>100% (stop)
2023-07-07,high,short,1.08699,1.08808,10.9,LOSS,137.6,892701,892956,1.08823,>100% (stop)
2023-07-10,low,long,1.09655,1.09495,16.0,LOSS,107.5,893578,893909,1.09695,>100% (stop)
2023-07-11,high,short,1.10072,1.10269,19.7,WIN,10.2,894668,894923,1.10014,0-25%
2023-07-12,high,short,1.10213,1.10297,8.4,LOSS,515.5,895725,895935,1.10119,>100% (stop)
2023-07-13,low,long,1.11577,1.1139,18.7,LOSS,101.6,896621,896951,1.11486,>100% (stop)
2023-07-14,low,long,1.12448,1.12327,12.1,LOSS,105.0,897776,897971,1.12429,>100% (stop)
2023-07-17,high,short,1.12347,1.1245,10.3,WIN,84.5,898750,898931,1.12147,75-100%
2023-07-18,high,short,1.12279,1.12756,47.7,WIN,62.7,899723,899949,1.12345,50-75%
2023-07-19,high,short,1.11959,1.12267,30.8,LOSS,100.3,900619,900964,1.12161,>100% (stop)
2023-07-20,low,long,1.12142,1.1198,16.2,LOSS,104.3,901819,901985,1.12291,>100% (stop)
2023-07-21,high,short,1.11248,1.11449,20.1,WIN,21.9,902718,903003,1.11296,0-25%
2023-07-24,high,short,1.10746,1.11322,57.6,WIN,6.9,903721,904007,1.11194,0-25%
2023-07-25,high,short,1.10527,1.10868,34.1,WIN,51.3,904771,905026,1.10627,50-75%
2023-07-26,high,short,1.10571,1.1071,13.9,LOSS,117.3,905731,906047,1.10377,>100% (stop)
2023-07-27,high,short,1.09874,1.11439,156.5,WIN,7.9,907049,907065,1.10774,0-25%
2023-07-28,high,short,1.09435,1.09863,42.8,WIN,28.3,907810,908081,1.09714,25-50%
2023-07-31,low,long,1.10401,1.10157,24.4,WIN,32.4,909109,909395,1.10277,25-50%
2023-08-01,low,long,1.09866,1.097,16.6,LOSS,103.0,910394,910830,1.10015,>100% (stop)
2023-08-02,low,long,1.09871,1.09682,18.9,LOSS,102.1,912055,912266,1.1008,>100% (stop)
2023-08-03,low,long,1.09383,1.09138,24.5,WIN,68.2,913326,913702,1.09492,50-75%
2023-08-04,low,long,1.09462,1.09378,8.4,LOSS,101.2,914804,915135,1.09615,>100% (stop)
2023-08-07,low,long,1.09947,1.09708,23.9,LOSS,100.4,916119,916570,1.10117,>100% (stop)
2023-08-08,high,short,1.09736,1.09949,21.3,WIN,24.9,917523,918004,1.09768,0-25%
2023-08-09,high,short,1.09699,1.0979,9.1,LOSS,102.2,918886,919442,1.09552,>100% (stop)
2023-08-10,high,short,1.10145,1.10263,11.8,LOSS,332.2,920665,920876,1.09673,>100% (stop)
2023-08-11,high,short,1.09763,1.09994,23.1,LOSS,101.7,921965,922311,1.09797,>100% (stop)
2023-08-14,low,long,1.096,1.09261,33.9,WIN,41.6,923320,923741,1.09467,25-50%
2023-08-15,high,short,1.09277,1.09448,17.1,WIN,49.1,924902,925173,1.09003,25-50%
2023-08-16,high,short,1.09105,1.09175,7.0,LOSS,141.4,926099,926610,1.08989,>100% (stop)
2023-08-17,high,short,1.0875,1.08866,11.6,LOSS,108.6,927574,928040,1.08618,>100% (stop)
2023-08-18,low,long,1.0878,1.08644,13.6,LOSS,105.1,929011,929477,1.08938,>100% (stop)
2023-08-21,high,short,1.08822,1.08888,6.6,LOSS,103.0,930476,930912,1.08695,>100% (stop)
2023-08-22,high,short,1.08983,1.09208,22.5,WIN,52.4,931980,932341,1.08932,50-75%
2023-08-23,high,short,1.0852,1.08627,10.7,LOSS,100.0,933212,933768,1.08446,75-100%
2023-08-24,low,long,1.08563,1.08465,9.8,LOSS,110.2,934921,935207,1.0875,>100% (stop)
2023-08-25,low,long,1.08113,1.07798,31.5,WIN,29.5,936387,936643,1.0804,25-50%
2023-08-28,high,short,1.07993,1.0819,19.7,LOSS,103.6,937641,938077,1.07961,>100% (stop)
2023-08-29,low,long,1.08296,1.08202,9.4,LOSS,106.4,939029,939510,1.08382,>100% (stop)
2023-08-30,high,short,1.08587,1.08766,17.9,WIN,45.8,940450,940946,1.08636,25-50%
2023-09-01,low,long,1.08532,1.08452,8.0,WIN,-2.5,943305,943816,1.08541,<0%
2023-09-04,high,short,1.07834,1.07904,7.0,LOSS,125.7,944693,945249,1.07731,>100% (stop)
2023-09-05,low,long,1.07569,1.0742,14.9,LOSS,102.7,946258,946634,1.07982,>100% (stop)
2023-09-06,high,short,1.07274,1.07365,9.1,LOSS,120.9,947493,948064,1.07131,>100% (stop)
2023-09-07,low,long,1.07256,1.07155,10.1,LOSS,104.0,948935,949491,1.07317,>100% (stop)
2023-09-08,high,short,1.07117,1.07174,5.7,LOSS,100.0,950410,950921,1.06971,75-100%
2023-09-11,high,short,1.07222,1.07412,19.0,LOSS,105.3,951905,952356,1.07099,>100% (stop)
2023-09-13,low,long,1.07488,1.07348,14.0,LOSS,107.1,954755,955218,1.07648,>100% (stop)
2023-09-14,high,short,1.07415,1.07488,7.3,WIN,23.3,956106,956632,1.07301,0-25%
2023-09-15,high,short,1.06607,1.06688,8.1,LOSS,232.1,957689,958065,1.06332,>100% (stop)
2023-09-18,high,short,1.06578,1.0673,15.2,WIN,28.9,958999,959488,1.06609,25-50%
2023-09-19,low,long,1.06821,1.06788,3.3,LOSS,106.1,960350,960921,1.06965,>100% (stop)
2023-09-20,low,long,1.06929,1.06782,14.7,LOSS,103.4,961814,962355,1.06897,>100% (stop)
2023-09-21,high,short,1.0647,1.06645,17.5,LOSS,104.0,963456,963787,1.06167,>100% (stop)
2023-09-22,high,short,1.06392,1.06598,20.6,WIN,45.6,964788,965224,1.06409,25-50%
2023-09-25,low,long,1.06531,1.06421,11.0,LOSS,105.5,966130,966602,1.06555,>100% (stop)
2023-09-26,low,long,1.05999,1.05826,17.3,WIN,28.3,967604,968025,1.05919,25-50%
2023-09-27,high,short,1.05626,1.0574,11.4,WIN,38.6,969022,969458,1.05559,25-50%
2023-09-28,low,long,1.05188,1.04958,23.0,WIN,61.3,970399,970895,1.0516,50-75%
2023-10-02,low,long,1.05919,1.05679,24.0,WIN,37.9,973257,973768,1.05707,25-50%
2023-10-03,low,long,1.04797,1.04598,19.9,WIN,54.3,974692,975203,1.04803,50-75%
2023-10-04,low,long,1.04887,1.04542,34.5,WIN,12.5,976199,976635,1.04755,0-25%
2023-10-05,low,long,1.05145,1.05047,9.8,LOSS,107.1,977605,978071,1.05288,>100% (stop)
2023-10-06,low,long,1.05498,1.05334,16.4,WIN,0.6,979021,979502,1.05479,0-25%
2023-10-09,low,long,1.0545,1.05281,16.9,LOSS,104.7,980564,980940,1.05742,>100% (stop)
2023-10-10,low,long,1.05663,1.05588,7.5,WIN,94.7,981868,982379,1.05836,75-100%
2023-10-11,low,long,1.06145,1.06018,12.7,WIN,78.7,983285,983811,1.06142,75-100%
2023-10-12,high,short,1.06277,1.06336,5.9,LOSS,186.4,984690,985246,1.06199,>100% (stop)
2023-10-13,high,short,1.05377,1.0548,10.3,WIN,64.1,986129,986685,1.05345,50-75%
2023-10-16,high,short,1.05235,1.05338,10.3,LOSS,101.9,987625,988121,1.05156,>100% (stop)
2023-10-17,low,long,1.05547,1.05458,8.9,LOSS,101.1,989075,989556,1.05607,>100% (stop)
2023-10-18,high,short,1.05704,1.05786,8.2,LOSS,101.2,990514,990995,1.05604,>100% (stop)
2023-10-19,low,long,1.05482,1.05301,18.1,WIN,85.1,991934,992430,1.05418,75-100%
2023-10-20,low,long,1.05766,1.05716,5.0,LOSS,132.0,993370,993866,1.05864,>100% (stop)
2023-10-23,low,long,1.05878,1.05754,12.4,WIN,74.2,994775,995301,1.05902,50-75%
2023-10-24,high,short,1.0647,1.06865,39.5,WIN,7.1,996302,996738,1.06668,0-25%
2023-10-25,low,long,1.05789,1.05704,8.5,LOSS,108.2,997932,998173,1.0605,>100% (stop)
2023-10-26,low,long,1.05525,1.0533,19.5,LOSS,100.0,999160,999611,1.05691,75-100%
2023-10-27,high,short,1.05547,1.05687,14.0,WIN,40.7,1000491,1001047,1.05525,25-50%
2023-10-30,high,short,1.05471,1.05642,17.1,WIN,62.0,1002044,1002540,1.05584,50-75%
2023-10-31,high,short,1.06553,1.06748,19.5,WIN,28.7,1003675,1003976,1.05906,25-50%
2023-11-01,high,short,1.0559,1.05721,13.1,WIN,66.4,1004887,1005413,1.05659,50-75%
2023-11-02,high,short,1.0591,1.06021,11.1,LOSS,139.6,1006354,1006850,1.05932,>100% (stop)
2023-11-03,high,short,1.0625,1.06314,6.4,LOSS,125.0,1007715,1008286,1.06146,>100% (stop)
2023-11-06,high,short,1.07315,1.07425,11.0,LOSS,131.8,1009137,1009663,1.07222,>100% (stop)
2023-11-07,low,long,1.07063,1.06918,14.5,LOSS,106.2,1010633,1011099,1.07139,>100% (stop)
2023-11-08,low,long,1.06777,1.06606,17.1,LOSS,102.9,1012232,1012533,1.06992,>100% (stop)
2023-11-09,low,long,1.07064,1.07022,4.2,LOSS,169.0,1013503,1013969,1.07156,>100% (stop)
2023-11-10,low,long,1.06783,1.06667,11.6,WIN,69.0,1014925,1015406,1.0675,50-75%
2023-11-13,high,short,1.06855,1.06974,11.9,LOSS,113.4,1016388,1016839,1.0681,>100% (stop)
2023-11-14,high,short,1.0696,1.07096,13.6,LOSS,100.0,1017806,1018272,1.06945,75-100%
2023-11-15,low,long,1.08794,1.08647,14.7,LOSS,104.8,1019213,1019709,1.08836,>100% (stop)
2023-11-16,high,short,1.08429,1.08607,17.8,LOSS,116.3,1020807,1021138,1.083,>100% (stop)
2023-11-17,low,long,1.08583,1.0851,7.3,WIN,-39.7,1022170,1022576,1.08569,<0%
2023-11-20,high,short,1.09206,1.09351,14.5,LOSS,100.7,1023729,1024015,1.09014,>100% (stop)
2023-11-21,low,long,1.09537,1.09424,11.3,LOSS,105.3,1025093,1025454,1.09651,>100% (stop)
2023-11-22,low,long,1.09197,1.09107,9.0,LOSS,222.2,1026380,1026891,1.09229,>100% (stop)
2023-11-23,high,short,1.08955,1.09176,22.1,LOSS,119.5,1027828,1028324,1.08885,>100% (stop)
2023-11-24,high,short,1.09014,1.09193,17.9,LOSS,101.7,1029326,1029732,1.08949,>100% (stop)
2023-11-27,high,short,1.09411,1.0956,14.9,LOSS,102.7,1030670,1031166,1.09267,>100% (stop)
2023-11-28,low,long,1.09539,1.09435,10.4,WIN,81.7,1032164,1032600,1.09628,75-100%
2023-11-29,low,long,1.09777,1.09698,7.9,LOSS,102.5,1033692,1034036,1.10171,>100% (stop)
2023-11-30,low,long,1.09318,1.0909,22.8,LOSS,106.1,1035250,1035476,1.09825,>100% (stop)
2023-12-04,low,long,1.08807,1.08498,30.9,LOSS,106.5,1037948,1038354,1.08858,>100% (stop)
2023-12-05,low,long,1.08338,1.08152,18.6,LOSS,104.8,1039623,1039789,1.08444,>100% (stop)
2023-12-06,low,long,1.07933,1.0778,15.3,LOSS,116.3,1040713,1041224,1.07996,>100% (stop)
2023-12-07,low,long,1.07827,1.07569,25.8,WIN,28.3,1042134,1042660,1.07711,25-50%
2023-12-08,low,long,1.07875,1.07823,5.2,LOSS,132.7,1043604,1044100,1.08005,>100% (stop)
2023-12-11,low,long,1.07706,1.07667,3.9,LOSS,246.2,1045083,1045534,1.07739,>100% (stop)
2023-12-12,high,short,1.07735,1.08058,32.3,OPEN,81.7,1046803,1046969,1.07612,75-100%
2023-12-13,low,long,1.07889,1.0781,7.9,LOSS,105.1,1047862,1048403,1.07961,>100% (stop)
2023-12-14,low,long,1.0913,1.088,33.0,WIN,44.8,1049392,1049843,1.09153,25-50%
2023-12-15,low,long,1.09694,1.09491,20.3,LOSS,107.4,1050997,1051283,1.10036,>100% (stop)
2023-12-18,high,short,1.09158,1.09199,4.1,LOSS,102.4,1052223,1052719,1.08945,>100% (stop)
2023-12-19,high,short,1.09365,1.09493,12.8,LOSS,110.9,1053781,1054157,1.09148,>100% (stop)
2023-12-20,low,long,1.09703,1.09555,14.8,LOSS,116.9,1055065,1055591,1.09742,>100% (stop)
2023-12-21,low,long,1.09501,1.09441,6.0,WIN,80.0,1056489,1057030,1.09542,75-100%
2023-12-22,low,long,1.10117,1.09955,16.2,WIN,28.4,1057987,1058468,1.10064,25-50%
2023-12-26,low,long,1.10245,1.10109,13.6,WIN,78.7,1060039,1060220,1.10286,75-100%
2023-12-27,high,short,1.10364,1.10451,8.7,LOSS,113.8,1061127,1061653,1.10286,>100% (stop)
2023-12-28,high,short,1.11142,1.11149,0.7,LOSS,3285.7,1062653,1063089,1.11096,>100% (stop)
2023-12-29,low,long,1.10672,1.10458,21.4,LOSS,113.1,1064180,1064526,1.10842,>100% (stop)
2024-01-02,low,long,1.10387,1.10245,14.2,LOSS,107.0,1065479,1065960,1.10432,>100% (stop)
2024-01-03,high,short,1.09154,1.09627,47.3,WIN,24.5,1067109,1067395,1.09448,0-25%
2024-01-04,high,short,1.09462,1.09721,25.9,OPEN,73.4,1068561,1068832,1.0916,50-75%
2024-01-05,low,long,1.09189,1.09036,15.3,LOSS,270.6,1069994,1070265,1.09558,>100% (stop)
2024-01-08,low,long,1.09424,1.09293,13.1,WIN,44.3,1071305,1071696,1.0953,25-50%
2024-01-09,low,long,1.09629,1.09496,13.3,LOSS,103.0,1072589,1073130,1.09663,>100% (stop)
2024-01-10,low,long,1.09453,1.09269,18.4,LOSS,104.9,1074027,1074568,1.0936,>100% (stop)
2024-01-11,high,short,1.09717,1.09813,9.6,LOSS,100.0,1075494,1076005,1.09749,75-100%
2024-01-12,low,long,1.09827,1.09736,9.1,LOSS,114.3,1076946,1077442,1.09853,>100% (stop)
2024-01-15,low,long,1.09489,1.09335,15.4,OPEN,70.1,1078579,1078880,1.09675,50-75%
2024-01-16,low,long,1.09265,1.09126,13.9,LOSS,112.2,1079714,1080239,1.09315,>100% (stop)
2024-01-17,low,long,1.08735,1.08554,18.1,LOSS,109.4,1080884,1081440,1.08844,>100% (stop)
2024-01-18,high,short,1.08905,1.09063,15.8,WIN,-15.2,1082337,1082878,1.08905,<0%
2024-01-19,low,long,1.08862,1.08754,10.8,LOSS,120.4,1083792,1084318,1.08896,>100% (stop)
2024-01-22,low,long,1.09023,1.08906,11.7,LOSS,101.7,1085319,1085755,1.09091,>100% (stop)
2024-01-23,high,short,1.09014,1.09162,14.8,WIN,-16.2,1086695,1087191,1.08766,<0%
2024-01-26,low,long,1.08477,1.08388,8.9,LOSS,112.4,1091049,1091500,1.08488,>100% (stop)
2024-01-29,high,short,1.08331,1.08474,14.3,WIN,31.5,1092444,1092940,1.08393,25-50%
2024-01-30,low,long,1.08321,1.08218,10.3,LOSS,121.4,1093867,1094378,1.08407,>100% (stop)
2024-01-31,low,long,1.0826,1.08149,11.1,WIN,88.3,1095333,1095814,1.08436,75-100%
2024-02-01,low,long,1.08027,1.07838,18.9,WIN,59.8,1096857,1097248,1.08217,50-75%
2024-02-02,high,short,1.08735,1.08869,13.4,LOSS,100.0,1098201,1098682,1.08701,75-100%
2024-02-05,high,short,1.07635,1.07847,21.2,WIN,16.5,1099656,1100122,1.07686,0-25%
2024-02-06,high,short,1.0739,1.07623,23.3,WIN,-2.1,1101123,1101559,1.07415,<0%
2024-02-07,high,short,1.07604,1.0772,11.6,LOSS,109.5,1102512,1102993,1.07566,>100% (stop)
2024-02-08,high,short,1.07767,1.07863,9.6,WIN,56.2,1103907,1104433,1.07751,50-75%
2024-02-09,high,short,1.07728,1.07827,9.9,WIN,40.4,1105373,1105869,1.07693,25-50%
2024-02-12,high,short,1.07775,1.07964,18.9,WIN,-12.2,1106820,1107301,1.07893,<0%
2024-02-13,high,short,1.07657,1.07724,6.7,WIN,79.1,1108212,1108738,1.07606,75-100%
2024-02-15,high,short,1.07279,1.07413,13.4,LOSS,109.0,1111177,1111613,1.07246,>100% (stop)
2024-02-16,high,short,1.07653,1.07678,2.5,LOSS,120.0,1112615,1113051,1.07573,>100% (stop)
2024-02-19,high,short,1.07696,1.07817,12.1,WIN,64.5,1114265,1114491,1.07748,50-75%
2024-02-20,high,short,1.07674,1.07727,5.3,LOSS,113.2,1115367,1115908,1.07615,>100% (stop)
2024-02-21,low,long,1.08154,1.07942,21.2,WIN,43.9,1117193,1117344,1.08191,25-50%
2024-02-22,high,short,1.08448,1.08574,12.6,LOSS,109.5,1118467,1118783,1.0819,>100% (stop)
2024-02-23,high,short,1.0814,1.08308,16.8,WIN,61.9,1119812,1120218,1.08216,50-75%
2024-02-26,high,short,1.08483,1.0854,5.7,LOSS,122.8,1121456,1121652,1.08126,>100% (stop)
2024-02-27,high,short,1.08518,1.08626,10.8,WIN,9.3,1122662,1123083,1.08454,0-25%
2024-02-28,low,long,1.08208,1.07966,24.2,OPEN,58.3,1124247,1124518,1.08447,50-75%
2024-02-29,low,long,1.08473,1.08303,17.0,WIN,57.6,1125474,1125955,1.08403,50-75%
2024-03-01,low,long,1.08174,1.08114,6.0,LOSS,131.7,1126834,1127390,1.08218,>100% (stop)
2024-03-04,high,short,1.08377,1.08527,15.0,LOSS,101.3,1128343,1128824,1.08385,>100% (stop)
2024-03-05,low,long,1.08518,1.08445,7.3,LOSS,120.5,1129755,1130251,1.08547,>100% (stop)
2024-03-06,high,short,1.08715,1.08795,8.0,LOSS,108.8,1131387,1131688,1.08421,>100% (stop)
2024-03-07,low,long,1.08979,1.08912,6.7,LOSS,100.0,1132675,1133126,1.09055,75-100%
2024-03-08,low,long,1.0939,1.09261,12.9,LOSS,160.5,1134245,1134561,1.09528,>100% (stop)
2024-03-11,high,short,1.0937,1.09453,8.3,LOSS,110.8,1135533,1136059,1.09369,>100% (stop)
2024-03-12,high,short,1.09212,1.09391,17.9,WIN,18.4,1137026,1137492,1.09267,0-25%
2024-03-13,high,short,1.09207,1.09292,8.5,LOSS,101.2,1138384,1138925,1.0922,>100% (stop)
2024-03-14,low,long,1.09428,1.09391,3.7,LOSS,259.5,1139799,1140355,1.09527,>100% (stop)
2024-03-15,high,short,1.08843,1.08963,12.0,OPEN,87.5,1141561,1141787,1.0873,75-100%
2024-03-18,high,short,1.08855,1.09005,15.0,WIN,51.3,1143053,1143219,1.08829,50-75%
2024-03-19,low,long,1.08516,1.08423,9.3,OPEN,49.5,1144377,1144648,1.08765,25-50%
2024-03-20,high,short,1.08388,1.08704,31.6,WIN,11.7,1145644,1146080,1.08622,0-25%
2024-03-21,high,short,1.08872,1.09381,50.9,WIN,35.2,1147068,1147519,1.09326,25-50%
2024-03-22,low,long,1.08223,1.08143,8.0,LOSS,102.5,1148638,1148954,1.08657,>100% (stop)
2024-03-25,high,short,1.08119,1.08204,8.5,LOSS,100.0,1149873,1150384,1.08021,75-100%
2024-03-26,high,short,1.08386,1.0852,13.4,LOSS,100.7,1151297,1151808,1.08358,>100% (stop)
2024-03-27,high,short,1.08229,1.08325,9.6,LOSS,113.5,1152709,1153235,1.08205,>100% (stop)
2024-03-28,low,long,1.07948,1.07771,17.7,OPEN,68.4,1154353,1154669,1.0826,50-75%
2024-03-29,low,long,1.07879,1.07678,20.1,WIN,19.4,1155741,1156097,1.07848,0-25%
2024-04-01,low,long,1.07921,1.07827,9.4,LOSS,101.1,1156918,1157412,1.07987,>100% (stop)
2024-04-02,low,long,1.07427,1.07249,17.8,WIN,91.6,1158371,1158837,1.07388,75-100%
2024-04-03,low,long,1.07773,1.0764,13.3,WIN,91.7,1159846,1160267,1.07793,75-100%
2024-04-04,high,short,1.08507,1.08616,10.9,LOSS,105.5,1161483,1161694,1.08347,>100% (stop)
2024-04-05,low,long,1.08357,1.08251,10.6,WIN,20.8,1162623,1163134,1.08439,0-25%
2024-04-08,low,long,1.0834,1.08208,13.2,WIN,94.7,1164271,1164572,1.08432,75-100%
2024-04-09,low,long,1.08601,1.08542,5.9,LOSS,105.1,1165505,1166001,1.08635,>100% (stop)
2024-04-10,low,long,1.08561,1.08479,8.2,WIN,58.5,1166918,1167429,1.08588,50-75%
2024-04-11,low,long,1.07446,1.07346,10.0,WIN,61.0,1168371,1168867,1.07489,50-75%
2024-04-12,low,long,1.06463,1.06313,15.0,LOSS,137.3,1170193,1170299,1.07281,>100% (stop)
2024-04-15,high,short,1.06499,1.06648,14.9,LOSS,102.0,1171242,1171738,1.06391,>100% (stop)
2024-04-16,low,long,1.06228,1.06166,6.2,LOSS,137.1,1172676,1173172,1.06253,>100% (stop)
2024-04-17,low,long,1.06378,1.06267,11.1,LOSS,116.2,1174100,1174611,1.06355,>100% (stop)
2024-04-18,high,short,1.06748,1.069,15.2,WIN,42.8,1175626,1176047,1.06643,25-50%
2024-04-19,high,short,1.0643,1.06528,9.8,LOSS,109.2,1177036,1177472,1.06104,>100% (stop)
2024-04-22,low,long,1.06623,1.06524,9.9,LOSS,102.0,1178515,1178906,1.06706,>100% (stop)
2024-04-23,low,long,1.0695,1.06545,40.5,WIN,44.9,1179872,1180338,1.06605,25-50%
2024-04-25,high,short,1.07171,1.07297,12.6,LOSS,183.3,1182977,1183203,1.06969,>100% (stop)
2024-04-26,high,short,1.07261,1.07368,10.7,WIN,76.6,1184332,1184633,1.07185,75-100%
2024-04-29,high,short,1.06973,1.07243,27.0,WIN,43.0,1185663,1186054,1.07061,25-50%
2024-04-30,low,long,1.07098,1.06951,14.7,LOSS,104.8,1186977,1187488,1.07178,>100% (stop)
2024-05-01,low,long,1.06705,1.06538,16.7,WIN,8.4,1188503,1188924,1.06671,0-25%
2024-05-02,high,short,1.06998,1.07273,27.5,WIN,19.6,1189943,1190364,1.07069,0-25%
2024-05-03,high,short,1.07387,1.07453,6.6,LOSS,125.8,1191501,1191802,1.07243,>100% (stop)
2024-05-06,high,short,1.07745,1.07907,16.2,OPEN,31.5,1193209,1193225,1.07553,25-50%
2024-05-07,low,long,1.07672,1.07554,11.8,LOSS,101.7,1194136,1194647,1.07768,>100% (stop)
2024-05-08,low,long,1.07528,1.07386,14.2,WIN,92.3,1195735,1196081,1.07541,75-100%
2024-05-09,low,long,1.07384,1.07263,12.1,LOSS,106.6,1197203,1197504,1.07515,>100% (stop)
2024-05-10,high,short,1.07715,1.07768,5.3,LOSS,213.2,1198405,1198931,1.07731,>100% (stop)
2024-05-13,high,short,1.07687,1.07717,3.0,LOSS,100.0,1199834,1200360,1.07658,75-100%
2024-05-14,low,long,1.07888,1.07828,6.0,LOSS,113.3,1201290,1201786,1.07922,>100% (stop)
2024-05-15,high,short,1.08247,1.08345,9.8,LOSS,100.0,1202869,1203215,1.0813,75-100%
2024-05-16,low,long,1.08818,1.08775,4.3,LOSS,158.1,1204154,1204650,1.08949,>100% (stop)
2024-05-17,low,long,1.08456,1.08409,4.7,LOSS,102.1,1205845,1206071,1.08688,>100% (stop)
2024-05-20,high,short,1.08664,1.08754,9.0,WIN,80.0,1207144,1207490,1.08689,75-100%
2024-05-21,high,short,1.08425,1.08747,32.2,WIN,48.4,1208767,1208918,1.08509,25-50%
2024-05-22,low,long,1.08422,1.08326,9.6,OPEN,67.7,1210349,1210350,1.08633,50-75%
2024-05-23,low,long,1.08304,1.08231,7.3,LOSS,234.2,1211275,1211786,1.08312,>100% (stop)
2024-05-24,high,short,1.08419,1.08537,11.8,LOSS,105.1,1213111,1213217,1.08056,>100% (stop)
2024-05-27,low,long,1.08517,1.08477,4.0,LOSS,102.5,1214108,1214634,1.08519,>100% (stop)
2024-05-28,high,short,1.08747,1.08795,4.8,LOSS,102.1,1215847,1216028,1.08608,>100% (stop)
2024-05-29,low,long,1.08585,1.0841,17.5,LOSS,100.0,1217266,1217462,1.08569,75-100%
2024-05-30,low,long,1.08026,1.07883,14.3,WIN,30.8,1218400,1218896,1.08044,25-50%
2024-05-31,high,short,1.08416,1.08822,40.6,OPEN,29.8,1220311,1220327,1.08112,25-50%
2024-06-03,low,long,1.08587,1.08483,10.4,LOSS,101.9,1221238,1221764,1.08587,>100% (stop)
2024-06-04,low,long,1.08701,1.08643,5.8,LOSS,108.6,1223006,1223202,1.0916,>100% (stop)
2024-06-05,low,long,1.08767,1.08708,5.9,LOSS,122.0,1224217,1224623,1.0886,>100% (stop)
2024-06-06,low,long,1.0882,1.08711,10.9,LOSS,104.6,1225720,1226051,1.08957,>100% (stop)
2024-06-07,high,short,1.08831,1.08983,15.2,LOSS,105.3,1227065,1227471,1.08867,>100% (stop)
2024-06-10,low,long,1.07586,1.0749,9.6,LOSS,102.1,1228382,1228908,1.07814,>100% (stop)
2024-06-11,high,short,1.0761,1.07693,8.3,WIN,86.7,1229834,1230330,1.07612,75-100%
2024-06-12,high,short,1.07355,1.07432,7.7,LOSS,102.6,1231253,1231749,1.07346,>100% (stop)
2024-06-13,low,long,1.08163,1.08009,15.4,LOSS,100.6,1232721,1233187,1.08157,>100% (stop)
2024-06-14,low,long,1.07058,1.06717,34.1,LOSS,102.6,1234385,1234626,1.07449,>100% (stop)
2024-06-17,low,long,1.07088,1.06863,22.5,WIN,74.2,1235563,1236059,1.07072,50-75%
2024-06-18,low,long,1.07256,1.07149,10.7,LOSS,105.6,1237114,1237490,1.07407,>100% (stop)
2024-06-19,low,long,1.07414,1.07352,6.2,LOSS,180.6,1238348,1238904,1.07423,>100% (stop)
2024-06-20,low,long,1.07307,1.07126,18.1,LOSS,104.4,1239953,1240284,1.07483,>100% (stop)
2024-06-21,high,short,1.0671,1.07198,48.8,WIN,37.9,1241247,1241713,1.07033,25-50%
2024-06-24,high,short,1.07262,1.07341,7.9,LOSS,144.3,1242966,1243147,1.06837,>100% (stop)
2024-06-25,high,short,1.07322,1.07389,6.7,WIN,-1.5,1244026,1244567,1.07319,<0%
2024-06-26,low,long,1.06947,1.0682,12.7,LOSS,111.8,1245781,1245992,1.07179,>100% (stop)
2024-06-27,high,short,1.069,1.06972,7.2,LOSS,105.6,1246918,1247429,1.0677,>100% (stop)
2024-07-01,high,short,1.07495,1.07763,26.8,WIN,84.0,1249847,1250298,1.07348,75-100%
2024-07-02,low,long,1.07357,1.07308,4.9,LOSS,120.4,1251180,1251736,1.07385,>100% (stop)
2024-07-03,low,long,1.07408,1.07363,4.5,WIN,88.9,1252590,1253161,1.07542,75-100%
2024-07-04,high,short,1.07952,1.0803,7.8,LOSS,100.0,1254213,1254572,1.07836,75-100%
2024-07-05,high,short,1.08164,1.08227,6.3,LOSS,112.7,1255419,1255945,1.08102,>100% (stop)
2024-07-08,low,long,1.0843,1.08209,22.1,WIN,28.5,1256979,1257385,1.08363,25-50%
2024-07-09,low,long,1.08258,1.08151,10.7,LOSS,103.7,1258443,1258789,1.08333,>100% (stop)
2024-07-10,high,short,1.08118,1.08211,9.3,LOSS,112.9,1259794,1260215,1.08108,>100% (stop)
2024-07-11,low,long,1.0841,1.08343,6.7,WIN,-43.3,1261207,1261643,1.084,<0%
2024-07-12,low,long,1.08893,1.08676,21.7,WIN,29.0,1262689,1263080,1.08744,25-50%
2024-07-15,high,short,1.08862,1.08958,9.6,LOSS,100.0,1263973,1264514,1.08833,75-100%
2024-07-16,low,long,1.09003,1.08837,16.6,WIN,16.9,1265480,1265946,1.08981,0-25%
2024-07-17,low,long,1.09134,1.08988,14.6,WIN,40.4,1266900,1267381,1.09068,25-50%
2024-07-18,low,long,1.09361,1.09275,8.6,LOSS,114.0,1268527,1268813,1.09407,>100% (stop)
2024-07-19,low,long,1.08901,1.08872,2.9,LOSS,193.1,1269764,1270245,1.09003,>100% (stop)
2024-07-22,low,long,1.08891,1.08837,5.4,LOSS,133.3,1271108,1271679,1.08998,>100% (stop)
2024-07-23,low,long,1.08576,1.08458,11.8,OPEN,33.9,1273103,1273104,1.08967,25-50%
2024-07-24,high,short,1.08426,1.08469,4.3,LOSS,258.1,1273987,1274528,1.08416,>100% (stop)
2024-07-25,high,short,1.08282,1.08434,15.2,WIN,48.7,1275455,1275966,1.08349,25-50%
2024-07-26,low,long,1.08556,1.08505,5.1,LOSS,135.3,1276923,1277404,1.08604,>100% (stop)
2024-07-29,low,long,1.0842,1.08266,15.4,LOSS,103.2,1278537,1278838,1.087,>100% (stop)
2024-07-30,high,short,1.0816,1.08268,10.8,LOSS,103.7,1279799,1280265,1.08142,>100% (stop)
2024-07-31,low,long,1.08352,1.08115,23.7,WIN,10.5,1281402,1281703,1.08302,0-25%
2024-08-01,low,long,1.07896,1.07785,11.1,OPEN,82.0,1282841,1283142,1.08345,75-100%
2024-08-02,high,short,1.07861,1.08001,14.0,LOSS,100.0,1284071,1284582,1.07818,75-100%
2024-08-05,low,long,1.0967,1.08923,74.7,WIN,27.6,1285541,1286022,1.09311,25-50%
2024-08-06,low,long,1.09179,1.09041,13.8,OPEN,96.4,1287248,1287459,1.09631,75-100%
2024-08-07,low,long,1.09147,1.09068,7.9,WIN,78.5,1288358,1288899,1.09305,75-100%
2024-08-08,high,short,1.09208,1.09443,23.5,WIN,8.9,1290022,1290338,1.09235,0-25%
2024-08-09,high,short,1.09156,1.09213,5.7,LOSS,107.0,1291336,1291772,1.09114,>100% (stop)
2024-08-12,high,short,1.0916,1.09284,12.4,LOSS,100.0,1292782,1293203,1.09116,75-100%
2024-08-13,high,short,1.09327,1.09409,8.2,WIN,23.2,1294094,1294635,1.09292,0-25%
2024-08-14,low,long,1.10079,1.09887,19.2,WIN,9.4,1295606,1296072,1.09971,0-25%
2024-08-15,high,short,1.10033,1.10153,12.0,WIN,90.8,1297096,1297502,1.1003,75-100%
2024-08-16,high,short,1.09806,1.0986,5.4,LOSS,107.4,1298413,1298939,1.09718,>100% (stop)
2024-08-19,high,short,1.10402,1.1049,8.8,LOSS,106.8,1299866,1300377,1.10231,>100% (stop)
2024-08-20,low,long,1.1083,1.10748,8.2,LOSS,109.8,1301281,1301807,1.10871,>100% (stop)
2024-08-21,low,long,1.11197,1.11172,2.5,LOSS,172.0,1302701,1303242,1.11325,>100% (stop)
2024-08-22,high,short,1.11272,1.11492,22.0,LOSS,100.0,1304214,1304680,1.11404,75-100%
2024-08-23,high,short,1.11124,1.11287,16.3,WIN,90.2,1305648,1306114,1.11129,75-100%
2024-08-26,low,long,1.11892,1.11818,7.4,LOSS,131.1,1307007,1307548,1.12015,>100% (stop)
2024-08-27,high,short,1.11618,1.11739,12.1,WIN,65.3,1308681,1308982,1.11595,50-75%
2024-08-28,low,long,1.11593,1.11351,24.2,LOSS,100.8,1309960,1310411,1.118,>100% (stop)
2024-08-29,high,short,1.11162,1.11376,21.4,WIN,71.0,1311330,1311841,1.11241,50-75%
2024-08-30,high,short,1.10735,1.10888,15.3,WIN,95.4,1312917,1313278,1.10697,75-100%
2024-09-02,high,short,1.10613,1.10773,16.0,OPEN,65.6,1314423,1314708,1.10419,50-75%
2024-09-03,low,long,1.10676,1.1054,13.6,LOSS,103.7,1315601,1316097,1.10702,>100% (stop)
2024-09-04,high,short,1.105,1.10585,8.5,WIN,-28.2,1317249,1317535,1.10464,<0%
2024-09-05,high,short,1.10798,1.10881,8.3,LOSS,107.2,1318491,1318972,1.10756,>100% (stop)
2024-09-06,high,short,1.11108,1.11197,8.9,LOSS,100.0,1319942,1320408,1.11092,75-100%
2024-09-09,low,long,1.10591,1.10456,13.5,LOSS,100.7,1321500,1321846,1.1091,>100% (stop)
2024-09-10,high,short,1.10337,1.10405,6.8,LOSS,101.5,1322718,1323274,1.10283,>100% (stop)
2024-09-11,high,short,1.10366,1.10514,14.8,LOSS,101.4,1324243,1324709,1.10166,>100% (stop)
2024-09-12,high,short,1.10059,1.10168,10.9,WIN,89.9,1325633,1326144,1.10059,75-100%
2024-09-13,low,long,1.1094,1.10745,19.5,WIN,21.0,1327120,1327571,1.10902,0-25%
2024-09-16,high,short,1.11181,1.1126,7.9,LOSS,108.9,1328662,1329008,1.10867,>100% (stop)
2024-09-17,high,short,1.11156,1.11288,13.2,LOSS,114.4,1329929,1330440,1.11219,>100% (stop)
2024-09-18,low,long,1.11323,1.11177,14.6,WIN,8.9,1331424,1331875,1.11303,0-25%
2024-09-19,high,short,1.11686,1.11759,7.3,LOSS,101.4,1333013,1333314,1.10683,>100% (stop)
2024-09-20,high,short,1.11523,1.11776,25.3,WIN,66.4,1334309,1334745,1.11571,50-75%
2024-09-23,low,long,1.11396,1.10831,56.5,OPEN,43.2,1336057,1336178,1.11648,25-50%
2024-09-24,high,short,1.11042,1.11178,13.6,LOSS,108.1,1337058,1337614,1.11033,>100% (stop)
2024-09-25,low,long,1.11889,1.11821,6.8,WIN,89.7,1338728,1339044,1.11987,75-100%
2024-09-26,high,short,1.11257,1.11519,26.2,LOSS,100.0,1340044,1340480,1.1129,75-100%
2024-09-27,low,long,1.1176,1.11638,12.2,LOSS,277.9,1341361,1341917,1.11776,>100% (stop)
2024-09-30,low,long,1.12089,1.11586,50.3,WIN,27.0,1342945,1343351,1.11739,25-50%
2024-10-01,low,long,1.10998,1.1092,7.8,LOSS,179.5,1344515,1344786,1.11433,>100% (stop)
2024-10-02,low,long,1.10727,1.10541,18.6,WIN,46.8,1345743,1346224,1.10739,25-50%
2024-10-03,low,long,1.10461,1.10325,13.6,WIN,79.4,1347238,1347659,1.10465,75-100%
2024-10-04,low,long,1.10335,1.10201,13.4,LOSS,493.3,1348797,1349098,1.10395,>100% (stop)
2024-10-07,low,long,1.09725,1.09643,8.2,LOSS,117.1,1350021,1350532,1.09775,>100% (stop)
2024-10-08,high,short,1.09785,1.09869,8.4,LOSS,179.8,1351473,1351969,1.09727,>100% (stop)
2024-10-09,low,long,1.09707,1.0951,19.7,LOSS,105.1,1353090,1353406,1.09787,>100% (stop)
2024-10-10,low,long,1.0943,1.0937,6.0,LOSS,105.0,1354302,1354843,1.09459,>100% (stop)
2024-10-11,high,short,1.09321,1.09383,6.2,LOSS,130.6,1355777,1356273,1.09294,>100% (stop)
2024-10-14,high,short,1.0926,1.09303,4.3,LOSS,144.2,1357265,1357701,1.09153,>100% (stop)
2024-10-15,low,long,1.08956,1.08882,7.4,LOSS,125.7,1358611,1359137,1.09097,>100% (stop)
2024-10-16,low,long,1.08847,1.08762,8.5,WIN,82.4,1360075,1360571,1.08956,75-100%
2024-10-17,low,long,1.08673,1.08503,17.0,WIN,32.4,1361762,1362003,1.0865,25-50%
2024-10-18,high,short,1.08381,1.08417,3.6,LOSS,213.9,1362869,1363440,1.08274,>100% (stop)
2024-10-21,low,long,1.08571,1.08542,2.9,LOSS,237.9,1364369,1364865,1.08688,>100% (stop)
2024-10-23,high,short,1.07806,1.08059,25.3,WIN,12.6,1367256,1367737,1.07922,0-25%
2024-10-24,high,short,1.078,1.0789,9.0,WIN,95.6,1368648,1369174,1.07798,75-100%
2024-10-25,low,long,1.08273,1.08205,6.8,WIN,83.8,1370125,1370606,1.08275,75-100%
2024-10-28,high,short,1.08131,1.082,6.9,LOSS,110.1,1371820,1372046,1.0782,>100% (stop)
2024-10-29,low,long,1.08161,1.08066,9.5,WIN,70.5,1372944,1373485,1.08181,50-75%
2024-10-30,high,short,1.08327,1.08447,12.0,WIN,93.3,1374501,1374922,1.0813,75-100%
2024-10-31,high,short,1.08515,1.08866,35.1,OPEN,71.8,1376207,1376358,1.08441,50-75%
2024-11-01,low,long,1.08775,1.08708,6.7,LOSS,100.0,1377238,1377794,1.08885,75-100%
2024-11-05,high,short,1.08842,1.08907,6.5,LOSS,120.0,1380113,1380609,1.0873,>100% (stop)
2024-11-07,high,short,1.07459,1.07716,25.7,LOSS,107.8,1383075,1383481,1.07129,>100% (stop)
2024-11-08,low,long,1.07891,1.07609,28.2,WIN,77.7,1384469,1384920,1.07913,75-100%
2024-11-11,low,long,1.0654,1.06286,25.4,OPEN,20.5,1386343,1386359,1.07277,0-25%
2024-11-13,low,long,1.06137,1.06038,9.9,WIN,-82.8,1388787,1389238,1.06294,<0%
2024-11-14,low,long,1.05579,1.05417,16.2,LOSS,104.3,1390166,1390677,1.05651,>100% (stop)
2024-11-15,high,short,1.05523,1.05612,8.9,LOSS,141.6,1391590,1392116,1.05281,>100% (stop)
2024-11-18,high,short,1.05325,1.05561,23.6,LOSS,108.5,1393254,1393555,1.05302,>100% (stop)
2024-11-19,low,long,1.0588,1.05744,13.6,LOSS,111.0,1394499,1394995,1.06007,>100% (stop)
2024-11-21,low,long,1.05432,1.05295,13.7,LOSS,162.0,1397424,1397875,1.05548,>100% (stop)
2024-11-22,low,long,1.04981,1.04615,36.6,WIN,87.4,1398803,1399314,1.04782,75-100%
2024-11-25,low,long,1.0497,1.04749,22.1,WIN,31.2,1400363,1400754,1.049,25-50%
2024-11-26,high,short,1.05,1.05209,20.9,OPEN,47.8,1402011,1402192,1.04303,25-50%
2024-11-27,high,short,1.05103,1.0523,12.7,LOSS,102.4,1403316,1403632,1.04773,>100% (stop)
2024-11-28,low,long,1.05551,1.05427,12.4,LOSS,187.1,1404509,1405065,1.05627,>100% (stop)
2024-11-29,high,short,1.05639,1.05741,10.2,LOSS,114.7,1406009,1406490,1.05564,>100% (stop)
2024-12-02,low,long,1.05182,1.04959,22.3,LOSS,104.0,1407508,1407929,1.05391,>100% (stop)
2024-12-03,high,short,1.0512,1.05307,18.7,OPEN,90.9,1409034,1409365,1.04823,75-100%
2024-12-04,high,short,1.04825,1.05201,37.6,WIN,79.0,1410352,1410803,1.04879,75-100%
2024-12-05,high,short,1.05213,1.05386,17.3,LOSS,100.0,1411806,1412242,1.0509,75-100%
2024-12-06,high,short,1.05713,1.0594,22.7,LOSS,174.9,1413257,1413678,1.05659,>100% (stop)
2024-12-09,high,short,1.05578,1.05853,27.5,LOSS,103.3,1414877,1415118,1.0532,>100% (stop)
2024-12-10,high,short,1.0539,1.0568,29.0,WIN,27.2,1416061,1416557,1.05452,25-50%
2024-12-11,low,long,1.05181,1.0487,31.1,LOSS,110.6,1417732,1417988,1.05393,>100% (stop)
2024-12-12,high,short,1.04942,1.05171,22.9,WIN,58.5,1419060,1419391,1.05009,50-75%
2024-12-13,low,long,1.04717,1.04531,18.6,WIN,29.0,1420350,1420831,1.04808,25-50%
2024-12-16,low,long,1.05247,1.05119,12.8,LOSS,122.7,1421787,1422268,1.05228,>100% (stop)
2024-12-18,high,short,1.04874,1.05082,20.8,WIN,39.9,1424640,1425136,1.04955,25-50%
2024-12-19,high,short,1.03988,1.04158,17.0,WIN,88.8,1426287,1426573,1.0371,75-100%
2024-12-20,high,short,1.03796,1.03901,10.5,LOSS,114.3,1427695,1428011,1.03583,>100% (stop)
2024-12-23,low,long,1.04013,1.03867,14.6,LOSS,100.0,1429180,1429451,1.04452,75-100%
2024-12-26,low,long,1.0403,1.03925,10.5,WIN,99.0,1432233,1432594,1.04042,75-100%
2024-12-27,low,long,1.04257,1.04091,16.6,LOSS,100.6,1433517,1434028,1.04181,>100% (stop)
2024-12-30,low,long,1.04439,1.04209,23.0,WIN,21.3,1435091,1435467,1.04308,0-25%
2024-12-31,high,short,1.04051,1.04147,9.6,LOSS,100.0,1436544,1436905,1.04022,75-100%
2025-01-03,high,short,1.02687,1.02746,5.9,LOSS,242.4,1439222,1439778,1.02665,>100% (stop)
2025-01-06,high,short,1.03287,1.03688,40.1,LOSS,177.6,1440870,1441216,1.03012,>100% (stop)
2025-01-07,high,short,1.04208,1.04342,13.4,WIN,55.2,1442294,1442655,1.03761,50-75%
2025-01-09,low,long,1.03175,1.02836,33.9,OPEN,78.2,1445111,1445532,1.03214,75-100%
2025-01-10,low,long,1.03118,1.02822,29.6,WIN,43.2,1446482,1446963,1.03044,25-50%
2025-01-13,low,long,1.02312,1.02143,16.9,LOSS,103.0,1447904,1448400,1.02499,>100% (stop)
2025-01-14,high,short,1.02543,1.02748,20.5,LOSS,100.0,1449389,1449840,1.02384,75-100%
2025-01-15,low,long,1.03171,1.02951,22.0,LOSS,104.1,1450760,1451271,1.03048,>100% (stop)
2025-01-16,high,short,1.02879,1.03014,13.5,WIN,80.7,1452222,1452703,1.02845,75-100%
2025-01-17,low,long,1.02986,1.02851,13.5,WIN,69.6,1453655,1454136,1.03093,50-75%
2025-01-20,high,short,1.0305,1.03184,13.4,LOSS,100.0,1455165,1455571,1.02791,75-100%
2025-01-21,low,long,1.03595,1.0342,17.5,WIN,95.4,1456646,1457007,1.04008,75-100%
2025-01-22,low,long,1.04196,1.04082,11.4,WIN,88.6,1457906,1458447,1.04231,75-100%
2025-01-23,low,long,1.04022,1.03899,12.3,WIN,87.8,1459384,1459880,1.04158,75-100%
2025-01-24,high,short,1.0486,1.0515,29.0,LOSS,112.4,1460970,1461316,1.04115,>100% (stop)
2025-01-27,low,long,1.04711,1.04569,14.2,LOSS,117.6,1462215,1462756,1.04787,>100% (stop)
2025-01-28,low,long,1.04441,1.04246,19.5,LOSS,103.1,1463775,1464196,1.04564,>100% (stop)
2025-01-29,low,long,1.04056,1.03972,8.4,LOSS,185.7,1465407,1465633,1.04424,>100% (stop)
2025-01-30,low,long,1.04288,1.04176,11.2,LOSS,100.0,1466572,1467068,1.04276,75-100%
2025-01-31,high,short,1.03652,1.03953,30.1,WIN,41.2,1468072,1468508,1.03768,25-50%
2025-02-03,high,short,1.02255,1.0251,25.5,LOSS,102.0,1469557,1469948,1.0212,>100% (stop)
2025-02-04,low,long,1.03283,1.03222,6.1,WIN,-93.4,1471160,1471386,1.03238,<0%
2025-02-05,high,short,1.04013,1.04304,29.1,LOSS,141.2,1472659,1472825,1.0372,>100% (stop)
2025-02-06,low,long,1.03676,1.03561,11.5,LOSS,103.5,1473947,1474263,1.04053,>100% (stop)
2025-02-07,low,long,1.03997,1.03724,27.3,WIN,26.7,1475234,1475700,1.03867,25-50%
2025-02-10,high,short,1.03098,1.03214,11.6,LOSS,106.9,1476597,1477138,1.02985,>100% (stop)
2025-02-11,high,short,1.03008,1.03058,5.0,LOSS,114.0,1478004,1478575,1.02919,>100% (stop)
2025-02-12,high,short,1.03168,1.03856,68.8,WIN,37.2,1479846,1480012,1.03537,25-50%
2025-02-13,high,short,1.03855,1.04289,43.4,WIN,34.6,1481190,1481446,1.03871,25-50%
2025-02-14,high,short,1.04567,1.04875,30.8,LOSS,130.5,1482611,1482882,1.04536,>100% (stop)
2025-02-17,low,long,1.04953,1.04885,6.8,LOSS,147.1,1483760,1484316,1.05062,>100% (stop)
2025-02-18,low,long,1.04601,1.04588,1.3,LOSS,407.7,1485498,1485739,1.04753,>100% (stop)
2025-02-19,high,short,1.04486,1.04613,12.7,WIN,58.3,1486636,1487177,1.04409,50-75%
2025-02-20,high,short,1.04284,1.04418,13.4,LOSS,106.0,1488191,1488612,1.04185,>100% (stop)
2025-02-21,low,long,1.04739,1.04656,8.3,LOSS,102.4,1489750,1490051,1.05047,>100% (stop)
2025-02-24,low,long,1.04753,1.04637,11.6,LOSS,102.6,1491293,1491489,1.05282,>100% (stop)
2025-02-25,high,short,1.04665,1.04771,10.6,WIN,-15.1,1492386,1492927,1.04605,<0%
2025-02-26,low,long,1.05113,1.04923,19.0,LOSS,100.5,1493871,1494367,1.05235,>100% (stop)
2025-02-27,high,short,1.04737,1.0482,8.3,LOSS,101.2,1495442,1495803,1.04589,>100% (stop)
2025-02-28,high,short,1.04025,1.04075,5.0,LOSS,158.0,1497088,1497239,1.03802,>100% (stop)
2025-03-03,low,long,1.04441,1.0401,43.1,WIN,23.7,1498303,1498679,1.04231,0-25%
2025-03-04,high,short,1.05049,1.05238,18.9,LOSS,101.6,1499727,1500118,1.0471,>100% (stop)
2025-03-05,high,short,1.06764,1.0722,45.6,LOSS,101.1,1501271,1501557,1.06018,>100% (stop)
2025-03-06,high,short,1.07802,1.08221,41.9,WIN,55.4,1502575,1502996,1.0784,50-75%
2025-03-07,high,short,1.08571,1.08714,14.3,LOSS,155.2,1504051,1504427,1.0781,>100% (stop)
2025-03-10,low,long,1.08744,1.08087,65.7,OPEN,94.7,1505565,1505926,1.08711,75-100%
2025-03-11,high,short,1.08821,1.09207,38.6,LOSS,105.7,1507005,1507366,1.08435,>100% (stop)
2025-03-12,low,long,1.09183,1.08872,31.1,WIN,-4.5,1508325,1508806,1.09151,<0%
2025-03-13,low,long,1.0885,1.08766,8.4,LOSS,284.5,1509687,1510243,1.0897,>100% (stop)
2025-03-14,low,long,1.08567,1.08327,24.0,WIN,13.3,1511197,1511678,1.08493,0-25%
2025-03-17,low,long,1.08867,1.08732,13.5,WIN,72.6,1512618,1513114,1.08936,50-75%
2025-03-18,high,short,1.09316,1.09545,22.9,WIN,23.6,1514193,1514554,1.09062,0-25%
2025-03-19,low,long,1.09105,1.09022,8.3,LOSS,114.5,1515510,1515991,1.09449,>100% (stop)
2025-03-20,low,long,1.08559,1.08332,22.7,LOSS,100.4,1517159,1517430,1.09171,>100% (stop)
2025-03-21,low,long,1.08611,1.08246,36.5,LOSS,107.1,1518597,1518868,1.08555,>100% (stop)
2025-03-24,high,short,1.08329,1.08444,11.5,LOSS,152.2,1519770,1520296,1.08169,>100% (stop)
2025-03-25,low,long,1.07995,1.07849,14.6,WIN,0.0,1521294,1521730,1.08087,<0%
2025-03-26,high,short,1.07865,1.08025,16.0,WIN,69.4,1522817,1523163,1.07777,50-75%
2025-03-27,low,long,1.0779,1.0754,25.0,WIN,72.0,1524152,1524603,1.07869,50-75%
2025-03-28,low,long,1.07998,1.07866,13.2,LOSS,112.9,1525496,1526037,1.07987,>100% (stop)
2025-03-31,high,short,1.08206,1.08427,22.1,WIN,60.6,1526876,1527357,1.0823,50-75%
2025-04-01,low,long,1.08123,1.07986,13.7,WIN,95.6,1528275,1528786,1.08281,75-100%
2025-04-02,low,long,1.07992,1.078,19.2,WIN,15.6,1529787,1530223,1.08017,0-25%
2025-04-03,high,short,1.09426,1.09517,9.1,LOSS,353.8,1531177,1531658,1.08795,>100% (stop)
2025-04-04,low,long,1.10498,1.09712,78.6,LOSS,100.3,1532795,1533094,1.10984,>100% (stop)
2025-04-07,high,short,1.09675,1.10214,53.9,WIN,53.4,1534113,1534534,1.09198,50-75%
2025-04-08,high,short,1.09211,1.09916,70.5,WIN,39.0,1535517,1535968,1.09146,25-50%
2025-04-09,high,short,1.09976,1.10649,67.3,LOSS,108.0,1536953,1537404,1.09709,>100% (stop)
2025-04-10,high,short,1.10669,1.10883,21.4,LOSS,118.7,1538615,1538841,1.09499,>100% (stop)
2025-04-11,low,long,1.13632,1.12707,92.5,WIN,8.8,1539797,1540278,1.13852,0-25%
2025-04-14,high,short,1.13787,1.14244,45.7,WIN,63.0,1541306,1541712,1.13407,50-75%
2025-04-15,high,short,1.13328,1.13789,46.1,WIN,35.1,1542774,1543150,1.13157,25-50%
2025-04-16,high,short,1.13379,1.1392,54.1,OPEN,89.8,1544167,1544584,1.12925,75-100%
2025-04-17,low,long,1.13708,1.1344,26.8,LOSS,134.0,1545497,1546023,1.13967,>100% (stop)
2025-04-18,low,long,1.13729,1.1367,5.9,WIN,94.9,1547067,1547458,1.13853,75-100%
2025-04-21,high,short,1.15129,1.15643,51.4,OPEN,71.8,1548626,1548897,1.14488,50-75%
2025-04-22,high,short,1.14917,1.1547,55.3,WIN,42.3,1549826,1550337,1.14818,25-50%
2025-04-24,high,short,1.1363,1.13928,29.8,LOSS,105.4,1552807,1553213,1.13212,>100% (stop)
2025-04-25,low,long,1.1368,1.13155,52.5,WIN,67.2,1554155,1554651,1.13725,50-75%
2025-04-28,high,short,1.13292,1.13602,31.0,WIN,46.1,1555554,1556080,1.13432,25-50%
2025-04-29,low,long,1.13992,1.13738,25.4,LOSS,103.5,1556978,1557519,1.14199,>100% (stop)
2025-04-30,high,short,1.13733,1.13994,26.1,WIN,57.9,1558478,1558959,1.13547,50-75%
2025-05-01,low,long,1.13124,1.12878,24.6,LOSS,100.4,1559873,1560399,1.13291,>100% (stop)
2025-05-02,high,short,1.13159,1.13316,15.7,LOSS,103.8,1561403,1561839,1.1274,>100% (stop)
2025-05-05,low,long,1.13438,1.13111,32.7,WIN,33.9,1562913,1563274,1.13466,25-50%
2025-05-06,high,short,1.13051,1.13477,42.6,LOSS,103.3,1564382,1564713,1.12797,>100% (stop)
2025-05-07,high,short,1.13548,1.13731,18.3,LOSS,103.3,1565671,1566152,1.13248,>100% (stop)
2025-05-08,low,long,1.13029,1.12766,26.3,LOSS,106.1,1567139,1567590,1.13361,>100% (stop)
2025-05-09,high,short,1.12422,1.12596,17.4,LOSS,105.2,1568697,1569028,1.11964,>100% (stop)
2025-05-12,low,long,1.12355,1.1226,9.5,LOSS,189.5,1569912,1570468,1.12426,>100% (stop)
2025-05-13,high,short,1.11025,1.11183,15.8,LOSS,170.3,1571487,1571908,1.10948,>100% (stop)
2025-05-14,low,long,1.1252,1.11827,69.3,WIN,22.2,1572926,1573347,1.11976,0-25%
2025-05-15,high,short,1.11979,1.12112,13.3,LOSS,100.8,1574454,1574785,1.11758,>100% (stop)
2025-05-16,high,short,1.12069,1.12185,11.6,WIN,74.1,1575728,1576224,1.11902,50-75%
2025-05-19,high,short,1.12617,1.12839,22.2,OPEN,52.3,1577423,1577664,1.11721,50-75%
2025-05-20,high,short,1.12473,1.12778,30.5,OPEN,73.4,1578698,1579104,1.12178,50-75%
2025-05-21,high,short,1.1314,1.13378,23.8,LOSS,107.1,1580047,1580543,1.12866,>100% (stop)
2025-05-22,low,long,1.13033,1.12921,11.2,LOSS,105.4,1581634,1581980,1.13448,>100% (stop)
2025-05-27,low,long,1.13578,1.1337,20.8,LOSS,101.0,1585905,1586281,1.14071,>100% (stop)
2025-05-29,high,short,1.12619,1.12826,20.7,LOSS,103.9,1588739,1589160,1.1223,>100% (stop)
2025-05-30,low,long,1.13354,1.13231,12.3,LOSS,106.5,1590354,1590595,1.13897,>100% (stop)
2025-06-02,high,short,1.1413,1.14368,23.8,LOSS,105.5,1591720,1592021,1.13524,>100% (stop)
2025-06-03,low,long,1.14312,1.14158,15.4,LOSS,104.5,1592934,1593460,1.14544,>100% (stop)
2025-06-04,low,long,1.13969,1.13568,40.1,WIN,35.2,1594417,1594898,1.13931,25-50%
2025-06-05,low,long,1.1417,1.14076,9.4,LOSS,103.2,1595778,1596334,1.14347,>100% (stop)
2025-06-06,low,long,1.14424,1.14306,11.8,LOSS,126.3,1597245,1597771,1.14572,>100% (stop)
2025-06-09,high,short,1.14183,1.14295,11.2,LOSS,108.9,1598759,1599210,1.13927,>100% (stop)
2025-06-10,low,long,1.14124,1.13729,39.5,WIN,17.0,1600252,1600643,1.14355,0-25%
2025-06-11,low,long,1.14384,1.1409,29.4,WIN,-2.4,1601675,1602081,1.14387,<0%
2025-06-12,high,short,1.15097,1.15326,22.9,LOSS,117.0,1603024,1603520,1.15017,>100% (stop)
2025-06-13,low,long,1.15603,1.15285,31.8,LOSS,100.9,1604472,1604953,1.16143,>100% (stop)
2025-06-16,high,short,1.15722,1.15846,12.4,LOSS,100.0,1606074,1606390,1.15238,75-100%
2025-06-17,high,short,1.15453,1.15671,21.8,LOSS,100.0,1607345,1607826,1.15423,75-100%
2025-06-18,high,short,1.14983,1.15151,16.8,LOSS,110.1,1608840,1609261,1.14807,>100% (stop)
2025-06-19,low,long,1.14768,1.1463,13.8,LOSS,140.6,1610219,1610700,1.14835,>100% (stop)
2025-06-20,low,long,1.15283,1.15099,18.4,WIN,28.8,1611761,1612137,1.15302,25-50%
2025-06-23,high,short,1.15034,1.15211,17.7,WIN,13.6,1613048,1613574,1.1472,0-25%
2025-06-24,high,short,1.15798,1.16221,42.3,WIN,89.8,1614563,1615014,1.15865,75-100%
2025-06-25,low,long,1.16112,1.15998,11.4,LOSS,103.5,1616043,1616449,1.16314,>100% (stop)
2025-06-26,high,short,1.169,1.1728,38.0,OPEN,81.3,1617676,1617887,1.16673,75-100%
2025-06-27,low,long,1.17269,1.16847,42.2,WIN,34.8,1618815,1619326,1.17093,25-50%
2025-06-30,high,short,1.17135,1.17384,24.9,WIN,77.5,1620327,1620763,1.17115,75-100%
2025-07-01,low,long,1.17878,1.17758,12.0,LOSS,105.0,1621706,1622202,1.18076,>100% (stop)
2025-07-02,low,long,1.17883,1.1767,21.3,LOSS,158.2,1623461,1623642,1.18098,>100% (stop)
2025-07-04,high,short,1.17758,1.17846,8.8,LOSS,100.0,1625939,1626508,1.17561,75-100%
2025-07-07,low,long,1.17341,1.1723,11.1,LOSS,107.2,1627720,1627946,1.17901,>100% (stop)
2025-07-08,high,short,1.17232,1.17407,17.5,WIN,86.3,1629099,1629385,1.17305,75-100%
2025-07-09,high,short,1.17021,1.17213,19.2,WIN,92.7,1630368,1630819,1.17027,75-100%
2025-07-10,low,long,1.1734,1.1726,8.0,LOSS,111.3,1631952,1632253,1.17494,>100% (stop)
2025-07-14,low,long,1.16887,1.16716,17.1,LOSS,106.4,1634676,1635127,1.16978,>100% (stop)
2025-07-15,high,short,1.16716,1.16861,14.5,LOSS,112.4,1636048,1636559,1.16646,>100% (stop)
2025-07-16,high,short,1.16127,1.16237,11.0,LOSS,103.6,1637530,1637996,1.16023,>100% (stop)
2025-07-17,low,long,1.15983,1.157,28.3,OPEN,72.8,1639283,1639434,1.16361,50-75%
2025-07-18,low,long,1.16312,1.16121,19.1,WIN,50.8,1640361,1640872,1.1634,50-75%
2025-07-21,high,short,1.16336,1.16522,18.6,LOSS,101.6,1641990,1642306,1.16145,>100% (stop)
2025-07-22,low,long,1.17033,1.1683,20.3,WIN,24.6,1643368,1643744,1.16955,0-25%
2025-07-23,low,long,1.17527,1.17313,21.4,LOSS,100.9,1644683,1645179,1.17488,>100% (stop)
2025-07-24,low,long,1.17679,1.17574,10.5,LOSS,146.7,1646212,1646618,1.178,>100% (stop)
2025-07-25,high,short,1.17413,1.17609,19.6,WIN,37.8,1647620,1648056,1.17339,25-50%
2025-07-29,low,long,1.15846,1.15265,58.1,LOSS,102.9,1650573,1650934,1.15989,>100% (stop)
2025-07-30,low,long,1.15685,1.15489,19.6,LOSS,102.0,1651867,1652363,1.15725,>100% (stop)
2025-07-31,high,short,1.14207,1.14548,34.1,WIN,88.9,1653502,1653803,1.14073,75-100%
2025-08-01,high,short,1.14218,1.1438,16.2,WIN,-1.2,1654746,1655242,1.14047,<0%
2025-08-04,low,long,1.15772,1.15505,26.7,OPEN,83.9,1656321,1656682,1.15887,75-100%
2025-08-05,low,long,1.15611,1.15539,7.2,LOSS,180.6,1657579,1658120,1.15876,>100% (stop)
2025-08-06,high,short,1.15711,1.1586,14.9,LOSS,107.4,1659060,1659556,1.15642,>100% (stop)
2025-08-07,high,short,1.16678,1.16747,6.9,LOSS,118.8,1660423,1660994,1.16495,>100% (stop)
2025-08-08,low,long,1.16644,1.16548,9.6,LOSS,164.6,1661978,1662429,1.16792,>100% (stop)
2025-08-12,low,long,1.16183,1.16128,5.5,LOSS,190.9,1664752,1665293,1.16254,>100% (stop)
2025-08-13,high,short,1.17078,1.17301,22.3,OPEN,70.0,1666470,1666726,1.16703,50-75%
2025-08-14,low,long,1.17063,1.16969,9.4,LOSS,118.1,1667606,1668162,1.1715,>100% (stop)
2025-08-15,high,short,1.16804,1.16887,8.3,LOSS,125.3,1669293,1669594,1.16467,>100% (stop)
2025-08-18,low,long,1.17033,1.16933,10.0,LOSS,231.0,1670552,1671033,1.17106,>100% (stop)
2025-08-19,high,short,1.16789,1.16928,13.9,OPEN,20.9,1672256,1672467,1.1639,0-25%
2025-08-20,high,short,1.16231,1.16395,16.4,LOSS,112.8,1673342,1673898,1.16221,>100% (stop)
2025-08-21,low,long,1.16613,1.16415,19.8,WIN,51.5,1674869,1675335,1.16516,50-75%
2025-08-22,low,long,1.15938,1.1584,9.8,WIN,70.4,1676204,1676760,1.16164,50-75%
2025-08-25,high,short,1.16945,1.17076,13.1,LOSS,100.0,1677747,1678198,1.16935,75-100%
2025-08-26,low,long,1.16474,1.16021,45.3,WIN,23.0,1679321,1679637,1.166,0-25%
2025-08-27,low,long,1.16239,1.16119,12.0,LOSS,112.5,1680535,1681076,1.16415,>100% (stop)
2025-08-28,low,long,1.16449,1.16405,4.4,LOSS,145.5,1681959,1682515,1.16546,>100% (stop)
2025-08-29,high,short,1.16649,1.16901,25.2,WIN,18.3,1683632,1683948,1.1656,0-25%
2025-09-01,high,short,1.17179,1.17362,18.3,OPEN,60.7,1685048,1685379,1.16879,50-75%
2025-09-02,low,long,1.16531,1.16267,26.4,LOSS,104.5,1686589,1686800,1.17156,>100% (stop)
2025-09-03,high,short,1.16081,1.16344,26.3,LOSS,117.9,1687749,1688230,1.1623,>100% (stop)
2025-09-04,low,long,1.16584,1.16439,14.5,LOSS,114.5,1689213,1689664,1.16694,>100% (stop)
2025-09-05,high,short,1.16649,1.16697,4.8,LOSS,139.6,1690541,1691097,1.16522,>100% (stop)
2025-09-08,high,short,1.17118,1.17208,9.0,LOSS,166.7,1691994,1692535,1.17046,>100% (stop)
2025-09-09,high,short,1.1756,1.17772,21.2,WIN,57.1,1693446,1693972,1.17634,50-75%
2025-09-10,high,short,1.16824,1.17157,33.3,LOSS,101.5,1694897,1695408,1.16891,>100% (stop)
2025-09-11,low,long,1.16907,1.16772,13.5,LOSS,198.5,1696586,1696842,1.17025,>100% (stop)
2025-09-12,low,long,1.17475,1.17238,23.7,WIN,41.4,1697784,1698280,1.17344,25-50%
2025-09-15,low,long,1.17441,1.17278,16.3,WIN,69.9,1699227,1699708,1.17342,50-75%
2025-09-16,high,short,1.179,1.18017,11.7,LOSS,103.4,1700726,1701147,1.17572,>100% (stop)
2025-09-17,low,long,1.18512,1.18378,13.4,LOSS,114.9,1702194,1702585,1.18727,>100% (stop)
2025-09-18,low,long,1.18385,1.17851,53.4,WIN,33.1,1703558,1704024,1.18287,25-50%
2025-09-19,low,long,1.17781,1.17661,12.0,LOSS,128.3,1704975,1705456,1.17925,>100% (stop)
2025-09-22,high,short,1.17731,1.17783,5.2,LOSS,267.3,1706694,1706890,1.17262,>100% (stop)
2025-09-23,low,long,1.18124,1.17787,33.7,OPEN,84.0,1707950,1708326,1.18199,75-100%
2025-09-24,low,long,1.1758,1.17464,11.6,LOSS,131.0,1709565,1709761,1.18163,>100% (stop)
2025-09-25,low,long,1.17517,1.17305,21.2,WIN,60.4,1710809,1711200,1.17535,50-75%
2025-09-26,high,short,1.16718,1.16818,10.0,LOSS,100.0,1712110,1712636,1.16579,75-100%
2025-09-29,high,short,1.17091,1.17207,11.6,LOSS,103.4,1713803,1714059,1.17044,>100% (stop)
2025-09-30,high,short,1.17362,1.17437,7.5,LOSS,182.7,1715021,1715487,1.17119,>100% (stop)
2025-10-01,high,short,1.17418,1.17669,25.1,WIN,96.0,1716456,1716922,1.17296,75-100%
2025-10-02,high,short,1.1745,1.17566,11.6,LOSS,100.0,1717935,1718356,1.17237,75-100%
2025-10-03,low,long,1.17289,1.17159,13.0,WIN,65.4,1719251,1719792,1.17292,50-75%
2025-10-06,low,long,1.16659,1.16525,13.4,OPEN,-6.7,1720943,1721229,1.17307,<0%
2025-10-07,low,long,1.167,1.16538,16.2,OPEN,94.4,1722529,1722665,1.1711,75-100%
2025-10-08,low,long,1.16193,1.16119,7.4,LOSS,118.9,1723589,1724100,1.1653,>100% (stop)
2025-10-09,low,long,1.16242,1.16064,17.8,LOSS,109.0,1725144,1725535,1.16476,>100% (stop)
2025-10-10,high,short,1.1559,1.15791,20.1,LOSS,115.4,1726738,1726964,1.15606,>100% (stop)
2025-10-13,high,short,1.16018,1.16297,27.9,WIN,14.3,1727907,1728403,1.16,0-25%
2025-10-14,high,short,1.15629,1.15935,30.6,WIN,25.5,1729312,1729838,1.15549,25-50%
2025-10-15,high,short,1.16279,1.16445,16.6,LOSS,105.4,1730894,1731270,1.16017,>100% (stop)
2025-10-17,high,short,1.17002,1.17122,12.0,LOSS,102.5,1733634,1734145,1.16951,>100% (stop)
2025-10-20,high,short,1.16587,1.16736,14.9,WIN,55.0,1735028,1735584,1.16564,50-75%
2025-10-21,low,long,1.16257,1.16063,19.4,LOSS,104.6,1736757,1737013,1.1655,>100% (stop)
2025-10-22,high,short,1.15767,1.15892,12.5,WIN,67.2,1738269,1738450,1.15996,50-75%
2025-10-23,low,long,1.16061,1.15905,15.6,LOSS,103.8,1739443,1739879,1.16072,>100% (stop)
2025-10-24,low,long,1.16167,1.16016,15.1,WIN,66.2,1740801,1741312,1.16215,50-75%
2025-10-27,low,long,1.1633,1.16207,12.3,WIN,39.8,1742341,1742806,1.16475,25-50%
2025-10-28,low,long,1.16627,1.16521,10.6,LOSS,103.8,1743763,1744244,1.16673,>100% (stop)
2025-10-29,low,long,1.16472,1.1625,22.2,WIN,89.6,1745273,1745679,1.16559,75-100%
2025-10-30,low,long,1.16283,1.16095,18.8,LOSS,102.7,1746693,1747114,1.16374,>100% (stop)
2025-10-31,low,long,1.15658,1.15548,11.0,LOSS,115.5,1748043,1748554,1.15775,>100% (stop)
2025-11-03,high,short,1.15335,1.15375,4.0,LOSS,180.0,1749378,1749934,1.15215,>100% (stop)
2025-11-04,high,short,1.15115,1.15305,19.0,WIN,8.4,1750916,1751367,1.1498,0-25%
2025-11-06,high,short,1.15058,1.15132,7.4,LOSS,205.4,1753753,1754234,1.15007,>100% (stop)
2025-11-07,low,long,1.15364,1.15294,7.0,LOSS,100.0,1755115,1755671,1.15428,75-100%
2025-11-10,high,short,1.15538,1.15718,18.0,LOSS,100.0,1756785,1757101,1.15464,75-100%
2025-11-11,high,short,1.15533,1.15648,11.5,LOSS,107.0,1758083,1758534,1.15468,>100% (stop)
2025-11-12,high,short,1.15648,1.15882,23.4,WIN,23.9,1759610,1759971,1.157,0-25%
2025-11-13,high,short,1.16046,1.1619,14.4,LOSS,108.3,1761134,1761405,1.15789,>100% (stop)
2025-11-14,high,short,1.16155,1.16536,38.1,WIN,10.2,1762750,1762841,1.16297,0-25%
2025-11-17,high,short,1.1599,1.16096,10.6,WIN,84.9,1763796,1764277,1.15961,75-100%
2025-11-18,high,short,1.15898,1.15998,10.0,WIN,48.0,1765248,1765714,1.15845,25-50%
2025-11-19,high,short,1.15703,1.15915,21.2,WIN,40.6,1766685,1767151,1.15723,25-50%
2025-11-21,high,short,1.15339,1.15465,12.6,LOSS,122.2,1769514,1770025,1.15322,>100% (stop)
2025-11-24,high,short,1.15245,1.15342,9.7,LOSS,108.2,1771020,1771456,1.15049,>100% (stop)
2025-11-25,high,short,1.15246,1.1536,11.4,LOSS,118.4,1772607,1772893,1.15143,>100% (stop)
2025-11-26,high,short,1.15745,1.15958,21.3,WIN,44.1,1773819,1774330,1.15652,25-50%
2025-11-27,low,long,1.15875,1.15763,11.2,OPEN,53.6,1775435,1775766,1.16132,50-75%
2025-11-28,low,long,1.15728,1.1555,17.8,WIN,59.0,1776931,1777172,1.15986,50-75%
2025-12-02,high,short,1.16093,1.16162,6.9,WIN,71.0,1779530,1780026,1.16037,50-75%
2025-12-03,high,short,1.16382,1.16477,9.5,LOSS,100.0,1780934,1781460,1.16304,75-100%
2025-12-04,high,short,1.16635,1.16819,18.4,WIN,94.0,1782549,1782895,1.16533,75-100%
2025-12-05,high,short,1.16496,1.16591,9.5,WIN,76.8,1783880,1784331,1.16462,75-100%
2025-12-08,high,short,1.16548,1.16718,17.0,WIN,15.9,1785244,1785770,1.16455,0-25%
2025-12-09,low,long,1.16495,1.16379,11.6,WIN,50.9,1786724,1787205,1.16486,50-75%
2025-12-10,high,short,1.16324,1.16397,7.3,LOSS,100.0,1788249,1788640,1.16214,75-100%
2025-12-12,low,long,1.1735,1.17221,12.9,OPEN,92.2,1791337,1791518,1.17461,75-100%
2025-12-15,low,long,1.17387,1.17287,10.0,WIN,83.0,1792475,1792956,1.17447,75-100%
2025-12-16,low,long,1.17639,1.17463,17.6,WIN,86.9,1793894,1794390,1.1759,75-100%
2025-12-17,low,long,1.17209,1.17049,16.0,WIN,82.5,1795348,1795829,1.17523,75-100%
2025-12-18,high,short,1.17395,1.17465,7.0,WIN,-64.3,1796720,1797261,1.1735,<0%
2025-12-19,low,long,1.17177,1.17031,14.6,LOSS,106.8,1798254,1798690,1.17285,>100% (stop)
2025-12-22,high,short,1.17273,1.17381,10.8,LOSS,131.5,1799724,1800130,1.17133,>100% (stop)
2025-12-23,high,short,1.17922,1.18003,8.1,LOSS,104.9,1801282,1801568,1.17657,>100% (stop)
2025-12-24,low,long,1.18008,1.17797,21.1,LOSS,109.0,1802616,1803007,1.18079,>100% (stop)
2025-12-26,low,long,1.17778,1.17714,6.4,LOSS,135.9,1804190,1804641,1.17934,>100% (stop)
2025-12-29,high,short,1.17576,1.1789,31.4,WIN,43.3,1805757,1806073,1.17637,25-50%
2025-12-30,high,short,1.17662,1.17797,13.5,WIN,23.0,1806981,1807507,1.17695,0-25%
2025-12-31,low,long,1.17397,1.17331,6.6,LOSS,168.2,1808422,1808933,1.17489,>100% (stop)
