date,entry_bar,outcome,r_multiple,risk_pips
2021-01-04,557,LOSS,-1.0,4.7
2021-01-04,566,LOSS,-1.0,3.4
2021-01-04,571,LOSS,-1.0,3.5
2021-01-04,581,LOSS,-1.0,1.5
2021-01-04,586,LOSS,-1.0,4.3
2021-01-04,610,LOSS,-1.0,6.4
2021-01-04,618,LOSS,-1.0,4.7
2021-01-04,638,LOSS,-1.0,2.5
2021-01-04,649,LOSS,-1.0,3.7
2021-01-04,665,LOSS,-1.0,0.8
2021-01-04,669,LOSS,-1.0,3.9
2021-01-04,697,LOSS,-1.0,3.8
2021-01-04,897,LOSS,-1.0,5.0
2021-01-04,986,OPEN,0.0,5.7
2021-01-05,2057,LOSS,-1.0,3.8
2021-01-05,2105,LOSS,-1.0,4.6
2021-01-05,2123,LOSS,-1.0,3.7
2021-01-05,2178,LOSS,-1.0,3.1
2021-01-05,2186,LOSS,-1.0,3.2
2021-01-05,2198,LOSS,-1.0,5.2
2021-01-05,2225,LOSS,-1.0,4.0
2021-01-05,2250,WIN,6.571,4.2
2021-01-06,3424,LOSS,-1.0,6.9
2021-01-06,3460,LOSS,-1.0,6.1
2021-01-06,3595,LOSS,-1.0,5.6
2021-01-06,3682,LOSS,-1.0,6.9
2021-01-06,3735,WIN,17.05,4.0
2021-01-08,6280,LOSS,-1.0,3.3
2021-01-08,6295,WIN,5.84,5.0
2021-01-11,7732,LOSS,-1.0,3.3
2021-01-11,7789,LOSS,-1.0,4.2
2021-01-11,7802,LOSS,-1.0,6.1
2021-01-11,7816,WIN,5.51,5.1
2021-01-12,9181,LOSS,-1.0,4.3
2021-01-12,9300,WIN,2.1,13.0
2021-01-13,10614,WIN,3.595,3.7
2021-01-18,14904,WIN,2.043,7.0
2021-01-20,17750,LOSS,-1.0,2.8
2021-01-20,17773,LOSS,-1.0,4.6
2021-01-20,17791,LOSS,-1.0,3.0
2021-01-20,17799,WIN,4.694,3.6
2021-01-21,19201,LOSS,-1.0,5.2
2021-01-21,19211,WIN,2.951,4.1
2021-01-25,22075,WIN,4.256,4.3
2021-01-29,27887,LOSS,-1.0,10.6
2021-01-29,27932,LOSS,-1.0,5.6
2021-01-29,27969,LOSS,-1.0,3.9
2021-01-29,28015,LOSS,-1.0,3.9
2021-01-29,28035,LOSS,-1.0,3.6
2021-01-29,28069,LOSS,-1.0,6.5
2021-01-29,28087,LOSS,-1.0,4.8
2021-01-29,28108,LOSS,-1.0,5.2
2021-01-29,28163,LOSS,-1.0,6.5
2021-01-29,28196,LOSS,-1.0,2.9
2021-01-29,28212,LOSS,-1.0,4.8
2021-01-29,28216,LOSS,-1.0,8.4
2021-01-29,28304,OPEN,0.0,15.0
2021-02-05,35007,LOSS,-1.0,5.1
2021-02-05,35045,LOSS,-1.0,3.4
2021-02-05,35053,LOSS,-1.0,5.2
2021-02-05,35265,LOSS,-1.0,3.7
2021-02-05,35289,LOSS,-1.0,4.1
2021-02-05,35328,LOSS,-1.0,4.3
2021-02-05,35339,LOSS,-1.0,13.2
2021-02-05,35426,LOSS,-1.0,2.4
2021-02-05,35448,LOSS,-1.0,10.1
2021-02-05,35484,LOSS,-1.0,6.3
2021-02-05,35520,OPEN,0.0,2.5
2021-02-08,36416,LOSS,-1.0,3.4
2021-02-08,36437,WIN,3.444,3.6
2021-02-09,37796,LOSS,-1.0,5.1
2021-02-09,37920,LOSS,-1.0,8.4
2021-02-09,37934,LOSS,-1.0,3.0
2021-02-09,37954,LOSS,-1.0,1.9
2021-02-09,37967,LOSS,-1.0,3.8
2021-02-09,37996,OPEN,0.0,4.2
2021-02-10,39245,LOSS,-1.0,5.2
2021-02-10,39275,LOSS,-1.0,7.0
2021-02-10,39317,LOSS,-1.0,2.5
2021-02-10,39331,OPEN,0.0,3.3
2021-02-11,40647,LOSS,-1.0,2.2
2021-02-11,40667,LOSS,-1.0,3.6
2021-02-11,40783,LOSS,-1.0,2.2
2021-02-11,41016,LOSS,-1.0,3.0
2021-02-11,41032,LOSS,-1.0,3.5
2021-02-11,41056,OPEN,0.0,4.5
2021-02-15,43519,LOSS,-1.0,3.8
2021-02-15,43573,OPEN,0.0,3.5
2021-02-18,47832,LOSS,-1.0,7.3
2021-02-18,47867,LOSS,-1.0,2.0
2021-02-18,47872,LOSS,-1.0,3.8
2021-02-18,47900,LOSS,-1.0,3.7
2021-02-18,47941,LOSS,-1.0,3.7
2021-02-18,47969,LOSS,-1.0,5.2
2021-02-18,48031,LOSS,-1.0,7.3
2021-02-18,48048,LOSS,-1.0,2.4
2021-02-18,48072,LOSS,-1.0,2.6
2021-02-18,48116,LOSS,-1.0,1.2
2021-02-18,48133,LOSS,-1.0,8.7
2021-02-18,48152,LOSS,-1.0,2.8
2021-02-18,48166,LOSS,-1.0,4.7
2021-02-18,48186,OPEN,0.0,7.1
2021-02-19,49226,LOSS,-1.0,4.9
2021-02-19,49277,LOSS,-1.0,2.9
2021-02-19,49287,LOSS,-1.0,8.5
2021-02-19,49314,LOSS,-1.0,4.3
2021-02-19,49325,LOSS,-1.0,4.2
2021-02-19,49357,LOSS,-1.0,2.7
2021-02-19,49366,LOSS,-1.0,3.6
2021-02-19,49437,LOSS,-1.0,3.0
2021-02-19,49451,OPEN,0.0,4.5
2021-02-23,52120,WIN,5.947,1.9
2021-02-24,53595,LOSS,-1.0,11.7
2021-02-24,53646,LOSS,-1.0,3.5
2021-02-24,53826,WIN,3.808,5.2
2021-02-25,54954,LOSS,-1.0,3.4
2021-02-25,54969,LOSS,-1.0,5.3
2021-02-25,55020,LOSS,-1.0,3.5
2021-02-25,55033,LOSS,-1.0,7.4
2021-02-25,55055,LOSS,-1.0,3.5
2021-02-25,55074,LOSS,-1.0,6.3
2021-02-25,55116,LOSS,-1.0,4.3
2021-02-25,55127,LOSS,-1.0,4.4
2021-02-25,55152,LOSS,-1.0,7.0
2021-02-25,55194,LOSS,-1.0,5.0
2021-02-25,55417,OPEN,0.0,13.5
2021-03-09,66426,LOSS,-1.0,3.9
2021-03-09,66443,LOSS,-1.0,3.5
2021-03-09,66457,LOSS,-1.0,8.6
2021-03-09,66500,LOSS,-1.0,4.6
2021-03-09,66519,LOSS,-1.0,3.9
2021-03-09,66564,LOSS,-1.0,1.8
2021-03-09,66579,LOSS,-1.0,1.6
2021-03-09,66587,LOSS,-1.0,4.9
2021-03-09,66671,OPEN,0.0,1.5
2021-03-11,69313,LOSS,-1.0,4.0
2021-03-11,69351,LOSS,-1.0,1.9
2021-03-11,69380,LOSS,-1.0,3.8
2021-03-11,69409,LOSS,-1.0,3.7
2021-03-11,69503,LOSS,-1.0,4.0
2021-03-11,69524,LOSS,-1.0,2.3
2021-03-11,69528,LOSS,-1.0,2.8
2021-03-11,69537,LOSS,-1.0,4.3
2021-03-11,69565,LOSS,-1.0,3.8
2021-03-11,69649,LOSS,-1.0,15.2
2021-03-17,75060,WIN,5.167,2.4
2021-03-18,76509,WIN,2.227,9.7
2021-03-19,77931,LOSS,-1.0,2.8
2021-03-19,77945,LOSS,-1.0,4.8
2021-03-19,77962,LOSS,-1.0,5.0
2021-03-19,77985,WIN,3.28,8.2
2021-03-26,85107,LOSS,-1.0,2.3
2021-03-26,85129,LOSS,-1.0,2.7
2021-03-26,85143,LOSS,-1.0,6.7
2021-03-26,85205,LOSS,-1.0,2.5
2021-03-26,85234,LOSS,-1.0,6.5
2021-03-26,85248,LOSS,-1.0,3.4
2021-03-26,85272,WIN,7.545,2.2
2021-03-31,89301,LOSS,-1.0,3.4
2021-03-31,89320,LOSS,-1.0,4.1
2021-03-31,89335,LOSS,-1.0,3.6
2021-03-31,89394,LOSS,-1.0,5.0
2021-03-31,89403,LOSS,-1.0,2.9
2021-03-31,89419,LOSS,-1.0,3.3
2021-03-31,89783,OPEN,0.0,11.2
2021-04-02,92263,WIN,2.723,4.7
2021-04-08,97855,LOSS,-1.0,7.0
2021-04-08,98194,LOSS,-1.0,4.7
2021-04-08,98268,LOSS,-1.0,2.7
2021-04-08,98272,LOSS,-1.0,2.5
2021-04-08,98294,LOSS,-1.0,3.8
2021-04-08,98301,LOSS,-1.0,4.3
2021-04-08,98329,OPEN,0.0,3.0
2021-04-14,103499,LOSS,-1.0,3.9
2021-04-14,103506,LOSS,-1.0,3.7
2021-04-14,103520,LOSS,-1.0,2.6
2021-04-14,103528,LOSS,-1.0,5.9
2021-04-14,103540,LOSS,-1.0,6.2
2021-04-14,103558,WIN,1.578,8.3
2021-04-15,104974,LOSS,-1.0,3.8
2021-04-15,105086,WIN,5.613,3.1
2021-04-16,106410,LOSS,-1.0,4.7
2021-04-16,106418,LOSS,-1.0,6.3
2021-04-16,106592,OPEN,0.0,6.0
2021-04-19,107780,LOSS,-1.0,4.0
2021-04-19,107793,LOSS,-1.0,7.3
2021-04-19,107818,LOSS,-1.0,3.7
2021-04-19,107848,LOSS,-1.0,5.9
2021-04-19,107887,LOSS,-1.0,4.4
2021-04-19,107929,LOSS,-1.0,2.9
2021-04-19,107969,LOSS,-1.0,7.2
2021-04-19,108029,OPEN,0.0,3.8
2021-04-20,109215,LOSS,-1.0,7.0
2021-04-20,109262,WIN,9.1,4.0
2021-04-23,113386,LOSS,-1.0,5.1
2021-04-23,113448,LOSS,-1.0,2.0
2021-04-23,113474,LOSS,-1.0,5.7
2021-04-23,113489,LOSS,-1.0,2.7
2021-04-23,113491,LOSS,-1.0,0.4
2021-04-23,113495,LOSS,-1.0,5.3
2021-04-23,113505,LOSS,-1.0,2.8
2021-04-23,113537,LOSS,-1.0,1.9
2021-04-23,113547,LOSS,-1.0,3.9
2021-04-23,113562,LOSS,-1.0,3.7
2021-04-23,113573,LOSS,-1.0,2.2
2021-04-23,113739,LOSS,-1.0,3.7
2021-04-23,113758,LOSS,-1.0,4.3
2021-04-23,113779,LOSS,-1.0,3.3
2021-04-23,113798,LOSS,-1.0,3.1
2021-04-23,113801,OPEN,0.0,4.0
2021-05-06,126180,LOSS,-1.0,2.5
2021-05-06,126190,LOSS,-1.0,4.0
2021-05-06,126209,LOSS,-1.0,6.3
2021-05-06,126248,LOSS,-1.0,2.0
2021-05-06,126275,LOSS,-1.0,3.4
2021-05-06,126302,LOSS,-1.0,7.2
2021-05-06,126354,LOSS,-1.0,4.4
2021-05-06,126368,LOSS,-1.0,7.4
2021-05-06,126500,LOSS,-1.0,2.5
2021-05-06,126510,LOSS,-1.0,4.5
2021-05-06,126556,LOSS,-1.0,7.1
2021-05-06,126597,LOSS,-1.0,2.2
2021-05-06,126604,LOSS,-1.0,1.9
2021-05-06,126606,OPEN,0.0,2.4
2021-05-13,133301,LOSS,-1.0,3.5
2021-05-13,133320,LOSS,-1.0,3.2
2021-05-13,133342,LOSS,-1.0,8.4
2021-05-13,133351,WIN,5.0,5.9
2021-05-14,134730,LOSS,-1.0,3.3
2021-05-14,134742,LOSS,-1.0,2.9
2021-05-14,134759,LOSS,-1.0,4.6
2021-05-14,134807,LOSS,-1.0,3.9
2021-05-14,134851,LOSS,-1.0,5.1
2021-05-14,135083,LOSS,-1.0,16.6
2021-05-14,135132,LOSS,-1.0,7.0
2021-05-14,135164,LOSS,-1.0,2.7
2021-05-14,135174,LOSS,-1.0,6.6
2021-05-14,135187,OPEN,0.0,3.8
2021-05-18,137554,LOSS,-1.0,1.6
2021-05-18,137564,LOSS,-1.0,2.5
2021-05-18,137586,LOSS,-1.0,3.2
2021-05-18,137607,LOSS,-1.0,3.2
2021-05-18,137627,LOSS,-1.0,3.5
2021-05-18,137647,LOSS,-1.0,3.6
2021-05-18,137658,LOSS,-1.0,1.7
2021-05-18,137673,LOSS,-1.0,4.7
2021-05-18,137709,LOSS,-1.0,4.2
2021-05-18,137737,LOSS,-1.0,3.1
2021-05-18,137772,LOSS,-1.0,2.2
2021-05-18,137907,LOSS,-1.0,3.0
2021-05-18,137941,OPEN,0.0,9.1
2021-05-19,138978,LOSS,-1.0,0.7
2021-05-19,138988,LOSS,-1.0,7.2
2021-05-19,139023,WIN,2.135,8.9
2021-05-20,140398,LOSS,-1.0,2.8
2021-05-20,140415,LOSS,-1.0,6.0
2021-05-20,140484,LOSS,-1.0,4.2
2021-05-20,140496,LOSS,-1.0,1.7
2021-05-20,140515,LOSS,-1.0,3.9
2021-05-20,140748,LOSS,-1.0,6.6
2021-05-20,140832,LOSS,-1.0,4.3
2021-05-20,140872,LOSS,-1.0,3.5
2021-05-20,140885,LOSS,-1.0,4.7
2021-05-20,140915,LOSS,-1.0,6.3
2021-05-20,140929,LOSS,-1.0,1.7
2021-05-20,140963,LOSS,-1.0,3.5
2021-05-21,141812,LOSS,-1.0,1.8
2021-05-21,141820,LOSS,-1.0,1.8
2021-05-21,141870,WIN,0.0,3.6
2021-05-24,143237,LOSS,-1.0,3.5
2021-05-24,143257,LOSS,-1.0,3.2
2021-05-24,143282,LOSS,-1.0,4.4
2021-05-24,143290,LOSS,-1.0,3.5
2021-05-24,143303,LOSS,-1.0,2.8
2021-05-24,143314,LOSS,-1.0,3.3
2021-05-24,143330,LOSS,-1.0,3.9
2021-05-24,143342,LOSS,-1.0,3.1
2021-05-24,143349,LOSS,-1.0,2.7
2021-05-24,143369,LOSS,-1.0,2.1
2021-05-24,143382,WIN,6.122,4.1
2021-05-25,144693,LOSS,-1.0,6.7
2021-05-25,144718,LOSS,-1.0,7.0
2021-05-25,144741,LOSS,-1.0,5.0
2021-05-25,144760,LOSS,-1.0,4.1
2021-05-25,145047,OPEN,0.0,4.1
2021-05-27,147543,LOSS,-1.0,7.6
2021-05-27,147617,LOSS,-1.0,2.1
2021-05-27,147622,LOSS,-1.0,5.9
2021-05-27,147662,LOSS,-1.0,8.1
2021-05-27,147686,LOSS,-1.0,9.2
2021-05-27,148037,OPEN,0.0,3.5
2021-06-09,159172,LOSS,-1.0,2.7
2021-06-09,159189,LOSS,-1.0,4.7
2021-06-09,159215,LOSS,-1.0,4.7
2021-06-09,159265,LOSS,-1.0,4.3
2021-06-09,159388,LOSS,-1.0,3.2
2021-06-09,159398,LOSS,-1.0,3.6
2021-06-09,159416,LOSS,-1.0,3.9
2021-06-09,159484,LOSS,-1.0,3.2
2021-06-09,159499,LOSS,-1.0,4.4
2021-06-09,159528,LOSS,-1.0,2.2
2021-06-09,159540,LOSS,-1.0,1.0
2021-06-09,159581,OPEN,0.0,4.5
2021-06-11,161973,LOSS,-1.0,1.3
2021-06-11,162002,LOSS,-1.0,2.0
2021-06-11,162010,LOSS,-1.0,4.9
2021-06-11,162026,WIN,2.407,5.9
2021-06-15,164781,LOSS,-1.0,4.5
2021-06-15,164794,LOSS,-1.0,2.7
2021-06-15,164808,LOSS,-1.0,4.2
2021-06-15,164829,LOSS,-1.0,3.9
2021-06-15,164851,LOSS,-1.0,4.3
2021-06-15,164869,LOSS,-1.0,6.3
2021-06-15,164885,LOSS,-1.0,4.2
2021-06-15,164905,WIN,12.208,2.4
2021-06-16,166208,LOSS,-1.0,2.8
2021-06-16,166240,WIN,3.667,3.9
2021-06-21,170535,LOSS,-1.0,1.7
2021-06-21,170546,LOSS,-1.0,3.0
2021-06-21,170558,LOSS,-1.0,3.7
2021-06-21,170565,LOSS,-1.0,3.3
2021-06-21,170619,LOSS,-1.0,7.2
2021-06-21,170630,LOSS,-1.0,5.7
2021-06-21,170649,LOSS,-1.0,2.4
2021-06-21,170664,LOSS,-1.0,4.9
2021-06-21,170680,LOSS,-1.0,4.0
2021-06-21,170690,LOSS,-1.0,3.2
2021-06-21,170697,LOSS,-1.0,3.9
2021-06-21,170727,LOSS,-1.0,3.1
2021-06-21,170732,LOSS,-1.0,2.9
2021-06-21,170741,LOSS,-1.0,2.5
2021-06-21,170752,LOSS,-1.0,3.6
2021-06-21,170956,LOSS,-1.0,4.7
2021-06-21,170977,LOSS,-1.0,5.1
2021-06-21,171001,LOSS,-1.0,5.1
2021-06-21,171012,LOSS,-1.0,4.8
2021-06-21,171021,LOSS,-1.0,4.3
2021-06-21,171027,LOSS,-1.0,3.1
2021-06-21,171031,LOSS,-1.0,2.6
2021-06-21,171036,LOSS,-1.0,5.8
2021-06-21,171042,OPEN,0.0,3.9
2021-06-25,176269,LOSS,-1.0,4.4
2021-06-25,176278,LOSS,-1.0,2.6
2021-06-25,176347,LOSS,-1.0,3.8
2021-06-25,176619,LOSS,-1.0,2.2
2021-06-25,176626,LOSS,-1.0,9.2
2021-06-25,176671,LOSS,-1.0,4.8
2021-06-25,176684,LOSS,-1.0,4.3
2021-06-25,176717,OPEN,0.0,9.0
2021-06-28,177744,LOSS,-1.0,3.9
2021-06-28,177758,WIN,3.566,5.3
2021-07-05,184815,LOSS,-1.0,3.4
2021-07-05,184828,LOSS,-1.0,2.4
2021-07-05,184836,LOSS,-1.0,3.0
2021-07-05,184886,LOSS,-1.0,6.6
2021-07-05,184903,LOSS,-1.0,4.5
2021-07-05,184982,LOSS,-1.0,3.1
2021-07-05,184999,LOSS,-1.0,1.4
2021-07-05,185013,LOSS,-1.0,5.1
2021-07-05,185092,OPEN,0.0,4.2
2021-07-06,186228,WIN,6.36,5.0
2021-07-07,187667,LOSS,-1.0,3.9
2021-07-07,187677,LOSS,-1.0,3.4
2021-07-07,187689,WIN,1.868,5.3
2021-07-08,189096,LOSS,-1.0,4.5
2021-07-08,189159,LOSS,-1.0,7.2
2021-07-08,189168,LOSS,-1.0,1.6
2021-07-08,189176,LOSS,-1.0,5.7
2021-07-08,189200,LOSS,-1.0,5.8
2021-07-08,189263,LOSS,-1.0,6.0
2021-07-08,189297,LOSS,-1.0,4.4
2021-07-08,189311,LOSS,-1.0,4.0
2021-07-08,189314,LOSS,-1.0,3.8
2021-07-08,189324,LOSS,-1.0,3.5
2021-07-08,189377,LOSS,-1.0,1.9
2021-07-08,189380,LOSS,-1.0,5.6
2021-07-08,189400,LOSS,-1.0,2.8
2021-07-08,189408,LOSS,-1.0,5.9
2021-07-08,189492,LOSS,-1.0,12.0
2021-07-08,189540,LOSS,-1.0,10.5
2021-07-08,189590,LOSS,-1.0,3.7
2021-07-08,189603,OPEN,0.0,5.7
2021-07-14,194795,LOSS,-1.0,5.3
2021-07-14,194813,LOSS,-1.0,2.7
2021-07-14,194840,LOSS,-1.0,2.8
2021-07-14,194890,LOSS,-1.0,5.9
2021-07-14,194945,LOSS,-1.0,1.8
2021-07-14,195018,LOSS,-1.0,2.2
2021-07-14,195028,LOSS,-1.0,3.1
2021-07-14,195039,LOSS,-1.0,2.2
2021-07-14,195045,LOSS,-1.0,3.1
2021-07-14,195074,LOSS,-1.0,3.0
2021-07-14,195103,LOSS,-1.0,4.2
2021-07-14,195161,LOSS,-1.0,7.2
2021-07-14,195182,LOSS,-1.0,8.8
2021-07-14,195320,OPEN,0.0,10.3
2021-07-15,196239,LOSS,-1.0,6.1
2021-07-15,196386,WIN,4.9,5.0
2021-07-22,203381,LOSS,-1.0,3.5
2021-07-22,203421,WIN,3.0,3.8
2021-07-26,206194,LOSS,-1.0,3.9
2021-07-26,206214,LOSS,-1.0,2.3
2021-07-26,206274,LOSS,-1.0,4.3
2021-07-26,206650,LOSS,-1.0,6.7
2021-07-26,206680,OPEN,0.0,3.9
2021-07-29,210494,LOSS,-1.0,5.5
2021-07-29,210564,LOSS,-1.0,3.0
2021-07-29,210577,LOSS,-1.0,4.4
2021-07-29,210592,LOSS,-1.0,5.8
2021-07-29,210618,LOSS,-1.0,4.5
2021-07-29,210636,LOSS,-1.0,3.4
2021-07-29,210736,LOSS,-1.0,1.9
2021-07-29,210755,LOSS,-1.0,3.3
2021-07-29,210873,LOSS,-1.0,4.2
2021-07-29,210896,LOSS,-1.0,4.5
2021-07-29,210953,LOSS,-1.0,3.5
2021-07-29,210974,LOSS,-1.0,1.8
2021-07-29,210978,LOSS,-1.0,3.3
2021-07-29,211013,LOSS,-1.0,7.0
2021-07-29,211029,LOSS,-1.0,2.2
2021-07-29,211041,LOSS,-1.0,3.3
2021-07-29,211054,OPEN,0.0,2.8
2021-08-02,213335,LOSS,-1.0,2.9
2021-08-02,213348,LOSS,-1.0,2.5
2021-08-02,213357,LOSS,-1.0,4.7
2021-08-02,213389,LOSS,-1.0,5.5
2021-08-02,213418,LOSS,-1.0,3.2
2021-08-02,213437,LOSS,-1.0,4.2
2021-08-02,213478,LOSS,-1.0,2.9
2021-08-02,213568,OPEN,0.0,4.7
2021-08-03,214763,LOSS,-1.0,5.3
2021-08-03,214835,LOSS,-1.0,2.5
2021-08-03,214847,LOSS,-1.0,3.8
2021-08-03,214860,LOSS,-1.0,4.7
2021-08-03,214908,LOSS,-1.0,3.7
2021-08-03,214984,LOSS,-1.0,1.6
2021-08-03,215011,LOSS,-1.0,3.0
2021-08-03,215020,LOSS,-1.0,2.4
2021-08-03,215036,LOSS,-1.0,3.3
2021-08-03,215078,LOSS,-1.0,2.5
2021-08-03,215117,WIN,1.571,9.8
2021-08-04,216232,WIN,2.436,5.5
2021-08-09,220432,LOSS,-1.0,2.0
2021-08-09,220436,LOSS,-1.0,2.8
2021-08-09,220448,LOSS,-1.0,1.2
2021-08-09,220452,LOSS,-1.0,1.9
2021-08-09,220808,LOSS,-1.0,1.6
2021-08-09,220822,WIN,2.704,7.1
2021-08-10,221841,LOSS,-1.0,2.4
2021-08-10,221851,LOSS,-1.0,2.8
2021-08-10,221865,LOSS,-1.0,4.1
2021-08-10,221880,LOSS,-1.0,3.3
2021-08-10,221896,WIN,0.304,4.6
2021-08-18,230337,LOSS,-1.0,2.6
2021-08-18,230379,WIN,5.257,3.5
2021-08-23,234650,LOSS,-1.0,8.1
2021-08-23,234682,LOSS,-1.0,2.9
2021-08-23,234713,LOSS,-1.0,5.7
2021-08-23,234728,LOSS,-1.0,4.5
2021-08-23,234943,LOSS,-1.0,2.7
2021-08-23,234972,LOSS,-1.0,1.9
2021-08-23,234996,OPEN,0.0,4.2
2021-08-27,240183,LOSS,-1.0,3.2
2021-08-27,240216,LOSS,-1.0,4.1
2021-08-27,240231,LOSS,-1.0,3.2
2021-08-27,240239,LOSS,-1.0,2.9
2021-08-27,240246,WIN,7.588,3.4
2021-08-31,243007,LOSS,-1.0,3.3
2021-08-31,243029,LOSS,-1.0,2.0
2021-08-31,243047,LOSS,-1.0,2.3
2021-08-31,243076,LOSS,-1.0,2.4
2021-08-31,243082,LOSS,-1.0,2.8
2021-08-31,243135,LOSS,-1.0,2.8
2021-08-31,243211,LOSS,-1.0,1.6
2021-08-31,243282,LOSS,-1.0,3.7
2021-08-31,243292,LOSS,-1.0,2.4
2021-08-31,243301,LOSS,-1.0,1.6
2021-08-31,243317,LOSS,-1.0,2.0
2021-08-31,243327,LOSS,-1.0,1.3
2021-08-31,243343,LOSS,-1.0,4.4
2021-08-31,243356,OPEN,0.0,4.6
2021-09-02,245843,LOSS,-1.0,4.7
2021-09-02,245932,LOSS,-1.0,2.0
2021-09-02,246064,LOSS,-1.0,3.8
2021-09-02,246085,LOSS,-1.0,2.9
2021-09-02,246089,LOSS,-1.0,3.1
2021-09-02,246144,WIN,1.914,5.8
2021-09-10,254442,LOSS,-1.0,1.6
2021-09-10,254457,LOSS,-1.0,2.3
2021-09-10,254464,LOSS,-1.0,3.1
2021-09-10,254499,LOSS,-1.0,2.1
2021-09-10,254515,LOSS,-1.0,3.3
2021-09-10,254528,LOSS,-1.0,3.6
2021-09-10,254550,WIN,11.208,2.4
2021-09-14,257275,LOSS,-1.0,2.5
2021-09-14,257281,WIN,14.067,1.5
2021-09-17,261456,LOSS,-1.0,1.8
2021-09-17,261491,LOSS,-1.0,3.3
2021-09-17,261519,LOSS,-1.0,2.3
2021-09-17,261529,LOSS,-1.0,1.9
2021-09-17,261688,LOSS,-1.0,3.3
2021-09-17,261714,LOSS,-1.0,4.5
2021-09-17,261803,WIN,3.576,6.6
2021-09-22,265794,LOSS,-1.0,2.7
2021-09-22,265817,LOSS,-1.0,5.3
2021-09-22,265900,LOSS,-1.0,3.7
2021-09-22,266210,OPEN,0.0,4.0
2021-09-23,267161,LOSS,-1.0,2.6
2021-09-23,267183,LOSS,-1.0,2.4
2021-09-23,267191,LOSS,-1.0,1.5
2021-09-23,267197,LOSS,-1.0,3.1
2021-09-23,267214,LOSS,-1.0,7.7
2021-09-23,267296,LOSS,-1.0,5.0
2021-09-23,267342,LOSS,-1.0,2.6
2021-09-23,267548,LOSS,-1.0,4.5
2021-09-23,267566,LOSS,-1.0,7.3
2021-09-23,267639,LOSS,-1.0,5.6
2021-09-23,267665,LOSS,-1.0,4.2
2021-09-23,267678,LOSS,-1.0,3.3
2021-09-23,267683,OPEN,0.0,4.7
2021-09-28,271414,WIN,4.065,3.1
2021-10-01,275718,LOSS,-1.0,4.2
2021-10-01,275737,LOSS,-1.0,2.4
2021-10-01,275756,LOSS,-1.0,2.7
2021-10-01,275774,LOSS,-1.0,5.7
2021-10-01,276034,LOSS,-1.0,2.0
2021-10-01,276047,LOSS,-1.0,5.2
2021-10-01,276073,LOSS,-1.0,2.0
2021-10-01,276090,LOSS,-1.0,3.0
2021-10-01,276097,LOSS,-1.0,2.2
2021-10-01,276152,LOSS,-1.0,2.5
2021-10-01,276160,LOSS,-1.0,8.1
2021-10-01,276174,OPEN,0.0,8.8
2021-10-04,277263,LOSS,-1.0,4.0
2021-10-04,277288,LOSS,-1.0,4.3
2021-10-04,277307,LOSS,-1.0,2.4
2021-10-04,277335,LOSS,-1.0,3.1
2021-10-04,277452,LOSS,-1.0,2.6
2021-10-04,277461,LOSS,-1.0,3.8
2021-10-04,277489,LOSS,-1.0,0.7
2021-10-04,277524,LOSS,-1.0,1.4
2021-10-04,277537,LOSS,-1.0,2.3
2021-10-04,277630,OPEN,0.0,5.9
2021-10-11,284269,LOSS,-1.0,5.7
2021-10-11,284301,LOSS,-1.0,4.1
2021-10-11,284317,LOSS,-1.0,2.4
2021-10-11,284323,WIN,5.152,3.3
2021-10-12,285694,LOSS,-1.0,3.8
2021-10-12,285709,LOSS,-1.0,2.1
2021-10-12,285734,LOSS,-1.0,2.2
2021-10-12,285741,WIN,9.455,2.2
2021-10-13,287203,LOSS,-1.0,3.0
2021-10-13,287257,LOSS,-1.0,3.3
2021-10-13,287346,LOSS,-1.0,2.6
2021-10-13,287364,LOSS,-1.0,2.7
2021-10-13,287549,LOSS,-1.0,9.1
2021-10-13,287615,LOSS,-1.0,3.3
2021-10-13,287622,LOSS,-1.0,4.2
2021-10-13,287645,OPEN,0.0,3.7
2021-10-14,288596,LOSS,-1.0,2.0
2021-10-14,288606,LOSS,-1.0,5.8
2021-10-14,288677,LOSS,-1.0,3.4
2021-10-14,288687,LOSS,-1.0,3.5
2021-10-14,288709,LOSS,-1.0,1.6
2021-10-14,288725,WIN,5.357,5.6
2021-10-15,290004,LOSS,-1.0,4.1
2021-10-15,290013,LOSS,-1.0,3.6
2021-10-15,290074,OPEN,0.0,4.2
2021-10-19,292797,LOSS,-1.0,2.7
2021-10-19,292819,LOSS,-1.0,4.7
2021-10-19,292986,LOSS,-1.0,3.9
2021-10-19,293033,LOSS,-1.0,3.8
2021-10-19,293045,OPEN,0.0,1.5
2021-10-22,297111,LOSS,-1.0,3.6
2021-10-22,297139,LOSS,-1.0,4.2
2021-10-22,297159,LOSS,-1.0,2.7
2021-10-22,297194,LOSS,-1.0,3.8
2021-10-22,297518,LOSS,-1.0,6.1
2021-10-22,297561,LOSS,-1.0,2.7
2021-10-22,297566,LOSS,-1.0,1.2
2021-10-22,297590,LOSS,-1.0,3.8
2021-10-22,297603,OPEN,0.0,8.1
2021-10-28,302833,LOSS,-1.0,4.8
2021-10-28,302858,WIN,11.3,2.0
2021-11-01,305716,LOSS,-1.0,4.4
2021-11-01,305744,LOSS,-1.0,3.0
2021-11-01,305769,LOSS,-1.0,6.3
2021-11-01,305933,LOSS,-1.0,2.6
2021-11-01,305946,LOSS,-1.0,3.6
2021-11-01,305966,LOSS,-1.0,3.9
2021-11-01,305987,LOSS,-1.0,2.5
2021-11-01,306000,LOSS,-1.0,2.4
2021-11-01,306009,LOSS,-1.0,4.2
2021-11-01,306029,LOSS,-1.0,3.2
2021-11-01,306124,LOSS,-1.0,3.4
2021-11-01,306142,LOSS,-1.0,2.4
2021-11-01,306157,LOSS,-1.0,2.4
2021-11-01,306174,OPEN,0.0,2.6
2021-11-02,307102,LOSS,-1.0,7.3
2021-11-02,307130,WIN,14.636,1.1
2021-11-03,308516,LOSS,-1.0,1.0
2021-11-03,308523,LOSS,-1.0,1.4
2021-11-03,308588,LOSS,-1.0,1.9
2021-11-03,308651,LOSS,-1.0,2.0
2021-11-03,308658,WIN,2.475,5.9
2021-11-05,311396,LOSS,-1.0,2.4
2021-11-05,311412,LOSS,-1.0,2.3
2021-11-05,311424,WIN,2.242,6.6
2021-11-08,312753,WIN,3.194,3.1
2021-11-09,314181,WIN,4.675,4.0
2021-11-12,318487,LOSS,-1.0,2.7
2021-11-12,318496,LOSS,-1.0,1.1
2021-11-12,318498,LOSS,-1.0,1.0
2021-11-12,318515,LOSS,-1.0,4.3
2021-11-12,318579,LOSS,-1.0,4.7
2021-11-12,318792,WIN,4.636,3.3
2021-11-23,328544,LOSS,-1.0,5.9
2021-11-23,328604,LOSS,-1.0,8.1
2021-11-23,328635,LOSS,-1.0,4.2
2021-11-23,328646,OPEN,0.0,9.4
2021-11-24,329955,LOSS,-1.0,2.6
2021-11-24,329963,LOSS,-1.0,2.0
2021-11-24,330023,WIN,1.6,5.5
2021-11-25,331380,LOSS,-1.0,3.5
2021-11-25,331394,LOSS,-1.0,2.8
2021-11-25,331418,LOSS,-1.0,3.3
2021-11-25,331453,LOSS,-1.0,4.0
2021-11-25,331482,LOSS,-1.0,2.2
2021-11-25,331487,LOSS,-1.0,3.2
2021-11-25,331493,LOSS,-1.0,5.2
2021-11-25,331566,LOSS,-1.0,3.4
2021-11-25,331703,OPEN,0.0,3.1
2021-11-26,332801,LOSS,-1.0,5.1
2021-11-26,332821,LOSS,-1.0,4.8
2021-11-26,332837,LOSS,-1.0,4.0
2021-11-26,332856,LOSS,-1.0,6.5
2021-11-26,332898,LOSS,-1.0,6.8
2021-11-26,333048,LOSS,-1.0,6.3
2021-11-26,333079,LOSS,-1.0,6.5
2021-11-26,333160,LOSS,-1.0,3.3
2021-11-26,333171,LOSS,-1.0,4.8
2021-11-26,333185,LOSS,-1.0,7.9
2021-11-26,333211,LOSS,-1.0,3.6
2021-11-26,333220,LOSS,-1.0,6.7
2021-11-26,333237,LOSS,-1.0,6.1
2021-11-26,333263,LOSS,-1.0,7.5
2021-11-26,333269,LOSS,-1.0,3.9
2021-11-26,333282,LOSS,-1.0,2.3
2021-11-26,333304,LOSS,-1.0,6.0
2021-11-26,333343,LOSS,-1.0,5.8
2021-11-26,333349,LOSS,-1.0,6.8
2021-11-26,333359,OPEN,0.0,5.3
2021-11-30,335687,LOSS,-1.0,5.2
2021-11-30,335745,LOSS,-1.0,5.3
2021-11-30,335827,LOSS,-1.0,5.5
2021-11-30,335846,LOSS,-1.0,4.0
2021-11-30,335910,LOSS,-1.0,8.5
2021-11-30,336151,WIN,14.19,6.3
2021-12-01,337125,LOSS,-1.0,4.0
2021-12-01,337183,WIN,3.464,9.7
2021-12-07,342873,LOSS,-1.0,3.9
2021-12-07,342903,LOSS,-1.0,2.0
2021-12-07,342956,WIN,2.167,6.0
2021-12-08,344347,LOSS,-1.0,7.3
2021-12-08,344380,WIN,3.688,3.2
2021-12-15,351443,LOSS,-1.0,5.2
2021-12-15,351510,LOSS,-1.0,2.2
2021-12-15,351570,LOSS,-1.0,1.6
2021-12-15,351579,LOSS,-1.0,4.3
2021-12-15,351626,LOSS,-1.0,2.7
2021-12-15,351756,WIN,2.64,5.0
2021-12-16,352874,LOSS,-1.0,2.7
2021-12-16,352887,LOSS,-1.0,2.9
2021-12-16,352909,LOSS,-1.0,2.1
2021-12-16,352921,LOSS,-1.0,6.1
2021-12-16,352990,LOSS,-1.0,2.7
2021-12-16,353254,LOSS,-1.0,8.3
2021-12-16,353287,OPEN,0.0,8.5
2021-12-20,355746,LOSS,-1.0,4.5
2021-12-20,355768,LOSS,-1.0,2.3
2021-12-20,355785,LOSS,-1.0,2.3
2021-12-20,355793,LOSS,-1.0,3.4
2021-12-20,355853,LOSS,-1.0,2.6
2021-12-20,355860,LOSS,-1.0,6.0
2021-12-20,356030,LOSS,-1.0,4.0
2021-12-20,356164,LOSS,-1.0,5.3
2021-12-20,356190,LOSS,-1.0,3.1
2021-12-20,356207,LOSS,-1.0,4.5
2021-12-20,356231,LOSS,-1.0,4.1
2021-12-20,356240,LOSS,-1.0,4.1
2021-12-20,356251,LOSS,-1.0,4.7
2021-12-20,356306,OPEN,0.0,3.9
2021-12-21,357197,LOSS,-1.0,2.4
2021-12-21,357223,LOSS,-1.0,9.6
2021-12-21,357261,LOSS,-1.0,4.0
2021-12-21,357282,LOSS,-1.0,1.0
2021-12-21,357286,LOSS,-1.0,4.6
2021-12-21,357537,LOSS,-1.0,2.8
2021-12-21,357550,LOSS,-1.0,2.7
2021-12-21,357578,WIN,3.36,5.0
2021-12-24,361554,LOSS,-1.0,1.4
2021-12-24,361558,LOSS,-1.0,2.3
2021-12-24,361622,LOSS,-1.0,1.6
2021-12-24,361652,WIN,4.743,3.5
2021-12-27,362919,LOSS,-1.0,2.4
2021-12-27,362932,WIN,5.455,2.2
2022-01-05,372851,LOSS,-1.0,2.4
2022-01-05,372896,LOSS,-1.0,5.9
2022-01-05,372914,LOSS,-1.0,4.4
2022-01-05,372928,LOSS,-1.0,3.0
2022-01-05,373029,LOSS,-1.0,5.2
2022-01-05,373038,LOSS,-1.0,5.3
2022-01-05,373048,LOSS,-1.0,1.7
2022-01-05,373065,LOSS,-1.0,2.4
2022-01-05,373113,LOSS,-1.0,4.1
2022-01-05,373131,LOSS,-1.0,4.2
2022-01-05,373167,LOSS,-1.0,3.1
2022-01-05,373210,LOSS,-1.0,9.3
2022-01-05,373249,LOSS,-1.0,5.2
2022-01-05,373264,LOSS,-1.0,3.9
2022-01-05,373282,LOSS,-1.0,2.4
2022-01-05,373287,LOSS,-1.0,3.2
2022-01-05,373306,LOSS,-1.0,2.7
2022-01-05,373311,LOSS,-1.0,4.9
2022-01-05,373325,LOSS,-1.0,5.5
2022-01-05,373339,OPEN,0.0,2.0
2022-01-07,375725,LOSS,-1.0,1.8
2022-01-07,375736,LOSS,-1.0,2.1
2022-01-07,375765,LOSS,-1.0,2.8
2022-01-07,375784,LOSS,-1.0,2.1
2022-01-07,375791,LOSS,-1.0,2.6
2022-01-07,375809,LOSS,-1.0,3.1
2022-01-07,375838,LOSS,-1.0,3.1
2022-01-07,375857,LOSS,-1.0,3.0
2022-01-07,375891,WIN,5.05,4.0
2022-01-11,378590,LOSS,-1.0,6.5
2022-01-11,378629,LOSS,-1.0,6.2
2022-01-11,378640,LOSS,-1.0,2.7
2022-01-11,378675,LOSS,-1.0,3.4
2022-01-11,378700,WIN,6.44,2.5
2022-01-13,381498,LOSS,-1.0,5.3
2022-01-13,381878,LOSS,-1.0,3.2
2022-01-13,381894,LOSS,-1.0,5.2
2022-01-13,381944,LOSS,-1.0,4.9
2022-01-13,381959,LOSS,-1.0,4.8
2022-01-13,381966,LOSS,-1.0,5.9
2022-01-13,381997,LOSS,-1.0,2.4
2022-01-13,382001,OPEN,0.0,5.5
2022-01-17,384320,LOSS,-1.0,3.0
2022-01-17,384327,LOSS,-1.0,3.2
2022-01-17,384391,WIN,12.2,2.5
2022-01-19,387134,LOSS,-1.0,3.8
2022-01-19,387163,LOSS,-1.0,3.3
2022-01-19,387171,LOSS,-1.0,3.4
2022-01-19,387272,LOSS,-1.0,3.2
2022-01-19,387347,LOSS,-1.0,2.6
2022-01-19,387360,LOSS,-1.0,1.9
2022-01-19,387366,LOSS,-1.0,2.6
2022-01-19,387519,LOSS,-1.0,5.0
2022-01-19,387597,LOSS,-1.0,4.7
2022-01-19,387616,LOSS,-1.0,3.1
2022-01-19,387625,LOSS,-1.0,6.0
2022-01-19,387703,OPEN,0.0,6.7
2022-01-20,388615,LOSS,-1.0,3.5
2022-01-20,388643,WIN,2.327,4.9
2022-01-21,390037,LOSS,-1.0,2.3
2022-01-21,390084,LOSS,-1.0,5.8
2022-01-21,390098,LOSS,-1.0,2.2
2022-01-21,390114,LOSS,-1.0,3.6
2022-01-21,390125,LOSS,-1.0,3.4
2022-01-21,390146,LOSS,-1.0,2.0
2022-01-21,390162,LOSS,-1.0,3.2
2022-01-21,390390,LOSS,-1.0,4.3
2022-01-21,390407,LOSS,-1.0,2.0
2022-01-21,390416,LOSS,-1.0,2.8
2022-01-21,390438,LOSS,-1.0,5.8
2022-01-21,390454,OPEN,0.0,5.0
2022-01-31,398619,LOSS,-1.0,4.3
2022-01-31,398702,LOSS,-1.0,3.8
2022-01-31,399046,LOSS,-1.0,3.9
2022-01-31,399127,LOSS,-1.0,2.3
2022-01-31,399148,LOSS,-1.0,7.6
2022-01-31,399162,LOSS,-1.0,3.1
2022-02-01,400098,LOSS,-1.0,5.0
2022-02-01,400325,OPEN,0.0,4.3
2022-02-10,410127,LOSS,-1.0,2.8
2022-02-10,410143,LOSS,-1.0,3.4
2022-02-10,410193,LOSS,-1.0,4.2
2022-02-10,410206,LOSS,-1.0,3.2
2022-02-10,410214,WIN,4.345,5.5
2022-02-15,414385,LOSS,-1.0,3.0
2022-02-15,414399,LOSS,-1.0,1.9
2022-02-15,414462,LOSS,-1.0,11.0
2022-02-15,414482,LOSS,-1.0,6.5
2022-02-15,414496,LOSS,-1.0,4.7
2022-02-15,414562,LOSS,-1.0,2.2
2022-02-15,414573,LOSS,-1.0,4.6
2022-02-15,414773,LOSS,-1.0,3.6
2022-02-15,414930,OPEN,0.0,7.0
2022-02-16,415814,LOSS,-1.0,3.2
2022-02-16,415853,LOSS,-1.0,4.8
2022-02-16,415861,LOSS,-1.0,4.7
2022-02-16,415869,LOSS,-1.0,2.9
2022-02-16,415876,LOSS,-1.0,2.0
2022-02-16,415887,LOSS,-1.0,6.8
2022-02-16,415908,LOSS,-1.0,3.7
2022-02-16,415917,OPEN,0.0,9.2
2022-02-17,417320,OPEN,0.0,4.5
2022-02-18,418700,LOSS,-1.0,1.4
2022-02-18,418722,LOSS,-1.0,2.2
2022-02-18,418761,LOSS,-1.0,2.2
2022-02-18,418764,LOSS,-1.0,1.1
2022-02-18,418770,LOSS,-1.0,4.7
2022-02-18,418783,WIN,1.63,7.3
2022-02-21,420125,LOSS,-1.0,3.0
2022-02-21,420133,LOSS,-1.0,3.1
2022-02-21,420152,LOSS,-1.0,5.4
2022-02-21,420164,LOSS,-1.0,3.5
2022-02-21,420182,LOSS,-1.0,3.7
2022-02-21,420190,WIN,3.929,12.7
2022-02-22,421645,LOSS,-1.0,7.4
2022-02-22,421699,LOSS,-1.0,6.6
2022-02-22,421759,LOSS,-1.0,5.2
2022-02-22,421787,OPEN,0.0,15.5
2022-02-28,427323,LOSS,-1.0,3.2
2022-02-28,427348,LOSS,-1.0,5.8
2022-02-28,427353,LOSS,-1.0,8.9
2022-02-28,427502,LOSS,-1.0,3.9
2022-02-28,427539,LOSS,-1.0,23.6
2022-02-28,427785,LOSS,-1.0,4.1
2022-02-28,427795,LOSS,-1.0,3.8
2022-02-28,427819,LOSS,-1.0,12.1
2022-02-28,427836,LOSS,-1.0,9.3
2022-02-28,427871,OPEN,0.0,19.3
2022-03-01,428759,LOSS,-1.0,2.3
2022-03-01,428777,LOSS,-1.0,4.4
2022-03-01,428789,LOSS,-1.0,8.3
2022-03-01,428865,LOSS,-1.0,4.5
2022-03-01,428870,WIN,5.818,5.5
2022-03-07,434492,WIN,8.0,8.5
2022-03-09,437378,LOSS,-1.0,4.2
2022-03-09,437448,LOSS,-1.0,3.4
2022-03-09,437508,LOSS,-1.0,6.5
2022-03-09,437544,LOSS,-1.0,5.1
2022-03-09,437552,LOSS,-1.0,5.6
2022-03-09,437560,LOSS,-1.0,5.7
2022-03-09,437738,LOSS,-1.0,5.4
2022-03-09,437772,LOSS,-1.0,1.7
2022-03-09,437780,LOSS,-1.0,22.4
2022-03-09,437815,LOSS,-1.0,6.4
2022-03-09,437880,LOSS,-1.0,3.9
2022-03-09,437928,LOSS,-1.0,7.8
2022-03-09,437938,OPEN,0.0,11.7
2022-03-10,438807,LOSS,-1.0,5.4
2022-03-10,438832,WIN,3.151,7.3
2022-03-14,441782,LOSS,-1.0,6.4
2022-03-14,441796,LOSS,-1.0,3.9
2022-03-14,441804,LOSS,-1.0,2.9
2022-03-14,441818,LOSS,-1.0,9.1
2022-03-14,441839,LOSS,-1.0,4.1
2022-03-14,441861,LOSS,-1.0,7.1
2022-03-14,441902,LOSS,-1.0,11.3
2022-03-14,442297,OPEN,0.0,4.1
2022-03-15,443191,OPEN,0.0,25.0
2022-03-16,444614,WIN,1.934,7.6
2022-03-17,446125,WIN,3.299,8.7
2022-03-23,451793,WIN,3.028,3.6
2022-03-29,457458,LOSS,-1.0,8.1
2022-03-29,457502,LOSS,-1.0,11.6
2022-03-29,457606,LOSS,-1.0,10.0
2022-03-29,457620,LOSS,-1.0,8.0
2022-03-29,457632,LOSS,-1.0,8.0
2022-03-29,457673,LOSS,-1.0,8.6
2022-03-29,457756,LOSS,-1.0,23.2
2022-03-29,457815,LOSS,-1.0,14.0
2022-03-29,457857,LOSS,-1.0,13.8
2022-03-29,457866,OPEN,0.0,8.9
2022-03-30,458876,LOSS,-1.0,6.9
2022-03-30,458911,LOSS,-1.0,9.4
2022-03-30,459009,LOSS,-1.0,7.4
2022-03-30,459019,LOSS,-1.0,7.6
2022-03-30,459041,LOSS,-1.0,6.7
2022-03-30,459320,LOSS,-1.0,11.6
2022-03-30,459357,LOSS,-1.0,5.0
2022-03-30,459373,OPEN,0.0,10.8
2022-04-07,467453,LOSS,-1.0,3.6
2022-04-07,467462,WIN,2.75,10.0
2022-04-13,473168,LOSS,-1.0,3.8
2022-04-13,473502,WIN,6.06,5.0
2022-04-14,474618,LOSS,-1.0,3.2
2022-04-14,474646,LOSS,-1.0,2.8
2022-04-14,474654,WIN,11.8,3.0
2022-04-15,476213,LOSS,-1.0,2.1
2022-04-15,476235,LOSS,-1.0,3.9
2022-04-15,476271,LOSS,-1.0,4.3
2022-04-15,476279,LOSS,-1.0,3.0
2022-04-15,476416,OPEN,0.0,3.6
2022-04-19,478966,LOSS,-1.0,3.4
2022-04-19,478985,LOSS,-1.0,3.9
2022-04-19,479002,LOSS,-1.0,5.4
2022-04-19,479035,LOSS,-1.0,4.8
2022-04-19,479048,LOSS,-1.0,5.2
2022-04-19,479055,LOSS,-1.0,4.7
2022-04-19,479066,OPEN,0.0,8.1
2022-04-20,480510,LOSS,-1.0,4.7
2022-04-20,480528,LOSS,-1.0,4.0
2022-04-20,480536,LOSS,-1.0,4.9
2022-04-20,480576,LOSS,-1.0,5.9
2022-04-20,480606,LOSS,-1.0,8.5
2022-04-20,480885,OPEN,0.0,6.6
2022-04-21,481792,LOSS,-1.0,4.6
2022-04-21,481827,LOSS,-1.0,5.2
2022-04-21,481844,LOSS,-1.0,7.6
2022-04-21,481889,LOSS,-1.0,8.1
2022-04-21,481902,OPEN,0.0,15.1
2022-04-22,483234,WIN,6.923,2.6
2022-04-29,490416,LOSS,-1.0,5.2
2022-04-29,490462,LOSS,-1.0,5.5
2022-04-29,490495,LOSS,-1.0,12.0
2022-04-29,490552,OPEN,0.0,9.5
2022-05-11,501858,LOSS,-1.0,5.7
2022-05-11,501865,LOSS,-1.0,7.4
2022-05-11,501883,LOSS,-1.0,7.3
2022-05-11,501936,LOSS,-1.0,6.4
2022-05-11,501985,LOSS,-1.0,6.6
2022-05-11,501993,LOSS,-1.0,1.6
2022-05-11,501998,LOSS,-1.0,6.7
2022-05-11,502031,LOSS,-1.0,10.1
2022-05-11,502046,LOSS,-1.0,3.8
2022-05-11,502049,WIN,6.388,6.7
2022-05-13,504734,LOSS,-1.0,7.1
2022-05-13,504782,LOSS,-1.0,7.1
2022-05-13,504796,LOSS,-1.0,1.8
2022-05-13,504820,LOSS,-1.0,10.6
2022-05-13,504845,WIN,6.169,6.5
2022-05-16,506253,LOSS,-1.0,6.0
2022-05-16,506305,LOSS,-1.0,4.4
2022-05-16,506331,LOSS,-1.0,3.8
2022-05-16,506342,LOSS,-1.0,6.3
2022-05-16,506461,OPEN,0.0,6.2
2022-05-17,507605,LOSS,-1.0,7.0
2022-05-17,507633,LOSS,-1.0,10.2
2022-05-17,507665,LOSS,-1.0,14.3
2022-05-17,507740,LOSS,-1.0,9.2
2022-05-17,507757,LOSS,-1.0,1.8
2022-05-17,507761,LOSS,-1.0,6.9
2022-05-17,507789,LOSS,-1.0,3.3
2022-05-17,507813,LOSS,-1.0,9.4
2022-05-17,507866,LOSS,-1.0,5.4
2022-05-17,507935,LOSS,-1.0,4.6
2022-05-17,507998,OPEN,0.0,4.1
2022-05-20,511877,WIN,3.565,8.5
2022-05-23,513336,LOSS,-1.0,6.7
2022-05-23,513365,LOSS,-1.0,3.1
2022-05-23,513376,LOSS,-1.0,5.2
2022-05-23,513442,LOSS,-1.0,5.6
2022-05-23,513454,LOSS,-1.0,5.7
2022-05-23,513490,LOSS,-1.0,0.5
2022-05-23,513501,LOSS,-1.0,5.1
2022-05-23,513515,LOSS,-1.0,13.6
2022-05-23,513537,LOSS,-1.0,6.0
2022-05-23,513870,OPEN,0.0,2.2
2022-05-24,514797,LOSS,-1.0,9.8
2022-05-24,514831,LOSS,-1.0,7.2
2022-05-24,514864,LOSS,-1.0,5.9
2022-05-24,515215,LOSS,-1.0,7.7
2022-05-24,515228,LOSS,-1.0,8.2
2022-05-24,515255,OPEN,0.0,4.2
2022-05-30,520483,LOSS,-1.0,4.6
2022-05-30,520493,LOSS,-1.0,7.2
2022-05-30,520514,LOSS,-1.0,4.1
2022-05-30,520672,LOSS,-1.0,5.5
2022-05-30,520687,LOSS,-1.0,6.9
2022-05-30,520765,LOSS,-1.0,5.7
2022-05-30,520786,LOSS,-1.0,4.2
2022-05-30,521014,LOSS,-1.0,6.3
2022-05-30,521033,LOSS,-1.0,3.4
2022-05-30,521044,OPEN,0.0,3.0
2022-06-02,524777,LOSS,-1.0,5.0
2022-06-02,524797,LOSS,-1.0,0.7
2022-06-02,524806,LOSS,-1.0,5.7
2022-06-02,524839,LOSS,-1.0,4.2
2022-06-02,524860,LOSS,-1.0,8.2
2022-06-02,524876,LOSS,-1.0,4.7
2022-06-02,524898,LOSS,-1.0,4.9
2022-06-02,524910,LOSS,-1.0,4.1
2022-06-02,524925,LOSS,-1.0,4.5
2022-06-02,525057,LOSS,-1.0,3.7
2022-06-02,525067,LOSS,-1.0,4.7
2022-06-02,525149,LOSS,-1.0,8.7
2022-06-02,525172,LOSS,-1.0,7.6
2022-06-02,525190,LOSS,-1.0,13.7
2022-06-02,525264,LOSS,-1.0,7.2
2022-06-02,525297,LOSS,-1.0,4.7
2022-06-02,525322,LOSS,-1.0,4.6
2022-06-02,525334,LOSS,-1.0,6.7
2022-06-02,525363,OPEN,0.0,5.3
2022-06-06,527671,LOSS,-1.0,5.8
2022-06-06,527708,LOSS,-1.0,3.3
2022-06-06,527742,LOSS,-1.0,5.9
2022-06-06,527769,LOSS,-1.0,4.1
2022-06-06,527818,WIN,5.883,6.0
2022-06-10,533455,LOSS,-1.0,4.0
2022-06-10,533461,LOSS,-1.0,4.5
2022-06-10,533477,WIN,5.575,4.0
2022-06-14,536240,LOSS,-1.0,2.7
2022-06-14,536257,LOSS,-1.0,5.9
2022-06-14,536275,LOSS,-1.0,3.1
2022-06-14,536293,LOSS,-1.0,10.2
2022-06-14,536327,LOSS,-1.0,9.8
2022-06-14,536356,LOSS,-1.0,5.4
2022-06-14,536392,LOSS,-1.0,7.1
2022-06-14,536405,OPEN,0.0,4.8
2022-06-15,537714,LOSS,-1.0,8.5
2022-06-15,537772,LOSS,-1.0,6.5
2022-06-15,537788,LOSS,-1.0,6.8
2022-06-15,537811,LOSS,-1.0,7.1
2022-06-15,537851,LOSS,-1.0,7.2
2022-06-15,537868,LOSS,-1.0,5.9
2022-06-15,537917,WIN,18.091,3.3
2022-06-20,541999,LOSS,-1.0,9.0
2022-06-20,542168,LOSS,-1.0,2.6
2022-06-20,542185,OPEN,0.0,6.0
2022-06-24,547703,LOSS,-1.0,8.2
2022-06-24,547871,LOSS,-1.0,5.3
2022-06-24,547905,LOSS,-1.0,7.4
2022-06-24,547937,LOSS,-1.0,5.2
2022-06-24,548177,LOSS,-1.0,15.5
2022-06-24,548205,OPEN,0.0,10.2
2022-06-27,549227,LOSS,-1.0,4.6
2022-06-27,549247,LOSS,-1.0,6.0
2022-06-27,549704,OPEN,0.0,6.0
2022-06-28,550611,WIN,2.768,9.5
2022-06-30,553457,LOSS,-1.0,5.1
2022-06-30,553467,WIN,10.258,3.1
2022-07-05,557759,LOSS,-1.0,5.2
2022-07-05,557793,WIN,1.2,7.5
2022-07-07,560612,LOSS,-1.0,3.1
2022-07-07,560634,LOSS,-1.0,3.8
2022-07-07,560643,WIN,7.204,4.9
2022-07-13,566332,LOSS,-1.0,4.2
2022-07-13,566341,LOSS,-1.0,8.6
2022-07-13,566377,LOSS,-1.0,2.9
2022-07-13,566384,LOSS,-1.0,2.7
2022-07-13,566404,WIN,0.409,21.5
2022-07-19,572091,LOSS,-1.0,5.9
2022-07-19,572108,LOSS,-1.0,5.0
2022-07-19,572131,LOSS,-1.0,5.0
2022-07-19,572160,LOSS,-1.0,3.4
2022-07-19,572175,LOSS,-1.0,15.6
2022-07-19,572205,LOSS,-1.0,7.0
2022-07-19,572227,LOSS,-1.0,6.2
2022-07-19,572261,LOSS,-1.0,15.1
2022-07-19,572313,LOSS,-1.0,18.3
2022-07-19,572330,OPEN,0.0,17.7
2022-07-21,574958,WIN,10.348,4.6
2022-07-25,577904,LOSS,-1.0,4.7
2022-07-25,577908,WIN,1.904,8.3
2022-07-27,580689,WIN,1.452,12.6
2022-07-28,582127,LOSS,-1.0,3.8
2022-07-28,582156,WIN,3.39,12.3
2022-07-29,583583,LOSS,-1.0,4.3
2022-07-29,583621,WIN,8.446,6.5
2022-08-01,585126,LOSS,-1.0,7.7
2022-08-01,585152,LOSS,-1.0,7.2
2022-08-01,585216,LOSS,-1.0,6.2
2022-08-01,585493,LOSS,-1.0,10.5
2022-08-01,585531,LOSS,-1.0,4.9
2022-08-01,585566,LOSS,-1.0,2.3
2022-08-01,585569,LOSS,-1.0,1.4
2022-08-01,585577,OPEN,0.0,3.8
2022-08-04,589366,LOSS,-1.0,6.5
2022-08-04,589383,LOSS,-1.0,3.7
2022-08-04,589390,LOSS,-1.0,1.7
2022-08-04,589394,LOSS,-1.0,4.3
2022-08-04,589436,LOSS,-1.0,4.2
2022-08-04,589480,LOSS,-1.0,5.5
2022-08-04,589503,LOSS,-1.0,5.7
2022-08-04,589518,LOSS,-1.0,4.0
2022-08-04,589765,LOSS,-1.0,8.7
2022-08-04,589783,LOSS,-1.0,7.1
2022-08-04,589834,LOSS,-1.0,4.6
2022-08-04,589856,OPEN,0.0,5.4
2022-08-08,592169,LOSS,-1.0,4.0
2022-08-08,592203,LOSS,-1.0,8.6
2022-08-08,592244,LOSS,-1.0,4.4
2022-08-08,592283,LOSS,-1.0,7.6
2022-08-08,592643,LOSS,-1.0,13.5
2022-08-08,592715,LOSS,-1.0,5.8
2022-08-08,592737,OPEN,0.0,4.0
2022-08-09,593616,LOSS,-1.0,1.3
2022-08-09,593623,LOSS,-1.0,3.8
2022-08-09,593645,LOSS,-1.0,3.8
2022-08-09,593702,LOSS,-1.0,4.8
2022-08-09,593743,LOSS,-1.0,3.7
2022-08-09,593772,LOSS,-1.0,5.2
2022-08-09,593801,OPEN,0.0,9.7
2022-08-17,602224,WIN,1.957,6.9
2022-08-19,605206,WIN,10.174,2.3
2022-08-25,610850,LOSS,-1.0,4.9
2022-08-25,610884,WIN,3.896,14.4
2022-08-29,613787,LOSS,-1.0,7.3
2022-08-29,613805,LOSS,-1.0,4.9
2022-08-29,613924,LOSS,-1.0,8.3
2022-08-29,613963,LOSS,-1.0,5.9
2022-08-29,614008,LOSS,-1.0,9.4
2022-08-29,614076,LOSS,-1.0,1.4
2022-08-29,614120,LOSS,-1.0,6.8
2022-08-29,614128,OPEN,0.0,7.9
2022-08-30,615264,LOSS,-1.0,13.3
2022-08-30,615277,LOSS,-1.0,8.2
2022-08-30,615311,LOSS,-1.0,7.4
2022-08-30,615341,LOSS,-1.0,6.9
2022-08-30,615366,LOSS,-1.0,5.5
2022-08-30,615377,LOSS,-1.0,3.8
2022-08-30,615428,OPEN,0.0,5.2
2022-08-31,616588,WIN,2.425,7.3
2022-09-02,619471,LOSS,-1.0,7.2
2022-09-02,619517,LOSS,-1.0,5.1
2022-09-02,619537,LOSS,-1.0,3.7
2022-09-02,619547,LOSS,-1.0,6.7
2022-09-02,619557,LOSS,-1.0,3.5
2022-09-02,619573,LOSS,-1.0,4.3
2022-09-02,619713,LOSS,-1.0,10.5
2022-09-02,619861,LOSS,-1.0,20.5
2022-09-02,620004,LOSS,-1.0,8.9
2022-09-02,620029,OPEN,0.0,4.5
2022-09-06,622400,LOSS,-1.0,7.5
2022-09-06,622418,LOSS,-1.0,3.3
2022-09-06,622426,LOSS,-1.0,2.8
2022-09-06,622439,LOSS,-1.0,3.3
2022-09-06,622452,WIN,4.985,6.7
2022-09-07,623831,LOSS,-1.0,5.4
2022-09-07,623897,LOSS,-1.0,7.1
2022-09-07,623899,LOSS,-1.0,2.2
2022-09-07,623905,WIN,5.333,8.4
2022-09-08,625233,WIN,3.89,7.3
2022-09-09,626726,LOSS,-1.0,8.7
2022-09-09,626739,LOSS,-1.0,14.4
2022-09-09,626825,OPEN,0.0,6.0
2022-09-12,628178,LOSS,-1.0,7.1
2022-09-12,628194,LOSS,-1.0,7.3
2022-09-12,628244,LOSS,-1.0,2.0
2022-09-12,628249,LOSS,-1.0,3.8
2022-09-12,628263,OPEN,0.0,3.8
2022-09-13,629538,LOSS,-1.0,4.6
2022-09-13,629557,LOSS,-1.0,4.1
2022-09-13,629587,LOSS,-1.0,4.2
2022-09-13,629609,LOSS,-1.0,3.8
2022-09-13,629647,LOSS,-1.0,7.4
2022-09-13,629691,LOSS,-1.0,6.9
2022-09-13,629697,LOSS,-1.0,8.5
2022-09-13,629743,LOSS,-1.0,2.3
2022-09-13,629761,LOSS,-1.0,2.4
2022-09-13,629776,LOSS,-1.0,3.9
2022-09-13,629808,LOSS,-1.0,4.0
2022-09-13,629821,LOSS,-1.0,4.5
2022-09-13,629836,LOSS,-1.0,5.4
2022-09-13,629853,WIN,9.695,5.9
2022-09-22,639641,LOSS,-1.0,4.0
2022-09-22,639663,LOSS,-1.0,9.5
2022-09-22,639696,LOSS,-1.0,14.8
2022-09-22,639707,LOSS,-1.0,4.6
2022-09-22,639732,LOSS,-1.0,8.5
2022-09-22,639745,LOSS,-1.0,5.4
2022-09-22,639846,LOSS,-1.0,8.3
2022-09-22,639862,LOSS,-1.0,16.5
2022-09-22,639934,LOSS,-1.0,13.2
2022-09-22,639969,OPEN,0.0,11.5
2022-09-26,642513,OPEN,0.0,7.9
2022-09-27,643873,LOSS,-1.0,3.6
2022-09-27,643888,WIN,7.75,5.6
2022-09-30,648185,WIN,3.351,7.7
2022-10-04,651050,LOSS,-1.0,8.0
2022-10-04,651084,LOSS,-1.0,7.9
2022-10-04,651102,LOSS,-1.0,5.5
2022-10-04,651125,LOSS,-1.0,1.5
2022-10-04,651147,LOSS,-1.0,8.4
2022-10-04,651296,LOSS,-1.0,8.8
2022-10-04,651313,LOSS,-1.0,1.4
2022-10-04,651320,LOSS,-1.0,8.5
2022-10-04,651435,LOSS,-1.0,7.7
2022-10-04,651456,LOSS,-1.0,7.1
2022-10-04,651529,LOSS,-1.0,15.2
2022-10-04,651595,LOSS,-1.0,4.9
2022-10-04,651616,LOSS,-1.0,8.1
2022-10-05,652525,WIN,2.245,10.2
2022-10-12,659650,LOSS,-1.0,4.9
2022-10-12,659668,LOSS,-1.0,9.7
2022-10-12,659683,WIN,9.255,4.7
2022-10-17,663972,WIN,1.259,5.4
2022-10-18,665385,LOSS,-1.0,4.8
2022-10-18,665398,LOSS,-1.0,4.9
2022-10-18,665403,LOSS,-1.0,5.7
2022-10-18,665431,LOSS,-1.0,4.6
2022-10-18,665449,WIN,3.613,9.3
2022-10-20,668260,LOSS,-1.0,6.6
2022-10-20,668318,LOSS,-1.0,6.5
2022-10-20,668333,LOSS,-1.0,4.8
2022-10-20,668360,LOSS,-1.0,5.5
2022-10-20,668529,LOSS,-1.0,4.8
2022-10-20,668540,LOSS,-1.0,7.2
2022-10-20,668562,LOSS,-1.0,4.3
2022-10-20,668633,LOSS,-1.0,2.4
2022-10-20,668638,LOSS,-1.0,8.9
2022-10-20,668749,LOSS,-1.0,8.2
2022-10-20,668760,LOSS,-1.0,4.6
2022-10-20,668786,OPEN,0.0,7.1
2022-10-26,674000,LOSS,-1.0,7.6
2022-10-26,674031,LOSS,-1.0,6.0
2022-10-26,674050,LOSS,-1.0,12.5
2022-10-26,674074,LOSS,-1.0,5.0
2022-10-26,674093,LOSS,-1.0,5.0
2022-10-26,674101,LOSS,-1.0,6.8
2022-10-26,674108,LOSS,-1.0,6.2
2022-10-26,674115,LOSS,-1.0,8.2
2022-10-26,674149,LOSS,-1.0,6.7
2022-10-26,674169,LOSS,-1.0,6.4
2022-10-26,674519,LOSS,-1.0,7.0
2022-10-26,674527,LOSS,-1.0,4.4
2022-10-26,674567,OPEN,0.0,4.7
2022-11-01,679772,LOSS,-1.0,8.8
2022-11-01,679823,LOSS,-1.0,1.5
2022-11-01,679844,LOSS,-1.0,4.8
2022-11-01,680090,LOSS,-1.0,4.2
2022-11-01,680102,LOSS,-1.0,4.1
2022-11-01,680138,WIN,8.433,6.7
2022-11-04,684221,LOSS,-1.0,4.8
2022-11-04,684284,LOSS,-1.0,6.8
2022-11-04,684337,LOSS,-1.0,4.0
2022-11-04,684344,LOSS,-1.0,5.7
2022-11-04,684359,LOSS,-1.0,6.1
2022-11-04,684441,LOSS,-1.0,5.8
2022-11-04,684453,LOSS,-1.0,7.2
2022-11-04,684491,LOSS,-1.0,4.6
2022-11-04,684501,LOSS,-1.0,16.2
2022-11-04,684525,LOSS,-1.0,6.0
2022-11-04,684531,OPEN,0.0,10.0
2022-11-07,685443,LOSS,-1.0,6.1
2022-11-07,685454,LOSS,-1.0,4.8
2022-11-07,685548,LOSS,-1.0,9.0
2022-11-07,685574,OPEN,0.0,10.3
2022-11-10,689775,WIN,0.934,7.6
2022-11-11,691201,LOSS,-1.0,8.0
2022-11-11,691230,LOSS,-1.0,3.7
2022-11-11,691236,LOSS,-1.0,1.1
2022-11-11,691256,LOSS,-1.0,8.7
2022-11-11,691293,LOSS,-1.0,5.9
2022-11-11,691316,LOSS,-1.0,9.1
2022-11-11,691377,LOSS,-1.0,6.0
2022-11-11,691400,LOSS,-1.0,8.6
2022-11-11,691415,LOSS,-1.0,5.6
2022-11-11,691422,LOSS,-1.0,4.9
2022-11-11,691460,LOSS,-1.0,6.9
2022-11-11,691473,LOSS,-1.0,4.6
2022-11-11,691482,LOSS,-1.0,7.7
2022-11-11,691491,LOSS,-1.0,4.2
2022-11-11,691509,LOSS,-1.0,7.6
2022-11-11,691528,LOSS,-1.0,8.4
2022-11-11,691567,LOSS,-1.0,5.5
2022-11-11,691579,LOSS,-1.0,2.9
2022-11-11,691601,LOSS,-1.0,7.0
2022-11-11,691628,LOSS,-1.0,2.9
2022-11-11,691728,LOSS,-1.0,6.2
2022-11-11,691736,LOSS,-1.0,4.1
2022-11-11,691739,LOSS,-1.0,8.3
2022-11-11,691763,LOSS,-1.0,12.3
2022-11-11,691778,LOSS,-1.0,3.5
2022-11-14,692714,WIN,6.947,5.7
2022-11-15,694080,LOSS,-1.0,2.8
2022-11-15,694120,LOSS,-1.0,12.2
2022-11-15,694126,LOSS,-1.0,5.1
2022-11-15,694148,LOSS,-1.0,9.8
2022-11-15,694299,LOSS,-1.0,10.5
2022-11-15,694314,LOSS,-1.0,4.6
2022-11-15,694470,OPEN,0.0,39.2
2022-11-16,695516,LOSS,-1.0,18.6
2022-11-16,695565,LOSS,-1.0,14.0
2022-11-16,695575,LOSS,-1.0,5.4
2022-11-16,695632,LOSS,-1.0,4.5
2022-11-16,695645,LOSS,-1.0,2.3
2022-11-16,695683,LOSS,-1.0,5.2
2022-11-16,695707,OPEN,0.0,7.5
2022-11-17,696977,LOSS,-1.0,7.1
2022-11-17,697003,LOSS,-1.0,9.4
2022-11-17,697022,LOSS,-1.0,0.8
2022-11-17,697039,WIN,3.722,9.0
2022-11-23,702712,LOSS,-1.0,8.5
2022-11-23,702752,WIN,3.364,11.0
2022-11-28,707001,LOSS,-1.0,4.5
2022-11-28,707011,LOSS,-1.0,5.9
2022-11-28,707043,LOSS,-1.0,7.0
2022-11-28,707058,LOSS,-1.0,3.9
2022-11-28,707091,LOSS,-1.0,11.1
2022-11-28,707133,LOSS,-1.0,5.6
2022-11-28,707151,LOSS,-1.0,4.4
2022-11-28,707201,LOSS,-1.0,10.1
2022-11-28,707215,LOSS,-1.0,11.8
2022-11-28,707234,LOSS,-1.0,8.0
2022-11-28,707245,LOSS,-1.0,7.9
2022-11-28,707264,OPEN,0.0,7.6
2022-11-30,709981,LOSS,-1.0,3.5
2022-11-30,709994,LOSS,-1.0,5.0
2022-11-30,710251,LOSS,-1.0,12.9
2022-11-30,710304,LOSS,-1.0,7.9
2022-11-30,710328,WIN,2.699,17.3
2022-12-01,711303,LOSS,-1.0,6.1
2022-12-01,711330,WIN,1.801,16.1
2022-12-02,712741,LOSS,-1.0,8.2
2022-12-02,712753,LOSS,-1.0,9.0
2022-12-02,712787,LOSS,-1.0,8.1
2022-12-02,712847,LOSS,-1.0,0.8
2022-12-02,712851,LOSS,-1.0,5.2
2022-12-02,713091,LOSS,-1.0,5.9
2022-12-02,713108,LOSS,-1.0,4.4
2022-12-02,713116,LOSS,-1.0,5.7
2022-12-02,713128,WIN,0.0,62.6
2022-12-08,718504,LOSS,-1.0,4.7
2022-12-08,718531,WIN,5.925,5.3
2022-12-09,719937,WIN,1.595,11.1
2022-12-12,721368,LOSS,-1.0,11.6
2022-12-12,721402,LOSS,-1.0,13.1
2022-12-12,721478,LOSS,-1.0,6.8
2022-12-12,721511,LOSS,-1.0,4.6
2022-12-12,721522,LOSS,-1.0,3.1
2022-12-12,721532,LOSS,-1.0,4.7
2022-12-12,721602,LOSS,-1.0,4.8
2022-12-12,721616,LOSS,-1.0,5.7
2022-12-12,721648,LOSS,-1.0,6.8
2022-12-12,721683,LOSS,-1.0,4.9
2022-12-12,721694,LOSS,-1.0,8.0
2022-12-12,721784,LOSS,-1.0,9.0
2022-12-12,721861,OPEN,0.0,14.7
2022-12-13,722804,LOSS,-1.0,3.8
2022-12-13,722827,LOSS,-1.0,0.8
2022-12-13,722842,LOSS,-1.0,5.7
2022-12-13,722859,WIN,1.706,10.9
2022-12-14,724231,WIN,3.327,5.2
2022-12-16,727112,WIN,3.937,4.8
2022-12-19,728535,LOSS,-1.0,3.2
2022-12-19,728547,LOSS,-1.0,4.4
2022-12-19,728618,LOSS,-1.0,5.4
2022-12-19,728666,LOSS,-1.0,6.1
2022-12-19,728684,WIN,5.109,10.1
2022-12-21,731440,LOSS,-1.0,5.2
2022-12-21,731460,LOSS,-1.0,4.5
2022-12-21,731469,LOSS,-1.0,5.6
2022-12-21,731488,WIN,1.047,15.0
2022-12-22,732852,LOSS,-1.0,4.1
2022-12-22,732930,LOSS,-1.0,6.2
2022-12-22,733030,LOSS,-1.0,5.8
2022-12-22,733063,WIN,6.477,4.4
2022-12-23,734288,LOSS,-1.0,4.8
2022-12-23,734339,LOSS,-1.0,9.2
2022-12-23,734685,OPEN,0.0,21.2
2022-12-26,735697,LOSS,-1.0,1.1
2022-12-26,735700,LOSS,-1.0,1.5
2022-12-26,735717,LOSS,-1.0,1.6
2022-12-26,736053,OPEN,0.0,4.2
2022-12-27,737055,LOSS,-1.0,4.0
2022-12-27,737262,WIN,5.182,5.5
2022-12-28,738505,LOSS,-1.0,1.0
2022-12-28,738515,LOSS,-1.0,4.7
2022-12-28,738840,LOSS,-1.0,3.4
2022-12-28,738934,LOSS,-1.0,4.4
2022-12-28,738955,WIN,5.397,6.8
2023-01-04,745617,LOSS,-1.0,2.2
2023-01-04,745623,LOSS,-1.0,6.5
2023-01-04,745655,LOSS,-1.0,17.6
2023-01-04,745682,LOSS,-1.0,5.6
2023-01-04,745698,OPEN,0.0,17.9
2023-01-09,749923,LOSS,-1.0,5.1
2023-01-09,749974,LOSS,-1.0,5.4
2023-01-09,750011,LOSS,-1.0,7.0
2023-01-09,750278,LOSS,-1.0,3.6
2023-01-09,750295,LOSS,-1.0,8.4
2023-01-09,750326,LOSS,-1.0,8.5
2023-01-09,750377,LOSS,-1.0,2.5
2023-01-09,750391,LOSS,-1.0,10.1
2023-01-09,750400,LOSS,-1.0,10.6
2023-01-09,750428,LOSS,-1.0,2.6
2023-01-09,750484,LOSS,-1.0,5.2
2023-01-10,751422,LOSS,-1.0,3.2
2023-01-10,751429,LOSS,-1.0,4.7
2023-01-10,751438,LOSS,-1.0,4.7
2023-01-10,751489,WIN,3.75,6.4
2023-01-11,752776,LOSS,-1.0,7.3
2023-01-11,752792,WIN,4.129,6.2
2023-01-13,755708,LOSS,-1.0,15.1
2023-01-13,755735,LOSS,-1.0,1.9
2023-01-13,755745,WIN,2.533,9.2
2023-01-17,758566,LOSS,-1.0,5.1
2023-01-17,758598,LOSS,-1.0,10.7
2023-01-17,758825,LOSS,-1.0,3.0
2023-01-17,758852,LOSS,-1.0,5.2
2023-01-17,758895,LOSS,-1.0,8.8
2023-01-17,758925,LOSS,-1.0,5.4
2023-01-17,758943,WIN,5.945,9.1
2023-01-18,759932,LOSS,-1.0,5.7
2023-01-18,759949,LOSS,-1.0,6.4
2023-01-18,759958,LOSS,-1.0,12.9
2023-01-18,759973,LOSS,-1.0,14.4
2023-01-18,759982,LOSS,-1.0,5.8
2023-01-18,759994,LOSS,-1.0,6.7
2023-01-18,760015,LOSS,-1.0,10.1
2023-01-18,760068,LOSS,-1.0,7.6
2023-01-18,760083,LOSS,-1.0,6.5
2023-01-18,760109,LOSS,-1.0,3.6
2023-01-18,760322,LOSS,-1.0,23.0
2023-01-18,760340,LOSS,-1.0,6.3
2023-01-18,760365,LOSS,-1.0,6.7
2023-01-18,760375,OPEN,0.0,5.9
2023-01-19,761408,LOSS,-1.0,4.2
2023-01-19,761421,LOSS,-1.0,2.4
2023-01-19,761456,LOSS,-1.0,6.0
2023-01-19,761471,LOSS,-1.0,7.7
2023-01-19,761507,LOSS,-1.0,7.1
2023-01-19,761530,LOSS,-1.0,1.5
2023-01-19,761538,LOSS,-1.0,2.6
2023-01-19,761544,LOSS,-1.0,3.1
2023-01-19,761561,LOSS,-1.0,3.7
2023-01-19,761577,LOSS,-1.0,4.0
2023-01-19,761581,LOSS,-1.0,7.1
2023-01-19,761592,LOSS,-1.0,4.8
2023-01-19,761611,OPEN,0.0,10.6
2023-01-23,764245,WIN,1.292,20.2
2023-01-24,765665,LOSS,-1.0,6.3
2023-01-24,765691,LOSS,-1.0,3.2
2023-01-24,765705,WIN,3.982,5.5
2023-01-25,767092,LOSS,-1.0,3.8
2023-01-25,767112,WIN,9.56,2.5
2023-02-01,774215,LOSS,-1.0,3.4
2023-02-01,774256,LOSS,-1.0,7.8
2023-02-01,774294,LOSS,-1.0,4.3
2023-02-01,774309,LOSS,-1.0,3.0
2023-02-01,774383,LOSS,-1.0,4.7
2023-02-01,774416,LOSS,-1.0,4.7
2023-02-01,774436,LOSS,-1.0,3.7
2023-02-01,774458,LOSS,-1.0,3.7
2023-02-01,774477,LOSS,-1.0,2.9
2023-02-01,774526,LOSS,-1.0,3.0
2023-02-01,774576,LOSS,-1.0,7.5
2023-02-01,774606,LOSS,-1.0,5.0
2023-02-01,774621,LOSS,-1.0,2.7
2023-02-01,774738,LOSS,-1.0,5.2
2023-02-01,774756,LOSS,-1.0,5.3
2023-02-01,774775,OPEN,0.0,3.7
2023-02-03,777058,WIN,3.541,3.7
2023-02-08,781380,LOSS,-1.0,5.6
2023-02-08,781408,LOSS,-1.0,12.1
2023-02-08,781491,WIN,8.024,4.1
2023-02-09,782802,LOSS,-1.0,6.0
2023-02-09,782814,LOSS,-1.0,3.5
2023-02-09,782853,LOSS,-1.0,4.0
2023-02-09,782860,LOSS,-1.0,3.5
2023-02-09,782876,LOSS,-1.0,5.7
2023-02-09,782882,LOSS,-1.0,2.6
2023-02-09,782899,LOSS,-1.0,3.6
2023-02-09,782918,LOSS,-1.0,5.6
2023-02-09,783007,LOSS,-1.0,2.9
2023-02-09,783024,LOSS,-1.0,6.7
2023-02-09,783181,LOSS,-1.0,5.1
2023-02-09,783205,LOSS,-1.0,7.1
2023-02-09,783245,LOSS,-1.0,3.8
2023-02-09,783256,LOSS,-1.0,5.2
2023-02-09,783275,OPEN,0.0,4.7
2023-02-10,784247,LOSS,-1.0,10.0
2023-02-10,784271,LOSS,-1.0,5.5
2023-02-10,784280,LOSS,-1.0,1.5
2023-02-10,784291,WIN,5.16,5.0
2023-02-13,785665,LOSS,-1.0,3.7
2023-02-13,785686,LOSS,-1.0,5.4
2023-02-13,785989,LOSS,-1.0,5.5
2023-02-13,786117,LOSS,-1.0,5.2
2023-02-13,786124,LOSS,-1.0,6.5
2023-02-13,786146,LOSS,-1.0,5.8
2023-02-13,786162,LOSS,-1.0,5.0
2023-02-13,786179,LOSS,-1.0,7.3
2023-02-13,786190,OPEN,0.0,5.6
2023-02-14,787092,LOSS,-1.0,7.1
2023-02-14,787211,LOSS,-1.0,5.1
2023-02-14,787227,LOSS,-1.0,7.7
2023-02-14,787241,LOSS,-1.0,4.2
2023-02-14,787248,LOSS,-1.0,4.8
2023-02-14,787262,LOSS,-1.0,2.5
2023-02-14,787279,LOSS,-1.0,3.6
2023-02-14,787346,LOSS,-1.0,2.1
2023-02-14,787352,LOSS,-1.0,4.4
2023-02-14,787369,LOSS,-1.0,1.7
2023-02-14,787380,LOSS,-1.0,4.4
2023-02-14,787440,LOSS,-1.0,4.0
2023-02-14,787451,WIN,5.046,6.5
2023-02-16,790047,WIN,4.448,5.8
2023-02-20,792790,LOSS,-1.0,4.1
2023-02-20,792812,LOSS,-1.0,3.1
2023-02-20,792837,LOSS,-1.0,6.5
2023-02-20,792854,LOSS,-1.0,5.1
2023-02-20,792898,LOSS,-1.0,3.3
2023-02-20,792938,LOSS,-1.0,7.2
2023-02-20,792970,LOSS,-1.0,6.3
2023-02-20,793007,WIN,3.161,3.1
2023-03-01,799882,LOSS,-1.0,0.4
2023-03-01,799894,LOSS,-1.0,5.3
2023-03-01,799924,LOSS,-1.0,6.0
2023-03-01,799961,LOSS,-1.0,5.9
2023-03-01,799980,LOSS,-1.0,1.4
2023-03-01,799989,LOSS,-1.0,1.9
2023-03-01,800026,LOSS,-1.0,8.6
2023-03-01,800050,LOSS,-1.0,6.9
2023-03-01,800084,LOSS,-1.0,3.1
2023-03-01,800092,LOSS,-1.0,2.8
2023-03-01,800108,OPEN,0.0,10.0
2023-03-03,801929,LOSS,-1.0,3.8
2023-03-03,801951,LOSS,-1.0,2.2
2023-03-03,801969,LOSS,-1.0,0.8
2023-03-03,801973,LOSS,-1.0,4.9
2023-03-03,801990,LOSS,-1.0,2.8
2023-03-03,802003,WIN,5.028,3.6
2023-03-06,802925,LOSS,-1.0,1.8
2023-03-06,802930,LOSS,-1.0,4.8
2023-03-06,802943,LOSS,-1.0,6.3
2023-03-06,802992,WIN,3.256,7.8
2023-03-09,805928,LOSS,-1.0,4.2
2023-03-09,805952,LOSS,-1.0,0.8
2023-03-09,805959,LOSS,-1.0,4.3
2023-03-09,806020,LOSS,-1.0,2.6
2023-03-09,806030,LOSS,-1.0,4.0
2023-03-09,806077,LOSS,-1.0,3.6
2023-03-09,806108,LOSS,-1.0,3.4
2023-03-09,806132,LOSS,-1.0,6.2
2023-03-09,806258,OPEN,0.0,7.0
2023-03-10,806958,LOSS,-1.0,2.0
2023-03-10,806966,WIN,3.383,4.7
2023-03-13,807993,WIN,5.447,11.4
2023-03-16,810977,LOSS,-1.0,9.2
2023-03-16,810993,LOSS,-1.0,3.2
2023-03-16,811018,LOSS,-1.0,1.8
2023-03-16,811026,WIN,5.643,7.0
2023-03-17,811980,LOSS,-1.0,9.0
2023-03-17,812040,WIN,7.03,6.7
2023-03-23,816080,WIN,3.838,9.9
2023-03-28,819088,LOSS,-1.0,3.2
2023-03-28,819120,LOSS,-1.0,1.9
2023-03-28,819277,LOSS,-1.0,3.9
2023-03-28,819293,LOSS,-1.0,4.4
2023-03-28,819303,LOSS,-1.0,1.5
2023-03-28,819321,LOSS,-1.0,7.2
2023-03-28,819391,LOSS,-1.0,3.0
2023-03-28,819414,OPEN,0.0,4.4
2023-03-30,821049,LOSS,-1.0,6.4
2023-03-30,821099,LOSS,-1.0,1.9
2023-03-30,821130,LOSS,-1.0,2.5
2023-03-30,821145,LOSS,-1.0,5.0
2023-03-30,821156,LOSS,-1.0,2.2
2023-03-30,821170,LOSS,-1.0,4.4
2023-03-30,821177,LOSS,-1.0,7.7
2023-03-30,821207,LOSS,-1.0,7.7
2023-03-30,821294,LOSS,-1.0,6.6
2023-03-30,821347,LOSS,-1.0,6.9
2023-03-30,821351,LOSS,-1.0,9.3
2023-03-30,821376,OPEN,0.0,3.8
2023-04-03,823179,LOSS,-1.0,4.5
2023-04-03,823205,LOSS,-1.0,6.4
2023-04-03,823230,LOSS,-1.0,2.6
2023-04-03,823237,LOSS,-1.0,6.5
2023-04-03,823293,LOSS,-1.0,8.1
2023-04-03,823316,LOSS,-1.0,3.9
2023-04-03,823324,LOSS,-1.0,5.2
2023-04-03,823347,LOSS,-1.0,3.1
2023-04-03,823376,LOSS,-1.0,3.6
2023-04-03,823393,LOSS,-1.0,10.9
2023-04-03,823416,LOSS,-1.0,4.2
2023-04-03,823470,LOSS,-1.0,5.7
2023-04-03,823478,LOSS,-1.0,4.1
2023-04-03,823528,OPEN,0.0,4.2
2023-04-06,826271,LOSS,-1.0,6.1
2023-04-06,826324,LOSS,-1.0,5.8
2023-04-06,826598,LOSS,-1.0,3.9
2023-04-06,826623,LOSS,-1.0,9.6
2023-04-06,826742,LOSS,-1.0,6.7
2023-04-06,826751,LOSS,-1.0,5.6
2023-04-06,826778,LOSS,-1.0,3.7
2023-04-06,826794,LOSS,-1.0,4.0
2023-04-06,826823,LOSS,-1.0,3.9
2023-04-11,828783,LOSS,-1.0,3.8
2023-04-11,828789,LOSS,-1.0,3.1
2023-04-11,828850,LOSS,-1.0,6.2
2023-04-11,828864,LOSS,-1.0,4.2
2023-04-11,828884,LOSS,-1.0,3.4
2023-04-11,828920,LOSS,-1.0,4.6
2023-04-11,828949,LOSS,-1.0,4.6
2023-04-11,828961,LOSS,-1.0,2.9
2023-04-11,828964,LOSS,-1.0,3.7
2023-04-11,829001,LOSS,-1.0,10.7
2023-04-11,829073,LOSS,-1.0,13.1
2023-04-11,829143,LOSS,-1.0,4.2
2023-04-11,829148,LOSS,-1.0,1.4
2023-04-11,829152,OPEN,0.0,3.6
2023-04-12,829792,LOSS,-1.0,3.3
2023-04-12,830044,LOSS,-1.0,5.3
2023-04-12,830132,OPEN,0.0,14.9
2023-04-14,831814,WIN,2.75,7.2
2023-04-18,833845,LOSS,-1.0,5.4
2023-04-18,833882,LOSS,-1.0,3.8
2023-04-18,833899,LOSS,-1.0,4.5
2023-04-18,833908,LOSS,-1.0,4.0
2023-04-18,833981,LOSS,-1.0,6.9
2023-04-18,834000,LOSS,-1.0,3.8
2023-04-18,834011,LOSS,-1.0,2.6
2023-04-18,834020,LOSS,-1.0,7.7
2023-04-18,834047,OPEN,0.0,9.6
2023-04-20,835900,LOSS,-1.0,7.1
2023-04-20,836030,LOSS,-1.0,2.9
2023-04-20,836066,LOSS,-1.0,6.6
2023-04-20,836129,LOSS,-1.0,2.8
2023-04-20,836157,WIN,5.944,3.6
2023-04-26,839987,LOSS,-1.0,2.1
2023-04-26,840012,LOSS,-1.0,2.7
2023-04-26,840032,LOSS,-1.0,5.0
2023-04-26,840099,LOSS,-1.0,5.2
2023-04-26,840136,LOSS,-1.0,6.9
2023-04-26,840166,LOSS,-1.0,6.0
2023-04-26,840194,LOSS,-1.0,4.5
2023-04-26,840222,LOSS,-1.0,5.8
2023-04-26,840236,LOSS,-1.0,5.4
2023-04-26,840298,LOSS,-1.0,8.7
2023-04-26,840305,LOSS,-1.0,6.9
2023-04-26,840312,OPEN,0.0,9.7
2023-04-27,840971,LOSS,-1.0,3.0
2023-04-27,840982,LOSS,-1.0,3.6
2023-04-27,841004,LOSS,-1.0,8.0
2023-04-27,841022,WIN,1.152,10.5
2023-05-02,844003,LOSS,-1.0,3.8
2023-05-02,844016,WIN,3.823,7.9
2023-05-03,844998,LOSS,-1.0,2.4
2023-05-03,845007,LOSS,-1.0,5.7
2023-05-03,845033,LOSS,-1.0,3.0
2023-05-03,845044,LOSS,-1.0,4.8
2023-05-03,845078,LOSS,-1.0,6.9
2023-05-03,845114,LOSS,-1.0,4.9
2023-05-03,845137,LOSS,-1.0,1.8
2023-05-03,845147,LOSS,-1.0,3.8
2023-05-03,845345,LOSS,-1.0,1.2
2023-05-03,845352,LOSS,-1.0,5.3
2023-05-04,845980,WIN,2.435,6.2
2023-05-05,847035,WIN,4.167,5.4
2023-05-08,848013,LOSS,-1.0,3.4
2023-05-08,848037,LOSS,-1.0,4.2
2023-05-08,848053,LOSS,-1.0,2.5
2023-05-08,848064,LOSS,-1.0,2.0
2023-05-08,848120,LOSS,-1.0,8.3
2023-05-08,848168,WIN,2.608,10.2
2023-05-09,849047,LOSS,-1.0,1.9
2023-05-09,849051,LOSS,-1.0,3.0
2023-05-09,849090,WIN,0.315,8.9
2023-05-12,852089,LOSS,-1.0,2.7
2023-05-12,852115,LOSS,-1.0,5.0
2023-05-12,852148,WIN,2.053,7.6
2023-05-15,853148,LOSS,-1.0,2.6
2023-05-15,853197,LOSS,-1.0,4.9
2023-05-15,853235,LOSS,-1.0,4.8
2023-05-15,853270,LOSS,-1.0,5.3
2023-05-15,853465,OPEN,0.0,9.7
2023-05-19,857253,LOSS,-1.0,4.9
2023-05-19,857389,LOSS,-1.0,2.6
2023-05-19,857415,LOSS,-1.0,4.0
2023-05-19,857434,LOSS,-1.0,0.7
2023-05-19,857448,LOSS,-1.0,2.6
2023-05-19,857462,LOSS,-1.0,6.3
2023-05-19,857528,LOSS,-1.0,2.7
2023-05-19,857538,LOSS,-1.0,2.3
2023-05-19,857563,LOSS,-1.0,4.5
2023-05-24,860274,LOSS,-1.0,3.0
2023-05-24,860295,LOSS,-1.0,2.1
2023-05-24,860397,LOSS,-1.0,1.2
2023-05-24,860410,WIN,3.133,4.5
2023-05-26,862387,LOSS,-1.0,4.2
2023-05-26,862421,LOSS,-1.0,5.9
2023-05-26,862596,LOSS,-1.0,2.8
2023-05-26,862608,LOSS,-1.0,2.6
2023-05-26,862631,WIN,1.335,16.4
2023-05-29,863271,LOSS,-1.0,3.4
2023-05-29,863301,WIN,11.333,2.1
2023-06-02,867323,WIN,5.355,3.1
2023-06-06,869409,LOSS,-1.0,3.8
2023-06-06,869439,WIN,2.75,5.6
2023-06-08,871423,LOSS,-1.0,2.6
2023-06-08,871465,WIN,2.522,4.6
2023-06-12,873392,LOSS,-1.0,2.2
2023-06-12,873396,LOSS,-1.0,3.1
2023-06-12,873415,LOSS,-1.0,3.5
2023-06-12,873477,LOSS,-1.0,3.6
2023-06-12,873501,LOSS,-1.0,4.4
2023-06-12,873524,LOSS,-1.0,5.1
2023-06-12,873549,LOSS,-1.0,3.7
2023-06-12,873608,OPEN,0.0,3.6
2023-06-13,874410,LOSS,-1.0,2.1
2023-06-13,874421,LOSS,-1.0,1.6
2023-06-13,874424,LOSS,-1.0,3.0
2023-06-13,874436,LOSS,-1.0,4.7
2023-06-13,874466,LOSS,-1.0,2.0
2023-06-13,874482,LOSS,-1.0,7.0
2023-06-13,874496,LOSS,-1.0,9.5
2023-06-13,874574,LOSS,-1.0,3.5
2023-06-13,874584,LOSS,-1.0,8.7
2023-06-13,874734,OPEN,0.0,20.1
2023-06-16,877489,WIN,4.294,5.1
2023-06-20,879432,LOSS,-1.0,3.6
2023-06-20,879444,LOSS,-1.0,3.8
2023-06-20,879501,LOSS,-1.0,4.5
2023-06-20,879513,LOSS,-1.0,5.1
2023-06-20,879525,WIN,3.437,8.0
2023-06-26,883412,WIN,1.2,5.5
2023-06-27,884482,LOSS,-1.0,4.8
2023-06-27,884498,LOSS,-1.0,2.5
2023-06-27,884529,LOSS,-1.0,3.1
2023-06-27,884552,LOSS,-1.0,3.0
2023-06-27,884592,LOSS,-1.0,4.2
2023-06-27,884649,LOSS,-1.0,2.5
2023-06-27,884666,LOSS,-1.0,3.1
2023-06-27,884711,LOSS,-1.0,2.5
2023-06-27,884714,LOSS,-1.0,4.5
2023-06-27,884750,LOSS,-1.0,4.9
2023-06-27,884758,OPEN,0.0,6.4
2023-07-06,891483,LOSS,-1.0,3.7
2023-07-06,891505,LOSS,-1.0,4.7
2023-07-06,891528,LOSS,-1.0,5.6
2023-07-06,891564,LOSS,-1.0,13.6
2023-07-06,891741,LOSS,-1.0,4.5
2023-07-06,891755,OPEN,0.0,3.1
2023-07-07,892494,WIN,2.377,5.3
2023-07-11,894536,WIN,1.742,9.3
2023-07-12,895542,LOSS,-1.0,3.6
2023-07-12,895557,LOSS,-1.0,4.4
2023-07-12,895798,LOSS,-1.0,10.8
2023-07-12,895821,LOSS,-1.0,9.7
2023-07-12,895841,LOSS,-1.0,10.2
2023-07-12,895867,LOSS,-1.0,3.6
2023-07-12,895875,LOSS,-1.0,4.1
2023-07-12,895918,OPEN,0.0,9.1
2023-07-17,898516,LOSS,-1.0,7.7
2023-07-17,898567,LOSS,-1.0,8.4
2023-07-17,898589,LOSS,-1.0,5.1
2023-07-17,898604,LOSS,-1.0,4.8
2023-07-17,898650,LOSS,-1.0,3.8
2023-07-17,898672,WIN,13.125,2.4
2023-07-18,899579,LOSS,-1.0,3.7
2023-07-18,899605,LOSS,-1.0,2.7
2023-07-18,899626,WIN,3.318,8.5
2023-07-19,900557,WIN,0.893,5.6
2023-07-21,902592,LOSS,-1.0,3.9
2023-07-21,902601,LOSS,-1.0,3.0
2023-07-21,902614,LOSS,-1.0,2.0
2023-07-21,902631,LOSS,-1.0,3.6
2023-07-21,902649,WIN,2.0,4.7
2023-07-24,903646,LOSS,-1.0,2.4
2023-07-24,903662,WIN,0.297,21.2
2023-07-25,904631,LOSS,-1.0,1.7
2023-07-25,904638,LOSS,-1.0,1.8
2023-07-25,904651,WIN,2.597,6.7
2023-07-26,905629,LOSS,-1.0,2.8
2023-07-26,905658,LOSS,-1.0,1.7
2023-07-26,905696,LOSS,-1.0,3.7
2023-07-26,905739,LOSS,-1.0,2.9
2023-07-26,905796,LOSS,-1.0,6.6
2023-07-26,905817,LOSS,-1.0,6.0
2023-07-26,905840,LOSS,-1.0,4.6
2023-07-26,905902,LOSS,-1.0,3.6
2023-07-26,905925,OPEN,0.0,5.1
2023-07-27,906752,LOSS,-1.0,1.5
2023-07-27,906763,LOSS,-1.0,4.7
2023-07-27,906831,WIN,20.29,3.1
2023-07-28,907711,WIN,0.378,14.3
2023-08-08,917444,LOSS,-1.0,1.4
2023-08-08,917449,WIN,4.197,6.6
2023-08-09,918852,LOSS,-1.0,2.6
2023-08-09,918890,LOSS,-1.0,5.5
2023-08-09,918914,LOSS,-1.0,3.1
2023-08-09,918950,LOSS,-1.0,3.5
2023-08-09,918977,LOSS,-1.0,8.0
2023-08-09,919331,OPEN,0.0,6.3
2023-08-10,920312,LOSS,-1.0,2.0
2023-08-10,920329,LOSS,-1.0,6.3
2023-08-10,920360,LOSS,-1.0,4.3
2023-08-10,920425,LOSS,-1.0,4.6
2023-08-10,920567,LOSS,-1.0,0.8
2023-08-10,920574,LOSS,-1.0,2.2
2023-08-10,920587,LOSS,-1.0,4.3
2023-08-10,920675,OPEN,0.0,32.9
2023-08-11,921737,LOSS,-1.0,4.1
2023-08-11,921881,WIN,4.85,4.0
2023-08-15,924582,LOSS,-1.0,5.1
2023-08-15,924603,LOSS,-1.0,5.0
2023-08-15,924632,LOSS,-1.0,3.9
2023-08-15,924647,LOSS,-1.0,5.4
2023-08-15,924747,LOSS,-1.0,6.8
2023-08-15,924809,WIN,9.548,4.2
2023-08-16,926013,LOSS,-1.0,3.0
2023-08-16,926050,LOSS,-1.0,4.0
2023-08-16,926059,LOSS,-1.0,5.8
2023-08-16,926096,LOSS,-1.0,3.7
2023-08-16,926123,LOSS,-1.0,6.0
2023-08-16,926147,LOSS,-1.0,4.3
2023-08-16,926168,WIN,6.417,4.8
2023-08-17,927497,LOSS,-1.0,3.2
2023-08-17,927720,LOSS,-1.0,1.7
2023-08-17,927737,LOSS,-1.0,2.7
2023-08-17,927756,LOSS,-1.0,5.7
2023-08-17,927781,LOSS,-1.0,4.5
2023-08-17,927791,LOSS,-1.0,3.6
2023-08-17,927818,LOSS,-1.0,3.1
2023-08-17,927830,LOSS,-1.0,4.4
2023-08-17,927846,LOSS,-1.0,7.5
2023-08-17,927879,OPEN,0.0,4.5
2023-08-21,930406,LOSS,-1.0,2.1
2023-08-21,930417,LOSS,-1.0,2.2
2023-08-21,930434,LOSS,-1.0,3.0
2023-08-21,930442,LOSS,-1.0,2.4
2023-08-21,930445,LOSS,-1.0,3.6
2023-08-21,930501,LOSS,-1.0,3.5
2023-08-21,930519,LOSS,-1.0,3.7
2023-08-21,930549,LOSS,-1.0,3.2
2023-08-21,930646,LOSS,-1.0,3.7
2023-08-21,930663,LOSS,-1.0,3.7
2023-08-21,930677,OPEN,0.0,3.6
2023-08-22,931776,LOSS,-1.0,2.6
2023-08-22,931788,LOSS,-1.0,3.0
2023-08-22,931824,LOSS,-1.0,1.8
2023-08-22,931832,LOSS,-1.0,1.7
2023-08-22,931853,WIN,7.244,4.5
2023-08-23,933175,LOSS,-1.0,7.8
2023-08-23,933227,LOSS,-1.0,4.3
2023-08-23,933258,WIN,0.0,32.4
2023-08-28,937517,LOSS,-1.0,3.4
2023-08-28,937541,LOSS,-1.0,1.3
2023-08-28,937548,LOSS,-1.0,3.4
2023-08-28,937567,LOSS,-1.0,2.3
2023-08-28,937578,LOSS,-1.0,4.8
2023-08-28,937762,OPEN,0.0,5.6
2023-08-30,940367,LOSS,-1.0,1.4
2023-08-30,940372,WIN,2.903,3.1
2023-09-04,944663,LOSS,-1.0,5.5
2023-09-04,944684,LOSS,-1.0,2.8
2023-09-04,944702,LOSS,-1.0,1.6
2023-09-04,944707,LOSS,-1.0,2.9
2023-09-04,944713,LOSS,-1.0,4.6
2023-09-04,944746,LOSS,-1.0,3.3
2023-09-04,944975,OPEN,0.0,2.0
2023-09-06,947480,LOSS,-1.0,2.9
2023-09-06,947494,LOSS,-1.0,4.5
2023-09-06,947562,LOSS,-1.0,3.1
2023-09-06,947722,LOSS,-1.0,1.9
2023-09-06,947759,LOSS,-1.0,4.4
2023-09-06,947785,LOSS,-1.0,2.4
2023-09-06,947790,LOSS,-1.0,3.1
2023-09-06,947808,LOSS,-1.0,3.8
2023-09-06,947825,LOSS,-1.0,3.0
2023-09-06,947836,WIN,9.133,3.0
2023-09-08,950327,LOSS,-1.0,4.3
2023-09-08,950345,WIN,3.278,7.2
2023-09-11,951773,LOSS,-1.0,3.5
2023-09-11,951806,LOSS,-1.0,3.0
2023-09-11,951818,LOSS,-1.0,1.9
2023-09-11,951834,LOSS,-1.0,4.2
2023-09-11,952264,OPEN,0.0,6.7
2023-09-14,956052,WIN,5.0,3.1
2023-09-15,957495,LOSS,-1.0,4.4
2023-09-15,957514,LOSS,-1.0,3.1
2023-09-15,957608,LOSS,-1.0,3.6
2023-09-15,957687,LOSS,-1.0,2.3
2023-09-15,957957,OPEN,0.0,9.7
2023-09-18,958902,LOSS,-1.0,2.5
2023-09-18,958916,WIN,4.692,2.6
2023-09-21,963252,LOSS,-1.0,5.0
2023-09-21,963277,LOSS,-1.0,2.9
2023-09-21,963308,LOSS,-1.0,5.4
2023-09-21,963318,LOSS,-1.0,5.9
2023-09-21,963334,LOSS,-1.0,2.9
2023-09-21,963384,LOSS,-1.0,4.3
2023-09-21,963709,OPEN,0.0,4.2
2023-09-22,964696,LOSS,-1.0,2.2
2023-09-22,964706,WIN,0.0,51.2
2023-09-27,968924,LOSS,-1.0,4.6
2023-09-27,968952,WIN,3.425,4.0
2023-09-29,971753,LOSS,-1.0,3.4
2023-09-29,971788,LOSS,-1.0,3.7
2023-09-29,971803,LOSS,-1.0,6.3
2023-09-29,971816,LOSS,-1.0,8.7
2023-09-29,971834,LOSS,-1.0,3.7
2023-09-29,971899,LOSS,-1.0,6.1
2023-09-29,971911,LOSS,-1.0,4.0
2023-09-29,971929,LOSS,-1.0,3.4
2023-09-29,971951,LOSS,-1.0,2.4
2023-09-29,971963,OPEN,0.0,2.3
2023-10-12,984657,LOSS,-1.0,6.2
2023-10-12,984697,WIN,2.536,5.6
2023-10-13,986087,LOSS,-1.0,2.8
2023-10-13,986094,WIN,1.235,5.1
2023-10-16,987539,LOSS,-1.0,2.2
2023-10-16,987567,LOSS,-1.0,1.9
2023-10-16,987581,LOSS,-1.0,3.8
2023-10-16,987586,LOSS,-1.0,4.7
2023-10-16,987644,LOSS,-1.0,1.1
2023-10-16,987671,LOSS,-1.0,2.5
2023-10-16,987701,LOSS,-1.0,4.0
2023-10-16,987731,LOSS,-1.0,3.7
2023-10-16,987744,LOSS,-1.0,5.5
2023-10-16,987938,LOSS,-1.0,5.5
2023-10-16,988064,LOSS,-1.0,3.4
2023-10-16,988071,LOSS,-1.0,3.3
2023-10-16,988102,OPEN,0.0,3.8
2023-10-18,990414,WIN,6.17,4.7
2023-10-24,996209,LOSS,-1.0,3.6
2023-10-24,996258,WIN,0.0,8.2
2023-10-27,1000491,LOSS,-1.0,3.5
2023-10-27,1000506,WIN,0.923,2.6
2023-10-30,1001950,WIN,0.452,6.2
2023-10-31,1003435,LOSS,-1.0,4.8
2023-10-31,1003462,LOSS,-1.0,3.2
2023-10-31,1003502,LOSS,-1.0,3.0
2023-10-31,1003562,WIN,2.88,21.7
2023-11-01,1004820,WIN,1.347,4.9
2023-11-02,1006292,WIN,2.886,3.5
2023-11-03,1007702,LOSS,-1.0,2.9
2023-11-03,1007711,LOSS,-1.0,3.0
2023-11-03,1007722,LOSS,-1.0,3.6
2023-11-03,1007830,LOSS,-1.0,4.8
2023-11-03,1007861,LOSS,-1.0,1.7
2023-11-03,1007869,LOSS,-1.0,4.1
2023-11-03,1007887,LOSS,-1.0,3.6
2023-11-03,1007961,LOSS,-1.0,3.1
2023-11-03,1008015,LOSS,-1.0,3.4
2023-11-03,1008041,LOSS,-1.0,15.3
2023-11-03,1008098,LOSS,-1.0,5.8
2023-11-03,1008107,LOSS,-1.0,6.5
2023-11-03,1008129,LOSS,-1.0,5.3
2023-11-03,1008169,LOSS,-1.0,4.1
2023-11-03,1008185,LOSS,-1.0,3.8
2023-11-03,1008207,LOSS,-1.0,6.2
2023-11-03,1008230,LOSS,-1.0,6.0
2023-11-03,1008252,LOSS,-1.0,4.4
2023-11-06,1009071,LOSS,-1.0,6.0
2023-11-06,1009091,LOSS,-1.0,3.4
2023-11-06,1009112,LOSS,-1.0,3.1
2023-11-06,1009166,OPEN,0.0,3.7
2023-11-13,1016263,LOSS,-1.0,2.9
2023-11-13,1016271,LOSS,-1.0,3.5
2023-11-13,1016290,LOSS,-1.0,2.2
2023-11-13,1016400,WIN,2.5,5.6
2023-11-14,1017678,LOSS,-1.0,2.7
2023-11-14,1017687,LOSS,-1.0,0.9
2023-11-14,1017700,LOSS,-1.0,3.2
2023-11-14,1017706,LOSS,-1.0,1.4
2023-11-14,1017716,LOSS,-1.0,3.3
2023-11-14,1017733,LOSS,-1.0,3.1
2023-11-14,1017777,LOSS,-1.0,3.3
2023-11-14,1017819,LOSS,-1.0,2.4
2023-11-14,1017832,LOSS,-1.0,5.6
2023-11-14,1017842,LOSS,-1.0,2.8
2023-11-14,1017870,LOSS,-1.0,5.3
2023-11-14,1017885,LOSS,-1.0,5.8
2023-11-14,1018080,LOSS,-1.0,5.0
2023-11-14,1018107,LOSS,-1.0,8.4
2023-11-14,1018132,LOSS,-1.0,3.4
2023-11-14,1018143,LOSS,-1.0,10.5
2023-11-14,1018155,LOSS,-1.0,7.5
2023-11-14,1018168,LOSS,-1.0,8.4
2023-11-14,1018181,LOSS,-1.0,2.5
2023-11-14,1018186,LOSS,-1.0,5.0
2023-11-14,1018230,LOSS,-1.0,10.2
2023-11-14,1018263,OPEN,0.0,5.0
2023-11-16,1020666,LOSS,-1.0,2.1
2023-11-16,1020679,LOSS,-1.0,4.0
2023-11-16,1020942,LOSS,-1.0,2.1
2023-11-16,1020947,LOSS,-1.0,3.3
2023-11-16,1020962,LOSS,-1.0,6.4
2023-11-16,1021028,LOSS,-1.0,5.8
2023-11-16,1021053,OPEN,0.0,4.5
2023-11-20,1023562,LOSS,-1.0,5.0
2023-11-20,1023576,LOSS,-1.0,4.7
2023-11-20,1023889,LOSS,-1.0,5.3
2023-11-20,1023964,LOSS,-1.0,6.2
2023-11-23,1027730,LOSS,-1.0,3.7
2023-11-23,1027761,LOSS,-1.0,3.0
2023-11-23,1027791,LOSS,-1.0,6.8
2023-11-23,1027821,WIN,3.058,10.3
2023-11-24,1029172,LOSS,-1.0,1.8
2023-11-24,1029181,LOSS,-1.0,3.5
2023-11-24,1029201,LOSS,-1.0,3.7
2023-11-24,1029219,LOSS,-1.0,3.6
2023-11-24,1029245,LOSS,-1.0,2.7
2023-11-24,1029254,LOSS,-1.0,5.1
2023-11-24,1029270,LOSS,-1.0,4.9
2023-11-24,1029462,LOSS,-1.0,4.9
2023-11-24,1029575,LOSS,-1.0,6.4
2023-11-24,1029597,LOSS,-1.0,5.2
2023-11-24,1029618,LOSS,-1.0,3.1
2023-11-24,1029650,LOSS,-1.0,4.6
2023-11-24,1029663,LOSS,-1.0,5.0
2023-11-24,1029705,OPEN,0.0,3.7
2023-11-27,1030581,WIN,5.891,4.6
2023-12-12,1046385,LOSS,-1.0,4.8
2023-12-12,1046460,LOSS,-1.0,3.5
2023-12-12,1046470,LOSS,-1.0,4.9
2023-12-12,1046549,LOSS,-1.0,5.8
2023-12-12,1046581,LOSS,-1.0,3.5
2023-12-12,1046603,LOSS,-1.0,4.6
2023-12-12,1046749,LOSS,-1.0,3.1
2023-12-12,1046768,OPEN,0.0,32.6
2023-12-18,1052129,LOSS,-1.0,1.3
2023-12-18,1052143,LOSS,-1.0,2.6
2023-12-18,1052163,LOSS,-1.0,4.3
2023-12-18,1052573,LOSS,-1.0,6.3
2023-12-18,1052602,OPEN,0.0,3.0
2023-12-19,1053568,LOSS,-1.0,0.3
2023-12-19,1053587,LOSS,-1.0,5.5
2023-12-19,1053673,LOSS,-1.0,2.4
2023-12-19,1053703,LOSS,-1.0,3.8
2023-12-19,1053721,LOSS,-1.0,3.3
2023-12-19,1053753,LOSS,-1.0,2.3
2023-12-19,1053769,LOSS,-1.0,3.5
2023-12-19,1053882,LOSS,-1.0,2.7
2023-12-19,1053902,LOSS,-1.0,2.6
2023-12-19,1053919,LOSS,-1.0,5.0
2023-12-19,1054036,LOSS,-1.0,6.0
2023-12-19,1054097,OPEN,0.0,3.5
2023-12-27,1061077,LOSS,-1.0,2.3
2023-12-27,1061083,LOSS,-1.0,3.4
2023-12-27,1061140,LOSS,-1.0,3.5
2023-12-27,1061183,LOSS,-1.0,1.9
2023-12-27,1061193,LOSS,-1.0,3.3
2023-12-27,1061220,LOSS,-1.0,1.7
2023-12-27,1061239,LOSS,-1.0,2.6
2023-12-27,1061276,LOSS,-1.0,3.5
2023-12-27,1061353,LOSS,-1.0,1.8
2023-12-27,1061359,LOSS,-1.0,1.9
2023-12-27,1061372,LOSS,-1.0,2.3
2023-12-27,1061391,LOSS,-1.0,3.3
2023-12-27,1061415,LOSS,-1.0,3.8
2023-12-27,1061448,LOSS,-1.0,3.1
2023-12-27,1061485,LOSS,-1.0,4.5
2023-12-27,1061497,LOSS,-1.0,5.1
2023-12-27,1061539,LOSS,-1.0,1.9
2023-12-27,1061577,LOSS,-1.0,4.8
2023-12-27,1061594,LOSS,-1.0,12.5
2023-12-27,1061625,OPEN,0.0,11.9
2023-12-28,1062529,LOSS,-1.0,1.3
2023-12-28,1062547,LOSS,-1.0,2.6
2023-12-28,1062555,WIN,0.837,4.9
2024-01-03,1066829,LOSS,-1.0,3.5
2024-01-03,1066856,LOSS,-1.0,4.5
2024-01-03,1066866,LOSS,-1.0,4.2
2024-01-03,1066876,WIN,6.148,2.7
2024-01-04,1068236,LOSS,-1.0,2.2
2024-01-04,1068252,LOSS,-1.0,3.8
2024-01-04,1068283,LOSS,-1.0,4.1
2024-01-04,1068303,LOSS,-1.0,4.9
2024-01-04,1068312,LOSS,-1.0,3.8
2024-01-04,1068320,LOSS,-1.0,7.1
2024-01-04,1068356,LOSS,-1.0,4.3
2024-01-04,1068374,LOSS,-1.0,4.4
2024-01-04,1068406,LOSS,-1.0,5.5
2024-01-04,1068417,OPEN,0.0,3.8
2024-01-11,1075408,LOSS,-1.0,1.2
2024-01-11,1075415,LOSS,-1.0,1.2
2024-01-11,1075420,WIN,1.923,3.9
2024-01-18,1082331,WIN,0.0,6.6
2024-01-23,1086599,LOSS,-1.0,1.8
2024-01-23,1086607,LOSS,-1.0,2.9
2024-01-23,1086639,LOSS,-1.0,4.5
2024-01-23,1086648,LOSS,-1.0,3.7
2024-01-23,1086652,WIN,9.581,3.1
2024-01-24,1088038,LOSS,-1.0,4.2
2024-01-24,1088079,LOSS,-1.0,2.3
2024-01-24,1088096,LOSS,-1.0,3.6
2024-01-24,1088135,LOSS,-1.0,2.4
2024-01-24,1088174,LOSS,-1.0,4.6
2024-01-24,1088206,LOSS,-1.0,6.6
2024-01-24,1088407,LOSS,-1.0,3.1
2024-01-24,1088421,LOSS,-1.0,4.2
2024-01-24,1088449,LOSS,-1.0,6.4
2024-01-24,1088481,OPEN,0.0,7.1
2024-01-25,1089489,LOSS,-1.0,4.9
2024-01-25,1089543,LOSS,-1.0,6.1
2024-01-25,1089571,LOSS,-1.0,3.0
2024-01-25,1089585,LOSS,-1.0,3.1
2024-01-25,1089600,LOSS,-1.0,2.7
2024-01-25,1089612,LOSS,-1.0,2.9
2024-01-25,1089630,LOSS,-1.0,3.8
2024-01-25,1089646,LOSS,-1.0,2.0
2024-01-25,1089661,LOSS,-1.0,2.8
2024-01-25,1089841,LOSS,-1.0,7.5
2024-01-25,1089866,LOSS,-1.0,5.8
2024-01-25,1089878,WIN,0.837,9.8
2024-01-29,1092380,WIN,3.304,2.3
2024-02-02,1098111,LOSS,-1.0,4.8
2024-02-02,1098123,LOSS,-1.0,2.2
2024-02-02,1098134,LOSS,-1.0,5.1
2024-02-02,1098145,LOSS,-1.0,3.1
2024-02-02,1098161,LOSS,-1.0,4.6
2024-02-02,1098230,LOSS,-1.0,0.7
2024-02-02,1098237,LOSS,-1.0,3.0
2024-02-02,1098247,WIN,10.87,2.3
2024-02-05,1099569,LOSS,-1.0,2.3
2024-02-05,1099589,LOSS,-1.0,4.3
2024-02-05,1099601,WIN,1.105,7.6
2024-02-06,1100980,WIN,7.0,2.6
2024-02-07,1102420,LOSS,-1.0,2.8
2024-02-07,1102426,LOSS,-1.0,3.9
2024-02-07,1102455,LOSS,-1.0,3.7
2024-02-07,1102670,LOSS,-1.0,2.0
2024-02-07,1102686,LOSS,-1.0,1.7
2024-02-07,1102694,LOSS,-1.0,3.3
2024-02-07,1102706,LOSS,-1.0,3.1
2024-02-07,1102766,LOSS,-1.0,1.8
2024-02-07,1102770,LOSS,-1.0,2.8
2024-02-07,1102774,LOSS,-1.0,3.3
2024-02-07,1102780,LOSS,-1.0,0.3
2024-02-07,1102790,WIN,7.321,2.8
2024-02-08,1103859,WIN,2.237,3.8
2024-02-09,1105290,LOSS,-1.0,2.3
2024-02-09,1105307,LOSS,-1.0,2.5
2024-02-09,1105319,LOSS,-1.0,2.5
2024-02-09,1105335,LOSS,-1.0,5.6
2024-02-09,1105365,WIN,1.406,6.4
2024-02-12,1106730,LOSS,-1.0,3.1
2024-02-12,1106769,WIN,0.421,11.4
2024-02-13,1108149,LOSS,-1.0,2.9
2024-02-13,1108161,WIN,4.152,3.3
2024-02-14,1109597,LOSS,-1.0,4.5
2024-02-14,1109632,WIN,3.75,2.0
2024-02-15,1111050,LOSS,-1.0,6.0
2024-02-15,1111357,LOSS,-1.0,1.5
2024-02-15,1111363,LOSS,-1.0,2.7
2024-02-15,1111398,LOSS,-1.0,6.0
2024-02-15,1111421,LOSS,-1.0,7.7
2024-02-15,1111477,LOSS,-1.0,4.5
2024-02-15,1111505,LOSS,-1.0,2.7
2024-02-15,1111514,OPEN,0.0,3.2
2024-02-16,1112482,LOSS,-1.0,3.0
2024-02-16,1112497,LOSS,-1.0,6.4
2024-02-16,1112568,LOSS,-1.0,2.6
2024-02-16,1112579,LOSS,-1.0,2.1
2024-02-16,1112594,LOSS,-1.0,2.2
2024-02-16,1112609,LOSS,-1.0,3.8
2024-02-16,1112703,LOSS,-1.0,1.6
2024-02-16,1112718,LOSS,-1.0,1.4
2024-02-16,1112734,LOSS,-1.0,2.2
2024-02-16,1112740,LOSS,-1.0,1.7
2024-02-16,1112744,LOSS,-1.0,2.9
2024-02-16,1112769,LOSS,-1.0,2.0
2024-02-16,1112773,LOSS,-1.0,1.8
2024-02-16,1112778,LOSS,-1.0,2.7
2024-02-16,1112841,WIN,0.0,22.2
2024-02-19,1113909,LOSS,-1.0,1.5
2024-02-19,1113913,WIN,4.034,2.9
2024-02-20,1115313,LOSS,-1.0,2.4
2024-02-20,1115329,LOSS,-1.0,2.6
2024-02-20,1115379,LOSS,-1.0,4.5
2024-02-20,1115390,LOSS,-1.0,4.0
2024-02-20,1115428,LOSS,-1.0,3.8
2024-02-20,1115472,LOSS,-1.0,3.0
2024-02-20,1115498,LOSS,-1.0,3.8
2024-02-20,1115507,LOSS,-1.0,2.1
2024-02-20,1115520,LOSS,-1.0,2.2
2024-02-20,1115542,LOSS,-1.0,2.9
2024-02-20,1115704,LOSS,-1.0,4.6
2024-02-20,1115729,LOSS,-1.0,4.5
2024-02-20,1115766,OPEN,0.0,8.2
2024-02-22,1118206,LOSS,-1.0,3.6
2024-02-22,1118232,LOSS,-1.0,2.4
2024-02-22,1118262,WIN,5.017,11.5
2024-02-23,1119687,WIN,1.769,3.9
2024-02-26,1121072,LOSS,-1.0,1.6
2024-02-26,1121095,LOSS,-1.0,4.3
2024-02-26,1121109,LOSS,-1.0,3.6
2024-02-26,1121149,LOSS,-1.0,2.7
2024-02-26,1121185,LOSS,-1.0,2.7
2024-02-26,1121221,LOSS,-1.0,1.1
2024-02-26,1121250,LOSS,-1.0,3.4
2024-02-26,1121293,LOSS,-1.0,3.6
2024-02-26,1121306,LOSS,-1.0,1.6
2024-02-26,1121312,LOSS,-1.0,2.9
2024-02-26,1121323,LOSS,-1.0,3.9
2024-02-26,1121341,LOSS,-1.0,3.4
2024-02-26,1121361,LOSS,-1.0,1.9
2024-02-26,1121379,LOSS,-1.0,2.0
2024-02-26,1121406,OPEN,0.0,6.4
2024-02-27,1122514,LOSS,-1.0,3.2
2024-02-27,1122593,WIN,3.571,4.2
2024-03-04,1128238,LOSS,-1.0,1.5
2024-03-04,1128280,LOSS,-1.0,3.0
2024-03-04,1128293,LOSS,-1.0,2.1
2024-03-04,1128330,LOSS,-1.0,4.8
2024-03-04,1128341,LOSS,-1.0,2.4
2024-03-04,1128362,LOSS,-1.0,4.2
2024-03-04,1128397,LOSS,-1.0,2.2
2024-03-04,1128431,LOSS,-1.0,2.1
2024-03-04,1128470,LOSS,-1.0,2.1
2024-03-04,1128496,LOSS,-1.0,2.3
2024-03-04,1128513,LOSS,-1.0,2.2
2024-03-04,1128529,LOSS,-1.0,2.6
2024-03-04,1128703,LOSS,-1.0,3.0
2024-03-04,1128727,LOSS,-1.0,2.8
2024-03-04,1128781,OPEN,0.0,3.7
2024-03-06,1131103,LOSS,-1.0,2.5
2024-03-06,1131115,LOSS,-1.0,2.8
2024-03-06,1131131,LOSS,-1.0,3.4
2024-03-06,1131174,LOSS,-1.0,4.7
2024-03-06,1131199,LOSS,-1.0,1.4
2024-03-06,1131213,LOSS,-1.0,3.5
2024-03-06,1131267,LOSS,-1.0,2.1
2024-03-06,1131279,LOSS,-1.0,1.5
2024-03-06,1131292,LOSS,-1.0,2.6
2024-03-06,1131499,LOSS,-1.0,2.6
2024-03-06,1131516,LOSS,-1.0,4.3
2024-03-06,1131555,LOSS,-1.0,2.3
2024-03-06,1131572,LOSS,-1.0,7.2
2024-03-06,1131586,LOSS,-1.0,3.9
2024-03-06,1131598,LOSS,-1.0,4.4
2024-03-06,1131632,LOSS,-1.0,8.0
2024-03-11,1135493,LOSS,-1.0,2.2
2024-03-11,1135549,WIN,0.609,6.9
2024-03-12,1136903,LOSS,-1.0,1.8
2024-03-12,1136907,LOSS,-1.0,2.5
2024-03-12,1136932,WIN,2.405,3.7
2024-03-13,1138343,WIN,1.742,3.1
2024-03-15,1141189,LOSS,-1.0,2.6
2024-03-15,1141200,LOSS,-1.0,2.8
2024-03-15,1141210,LOSS,-1.0,1.7
2024-03-15,1141228,LOSS,-1.0,2.2
2024-03-15,1141238,LOSS,-1.0,2.3
2024-03-15,1141283,LOSS,-1.0,2.5
2024-03-15,1141335,LOSS,-1.0,2.3
2024-03-15,1141377,LOSS,-1.0,1.9
2024-03-15,1141380,OPEN,0.0,2.8
2024-03-18,1142631,LOSS,-1.0,2.3
2024-03-18,1142637,LOSS,-1.0,1.2
2024-03-18,1142650,LOSS,-1.0,1.7
2024-03-18,1142656,LOSS,-1.0,1.3
2024-03-18,1142660,LOSS,-1.0,1.9
2024-03-18,1142707,LOSS,-1.0,2.1
2024-03-18,1142738,LOSS,-1.0,4.3
2024-03-18,1142791,LOSS,-1.0,2.7
2024-03-18,1142834,LOSS,-1.0,3.1
2024-03-18,1142861,LOSS,-1.0,2.9
2024-03-18,1142876,LOSS,-1.0,2.0
2024-03-18,1142891,LOSS,-1.0,1.1
2024-03-18,1142900,LOSS,-1.0,1.7
2024-03-18,1142910,WIN,9.545,2.2
2024-03-20,1145495,WIN,4.278,1.8
2024-03-21,1146931,WIN,3.364,2.2
2024-03-25,1149829,LOSS,-1.0,2.6
2024-03-25,1149870,LOSS,-1.0,6.3
2024-03-25,1150082,LOSS,-1.0,1.7
2024-03-25,1150095,LOSS,-1.0,2.2
2024-03-25,1150115,LOSS,-1.0,2.2
2024-03-25,1150126,LOSS,-1.0,1.5
2024-03-25,1150134,LOSS,-1.0,2.3
2024-03-25,1150166,LOSS,-1.0,4.6
2024-03-25,1150192,LOSS,-1.0,2.9
2024-03-25,1150234,OPEN,0.0,2.3
2024-03-26,1151226,LOSS,-1.0,4.8
2024-03-26,1151368,LOSS,-1.0,5.1
2024-03-26,1151395,LOSS,-1.0,2.3
2024-03-26,1151406,LOSS,-1.0,1.7
2024-03-26,1151426,WIN,7.812,3.2
2024-03-27,1152654,LOSS,-1.0,2.9
2024-03-27,1152662,LOSS,-1.0,4.8
2024-03-27,1152782,WIN,3.205,4.4
2024-04-04,1161114,LOSS,-1.0,1.0
2024-04-04,1161116,LOSS,-1.0,1.8
2024-04-04,1161124,LOSS,-1.0,3.8
2024-04-04,1161207,LOSS,-1.0,3.7
2024-04-04,1161214,LOSS,-1.0,4.6
2024-04-04,1161250,LOSS,-1.0,2.9
2024-04-04,1161274,LOSS,-1.0,1.9
2024-04-04,1161333,LOSS,-1.0,3.1
2024-04-04,1161393,LOSS,-1.0,2.8
2024-04-04,1161414,LOSS,-1.0,2.3
2024-04-04,1161514,LOSS,-1.0,2.3
2024-04-04,1161521,LOSS,-1.0,3.4
2024-04-04,1161535,LOSS,-1.0,4.5
2024-04-04,1161565,LOSS,-1.0,3.7
2024-04-04,1161587,OPEN,0.0,4.1
2024-04-15,1171139,LOSS,-1.0,3.2
2024-04-15,1171157,LOSS,-1.0,4.5
2024-04-15,1171173,LOSS,-1.0,3.7
2024-04-15,1171338,LOSS,-1.0,2.9
2024-04-15,1171370,LOSS,-1.0,2.2
2024-04-15,1171397,LOSS,-1.0,2.7
2024-04-15,1171457,WIN,3.906,5.3
2024-04-18,1175478,LOSS,-1.0,2.3
2024-04-18,1175492,WIN,4.907,4.3
2024-04-19,1176937,LOSS,-1.0,4.1
2024-04-19,1176949,LOSS,-1.0,8.9
2024-04-19,1176971,LOSS,-1.0,2.6
2024-04-19,1176990,LOSS,-1.0,2.5
2024-04-19,1177109,LOSS,-1.0,3.1
2024-04-19,1177283,LOSS,-1.0,5.4
2024-04-19,1177328,LOSS,-1.0,4.2
2024-04-19,1177401,OPEN,0.0,5.9
2024-04-25,1182649,LOSS,-1.0,3.0
2024-04-25,1182661,LOSS,-1.0,2.1
2024-04-25,1182738,LOSS,-1.0,2.4
2024-04-25,1182764,LOSS,-1.0,2.3
2024-04-25,1182773,LOSS,-1.0,2.6
2024-04-25,1182794,LOSS,-1.0,2.7
2024-04-25,1182833,LOSS,-1.0,2.6
2024-04-25,1182851,LOSS,-1.0,2.2
2024-04-25,1182869,LOSS,-1.0,4.2
2024-04-25,1182933,LOSS,-1.0,3.4
2024-04-25,1182994,WIN,0.432,14.6
2024-04-26,1184052,LOSS,-1.0,1.8
2024-04-26,1184073,LOSS,-1.0,3.3
2024-04-26,1184086,LOSS,-1.0,1.0
2024-04-26,1184103,LOSS,-1.0,4.0
2024-04-26,1184175,LOSS,-1.0,3.7
2024-04-26,1184200,WIN,5.955,4.4
2024-04-29,1185476,WIN,2.965,5.7
2024-05-02,1189787,LOSS,-1.0,3.0
2024-05-02,1189799,LOSS,-1.0,3.5
2024-05-02,1189869,WIN,4.3,4.0
2024-05-03,1191348,LOSS,-1.0,2.1
2024-05-03,1191353,LOSS,-1.0,3.8
2024-05-03,1191390,LOSS,-1.0,2.8
2024-05-03,1191406,LOSS,-1.0,2.6
2024-05-03,1191430,LOSS,-1.0,2.8
2024-05-03,1191516,LOSS,-1.0,1.8
2024-05-03,1191535,LOSS,-1.0,2.7
2024-05-03,1191587,LOSS,-1.0,1.2
2024-05-03,1191605,OPEN,0.0,9.6
2024-05-06,1192767,LOSS,-1.0,2.0
2024-05-06,1192781,LOSS,-1.0,2.4
2024-05-06,1192991,LOSS,-1.0,1.7
2024-05-06,1193037,OPEN,0.0,3.5
2024-05-10,1198349,WIN,1.886,3.5
2024-05-13,1199770,LOSS,-1.0,3.1
2024-05-13,1199850,LOSS,-1.0,2.9
2024-05-13,1199860,LOSS,-1.0,2.3
2024-05-13,1199953,LOSS,-1.0,4.0
2024-05-13,1200114,LOSS,-1.0,2.2
2024-05-13,1200136,LOSS,-1.0,1.2
2024-05-13,1200139,LOSS,-1.0,2.6
2024-05-13,1200156,LOSS,-1.0,2.4
2024-05-13,1200168,LOSS,-1.0,2.9
2024-05-13,1200180,LOSS,-1.0,3.3
2024-05-13,1200192,LOSS,-1.0,1.9
2024-05-13,1200202,LOSS,-1.0,1.8
2024-05-13,1200223,LOSS,-1.0,3.2
2024-05-13,1200235,LOSS,-1.0,1.6
2024-05-13,1200240,LOSS,-1.0,2.4
2024-05-13,1200277,LOSS,-1.0,1.2
2024-05-13,1200285,LOSS,-1.0,2.1
2024-05-13,1200293,OPEN,0.0,3.1
2024-05-15,1202621,LOSS,-1.0,2.2
2024-05-15,1202653,LOSS,-1.0,2.0
2024-05-15,1202658,LOSS,-1.0,2.6
2024-05-15,1202682,LOSS,-1.0,4.0
2024-05-15,1202695,LOSS,-1.0,3.8
2024-05-15,1202706,LOSS,-1.0,2.3
2024-05-15,1202713,LOSS,-1.0,3.3
2024-05-15,1202722,LOSS,-1.0,3.3
2024-05-15,1202772,LOSS,-1.0,5.5
2024-05-15,1202988,LOSS,-1.0,2.7
2024-05-15,1202999,LOSS,-1.0,5.1
2024-05-15,1203009,LOSS,-1.0,13.5
2024-05-15,1203191,OPEN,0.0,3.5
2024-05-20,1206894,LOSS,-1.0,2.2
2024-05-20,1206901,LOSS,-1.0,2.7
2024-05-20,1206925,WIN,3.559,3.4
2024-05-21,1208339,LOSS,-1.0,1.7
2024-05-21,1208350,LOSS,-1.0,2.6
2024-05-21,1208357,LOSS,-1.0,2.9
2024-05-21,1208385,LOSS,-1.0,4.6
2024-05-21,1208401,LOSS,-1.0,1.9
2024-05-21,1208413,LOSS,-1.0,1.4
2024-05-21,1208428,LOSS,-1.0,3.5
2024-05-21,1208500,LOSS,-1.0,3.9
2024-05-21,1208517,LOSS,-1.0,2.9
2024-05-21,1208530,WIN,8.154,2.6
2024-05-24,1212636,LOSS,-1.0,5.3
2024-05-24,1212649,LOSS,-1.0,2.4
2024-05-24,1212667,LOSS,-1.0,3.7
2024-05-24,1212685,LOSS,-1.0,3.4
2024-05-24,1212694,LOSS,-1.0,1.3
2024-05-24,1212708,LOSS,-1.0,1.6
2024-05-24,1212719,LOSS,-1.0,2.6
2024-05-24,1212736,LOSS,-1.0,2.0
2024-05-24,1212787,LOSS,-1.0,1.0
2024-05-24,1212814,LOSS,-1.0,1.7
2024-05-24,1212835,LOSS,-1.0,1.8
2024-05-24,1212888,LOSS,-1.0,2.6
2024-05-24,1212902,LOSS,-1.0,2.7
2024-05-24,1212911,LOSS,-1.0,3.2
2024-05-24,1212997,LOSS,-1.0,2.6
2024-05-24,1213004,LOSS,-1.0,2.4
2024-05-24,1213010,LOSS,-1.0,3.1
2024-05-24,1213037,LOSS,-1.0,2.9
2024-05-24,1213054,LOSS,-1.0,4.8
2024-05-24,1213070,LOSS,-1.0,4.2
2024-05-24,1213192,OPEN,0.0,3.1
2024-05-28,1215451,LOSS,-1.0,2.3
2024-05-28,1215460,LOSS,-1.0,2.5
2024-05-28,1215529,LOSS,-1.0,1.8
2024-05-28,1215538,LOSS,-1.0,2.1
2024-05-28,1215548,LOSS,-1.0,3.0
2024-05-28,1215560,LOSS,-1.0,4.0
2024-05-28,1215688,LOSS,-1.0,2.4
2024-05-28,1215709,LOSS,-1.0,2.1
2024-05-28,1215749,LOSS,-1.0,3.9
2024-05-28,1215769,LOSS,-1.0,1.2
2024-05-28,1215776,LOSS,-1.0,1.5
2024-05-28,1215780,WIN,14.056,1.8
2024-05-31,1219900,LOSS,-1.0,2.2
2024-05-31,1219926,LOSS,-1.0,3.2
2024-05-31,1219930,LOSS,-1.0,2.0
2024-05-31,1219944,LOSS,-1.0,2.8
2024-05-31,1219974,LOSS,-1.0,4.6
2024-05-31,1219992,LOSS,-1.0,1.9
2024-05-31,1220014,LOSS,-1.0,2.0
2024-05-31,1220027,LOSS,-1.0,1.6
2024-05-31,1220052,LOSS,-1.0,3.7
2024-05-31,1220067,LOSS,-1.0,3.2
2024-05-31,1220111,LOSS,-1.0,2.7
2024-05-31,1220139,LOSS,-1.0,3.7
2024-05-31,1220149,OPEN,0.0,6.3
2024-06-07,1226956,WIN,0.902,6.1
2024-06-11,1229752,LOSS,-1.0,2.6
2024-06-11,1229762,LOSS,-1.0,2.0
2024-06-11,1229786,WIN,3.667,1.8
2024-06-12,1231179,LOSS,-1.0,1.9
2024-06-12,1231195,LOSS,-1.0,4.0
2024-06-12,1231284,LOSS,-1.0,1.6
2024-06-12,1231309,LOSS,-1.0,3.1
2024-06-12,1231348,LOSS,-1.0,5.9
2024-06-12,1231359,LOSS,-1.0,2.5
2024-06-12,1231372,LOSS,-1.0,2.6
2024-06-12,1231380,LOSS,-1.0,1.5
2024-06-12,1231395,LOSS,-1.0,4.7
2024-06-12,1231406,LOSS,-1.0,2.9
2024-06-12,1231423,LOSS,-1.0,2.5
2024-06-12,1231444,LOSS,-1.0,3.8
2024-06-12,1231463,LOSS,-1.0,1.5
2024-06-12,1231501,LOSS,-1.0,2.1
2024-06-12,1231511,LOSS,-1.0,0.5
2024-06-12,1231534,LOSS,-1.0,2.8
2024-06-12,1231569,LOSS,-1.0,4.4
2024-06-12,1231625,LOSS,-1.0,8.1
2024-06-12,1231632,LOSS,-1.0,7.1
2024-06-12,1231672,LOSS,-1.0,7.0
2024-06-12,1231689,LOSS,-1.0,4.7
2024-06-12,1231698,OPEN,0.0,5.0
2024-06-21,1241127,WIN,9.118,1.7
2024-06-24,1242587,LOSS,-1.0,2.5
2024-06-24,1242618,LOSS,-1.0,3.1
2024-06-24,1242653,LOSS,-1.0,3.5
2024-06-24,1242667,LOSS,-1.0,3.2
2024-06-24,1242690,LOSS,-1.0,2.5
2024-06-24,1242715,LOSS,-1.0,3.4
2024-06-24,1242743,LOSS,-1.0,2.9
2024-06-24,1242760,LOSS,-1.0,2.2
2024-06-24,1242773,LOSS,-1.0,2.4
2024-06-24,1242835,LOSS,-1.0,3.8
2024-06-24,1242860,LOSS,-1.0,5.2
2024-06-24,1242915,LOSS,-1.0,2.9
2024-06-24,1242979,LOSS,-1.0,2.3
2024-06-24,1243001,LOSS,-1.0,4.6
2024-06-24,1243027,LOSS,-1.0,1.0
2024-06-24,1243037,OPEN,0.0,2.6
2024-06-25,1244018,WIN,1.714,2.1
2024-06-27,1246838,LOSS,-1.0,2.1
2024-06-27,1246851,LOSS,-1.0,4.6
2024-06-27,1246868,LOSS,-1.0,2.1
2024-06-27,1246911,LOSS,-1.0,3.2
2024-06-27,1246929,LOSS,-1.0,3.5
2024-06-27,1247038,LOSS,-1.0,2.9
2024-06-27,1247061,LOSS,-1.0,3.3
2024-06-27,1247068,LOSS,-1.0,2.3
2024-06-27,1247129,LOSS,-1.0,2.5
2024-06-27,1247238,LOSS,-1.0,9.5
2024-06-27,1247247,LOSS,-1.0,2.3
2024-06-27,1247264,LOSS,-1.0,2.8
2024-06-27,1247288,OPEN,0.0,2.5
2024-07-01,1249729,WIN,8.878,4.1
2024-07-04,1254041,LOSS,-1.0,5.1
2024-07-04,1254086,LOSS,-1.0,3.6
2024-07-04,1254126,LOSS,-1.0,3.1
2024-07-04,1254160,LOSS,-1.0,4.1
2024-07-04,1254464,LOSS,-1.0,3.4
2024-07-04,1254492,LOSS,-1.0,2.7
2024-07-04,1254511,LOSS,-1.0,2.8
2024-07-04,1254531,OPEN,0.0,2.5
2024-07-05,1255390,LOSS,-1.0,1.6
2024-07-05,1255426,LOSS,-1.0,2.5
2024-07-05,1255439,LOSS,-1.0,2.3
2024-07-05,1255461,LOSS,-1.0,1.6
2024-07-05,1255530,LOSS,-1.0,3.9
2024-07-05,1255547,LOSS,-1.0,2.2
2024-07-05,1255564,LOSS,-1.0,2.8
2024-07-05,1255608,LOSS,-1.0,3.4
2024-07-05,1255742,OPEN,0.0,19.3
2024-07-10,1259671,LOSS,-1.0,2.9
2024-07-10,1259683,LOSS,-1.0,3.4
2024-07-10,1259823,LOSS,-1.0,3.7
2024-07-10,1259966,LOSS,-1.0,3.3
2024-07-10,1260001,LOSS,-1.0,2.4
2024-07-10,1260040,LOSS,-1.0,3.4
2024-07-10,1260131,OPEN,0.0,1.9
2024-07-15,1263929,LOSS,-1.0,4.6
2024-07-15,1264024,LOSS,-1.0,2.8
2024-07-15,1264074,LOSS,-1.0,2.6
2024-07-15,1264098,LOSS,-1.0,1.8
2024-07-15,1264105,LOSS,-1.0,1.8
2024-07-15,1264125,LOSS,-1.0,1.3
2024-07-15,1264141,LOSS,-1.0,5.4
2024-07-15,1264164,LOSS,-1.0,3.6
2024-07-15,1264182,LOSS,-1.0,3.5
2024-07-15,1264368,LOSS,-1.0,4.9
2024-07-15,1264397,LOSS,-1.0,1.5
2024-07-15,1264419,LOSS,-1.0,2.7
2024-07-15,1264427,LOSS,-1.0,3.3
2024-07-15,1264450,LOSS,-1.0,2.1
2024-07-15,1264470,OPEN,0.0,6.0
2024-07-24,1273948,LOSS,-1.0,4.6
2024-07-24,1274016,WIN,0.921,6.3
2024-07-25,1275374,WIN,1.283,4.6
2024-07-30,1279700,LOSS,-1.0,3.1
2024-07-30,1279747,LOSS,-1.0,2.9
2024-07-30,1279800,LOSS,-1.0,3.6
2024-07-30,1279825,LOSS,-1.0,1.6
2024-07-30,1279881,LOSS,-1.0,2.1
2024-07-30,1279893,LOSS,-1.0,2.1
2024-07-30,1279904,LOSS,-1.0,4.3
2024-07-30,1279922,LOSS,-1.0,2.1
2024-07-30,1279936,LOSS,-1.0,1.4
2024-07-30,1279942,WIN,7.75,2.4
2024-08-02,1284009,LOSS,-1.0,2.9
2024-08-02,1284120,LOSS,-1.0,5.0
2024-08-02,1284137,LOSS,-1.0,1.9
2024-08-02,1284189,LOSS,-1.0,3.3
2024-08-02,1284204,LOSS,-1.0,5.9
2024-08-02,1284288,LOSS,-1.0,2.2
2024-08-02,1284300,LOSS,-1.0,2.1
2024-08-02,1284316,LOSS,-1.0,3.3
2024-08-02,1284378,LOSS,-1.0,20.9
2024-08-02,1284402,LOSS,-1.0,11.9
2024-08-02,1284427,LOSS,-1.0,5.7
2024-08-02,1284469,LOSS,-1.0,3.9
2024-08-02,1284503,LOSS,-1.0,5.9
2024-08-02,1284523,OPEN,0.0,6.7
2024-08-08,1289748,LOSS,-1.0,2.1
2024-08-08,1289759,LOSS,-1.0,4.9
2024-08-08,1289806,WIN,4.143,4.2
2024-08-09,1291199,LOSS,-1.0,1.5
2024-08-09,1291215,LOSS,-1.0,2.7
2024-08-09,1291246,WIN,3.889,3.6
2024-08-12,1292662,LOSS,-1.0,3.0
2024-08-12,1292696,LOSS,-1.0,4.1
2024-08-12,1292830,LOSS,-1.0,4.1
2024-08-12,1292850,LOSS,-1.0,2.0
2024-08-12,1292865,LOSS,-1.0,4.4
2024-08-12,1293070,LOSS,-1.0,3.0
2024-08-12,1293143,LOSS,-1.0,4.0
2024-08-12,1293159,OPEN,0.0,3.4
2024-08-13,1294037,WIN,2.5,3.4
2024-08-15,1296921,LOSS,-1.0,2.8
2024-08-15,1296936,LOSS,-1.0,4.1
2024-08-15,1296972,LOSS,-1.0,3.6
2024-08-15,1296993,LOSS,-1.0,3.0
2024-08-15,1297022,LOSS,-1.0,1.5
2024-08-15,1297039,LOSS,-1.0,3.1
2024-08-15,1297108,LOSS,-1.0,3.2
2024-08-15,1297117,LOSS,-1.0,4.1
2024-08-15,1297153,LOSS,-1.0,1.1
2024-08-15,1297166,LOSS,-1.0,2.3
2024-08-15,1297271,LOSS,-1.0,3.7
2024-08-15,1297286,WIN,3.417,2.4
2024-08-16,1298356,LOSS,-1.0,1.7
2024-08-16,1298361,LOSS,-1.0,2.6
2024-08-16,1298382,LOSS,-1.0,5.3
2024-08-16,1298474,LOSS,-1.0,3.1
2024-08-16,1298493,LOSS,-1.0,2.9
2024-08-16,1298565,LOSS,-1.0,2.6
2024-08-16,1298584,LOSS,-1.0,1.6
2024-08-16,1298609,LOSS,-1.0,2.9
2024-08-16,1298638,LOSS,-1.0,2.0
2024-08-16,1298770,LOSS,-1.0,1.8
2024-08-16,1298803,LOSS,-1.0,2.8
2024-08-16,1298816,OPEN,0.0,2.8
2024-08-19,1299789,LOSS,-1.0,1.3
2024-08-19,1299921,LOSS,-1.0,2.2
2024-08-19,1300273,LOSS,-1.0,2.8
2024-08-19,1300307,OPEN,0.0,3.7
2024-08-22,1304158,WIN,0.833,13.2
2024-08-23,1305573,LOSS,-1.0,3.1
2024-08-23,1305584,LOSS,-1.0,3.0
2024-08-23,1305637,LOSS,-1.0,4.7
2024-08-23,1305669,LOSS,-1.0,2.5
2024-08-23,1305686,LOSS,-1.0,2.0
2024-08-23,1305723,WIN,5.842,1.9
2024-08-27,1308409,LOSS,-1.0,6.4
2024-08-27,1308469,LOSS,-1.0,3.9
2024-08-27,1308536,LOSS,-1.0,3.2
2024-08-27,1308582,WIN,2.237,5.9
2024-08-29,1311250,WIN,4.107,2.8
2024-08-30,1312745,LOSS,-1.0,5.6
2024-08-30,1312774,LOSS,-1.0,4.7
2024-08-30,1312782,LOSS,-1.0,2.8
2024-08-30,1312808,LOSS,-1.0,1.1
2024-08-30,1312834,WIN,6.667,3.3
2024-09-02,1314117,LOSS,-1.0,2.4
2024-09-02,1314162,LOSS,-1.0,4.1
2024-09-02,1314250,OPEN,0.0,3.1
2024-09-04,1316954,LOSS,-1.0,2.6
2024-09-04,1316979,LOSS,-1.0,2.1
2024-09-04,1316985,LOSS,-1.0,4.3
2024-09-04,1317029,LOSS,-1.0,2.6
2024-09-04,1317040,WIN,4.5,2.8
2024-09-05,1318423,LOSS,-1.0,3.0
2024-09-05,1318456,LOSS,-1.0,5.7
2024-09-05,1318516,LOSS,-1.0,1.4
2024-09-05,1318525,LOSS,-1.0,6.5
2024-09-05,1318572,LOSS,-1.0,5.0
2024-09-05,1318698,LOSS,-1.0,1.1
2024-09-05,1318708,LOSS,-1.0,4.7
2024-09-05,1318762,OPEN,0.0,12.2
2024-09-06,1319825,LOSS,-1.0,2.0
2024-09-06,1319830,LOSS,-1.0,1.5
2024-09-06,1319838,LOSS,-1.0,2.1
2024-09-06,1319854,LOSS,-1.0,2.1
2024-09-06,1319873,WIN,3.64,2.5
2024-09-10,1322675,LOSS,-1.0,3.0
2024-09-10,1322718,LOSS,-1.0,2.9
2024-09-10,1322744,LOSS,-1.0,1.8
2024-09-10,1322757,LOSS,-1.0,1.5
2024-09-10,1322784,WIN,6.667,2.1
2024-09-11,1324125,LOSS,-1.0,2.8
2024-09-11,1324176,LOSS,-1.0,4.1
2024-09-11,1324195,LOSS,-1.0,4.5
2024-09-11,1324202,LOSS,-1.0,4.1
2024-09-11,1324423,LOSS,-1.0,3.1
2024-09-11,1324438,WIN,15.818,2.2
2024-09-12,1325547,LOSS,-1.0,1.7
2024-09-12,1325573,WIN,1.841,6.3
2024-09-16,1328468,LOSS,-1.0,3.6
2024-09-16,1328508,LOSS,-1.0,4.8
2024-09-16,1328518,LOSS,-1.0,4.8
2024-09-16,1328555,LOSS,-1.0,2.3
2024-09-16,1328560,LOSS,-1.0,2.6
2024-09-16,1328578,LOSS,-1.0,2.8
2024-09-16,1328588,LOSS,-1.0,3.6
2024-09-16,1328602,LOSS,-1.0,2.2
2024-09-16,1328637,LOSS,-1.0,3.5
2024-09-16,1328675,LOSS,-1.0,2.3
2024-09-16,1328685,LOSS,-1.0,3.9
2024-09-16,1328774,LOSS,-1.0,1.7
2024-09-16,1328782,LOSS,-1.0,2.5
2024-09-16,1328793,LOSS,-1.0,1.7
2024-09-16,1328802,LOSS,-1.0,5.7
2024-09-16,1328850,LOSS,-1.0,7.2
2024-09-16,1328865,LOSS,-1.0,4.2
2024-09-16,1328888,OPEN,0.0,7.4
2024-09-17,1329881,LOSS,-1.0,2.5
2024-09-17,1329906,WIN,0.0,5.2
2024-09-19,1332727,LOSS,-1.0,4.0
2024-09-19,1332742,LOSS,-1.0,4.3
2024-09-19,1332770,LOSS,-1.0,4.8
2024-09-19,1332788,LOSS,-1.0,4.7
2024-09-19,1332827,LOSS,-1.0,3.4
2024-09-19,1332851,LOSS,-1.0,2.2
2024-09-19,1332892,LOSS,-1.0,8.4
2024-09-19,1332915,LOSS,-1.0,2.5
2024-09-19,1332921,LOSS,-1.0,4.1
2024-09-19,1332949,LOSS,-1.0,3.0
2024-09-19,1332957,OPEN,0.0,3.8
2024-09-20,1334162,LOSS,-1.0,2.5
2024-09-20,1334197,LOSS,-1.0,6.4
2024-09-20,1334222,WIN,3.491,5.5
2024-09-24,1337071,LOSS,-1.0,3.6
2024-09-24,1337104,LOSS,-1.0,1.9
2024-09-24,1337115,LOSS,-1.0,3.6
2024-09-24,1337129,LOSS,-1.0,5.0
2024-09-24,1337142,LOSS,-1.0,2.9
2024-09-24,1337156,LOSS,-1.0,4.1
2024-09-24,1337182,LOSS,-1.0,2.5
2024-09-24,1337232,LOSS,-1.0,1.6
2024-09-24,1337266,LOSS,-1.0,3.3
2024-09-24,1337421,LOSS,-1.0,7.0
2024-09-24,1337510,LOSS,-1.0,4.7
2024-09-24,1337527,OPEN,0.0,7.7
2024-09-26,1339892,LOSS,-1.0,2.4
2024-09-26,1339916,LOSS,-1.0,2.3
2024-09-26,1339921,LOSS,-1.0,0.7
2024-09-26,1339931,LOSS,-1.0,4.0
2024-09-26,1339951,LOSS,-1.0,3.0
2024-09-26,1339962,WIN,5.707,4.1
2024-10-08,1351374,LOSS,-1.0,5.0
2024-10-08,1351420,LOSS,-1.0,2.5
2024-10-08,1351426,LOSS,-1.0,3.1
2024-10-08,1351481,LOSS,-1.0,3.4
2024-10-08,1351491,LOSS,-1.0,3.2
2024-10-08,1351496,WIN,4.205,4.4
2024-10-11,1355750,LOSS,-1.0,9.1
2024-10-11,1355799,LOSS,-1.0,4.4
2024-10-11,1355823,LOSS,-1.0,3.5
2024-10-11,1355834,WIN,3.585,5.3
2024-10-14,1357115,LOSS,-1.0,2.5
2024-10-14,1357204,LOSS,-1.0,1.2
2024-10-14,1357232,LOSS,-1.0,3.4
2024-10-14,1357302,LOSS,-1.0,1.4
2024-10-14,1357310,WIN,6.571,2.8
2024-10-18,1362842,LOSS,-1.0,3.4
2024-10-18,1362877,LOSS,-1.0,1.6
2024-10-18,1363136,LOSS,-1.0,2.2
2024-10-18,1363185,LOSS,-1.0,2.9
2024-10-18,1363195,LOSS,-1.0,2.3
2024-10-18,1363207,LOSS,-1.0,3.3
2024-10-18,1363215,LOSS,-1.0,2.2
2024-10-18,1363221,LOSS,-1.0,2.4
2024-10-18,1363240,LOSS,-1.0,4.3
2024-10-18,1363258,LOSS,-1.0,2.0
2024-10-18,1363275,LOSS,-1.0,5.3
2024-10-18,1363337,OPEN,0.0,5.9
2024-10-22,1365739,LOSS,-1.0,3.0
2024-10-22,1365754,LOSS,-1.0,1.8
2024-10-22,1365770,LOSS,-1.0,3.5
2024-10-22,1365791,LOSS,-1.0,2.2
2024-10-22,1365808,WIN,3.66,5.0
2024-10-23,1367140,WIN,3.379,2.9
2024-10-24,1368590,WIN,2.086,3.5
2024-10-28,1371471,LOSS,-1.0,3.2
2024-10-28,1371477,LOSS,-1.0,1.4
2024-10-28,1371491,LOSS,-1.0,3.5
2024-10-28,1371537,LOSS,-1.0,5.1
2024-10-28,1371570,LOSS,-1.0,3.0
2024-10-28,1371699,LOSS,-1.0,2.5
2024-10-28,1371739,LOSS,-1.0,4.0
2024-10-28,1371757,LOSS,-1.0,2.9
2024-10-28,1371766,LOSS,-1.0,2.3
2024-10-28,1371771,LOSS,-1.0,2.9
2024-10-28,1371922,LOSS,-1.0,1.8
2024-10-28,1371937,LOSS,-1.0,3.1
2024-10-28,1372013,OPEN,0.0,4.1
2024-10-30,1374403,LOSS,-1.0,6.2
2024-10-30,1374413,LOSS,-1.0,4.5
2024-10-30,1374437,LOSS,-1.0,3.4
2024-10-30,1374451,WIN,3.327,10.7
2024-10-31,1375806,LOSS,-1.0,4.4
2024-10-31,1375948,LOSS,-1.0,3.1
2024-10-31,1375962,LOSS,-1.0,3.3
2024-10-31,1375968,LOSS,-1.0,4.3
2024-10-31,1376085,LOSS,-1.0,5.3
2024-10-31,1376094,LOSS,-1.0,5.0
2024-10-31,1376103,LOSS,-1.0,4.5
2024-10-31,1376113,LOSS,-1.0,6.8
2024-10-31,1376159,OPEN,0.0,7.9
2024-11-05,1380020,LOSS,-1.0,1.6
2024-11-05,1380030,LOSS,-1.0,4.2
2024-11-05,1380052,LOSS,-1.0,1.1
2024-11-05,1380074,LOSS,-1.0,1.3
2024-11-05,1380092,LOSS,-1.0,3.0
2024-11-05,1380114,LOSS,-1.0,3.5
2024-11-05,1380150,LOSS,-1.0,3.0
2024-11-05,1380262,LOSS,-1.0,3.6
2024-11-05,1380280,LOSS,-1.0,3.8
2024-11-05,1380461,LOSS,-1.0,3.4
2024-11-05,1380473,LOSS,-1.0,5.5
2024-11-05,1380529,LOSS,-1.0,4.6
2024-11-05,1380585,LOSS,-1.0,2.6
2024-11-07,1382916,LOSS,-1.0,8.9
2024-11-07,1382970,LOSS,-1.0,3.9
2024-11-07,1383002,LOSS,-1.0,1.4
2024-11-07,1383032,LOSS,-1.0,3.0
2024-11-07,1383094,LOSS,-1.0,10.3
2024-11-07,1383217,LOSS,-1.0,5.2
2024-11-07,1383261,LOSS,-1.0,7.9
2024-11-07,1383294,LOSS,-1.0,0.2
2024-11-07,1383302,LOSS,-1.0,5.6
2024-11-07,1383333,LOSS,-1.0,6.9
2024-11-07,1383350,LOSS,-1.0,9.6
2024-11-07,1383379,LOSS,-1.0,5.8
2024-11-07,1383398,OPEN,0.0,2.6
2024-11-15,1391524,LOSS,-1.0,5.4
2024-11-15,1391538,LOSS,-1.0,3.3
2024-11-15,1391561,LOSS,-1.0,8.5
2024-11-15,1391634,LOSS,-1.0,3.0
2024-11-15,1391654,LOSS,-1.0,4.1
2024-11-15,1391792,LOSS,-1.0,2.2
2024-11-15,1391799,LOSS,-1.0,3.0
2024-11-15,1391810,LOSS,-1.0,3.0
2024-11-15,1391890,LOSS,-1.0,5.3
2024-11-15,1391908,WIN,0.846,31.8
2024-11-18,1393045,LOSS,-1.0,6.1
2024-11-18,1393107,LOSS,-1.0,4.5
2024-11-18,1393380,LOSS,-1.0,3.7
2024-11-18,1393425,LOSS,-1.0,3.0
2024-11-18,1393444,LOSS,-1.0,5.0
2024-11-18,1393495,LOSS,-1.0,3.7
2024-11-26,1401710,LOSS,-1.0,5.2
2024-11-26,1401731,LOSS,-1.0,11.1
2024-11-26,1401824,LOSS,-1.0,3.8
2024-11-26,1401829,LOSS,-1.0,5.0
2024-11-26,1401884,LOSS,-1.0,4.6
2024-11-26,1401917,LOSS,-1.0,11.2
2024-11-26,1401935,OPEN,0.0,3.8
2024-11-27,1403075,LOSS,-1.0,6.7
2024-11-27,1403084,LOSS,-1.0,5.5
2024-11-27,1403122,LOSS,-1.0,9.5
2024-11-27,1403379,LOSS,-1.0,5.3
2024-11-27,1403454,LOSS,-1.0,7.3
2024-11-27,1403571,LOSS,-1.0,10.1
2024-11-27,1403625,OPEN,0.0,4.4
2024-11-29,1405892,LOSS,-1.0,2.7
2024-11-29,1405926,LOSS,-1.0,5.8
2024-11-29,1405944,WIN,5.255,4.7
2024-12-03,1408804,LOSS,-1.0,7.6
2024-12-03,1408853,LOSS,-1.0,3.7
2024-12-03,1408865,LOSS,-1.0,2.8
2024-12-03,1408890,LOSS,-1.0,4.5
2024-12-03,1408906,OPEN,0.0,5.2
2024-12-04,1410216,WIN,11.593,2.7
2024-12-05,1411658,LOSS,-1.0,2.2
2024-12-05,1411689,LOSS,-1.0,3.6
2024-12-05,1411713,LOSS,-1.0,5.3
2024-12-05,1411732,LOSS,-1.0,5.4
2024-12-05,1412026,LOSS,-1.0,4.5
2024-12-05,1412042,LOSS,-1.0,6.2
2024-12-05,1412074,LOSS,-1.0,5.2
2024-12-05,1412084,LOSS,-1.0,8.2
2024-12-05,1412107,OPEN,0.0,6.3
2024-12-06,1413158,LOSS,-1.0,7.5
2024-12-06,1413481,WIN,5.323,9.3
2024-12-09,1414578,LOSS,-1.0,3.6
2024-12-09,1414646,LOSS,-1.0,1.6
2024-12-09,1414659,LOSS,-1.0,3.5
2024-12-09,1414670,LOSS,-1.0,3.9
2024-12-09,1414711,LOSS,-1.0,7.6
2024-12-09,1414728,LOSS,-1.0,2.5
2024-12-09,1414744,LOSS,-1.0,3.5
2024-12-09,1415060,OPEN,0.0,4.9
2024-12-10,1415961,WIN,3.696,4.6
2024-12-12,1418836,WIN,4.98,5.0
2024-12-18,1424541,LOSS,-1.0,5.1
2024-12-18,1424551,WIN,2.756,4.5
2024-12-19,1425994,LOSS,-1.0,11.3
2024-12-19,1426109,LOSS,-1.0,4.4
2024-12-19,1426128,LOSS,-1.0,2.5
2024-12-19,1426142,WIN,6.42,6.9
2024-12-20,1427416,LOSS,-1.0,1.1
2024-12-20,1427423,LOSS,-1.0,1.5
2024-12-20,1427443,LOSS,-1.0,8.4
2024-12-20,1427472,LOSS,-1.0,3.7
2024-12-20,1427504,LOSS,-1.0,5.5
2024-12-20,1427747,LOSS,-1.0,3.3
2024-12-20,1427764,LOSS,-1.0,5.4
2024-12-20,1427809,LOSS,-1.0,9.7
2024-12-20,1427980,LOSS,-1.0,7.1
2024-12-20,1428005,LOSS,-1.0,2.4
2024-12-31,1436429,LOSS,-1.0,5.6
2024-12-31,1436478,WIN,4.538,3.9
2025-01-03,1439184,LOSS,-1.0,2.9
2025-01-03,1439195,LOSS,-1.0,3.4
2025-01-03,1439221,LOSS,-1.0,4.2
2025-01-03,1439248,LOSS,-1.0,4.5
2025-01-03,1439256,LOSS,-1.0,2.9
2025-01-03,1439265,LOSS,-1.0,4.6
2025-01-03,1439326,LOSS,-1.0,2.9
2025-01-03,1439333,LOSS,-1.0,6.3
2025-01-03,1439471,LOSS,-1.0,2.9
2025-01-03,1439670,OPEN,0.0,8.5
2025-01-06,1440654,LOSS,-1.0,4.6
2025-01-06,1440696,LOSS,-1.0,3.4
2025-01-06,1440710,LOSS,-1.0,7.4
2025-01-06,1440749,LOSS,-1.0,8.8
2025-01-06,1440899,LOSS,-1.0,7.2
2025-01-06,1440926,LOSS,-1.0,17.2
2025-01-06,1441008,OPEN,0.0,6.5
2025-01-07,1442084,LOSS,-1.0,3.2
2025-01-07,1442100,LOSS,-1.0,7.6
2025-01-07,1442186,LOSS,-1.0,8.6
2025-01-07,1442259,LOSS,-1.0,4.5
2025-01-07,1442291,WIN,18.345,2.9
2025-01-14,1449273,LOSS,-1.0,3.7
2025-01-14,1449291,LOSS,-1.0,4.6
2025-01-14,1449312,LOSS,-1.0,4.0
2025-01-14,1449325,LOSS,-1.0,5.2
2025-01-14,1449716,LOSS,-1.0,1.4
2025-01-14,1449739,LOSS,-1.0,5.0
2025-01-14,1449770,LOSS,-1.0,4.8
2025-01-14,1449783,LOSS,-1.0,5.5
2025-01-14,1449799,OPEN,0.0,5.5
2025-01-16,1452142,LOSS,-1.0,2.5
2025-01-16,1452166,LOSS,-1.0,3.3
2025-01-16,1452174,WIN,2.348,4.6
2025-01-20,1454977,LOSS,-1.0,11.0
2025-01-20,1455190,LOSS,-1.0,4.0
2025-01-20,1455233,LOSS,-1.0,5.7
2025-01-20,1455273,LOSS,-1.0,3.5
2025-01-20,1455373,LOSS,-1.0,31.5
2025-01-20,1455395,LOSS,-1.0,10.1
2025-01-20,1455438,OPEN,0.0,12.1
2025-01-24,1460751,LOSS,-1.0,8.4
2025-01-24,1460776,LOSS,-1.0,5.1
2025-01-24,1460797,LOSS,-1.0,15.5
2025-01-24,1460812,LOSS,-1.0,7.7
2025-01-24,1460848,LOSS,-1.0,4.6
2025-01-24,1460868,LOSS,-1.0,10.8
2025-01-24,1461256,LOSS,-1.0,2.6
2025-01-24,1461258,OPEN,0.0,2.5
2025-01-31,1467926,LOSS,-1.0,3.8
2025-01-31,1467953,WIN,8.829,3.5
2025-02-03,1469504,LOSS,-1.0,2.7
2025-02-03,1469650,LOSS,-1.0,2.0
2025-02-03,1469690,LOSS,-1.0,11.4
2025-02-03,1469718,LOSS,-1.0,17.0
2025-02-03,1469874,OPEN,0.0,19.1
2025-02-05,1472249,LOSS,-1.0,4.0
2025-02-05,1472270,LOSS,-1.0,8.0
2025-02-05,1472352,LOSS,-1.0,4.6
2025-02-05,1472375,LOSS,-1.0,5.9
2025-02-05,1472457,LOSS,-1.0,6.0
2025-02-05,1472711,LOSS,-1.0,3.1
2025-02-05,1472726,OPEN,0.0,6.9
2025-02-10,1476552,LOSS,-1.0,6.2
2025-02-10,1476681,LOSS,-1.0,3.4
2025-02-10,1476698,LOSS,-1.0,4.7
2025-02-10,1476790,OPEN,0.0,3.9
2025-02-11,1477987,LOSS,-1.0,4.6
2025-02-11,1478009,LOSS,-1.0,4.5
2025-02-11,1478033,LOSS,-1.0,4.9
2025-02-11,1478066,LOSS,-1.0,0.6
2025-02-11,1478084,LOSS,-1.0,1.7
2025-02-11,1478109,LOSS,-1.0,4.7
2025-02-11,1478183,LOSS,-1.0,3.2
2025-02-11,1478295,LOSS,-1.0,0.7
2025-02-11,1478310,LOSS,-1.0,2.8
2025-02-11,1478318,LOSS,-1.0,2.7
2025-02-11,1478323,LOSS,-1.0,3.0
2025-02-11,1478417,LOSS,-1.0,2.6
2025-02-11,1478423,LOSS,-1.0,2.3
2025-02-11,1478432,LOSS,-1.0,4.6
2025-02-11,1478454,LOSS,-1.0,6.0
2025-02-11,1478479,LOSS,-1.0,5.3
2025-02-11,1478495,LOSS,-1.0,7.6
2025-02-11,1478534,LOSS,-1.0,3.7
2025-02-11,1478551,OPEN,0.0,5.9
2025-02-12,1479472,LOSS,-1.0,6.5
2025-02-12,1479480,LOSS,-1.0,4.3
2025-02-12,1479678,LOSS,-1.0,2.9
2025-02-12,1479707,WIN,6.286,3.5
2025-02-13,1480860,WIN,10.5,4.2
2025-02-14,1482305,LOSS,-1.0,3.9
2025-02-14,1482367,LOSS,-1.0,3.5
2025-02-14,1482390,LOSS,-1.0,3.1
2025-02-14,1482425,LOSS,-1.0,3.0
2025-02-14,1482438,LOSS,-1.0,5.0
2025-02-14,1482680,LOSS,-1.0,9.8
2025-02-14,1482718,LOSS,-1.0,5.4
2025-02-14,1482752,OPEN,0.0,5.3
2025-02-19,1486584,WIN,2.119,5.9
2025-02-20,1488083,LOSS,-1.0,2.8
2025-02-20,1488087,LOSS,-1.0,1.8
2025-02-20,1488105,LOSS,-1.0,2.6
2025-02-20,1488207,LOSS,-1.0,5.2
2025-02-20,1488222,LOSS,-1.0,3.2
2025-02-20,1488239,LOSS,-1.0,3.9
2025-02-20,1488250,LOSS,-1.0,2.1
2025-02-20,1488270,LOSS,-1.0,3.8
2025-02-20,1488393,LOSS,-1.0,4.0
2025-02-20,1488401,LOSS,-1.0,1.8
2025-02-20,1488414,LOSS,-1.0,7.2
2025-02-20,1488471,LOSS,-1.0,4.8
2025-02-20,1488539,LOSS,-1.0,4.8
2025-02-20,1488552,LOSS,-1.0,4.3
2025-02-20,1488604,OPEN,0.0,4.8
2025-02-25,1492329,WIN,3.824,3.4
2025-02-27,1495383,LOSS,-1.0,3.2
2025-02-27,1495458,LOSS,-1.0,4.4
2025-02-27,1495650,WIN,0.0,2.7
2025-02-28,1496764,LOSS,-1.0,4.1
2025-02-28,1497004,LOSS,-1.0,2.2
2025-02-28,1497028,LOSS,-1.0,4.2
2025-02-28,1497037,LOSS,-1.0,1.5
2025-02-28,1497084,LOSS,-1.0,4.8
2025-02-28,1497141,LOSS,-1.0,6.7
2025-02-28,1497163,OPEN,0.0,8.7
2025-03-04,1499573,LOSS,-1.0,4.0
2025-03-04,1499628,LOSS,-1.0,2.1
2025-03-04,1499676,LOSS,-1.0,3.8
2025-03-04,1499687,LOSS,-1.0,5.8
2025-03-04,1499813,LOSS,-1.0,2.3
2025-03-04,1499821,LOSS,-1.0,7.5
2025-03-04,1499851,LOSS,-1.0,4.4
2025-03-04,1499879,LOSS,-1.0,3.5
2025-03-04,1499894,OPEN,0.0,10.4
2025-03-05,1500963,LOSS,-1.0,4.1
2025-03-05,1500987,LOSS,-1.0,8.8
2025-03-05,1501002,LOSS,-1.0,14.4
2025-03-05,1501041,LOSS,-1.0,3.3
2025-03-05,1501047,LOSS,-1.0,7.2
2025-03-05,1501075,LOSS,-1.0,1.9
2025-03-05,1501087,LOSS,-1.0,16.0
2025-03-05,1501115,LOSS,-1.0,11.1
2025-03-05,1501377,LOSS,-1.0,6.7
2025-03-05,1501392,LOSS,-1.0,11.0
2025-03-05,1501432,LOSS,-1.0,7.6
2025-03-05,1501513,LOSS,-1.0,5.1
2025-03-06,1502446,WIN,3.23,8.7
2025-03-07,1503831,LOSS,-1.0,5.2
2025-03-07,1503840,LOSS,-1.0,4.1
2025-03-07,1503858,LOSS,-1.0,4.7
2025-03-07,1503878,LOSS,-1.0,5.2
2025-03-07,1503937,LOSS,-1.0,4.6
2025-03-07,1503967,LOSS,-1.0,8.9
2025-03-07,1504218,LOSS,-1.0,18.0
2025-03-07,1504231,OPEN,0.0,20.5
2025-03-11,1506798,LOSS,-1.0,4.1
2025-03-11,1506823,LOSS,-1.0,7.2
2025-03-11,1506849,LOSS,-1.0,4.3
2025-03-11,1506884,LOSS,-1.0,6.0
2025-03-11,1506893,LOSS,-1.0,5.8
2025-03-11,1506943,LOSS,-1.0,3.5
2025-03-11,1507120,LOSS,-1.0,1.3
2025-03-11,1507163,LOSS,-1.0,2.1
2025-03-11,1507183,OPEN,0.0,11.8
2025-03-18,1513958,LOSS,-1.0,5.5
2025-03-18,1513982,LOSS,-1.0,2.8
2025-03-18,1513995,LOSS,-1.0,2.3
2025-03-18,1514004,LOSS,-1.0,3.0
2025-03-18,1514021,LOSS,-1.0,4.6
2025-03-18,1514039,LOSS,-1.0,5.3
2025-03-18,1514052,LOSS,-1.0,3.2
2025-03-18,1514067,WIN,18.04,2.5
2025-03-24,1519714,LOSS,-1.0,3.9
2025-03-24,1519730,LOSS,-1.0,7.9
2025-03-24,1519785,WIN,9.282,3.9
2025-03-26,1522684,LOSS,-1.0,2.9
2025-03-26,1522687,LOSS,-1.0,2.8
2025-03-26,1522722,LOSS,-1.0,3.8
2025-03-26,1522769,WIN,3.086,5.8
2025-03-31,1526826,WIN,2.557,7.0
2025-04-03,1531073,LOSS,-1.0,10.6
2025-04-03,1531102,LOSS,-1.0,5.2
2025-04-03,1531121,LOSS,-1.0,5.7
2025-04-03,1531231,LOSS,-1.0,7.2
2025-04-03,1531254,LOSS,-1.0,19.8
2025-04-03,1531324,OPEN,0.0,63.6
2025-04-07,1533939,LOSS,-1.0,11.8
2025-04-07,1533988,LOSS,-1.0,23.3
2025-04-07,1534011,WIN,6.104,18.3
2025-04-08,1535385,LOSS,-1.0,7.6
2025-04-08,1535415,LOSS,-1.0,6.8
2025-04-08,1535422,WIN,9.267,7.5
2025-04-09,1536807,LOSS,-1.0,8.4
2025-04-09,1536814,LOSS,-1.0,10.2
2025-04-09,1536867,LOSS,-1.0,13.5
2025-04-09,1537208,OPEN,0.0,9.6
2025-04-10,1538371,LOSS,-1.0,11.0
2025-04-10,1538391,LOSS,-1.0,7.4
2025-04-10,1538421,LOSS,-1.0,3.1
2025-04-10,1538433,LOSS,-1.0,9.7
2025-04-10,1538444,LOSS,-1.0,7.2
2025-04-10,1538477,LOSS,-1.0,4.5
2025-04-10,1538486,LOSS,-1.0,6.7
2025-04-10,1538505,LOSS,-1.0,7.3
2025-04-10,1538532,LOSS,-1.0,20.7
2025-04-10,1538555,LOSS,-1.0,9.0
2025-04-10,1538628,LOSS,-1.0,3.8
2025-04-10,1538641,LOSS,-1.0,15.4
2025-04-10,1538713,LOSS,-1.0,0.9
2025-04-10,1538720,LOSS,-1.0,7.9
2025-04-10,1538735,LOSS,-1.0,7.7
2025-04-10,1538746,LOSS,-1.0,12.7
2025-04-10,1538763,LOSS,-1.0,3.9
2025-04-10,1538790,LOSS,-1.0,24.8
2025-04-10,1538808,LOSS,-1.0,10.3
2025-04-10,1538831,OPEN,0.0,19.8
2025-04-14,1541155,LOSS,-1.0,6.4
2025-04-14,1541177,LOSS,-1.0,10.6
2025-04-14,1541184,WIN,6.637,10.2
2025-04-15,1542570,LOSS,-1.0,17.7
2025-04-15,1542683,WIN,2.224,19.6
2025-04-16,1543998,LOSS,-1.0,21.3
2025-04-16,1544080,LOSS,-1.0,2.4
2025-04-16,1544098,LOSS,-1.0,3.7
2025-04-16,1544112,LOSS,-1.0,1.0
2025-04-16,1544131,LOSS,-1.0,7.6
2025-04-16,1544147,LOSS,-1.0,21.4
2025-04-16,1544176,LOSS,-1.0,4.6
2025-04-16,1544194,LOSS,-1.0,8.1
2025-04-16,1544203,LOSS,-1.0,10.3
2025-04-16,1544475,LOSS,-1.0,7.1
2025-04-16,1544498,LOSS,-1.0,4.7
2025-04-16,1544533,OPEN,0.0,10.4
2025-04-21,1548308,LOSS,-1.0,13.1
2025-04-21,1548412,LOSS,-1.0,6.3
2025-04-21,1548420,LOSS,-1.0,16.2
2025-04-21,1548495,OPEN,0.0,8.6
2025-04-22,1549738,WIN,10.396,5.3
2025-04-24,1552684,LOSS,-1.0,5.0
2025-04-24,1552710,LOSS,-1.0,3.2
2025-04-24,1552731,LOSS,-1.0,3.2
2025-04-24,1552742,LOSS,-1.0,6.7
2025-04-24,1552868,OPEN,0.0,5.4
2025-04-28,1555484,WIN,9.267,3.0
2025-04-30,1558411,WIN,5.773,6.6
2025-05-02,1561251,LOSS,-1.0,4.7
2025-05-02,1561276,LOSS,-1.0,6.5
2025-05-02,1561311,LOSS,-1.0,3.4
2025-05-02,1561357,LOSS,-1.0,4.1
2025-05-02,1561413,LOSS,-1.0,4.1
2025-05-02,1561421,LOSS,-1.0,4.7
2025-05-02,1561480,LOSS,-1.0,7.4
2025-05-02,1561712,LOSS,-1.0,2.7
2025-05-02,1561724,OPEN,0.0,12.6
2025-05-06,1564128,LOSS,-1.0,3.6
2025-05-06,1564146,LOSS,-1.0,4.3
2025-05-06,1564167,LOSS,-1.0,8.7
2025-05-06,1564179,LOSS,-1.0,7.4
2025-05-06,1564223,LOSS,-1.0,4.3
2025-05-06,1564261,LOSS,-1.0,8.7
2025-05-06,1564588,LOSS,-1.0,7.3
2025-05-06,1564611,OPEN,0.0,18.0
2025-05-07,1565555,LOSS,-1.0,1.1
2025-05-07,1565578,LOSS,-1.0,9.7
2025-05-07,1565612,OPEN,0.0,7.5
2025-05-09,1568446,LOSS,-1.0,3.5
2025-05-09,1568454,LOSS,-1.0,4.1
2025-05-09,1568478,LOSS,-1.0,5.3
2025-05-09,1568486,LOSS,-1.0,4.4
2025-05-09,1568512,LOSS,-1.0,5.2
2025-05-09,1568538,LOSS,-1.0,5.6
2025-05-09,1568589,LOSS,-1.0,7.8
2025-05-09,1568615,LOSS,-1.0,2.7
2025-05-09,1568636,LOSS,-1.0,4.8
2025-05-09,1568648,LOSS,-1.0,5.7
2025-05-09,1568759,LOSS,-1.0,10.7
2025-05-09,1568864,LOSS,-1.0,4.7
2025-05-09,1568900,LOSS,-1.0,3.0
2025-05-09,1568943,OPEN,0.0,4.8
2025-05-13,1571365,LOSS,-1.0,4.6
2025-05-13,1571406,LOSS,-1.0,2.9
2025-05-13,1571418,LOSS,-1.0,5.1
2025-05-13,1571701,LOSS,-1.0,18.9
2025-05-13,1571718,LOSS,-1.0,8.1
2025-05-13,1571734,LOSS,-1.0,3.3
2025-05-13,1571743,LOSS,-1.0,14.0
2025-05-13,1571757,LOSS,-1.0,6.9
2025-05-13,1571768,LOSS,-1.0,6.2
2025-05-13,1571836,LOSS,-1.0,6.0
2025-05-13,1571849,LOSS,-1.0,3.9
2025-05-13,1571857,LOSS,-1.0,3.0
2025-05-13,1571867,LOSS,-1.0,4.0
2025-05-13,1571891,LOSS,-1.0,4.4
2025-05-15,1574214,LOSS,-1.0,2.6
2025-05-15,1574246,WIN,4.753,8.9
2025-05-16,1575665,LOSS,-1.0,4.2
2025-05-16,1575681,LOSS,-1.0,3.9
2025-05-16,1575701,WIN,2.38,7.9
2025-05-19,1577108,LOSS,-1.0,4.4
2025-05-19,1577125,LOSS,-1.0,4.3
2025-05-19,1577163,LOSS,-1.0,3.3
2025-05-19,1577181,LOSS,-1.0,4.2
2025-05-19,1577210,LOSS,-1.0,6.7
2025-05-19,1577218,LOSS,-1.0,4.5
2025-05-19,1577244,LOSS,-1.0,2.4
2025-05-19,1577255,LOSS,-1.0,9.5
2025-05-19,1577292,LOSS,-1.0,9.8
2025-05-19,1577315,LOSS,-1.0,9.3
2025-05-19,1577365,OPEN,0.0,5.5
2025-05-20,1578507,LOSS,-1.0,4.1
2025-05-20,1578523,LOSS,-1.0,4.2
2025-05-20,1578583,LOSS,-1.0,6.9
2025-05-20,1578628,OPEN,0.0,7.7
2025-05-21,1579973,LOSS,-1.0,7.0
2025-05-21,1579983,LOSS,-1.0,6.8
2025-05-21,1580220,OPEN,0.0,6.3
2025-05-23,1582829,LOSS,-1.0,1.8
2025-05-23,1582835,LOSS,-1.0,6.7
2025-05-23,1582908,LOSS,-1.0,8.0
2025-05-23,1582939,LOSS,-1.0,9.0
2025-05-23,1582955,LOSS,-1.0,4.6
2025-05-23,1582980,LOSS,-1.0,2.0
2025-05-23,1583003,LOSS,-1.0,2.9
2025-05-23,1583029,LOSS,-1.0,3.3
2025-05-23,1583052,LOSS,-1.0,6.5
2025-05-23,1583079,LOSS,-1.0,7.5
2025-05-23,1583160,LOSS,-1.0,0.4
2025-05-23,1583228,LOSS,-1.0,13.6
2025-05-29,1588595,LOSS,-1.0,6.0
2025-05-29,1588609,LOSS,-1.0,5.1
2025-05-29,1588614,LOSS,-1.0,5.4
2025-05-29,1588625,LOSS,-1.0,5.5
2025-05-29,1588777,LOSS,-1.0,3.3
2025-05-29,1588832,LOSS,-1.0,4.5
2025-05-29,1588865,LOSS,-1.0,2.5
2025-05-29,1588896,LOSS,-1.0,3.5
2025-05-29,1588945,LOSS,-1.0,3.9
2025-05-29,1588972,LOSS,-1.0,4.2
2025-05-29,1588990,LOSS,-1.0,4.9
2025-05-29,1589013,LOSS,-1.0,7.9
2025-05-29,1589060,LOSS,-1.0,5.5
2025-05-29,1589063,LOSS,-1.0,7.3
2025-05-29,1589122,LOSS,-1.0,7.3
2025-05-29,1589143,LOSS,-1.0,6.5
2025-06-02,1591429,LOSS,-1.0,2.5
2025-06-02,1591471,LOSS,-1.0,2.9
2025-06-02,1591509,LOSS,-1.0,4.0
2025-06-02,1591546,LOSS,-1.0,15.0
2025-06-02,1591626,LOSS,-1.0,4.9
2025-06-02,1591630,LOSS,-1.0,3.1
2025-06-02,1591648,LOSS,-1.0,4.0
2025-06-02,1591913,LOSS,-1.0,6.4
2025-06-02,1591936,LOSS,-1.0,1.1
2025-06-02,1591940,OPEN,0.0,9.1
2025-06-09,1598670,LOSS,-1.0,5.6
2025-06-09,1598776,LOSS,-1.0,2.5
2025-06-09,1598811,WIN,19.818,2.2
2025-06-12,1602925,LOSS,-1.0,3.6
2025-06-12,1603064,LOSS,-1.0,6.2
2025-06-12,1603100,LOSS,-1.0,4.8
2025-06-12,1603120,LOSS,-1.0,8.9
2025-06-12,1603129,LOSS,-1.0,9.0
2025-06-12,1603158,LOSS,-1.0,16.3
2025-06-12,1603198,LOSS,-1.0,11.6
2025-06-12,1603230,LOSS,-1.0,6.4
2025-06-12,1603325,OPEN,0.0,7.3
2025-06-16,1605799,LOSS,-1.0,6.4
2025-06-16,1605852,LOSS,-1.0,5.9
2025-06-16,1605883,LOSS,-1.0,5.9
2025-06-16,1605903,LOSS,-1.0,4.4
2025-06-16,1605950,LOSS,-1.0,4.8
2025-06-16,1606035,LOSS,-1.0,4.0
2025-06-16,1606226,LOSS,-1.0,2.8
2025-06-16,1606235,LOSS,-1.0,4.6
2025-06-16,1606252,LOSS,-1.0,4.3
2025-06-16,1606290,OPEN,0.0,5.3
2025-06-17,1607255,LOSS,-1.0,4.3
2025-06-17,1607276,LOSS,-1.0,3.5
2025-06-17,1607534,LOSS,-1.0,3.5
2025-06-17,1607548,LOSS,-1.0,3.2
2025-06-17,1607610,LOSS,-1.0,1.7
2025-06-17,1607622,WIN,1.644,10.4
2025-06-18,1608666,LOSS,-1.0,4.6
2025-06-18,1608692,LOSS,-1.0,4.5
2025-06-18,1608734,LOSS,-1.0,2.6
2025-06-18,1609236,OPEN,0.0,9.7
2025-06-23,1612981,LOSS,-1.0,3.9
2025-06-23,1613038,WIN,4.078,7.7
2025-06-24,1614418,LOSS,-1.0,8.7
2025-06-24,1614440,WIN,6.977,4.4
2025-06-26,1617438,LOSS,-1.0,4.8
2025-06-26,1617452,OPEN,0.0,9.2
2025-06-30,1620224,LOSS,-1.0,3.4
2025-06-30,1620239,WIN,6.075,4.0
2025-07-04,1625920,LOSS,-1.0,2.6
2025-07-04,1625937,LOSS,-1.0,5.5
2025-07-04,1626408,LOSS,-1.0,4.5
2025-07-04,1626425,LOSS,-1.0,2.0
2025-07-04,1626482,LOSS,-1.0,3.5
2025-07-04,1626501,OPEN,0.0,3.5
2025-07-08,1628891,LOSS,-1.0,3.4
2025-07-08,1628905,WIN,9.483,2.9
2025-07-09,1630278,LOSS,-1.0,3.0
2025-07-09,1630293,LOSS,-1.0,2.7
2025-07-09,1630302,WIN,6.419,3.1
2025-07-15,1635976,LOSS,-1.0,3.6
2025-07-15,1636062,WIN,7.364,3.3
2025-07-16,1637397,LOSS,-1.0,1.6
2025-07-16,1637405,LOSS,-1.0,2.7
2025-07-16,1637421,LOSS,-1.0,3.9
2025-07-16,1637431,LOSS,-1.0,3.7
2025-07-16,1637446,LOSS,-1.0,4.1
2025-07-16,1637460,WIN,6.788,3.3
2025-07-21,1641749,LOSS,-1.0,2.6
2025-07-21,1641759,LOSS,-1.0,2.8
2025-07-21,1641779,LOSS,-1.0,4.1
2025-07-21,1641870,LOSS,-1.0,5.2
2025-07-21,1642022,LOSS,-1.0,3.7
2025-07-21,1642032,LOSS,-1.0,2.5
2025-07-21,1642058,LOSS,-1.0,2.7
2025-07-21,1642066,LOSS,-1.0,3.7
2025-07-21,1642081,LOSS,-1.0,2.7
2025-07-21,1642095,LOSS,-1.0,4.6
2025-07-21,1642198,LOSS,-1.0,5.4
2025-07-21,1642206,LOSS,-1.0,7.4
2025-07-21,1642230,LOSS,-1.0,5.2
2025-07-21,1642253,LOSS,-1.0,4.9
2025-07-21,1642276,OPEN,0.0,5.7
2025-07-25,1647499,WIN,6.588,3.4
2025-07-31,1653215,LOSS,-1.0,5.7
2025-07-31,1653233,LOSS,-1.0,2.4
2025-07-31,1653248,LOSS,-1.0,1.7
2025-07-31,1653265,LOSS,-1.0,5.9
2025-07-31,1653278,WIN,8.389,5.4
2025-08-01,1654671,LOSS,-1.0,3.1
2025-08-01,1654687,LOSS,-1.0,2.6
2025-08-01,1654712,LOSS,-1.0,1.2
2025-08-01,1654715,WIN,5.341,4.1
2025-08-06,1658994,LOSS,-1.0,3.6
2025-08-06,1659193,LOSS,-1.0,3.5
2025-08-06,1659217,LOSS,-1.0,4.4
2025-08-06,1659256,LOSS,-1.0,6.2
2025-08-06,1659289,LOSS,-1.0,7.2
2025-08-06,1659401,LOSS,-1.0,7.9
2025-08-06,1659438,LOSS,-1.0,10.0
2025-08-06,1659469,LOSS,-1.0,8.3
2025-08-06,1659479,LOSS,-1.0,7.8
2025-08-06,1659528,LOSS,-1.0,4.6
2025-08-06,1659550,LOSS,-1.0,3.2
2025-08-07,1660395,LOSS,-1.0,2.0
2025-08-07,1660430,LOSS,-1.0,2.9
2025-08-07,1660451,LOSS,-1.0,3.0
2025-08-07,1660484,LOSS,-1.0,3.7
2025-08-07,1660513,LOSS,-1.0,2.4
2025-08-07,1660520,WIN,5.569,6.5
2025-08-13,1666154,LOSS,-1.0,4.2
2025-08-13,1666171,LOSS,-1.0,1.5
2025-08-13,1666184,LOSS,-1.0,3.4
2025-08-13,1666219,LOSS,-1.0,5.0
2025-08-13,1666230,LOSS,-1.0,3.7
2025-08-13,1666241,LOSS,-1.0,2.5
2025-08-13,1666270,LOSS,-1.0,3.4
2025-08-13,1666340,LOSS,-1.0,2.2
2025-08-13,1666366,OPEN,0.0,2.7
2025-08-15,1669009,LOSS,-1.0,4.0
2025-08-15,1669049,LOSS,-1.0,2.4
2025-08-15,1669068,LOSS,-1.0,5.0
2025-08-15,1669114,LOSS,-1.0,0.8
2025-08-15,1669130,LOSS,-1.0,0.7
2025-08-15,1669147,LOSS,-1.0,2.8
2025-08-15,1669154,LOSS,-1.0,2.9
2025-08-15,1669175,LOSS,-1.0,4.0
2025-08-15,1669198,LOSS,-1.0,3.8
2025-08-15,1669234,LOSS,-1.0,3.0
2025-08-15,1669252,LOSS,-1.0,5.3
2025-08-15,1669303,LOSS,-1.0,3.2
2025-08-15,1669333,LOSS,-1.0,3.5
2025-08-15,1669372,LOSS,-1.0,4.7
2025-08-15,1669401,LOSS,-1.0,8.6
2025-08-15,1669424,LOSS,-1.0,7.3
2025-08-15,1669468,LOSS,-1.0,7.5
2025-08-15,1669489,LOSS,-1.0,3.2
2025-08-15,1669504,LOSS,-1.0,6.0
2025-08-15,1669522,LOSS,-1.0,4.3
2025-08-15,1669525,LOSS,-1.0,3.5
2025-08-15,1669541,LOSS,-1.0,2.1
2025-08-15,1669572,OPEN,0.0,3.6
2025-08-19,1671920,LOSS,-1.0,5.9
2025-08-19,1671936,LOSS,-1.0,4.2
2025-08-19,1671975,LOSS,-1.0,4.6
2025-08-19,1671989,LOSS,-1.0,3.8
2025-08-19,1672143,LOSS,-1.0,2.6
2025-08-19,1672148,LOSS,-1.0,2.5
2025-08-19,1672176,OPEN,0.0,4.1
2025-08-20,1673299,LOSS,-1.0,2.9
2025-08-20,1673368,LOSS,-1.0,5.1
2025-08-20,1673387,LOSS,-1.0,1.8
2025-08-20,1673426,LOSS,-1.0,3.8
2025-08-20,1673559,LOSS,-1.0,3.4
2025-08-20,1673579,LOSS,-1.0,8.6
2025-08-20,1673705,LOSS,-1.0,5.6
2025-08-20,1673718,LOSS,-1.0,3.9
2025-08-20,1673743,LOSS,-1.0,4.3
2025-08-20,1673764,LOSS,-1.0,3.8
2025-08-20,1673833,OPEN,0.0,4.6
2025-08-25,1677630,LOSS,-1.0,3.1
2025-08-25,1677653,WIN,3.638,5.8
2025-08-29,1683508,WIN,5.2,5.5
2025-09-01,1684796,LOSS,-1.0,3.8
2025-09-01,1684827,LOSS,-1.0,3.9
2025-09-01,1684961,OPEN,0.0,2.3
2025-09-03,1687669,WIN,3.78,4.1
2025-09-05,1690502,LOSS,-1.0,3.3
2025-09-05,1690617,LOSS,-1.0,3.5
2025-09-05,1690644,LOSS,-1.0,4.6
2025-09-05,1690708,LOSS,-1.0,2.8
2025-09-05,1690770,LOSS,-1.0,1.5
2025-09-05,1690793,LOSS,-1.0,3.0
2025-09-05,1690869,LOSS,-1.0,7.9
2025-09-05,1690881,LOSS,-1.0,6.5
2025-09-05,1690895,LOSS,-1.0,25.6
2025-09-05,1690984,LOSS,-1.0,8.8
2025-09-05,1691060,LOSS,-1.0,6.5
2025-09-08,1691954,LOSS,-1.0,8.0
2025-09-08,1691995,LOSS,-1.0,2.7
2025-09-08,1692000,LOSS,-1.0,4.5
2025-09-08,1692019,LOSS,-1.0,5.4
2025-09-08,1692041,LOSS,-1.0,3.9
2025-09-08,1692064,LOSS,-1.0,3.0
2025-09-08,1692372,LOSS,-1.0,6.2
2025-09-08,1692393,OPEN,0.0,4.8
2025-09-09,1693415,WIN,0.034,5.9
2025-09-10,1694832,WIN,4.218,5.5
2025-09-16,1700573,LOSS,-1.0,3.5
2025-09-16,1700586,LOSS,-1.0,3.2
2025-09-16,1700597,LOSS,-1.0,2.6
2025-09-16,1700639,LOSS,-1.0,3.8
2025-09-16,1700690,LOSS,-1.0,4.0
2025-09-16,1700740,LOSS,-1.0,4.3
2025-09-16,1700752,LOSS,-1.0,4.5
2025-09-16,1700762,LOSS,-1.0,2.4
2025-09-16,1700776,LOSS,-1.0,3.0
2025-09-16,1700822,LOSS,-1.0,4.8
2025-09-16,1700893,LOSS,-1.0,5.9
2025-09-16,1700911,LOSS,-1.0,9.3
2025-09-16,1701000,LOSS,-1.0,5.2
2025-09-16,1701009,LOSS,-1.0,2.7
2025-09-16,1701052,LOSS,-1.0,10.4
2025-09-16,1701081,LOSS,-1.0,5.7
2025-09-16,1701090,OPEN,0.0,5.4
2025-09-22,1706298,LOSS,-1.0,3.6
2025-09-22,1706320,LOSS,-1.0,3.2
2025-09-22,1706339,LOSS,-1.0,2.7
2025-09-22,1706359,LOSS,-1.0,6.0
2025-09-22,1706400,LOSS,-1.0,1.8
2025-09-22,1706405,LOSS,-1.0,2.5
2025-09-22,1706432,LOSS,-1.0,1.7
2025-09-22,1706452,LOSS,-1.0,6.4
2025-09-22,1706491,LOSS,-1.0,3.0
2025-09-22,1706510,LOSS,-1.0,2.7
2025-09-22,1706536,LOSS,-1.0,1.8
2025-09-22,1706546,LOSS,-1.0,4.9
2025-09-22,1706564,LOSS,-1.0,6.9
2025-09-22,1706667,LOSS,-1.0,9.9
2025-09-22,1706703,LOSS,-1.0,6.6
2025-09-22,1706718,OPEN,0.0,4.2
2025-09-26,1712053,LOSS,-1.0,4.0
2025-09-26,1712076,LOSS,-1.0,2.2
2025-09-26,1712111,LOSS,-1.0,9.1
2025-09-26,1712199,LOSS,-1.0,2.9
2025-09-26,1712467,LOSS,-1.0,6.2
2025-09-26,1712534,LOSS,-1.0,6.8
2025-09-26,1712569,OPEN,0.0,8.3
2025-09-29,1713540,LOSS,-1.0,5.9
2025-09-29,1713831,LOSS,-1.0,14.2
2025-09-29,1713881,LOSS,-1.0,7.5
2025-09-29,1713928,OPEN,0.0,4.6
2025-09-30,1714906,LOSS,-1.0,3.8
2025-09-30,1714916,LOSS,-1.0,2.5
2025-09-30,1714925,LOSS,-1.0,2.3
2025-09-30,1714947,LOSS,-1.0,3.0
2025-09-30,1714969,LOSS,-1.0,2.5
2025-09-30,1714976,LOSS,-1.0,3.5
2025-09-30,1715029,LOSS,-1.0,4.1
2025-09-30,1715054,OPEN,0.0,6.6
2025-10-01,1716338,LOSS,-1.0,3.8
2025-10-01,1716373,LOSS,-1.0,6.4
2025-10-01,1716390,LOSS,-1.0,9.5
2025-10-01,1716402,WIN,5.037,8.1
2025-10-02,1717767,LOSS,-1.0,3.0
2025-10-02,1717797,LOSS,-1.0,5.6
2025-10-02,1717828,LOSS,-1.0,8.1
2025-10-02,1717835,LOSS,-1.0,2.8
2025-10-02,1717869,LOSS,-1.0,3.4
2025-10-02,1717942,LOSS,-1.0,4.1
2025-10-02,1717955,LOSS,-1.0,1.7
2025-10-02,1718132,WIN,15.684,1.9
2025-10-10,1726404,LOSS,-1.0,3.1
2025-10-10,1726424,LOSS,-1.0,3.2
2025-10-10,1726440,LOSS,-1.0,5.3
2025-10-10,1726472,LOSS,-1.0,2.3
2025-10-10,1726503,LOSS,-1.0,3.7
2025-10-10,1726518,WIN,4.453,5.3
2025-10-13,1727830,WIN,5.061,4.9
2025-10-14,1729240,LOSS,-1.0,5.1
2025-10-14,1729248,WIN,2.557,9.7
2025-10-15,1730695,LOSS,-1.0,7.7
2025-10-15,1730732,LOSS,-1.0,6.5
2025-10-15,1730741,LOSS,-1.0,3.5
2025-10-15,1730772,LOSS,-1.0,4.1
2025-10-15,1730782,LOSS,-1.0,9.0
2025-10-15,1730842,LOSS,-1.0,3.7
2025-10-15,1731261,OPEN,0.0,6.1
2025-10-17,1733551,LOSS,-1.0,4.8
2025-10-17,1733575,WIN,2.609,8.7
2025-10-20,1735022,LOSS,-1.0,3.2
2025-10-20,1735031,WIN,1.312,4.8
2025-10-22,1737861,LOSS,-1.0,1.3
2025-10-22,1737881,LOSS,-1.0,3.7
2025-10-22,1737899,WIN,2.561,4.1
2025-11-03,1749342,LOSS,-1.0,4.6
2025-11-03,1749380,LOSS,-1.0,2.7
2025-11-03,1749396,WIN,2.455,5.5
2025-11-04,1750770,LOSS,-1.0,2.2
2025-11-04,1750789,LOSS,-1.0,2.6
2025-11-04,1750802,LOSS,-1.0,3.0
2025-11-04,1750815,WIN,8.743,3.5
2025-11-06,1753667,LOSS,-1.0,4.4
2025-11-06,1753708,LOSS,-1.0,7.3
2025-11-06,1753764,LOSS,-1.0,6.1
2025-11-06,1753953,LOSS,-1.0,3.2
2025-11-06,1754002,LOSS,-1.0,3.1
2025-11-06,1754035,LOSS,-1.0,3.2
2025-11-06,1754050,OPEN,0.0,6.2
2025-11-10,1756543,LOSS,-1.0,1.6
2025-11-10,1756550,LOSS,-1.0,1.0
2025-11-10,1756585,LOSS,-1.0,4.6
2025-11-10,1756604,WIN,6.3,5.0
2025-11-11,1757988,LOSS,-1.0,3.8
2025-11-11,1757995,LOSS,-1.0,2.1
2025-11-11,1757998,LOSS,-1.0,0.9
2025-11-11,1758008,LOSS,-1.0,2.5
2025-11-11,1758028,LOSS,-1.0,8.3
2025-11-11,1758103,LOSS,-1.0,3.0
2025-11-11,1758122,LOSS,-1.0,4.8
2025-11-11,1758141,LOSS,-1.0,1.9
2025-11-11,1758145,LOSS,-1.0,2.0
2025-11-11,1758159,LOSS,-1.0,2.4
2025-11-11,1758181,LOSS,-1.0,2.0
2025-11-11,1758342,LOSS,-1.0,5.7
2025-11-11,1758359,LOSS,-1.0,2.9
2025-11-11,1758392,LOSS,-1.0,2.1
2025-11-11,1758404,OPEN,0.0,5.1
2025-11-12,1759396,WIN,3.044,4.5
2025-11-13,1760885,LOSS,-1.0,5.2
2025-11-13,1760939,LOSS,-1.0,4.0
2025-11-13,1761331,LOSS,-1.0,3.9
2025-11-13,1761345,LOSS,-1.0,5.1
2025-11-13,1761368,LOSS,-1.0,2.3
2025-11-13,1761384,LOSS,-1.0,1.7
2025-11-14,1762263,WIN,1.156,7.7
2025-11-17,1763712,LOSS,-1.0,3.6
2025-11-17,1763730,LOSS,-1.0,3.1
2025-11-17,1763749,WIN,5.769,2.6
2025-11-18,1765185,LOSS,-1.0,2.1
2025-11-18,1765191,WIN,4.167,4.2
2025-11-19,1766556,LOSS,-1.0,4.3
2025-11-19,1766574,LOSS,-1.0,2.7
2025-11-19,1766600,LOSS,-1.0,2.4
2025-11-19,1766605,WIN,2.239,6.7
2025-11-21,1769440,LOSS,-1.0,3.8
2025-11-21,1769468,LOSS,-1.0,5.4
2025-11-21,1769475,LOSS,-1.0,3.0
2025-11-21,1769480,LOSS,-1.0,4.5
2025-11-21,1769514,WIN,4.316,3.8
2025-11-24,1770895,LOSS,-1.0,3.6
2025-11-24,1770940,LOSS,-1.0,3.8
2025-11-24,1770947,LOSS,-1.0,4.8
2025-11-24,1770956,LOSS,-1.0,3.7
2025-11-24,1770987,LOSS,-1.0,5.7
2025-11-24,1771056,LOSS,-1.0,1.8
2025-11-24,1771087,LOSS,-1.0,2.7
2025-11-24,1771101,LOSS,-1.0,3.7
2025-11-24,1771137,LOSS,-1.0,2.3
2025-11-24,1771156,LOSS,-1.0,2.2
2025-11-24,1771205,LOSS,-1.0,2.4
2025-11-24,1771222,OPEN,0.0,4.2
2025-11-25,1772331,LOSS,-1.0,1.6
2025-11-25,1772339,LOSS,-1.0,2.6
2025-11-25,1772391,LOSS,-1.0,3.3
2025-11-25,1772407,LOSS,-1.0,7.2
2025-11-25,1772434,LOSS,-1.0,2.6
2025-11-25,1772458,LOSS,-1.0,2.6
2025-11-25,1772471,LOSS,-1.0,2.5
2025-11-25,1772488,LOSS,-1.0,3.1
2025-11-25,1772494,LOSS,-1.0,2.4
2025-11-25,1772507,LOSS,-1.0,2.0
2025-11-25,1772534,LOSS,-1.0,3.2
2025-11-25,1772682,LOSS,-1.0,3.0
2025-11-25,1772685,LOSS,-1.0,8.2
2025-11-25,1772725,LOSS,-1.0,4.8
2025-11-25,1772767,LOSS,-1.0,1.0
2025-11-25,1772783,LOSS,-1.0,0.3
2025-11-25,1772787,LOSS,-1.0,2.9
2025-11-25,1772812,OPEN,0.0,3.0
2025-11-26,1773741,WIN,8.276,2.9
2025-12-01,1778080,LOSS,-1.0,1.9
2025-12-01,1778091,LOSS,-1.0,4.9
2025-12-01,1778134,LOSS,-1.0,4.6
2025-12-01,1778151,LOSS,-1.0,1.9
2025-12-01,1778177,LOSS,-1.0,4.0
2025-12-01,1778192,LOSS,-1.0,2.7
2025-12-01,1778217,LOSS,-1.0,3.1
2025-12-01,1778235,LOSS,-1.0,2.8
2025-12-01,1778248,LOSS,-1.0,2.8
2025-12-01,1778256,LOSS,-1.0,2.3
2025-12-01,1778274,LOSS,-1.0,3.6
2025-12-01,1778327,LOSS,-1.0,2.4
2025-12-01,1778366,OPEN,0.0,4.7
2025-12-02,1779448,LOSS,-1.0,1.3
2025-12-02,1779475,LOSS,-1.0,4.9
2025-12-02,1779516,WIN,3.241,2.9
2025-12-03,1780882,LOSS,-1.0,1.7
2025-12-03,1781069,LOSS,-1.0,4.7
2025-12-03,1781085,LOSS,-1.0,1.9
2025-12-03,1781092,LOSS,-1.0,2.6
2025-12-03,1781095,LOSS,-1.0,2.9
2025-12-03,1781135,LOSS,-1.0,2.2
2025-12-03,1781145,LOSS,-1.0,3.0
2025-12-03,1781154,LOSS,-1.0,1.9
2025-12-03,1781169,LOSS,-1.0,2.5
2025-12-03,1781192,LOSS,-1.0,2.6
2025-12-03,1781200,LOSS,-1.0,3.7
2025-12-03,1781241,OPEN,0.0,2.5
2025-12-04,1782368,LOSS,-1.0,2.6
2025-12-04,1782385,LOSS,-1.0,5.2
2025-12-04,1782401,LOSS,-1.0,3.6
2025-12-04,1782412,WIN,6.5,3.8
2025-12-05,1783747,LOSS,-1.0,2.2
2025-12-05,1783773,WIN,4.605,4.3
2025-12-08,1785176,LOSS,-1.0,2.9
2025-12-08,1785189,WIN,4.186,4.3
2025-12-10,1788051,LOSS,-1.0,1.6
2025-12-10,1788067,LOSS,-1.0,2.7
2025-12-10,1788075,LOSS,-1.0,2.9
2025-12-10,1788085,LOSS,-1.0,2.2
2025-12-10,1788093,LOSS,-1.0,3.0
2025-12-10,1788115,LOSS,-1.0,5.6
2025-12-10,1788126,LOSS,-1.0,2.6
2025-12-10,1788130,LOSS,-1.0,2.7
2025-12-10,1788144,LOSS,-1.0,2.7
2025-12-10,1788150,OPEN,0.0,3.0
2025-12-18,1796669,WIN,3.171,3.5
2025-12-22,1799570,LOSS,-1.0,2.4
2025-12-22,1799591,LOSS,-1.0,4.2
2025-12-22,1799600,LOSS,-1.0,5.1
2025-12-22,1799625,LOSS,-1.0,4.6
2025-12-22,1799656,LOSS,-1.0,2.2
2025-12-22,1799736,LOSS,-1.0,2.6
2025-12-22,1799740,LOSS,-1.0,2.6
2025-12-22,1799846,LOSS,-1.0,6.5
2025-12-22,1799906,LOSS,-1.0,4.0
2025-12-22,1799940,LOSS,-1.0,6.1
2025-12-22,1799995,LOSS,-1.0,5.6
2025-12-22,1800057,LOSS,-1.0,2.3
2025-12-22,1800064,OPEN,0.0,4.4
2025-12-23,1801028,LOSS,-1.0,2.9
2025-12-23,1801043,LOSS,-1.0,3.0
2025-12-23,1801062,LOSS,-1.0,2.2
2025-12-23,1801074,LOSS,-1.0,2.8
2025-12-23,1801096,LOSS,-1.0,2.8
2025-12-23,1801106,LOSS,-1.0,4.4
2025-12-23,1801161,LOSS,-1.0,2.5
2025-12-23,1801180,LOSS,-1.0,2.4
2025-12-23,1801195,LOSS,-1.0,2.6
2025-12-23,1801216,LOSS,-1.0,4.4
2025-12-23,1801292,LOSS,-1.0,1.8
2025-12-23,1801302,LOSS,-1.0,1.6
2025-12-23,1801321,WIN,6.317,4.1
2025-12-29,1805588,LOSS,-1.0,5.1
2025-12-29,1805635,WIN,2.091,6.6
2025-12-30,1806927,WIN,0.0,5.5
