date,side,sweep_time,sweep_hour,asian_range_pips,reached_target,excursion_beyond_level_pips,excursion_beyond_entry_pips,excursion_pct_of_asian_range,minutes_sweep_to_turn,minutes_turn_to_target,n_pokes,reclaimed,minutes_sweep_to_reclaim,reclaim_price,excursion_at_reclaim_pips,max_adverse_after_reclaim_pips,retested_level_after_reclaim
2021-01-04,high,02:04,2,18.7,False,51.2,51.3,273.8,442,,2,True,0.0,1.22583,1.0,51.3,True
2021-01-05,high,03:19,3,21.9,True,13.9,14.0,63.5,196,206.0,5,True,0.0,1.22766,2.0,14.0,True
2021-01-06,high,02:00,2,39.7,True,34.2,36.8,86.1,325,209.0,6,True,0.0,1.23126,1.3,36.8,True
2021-01-07,low,02:07,2,18.3,False,73.7,73.5,402.7,224,,3,True,6.0,1.23195,4.5,74.5,True
2021-01-08,high,02:02,2,29.8,True,4.4,4.8,14.8,16,38.0,2,True,0.0,1.22643,0.4,4.8,True
2021-01-11,high,02:07,2,24.1,True,9.1,8.8,37.8,91,75.0,5,True,1.0,1.21899,1.0,9.9,True
2021-01-12,high,02:16,2,23.3,True,17.0,17.0,73.0,132,278.0,6,True,34.0,1.21609,13.3,18.0,True
2021-01-13,high,02:30,2,15.3,True,2.6,2.3,17.0,4,23.0,1,True,1.0,1.22197,1.7,3.0,True
2021-01-15,low,02:00,2,14.1,False,61.6,55.7,436.9,503,,4,True,14.0,1.21435,7.2,61.9,True
2021-01-18,high,02:17,2,19.0,True,2.3,1.1,12.1,0,134.0,1,True,2.0,1.20841,2.3,1.7,True
2021-01-19,low,02:24,2,12.7,True,0.7,0.4,5.5,0,17.0,1,True,1.0,1.20868,0.7,1.3,True
2021-01-20,high,02:00,2,14.1,True,8.9,8.2,63.1,63,29.0,1,True,72.0,1.21479,8.9,3.4,True
2021-01-21,high,02:37,2,18.4,True,1.5,3.0,8.2,12,35.0,2,True,0.0,1.21322,0.2,3.0,True
2021-01-22,low,02:01,2,15.3,True,9.8,7.3,64.1,80,16.0,2,True,1.0,1.21619,2.5,10.4,True
2021-01-25,high,02:42,2,20.1,True,2.5,0.4,12.4,4,89.0,2,True,1.0,1.21799,2.4,2.8,True
2021-01-26,low,02:00,2,18.7,True,19.8,17.9,105.9,58,286.0,10,True,2.0,1.2128,2.4,20.4,True
2021-01-27,low,02:32,2,14.0,False,94.5,93.7,675.0,437,,3,True,4.0,1.21541,1.3,95.6,True
2021-01-28,low,02:23,2,20.0,True,5.2,4.3,26.0,14,32.0,3,True,1.0,1.20866,1.5,5.9,True
2021-01-29,high,03:56,3,21.0,False,40.0,39.4,190.5,307,,5,True,2.0,1.21159,3.5,40.1,True
2021-02-01,low,02:07,2,11.7,False,56.4,56.9,482.1,592,,9,True,0.0,1.21251,0.2,56.9,True
2021-02-02,low,02:02,2,20.6,False,48.5,48.6,235.4,597,,7,True,0.0,1.20672,1.0,48.6,True
2021-02-03,low,02:00,2,10.8,False,35.2,31.7,325.9,527,,2,True,12.0,1.20399,8.8,35.9,True
2021-02-04,low,02:00,2,23.1,False,49.2,40.7,213.0,527,,1,False,,,,,
2021-02-05,high,03:04,3,17.0,False,70.9,70.1,417.1,527,,1,True,178.0,1.19691,18.6,71.0,True
2021-02-08,high,02:38,2,10.2,True,8.8,7.9,86.3,12,39.0,2,True,39.0,1.20373,8.8,5.5,True
2021-02-09,high,02:17,2,25.9,False,34.4,31.7,132.8,159,,9,True,8.0,1.20816,4.8,34.8,True
2021-02-10,high,02:24,2,20.9,False,14.3,14.9,68.4,91,,12,True,0.0,1.21291,0.5,14.9,True
2021-02-11,high,02:00,2,11.2,False,24.4,21.0,217.9,371,,9,True,49.0,1.21245,7.7,24.9,True
2021-02-12,low,02:51,2,11.6,False,37.0,34.3,319.0,387,,1,True,18.0,1.21186,6.2,37.1,True
2021-02-15,high,02:23,2,20.2,False,7.5,7.7,37.1,54,,6,True,0.0,1.21374,0.2,7.7,True
2021-02-16,low,02:22,2,15.8,True,6.0,5.9,38.0,26,46.0,2,True,38.0,1.2135,6.0,5.1,True
2021-02-17,low,02:02,2,15.0,False,60.0,57.6,400.0,531,,1,False,,,,,
2021-02-18,high,02:47,2,14.5,False,39.8,39.0,274.5,355,,5,True,1.0,1.20496,2.4,40.2,True
2021-02-19,high,02:14,2,15.8,False,46.3,45.6,293.0,227,,1,False,,,,,
2021-02-22,low,02:09,2,23.1,True,21.3,21.1,92.2,96,160.0,5,True,1.0,1.21142,0.4,23.1,True
2021-02-23,high,02:47,2,13.3,True,3.0,3.1,22.6,1,18.0,1,True,0.0,1.2177,0.1,3.1,True
2021-02-24,high,03:31,3,18.9,True,8.3,4.9,43.9,1,276.0,9,True,5.0,1.21658,8.3,8.7,True
2021-02-25,high,02:00,2,21.4,False,66.0,65.0,308.4,480,,2,True,4.0,1.21772,3.7,66.1,True
2021-02-26,low,02:01,2,37.6,False,54.8,55.9,145.7,598,,4,True,0.0,1.21461,1.0,55.9,True
2021-03-01,low,02:59,2,20.9,False,47.1,48.5,225.4,434,,2,True,0.0,1.20761,0.1,48.5,True
2021-03-02,low,02:16,2,25.6,True,23.5,18.5,91.8,113,306.0,3,True,11.0,1.20157,10.9,24.1,True
2021-03-03,low,02:00,2,10.9,True,1.9,1.0,17.4,1,25.0,2,True,4.0,1.20828,1.9,1.1,True
2021-03-04,low,03:25,3,19.5,False,21.3,22.5,109.2,414,,9,True,0.0,1.20447,2.8,22.5,True
2021-03-05,low,02:00,2,15.0,False,58.3,59.2,388.7,393,,3,True,0.0,1.19524,2.9,59.2,True
2021-03-08,low,02:00,2,30.0,False,53.0,47.0,176.7,592,,1,False,,,,,
2021-03-09,high,02:22,2,31.5,False,48.6,46.6,154.3,249,,1,True,5.0,1.18666,2.5,49.0,True
2021-03-10,low,02:00,2,20.6,True,5.2,4.2,25.2,81,41.0,4,True,2.0,1.18781,2.5,6.3,True
2021-03-11,high,02:22,2,17.3,False,44.3,44.3,256.1,569,,3,True,441.0,1.19343,39.3,44.5,True
2021-03-12,low,02:00,2,28.8,False,49.7,39.0,172.6,185,,1,False,,,,,
2021-03-15,low,02:00,2,24.9,False,31.5,23.2,126.5,517,,1,False,,,,,
2021-03-16,low,02:09,2,16.5,True,8.4,7.5,50.9,51,148.0,4,True,28.0,1.19225,4.7,8.9,True
2021-03-17,high,02:00,2,11.5,True,3.9,1.5,33.9,0,56.0,2,True,5.0,1.19037,3.9,2.0,True
2021-03-18,high,02:10,2,31.3,True,2.3,0.5,7.3,0,26.0,1,True,4.0,1.1986,2.3,1.7,True
2021-03-19,high,02:00,2,17.6,True,17.5,14.0,99.4,56,108.0,1,True,131.0,1.19178,17.5,2.2,True
2021-03-22,low,02:06,2,23.8,True,0.7,1.3,2.9,0,86.0,1,True,0.0,1.18757,0.7,1.3,True
2021-03-23,low,02:36,2,14.0,False,64.7,63.2,462.1,538,,1,False,,,,,
2021-03-24,low,02:05,2,11.2,False,27.3,27.8,243.7,76,,3,True,0.0,1.18401,0.1,27.8,True
2021-03-25,low,03:01,3,23.6,False,41.6,40.8,176.3,538,,19,True,2.0,1.1805,2.1,42.5,True
2021-03-26,high,02:22,2,9.9,True,12.8,13.3,129.3,140,107.0,8,True,0.0,1.1784,0.4,13.3,True
2021-03-29,low,02:00,2,16.1,True,2.2,1.1,13.7,13,97.0,3,True,1.0,1.17755,1.6,2.7,True
2021-03-30,low,02:00,2,9.9,False,52.6,49.7,531.3,470,,2,True,14.0,1.17639,3.4,52.7,True
2021-03-31,high,02:56,2,21.4,False,34.0,34.6,158.9,481,,11,True,0.0,1.17252,0.2,34.6,True
2021-04-01,low,02:00,2,11.6,True,8.7,2.7,75.0,5,54.0,3,True,21.0,1.17213,8.7,2.6,True
2021-04-02,high,04:33,4,14.9,True,2.6,2.4,17.4,14,208.0,4,True,1.0,1.17835,0.8,3.1,True
2021-04-05,low,02:00,2,10.4,True,23.5,11.7,226.0,244,152.0,4,True,375.0,1.17626,23.5,2.4,True
2021-04-06,low,03:05,3,21.9,True,4.5,3.1,20.5,98,30.0,3,True,3.0,1.18011,2.8,6.0,True
2021-04-07,low,02:10,2,12.2,True,1.6,2.4,13.1,0,22.0,1,True,0.0,1.18663,1.6,2.4,True
2021-04-08,high,02:52,2,13.0,False,36.3,34.8,279.2,423,,6,True,135.0,1.18723,19.1,37.9,True
2021-04-09,low,02:00,2,17.2,False,36.0,29.2,209.3,411,,1,False,,,,,
2021-04-12,low,02:59,2,17.6,True,14.3,14.4,81.3,70,80.0,6,True,0.0,1.18854,0.1,14.4,True
2021-04-13,low,02:01,2,22.1,True,12.3,13.0,55.7,388,8.0,14,True,0.0,1.18906,0.8,13.0,True
2021-04-14,high,02:00,2,10.4,True,11.0,8.2,105.8,77,139.0,4,True,67.0,1.19627,6.9,11.3,True
2021-04-15,high,03:27,3,17.5,True,3.5,4.4,20.0,116,49.0,2,True,0.0,1.19888,0.3,4.4,True
2021-04-16,high,03:48,3,24.3,False,20.0,19.2,82.3,185,,3,True,1.0,1.19732,1.2,21.4,True
2021-04-19,high,02:45,2,32.5,False,73.1,71.1,224.9,258,,1,True,13.0,1.19748,5.9,73.2,True
2021-04-20,high,02:58,2,34.4,True,8.0,8.8,23.3,48,287.0,7,True,0.0,1.20709,0.4,8.8,True
2021-04-21,low,02:00,2,15.3,False,29.8,29.8,194.8,269,,6,True,1.0,1.20286,0.7,30.1,True
2021-04-22,low,02:04,2,14.4,True,3.2,2.8,22.2,17,43.0,2,True,1.0,1.20327,1.8,3.6,True
2021-04-23,high,02:00,2,13.6,False,49.3,48.7,362.5,415,,5,True,1.0,1.20254,3.1,50.2,True
2021-04-27,low,03:02,3,18.9,True,8.4,9.2,44.4,132,102.0,6,True,0.0,1.20659,0.2,9.2,True
2021-04-28,low,02:00,2,13.9,True,19.1,15.5,137.4,61,435.0,7,True,11.0,1.20754,5.4,19.4,True
2021-04-29,low,02:37,2,25.8,False,21.9,19.9,84.9,434,,4,True,196.0,1.21245,12.9,22.4,True
2021-04-30,low,02:01,2,11.3,False,91.3,91.5,808.0,577,,3,True,0.0,1.21154,0.1,91.5,True
2021-05-03,low,02:01,2,17.1,True,5.3,4.3,31.0,4,53.0,5,True,1.0,1.20188,1.0,5.8,True
2021-05-04,low,02:00,2,20.9,False,40.0,35.9,191.4,184,,1,True,7.0,1.2039,4.4,40.1,True
2021-05-05,low,02:00,2,12.5,False,28.1,28.0,224.8,97,,5,True,1.0,1.2015,2.1,29.1,True
2021-05-06,high,02:36,2,18.7,False,60.0,57.8,320.9,436,,1,False,,,,,
2021-05-07,low,02:02,2,10.3,True,6.7,6.7,65.0,28,44.0,3,True,2.0,1.20604,0.4,7.7,True
2021-05-10,low,03:13,3,19.6,True,14.3,9.6,73.0,31,61.0,1,True,73.0,1.2152,14.3,1.9,True
2021-05-11,low,03:11,3,23.4,True,2.9,3.6,12.4,4,81.0,3,True,0.0,1.21266,1.1,3.6,True
2021-05-13,high,02:22,2,18.2,True,17.2,17.0,94.5,60,85.0,3,True,1.0,1.20874,1.7,18.6,True
2021-05-14,high,02:00,2,14.9,False,62.0,52.7,416.1,497,,1,False,,,,,
2021-05-17,low,02:00,2,20.8,True,2.5,0.0,12.0,0,176.0,1,True,7.0,1.21307,2.5,2.7,True
2021-05-18,high,02:04,2,15.7,False,64.8,64.6,412.7,399,,1,False,,,,,
2021-05-19,high,02:00,2,15.5,True,12.4,5.3,80.0,64,50.0,1,True,90.0,1.22314,12.4,2.1,True
2021-05-20,high,02:08,2,16.2,False,41.3,39.3,254.9,589,,4,True,50.0,1.21834,12.7,43.0,True
2021-05-21,high,02:04,2,15.3,True,0.5,1.1,3.3,0,36.0,1,True,0.0,1.22385,0.5,1.1,True
2021-05-24,high,02:00,2,12.1,True,17.1,15.3,141.3,145,13.0,1,True,6.0,1.21869,3.3,17.3,True
2021-05-25,high,02:16,2,18.8,False,36.3,36.5,193.1,359,,1,True,0.0,1.22299,0.5,36.5,True
2021-05-26,low,03:10,3,18.6,False,44.7,40.9,240.3,523,,9,True,32.0,1.2242,9.2,44.9,True
2021-05-27,high,02:00,2,19.4,False,20.4,23.1,105.2,148,,12,True,0.0,1.21918,1.6,23.1,True
2021-05-28,low,02:00,2,11.3,True,10.0,5.2,88.5,18,106.0,5,True,42.0,1.21847,10.0,11.6,True
2021-06-01,low,02:09,2,12.7,True,4.0,1.7,31.5,5,38.0,2,True,7.0,1.22239,4.0,1.4,True
2021-06-02,low,02:00,2,11.5,False,51.0,48.3,443.5,330,,5,True,28.0,1.22151,4.5,51.1,True
2021-06-03,low,02:00,2,11.8,False,81.7,75.4,692.4,598,,4,True,241.0,1.22033,23.6,82.7,True
2021-06-04,low,02:00,2,15.9,True,10.4,3.9,65.4,296,94.0,18,True,60.0,1.21158,10.3,11.9,True
2021-06-07,low,02:00,2,12.7,True,15.1,12.4,118.9,68,264.0,12,True,15.0,1.21607,4.3,15.9,True
2021-06-08,low,02:00,2,16.2,False,13.7,14.0,84.6,85,,24,True,0.0,1.21782,1.2,14.0,True
2021-06-09,high,02:38,2,13.8,False,32.7,32.9,237.0,414,,9,True,0.0,1.2185,1.6,32.9,True
2021-06-10,low,02:00,2,14.3,True,13.0,10.8,90.9,97,248.0,14,True,15.0,1.21665,4.7,13.2,True
2021-06-11,high,02:08,2,19.7,True,1.5,1.3,7.6,12,128.0,3,True,1.0,1.21911,0.3,1.8,True
2021-06-14,low,03:12,3,15.7,True,0.3,2.1,1.9,0,14.0,1,True,0.0,1.20963,0.3,2.1,True
2021-06-15,high,02:00,2,12.1,True,21.5,21.8,177.7,117,178.0,7,True,0.0,1.21255,2.0,21.8,True
2021-06-16,high,02:00,2,10.4,True,7.8,6.8,75.0,39,246.0,9,True,4.0,1.21259,3.1,8.8,True
2021-06-17,low,02:08,2,20.6,False,78.3,76.6,380.1,588,,5,True,7.0,1.19859,10.8,80.1,True
2021-06-18,low,02:00,2,20.4,False,57.3,53.9,280.9,537,,3,True,16.0,1.19052,8.4,58.0,True
2021-06-21,high,02:22,2,28.8,False,44.2,44.4,153.5,511,,5,True,0.0,1.18762,0.3,44.4,True
2021-06-22,low,02:00,2,14.5,False,19.8,16.3,136.6,236,,14,True,42.0,1.19013,9.1,20.5,True
2021-06-23,low,03:15,3,19.5,True,9.0,4.3,46.2,0,45.0,1,True,3.0,1.19211,9.0,2.8,True
2021-06-24,low,02:00,2,14.0,True,1.6,1.9,11.4,0,24.0,1,True,0.0,1.19195,1.6,1.9,True
2021-06-25,high,02:33,2,18.3,False,30.2,29.1,165.0,446,,17,True,6.0,1.19444,3.0,30.7,True
2021-06-28,high,03:04,3,21.5,True,2.9,2.4,13.5,6,262.0,7,True,3.0,1.19414,1.7,3.0,True
2021-06-29,low,03:24,3,21.9,False,30.1,29.1,137.4,349,,8,True,4.0,1.19081,2.1,30.6,True
2021-06-30,low,02:00,2,12.6,False,51.4,49.2,407.9,583,,10,True,3.0,1.18974,2.4,52.4,True
2021-07-01,low,02:00,2,10.0,True,9.1,3.6,91.0,29,32.0,1,True,56.0,1.18502,9.1,4.4,True
2021-07-02,low,02:00,2,7.1,True,33.5,33.3,471.8,390,3.0,6,True,1.0,1.18419,1.2,34.9,True
2021-07-05,high,02:32,2,10.8,False,17.8,17.4,164.8,274,,14,True,3.0,1.18617,1.7,18.7,True
2021-07-06,high,02:00,2,17.0,True,19.8,12.5,116.5,10,126.0,1,True,115.0,1.18741,19.8,3.0,True
2021-07-07,high,02:00,2,9.5,True,5.7,4.0,60.0,41,28.0,5,True,6.0,1.18248,5.3,5.9,True
2021-07-08,high,02:00,2,11.6,False,72.8,65.0,627.6,523,,2,True,34.0,1.17946,10.8,73.2,True
2021-07-09,low,02:00,2,15.8,True,9.2,7.4,58.2,63,171.0,7,True,18.0,1.18346,3.4,9.7,True
2021-07-12,low,02:00,2,12.7,False,31.5,30.9,248.0,358,,10,True,1.0,1.18676,2.2,31.6,True
2021-07-13,low,02:00,2,13.1,False,70.3,67.1,536.6,441,,5,True,25.0,1.18637,5.3,72.0,True
2021-07-14,high,02:00,2,13.6,False,42.7,40.2,314.0,532,,7,True,116.0,1.17849,11.7,43.1,True
2021-07-15,high,02:00,2,15.1,True,14.4,7.8,95.4,162,127.0,7,True,50.0,1.18355,10.2,15.1,True
2021-07-16,low,03:31,3,15.0,True,4.8,4.7,32.0,1,82.0,3,True,10.0,1.18023,4.8,4.2,True
2021-07-19,low,02:57,2,15.8,True,34.2,35.2,216.5,319,72.0,2,True,0.0,1.17988,0.1,35.2,True
2021-07-20,low,02:00,2,12.2,True,17.8,11.5,145.9,101,115.0,3,True,134.0,1.1791,17.8,6.5,True
2021-07-21,low,02:00,2,12.9,True,18.2,14.6,141.1,92,372.0,8,True,155.0,1.17706,18.2,10.8,True
2021-07-22,high,02:35,2,11.7,True,3.6,2.5,30.8,45,45.0,7,True,8.0,1.17981,2.9,3.8,True
2021-07-23,low,02:00,2,11.0,True,6.7,1.6,60.9,1,130.0,7,True,16.0,1.17697,6.7,5.5,True
2021-07-26,high,02:00,2,15.4,False,38.6,36.3,250.6,498,,6,True,8.0,1.17783,4.5,38.9,True
2021-07-27,low,02:00,2,11.2,True,31.0,28.2,276.8,141,237.0,1,True,360.0,1.18012,31.0,2.7,True
2021-07-28,low,02:30,2,15.1,True,10.2,9.5,67.5,126,21.0,1,True,134.0,1.18127,10.2,1.8,True
2021-07-29,high,02:06,2,17.2,False,33.1,33.7,192.4,562,,5,True,0.0,1.18572,0.3,33.7,True
2021-07-30,low,02:23,2,14.0,True,2.7,2.2,19.3,10,48.0,1,True,2.0,1.18781,1.1,3.2,True
2021-08-02,high,02:04,2,14.0,False,24.1,24.0,172.1,237,,3,True,8.0,1.18726,2.0,24.2,True
2021-08-03,high,02:10,2,10.6,True,14.6,15.0,137.7,349,99.0,10,True,0.0,1.18782,0.1,15.0,True
2021-08-04,high,02:52,2,14.8,True,4.4,4.4,29.7,14,66.0,3,True,1.0,1.1875,0.1,4.8,True
2021-08-05,low,02:06,2,7.7,True,0.3,1.2,3.9,0,20.0,1,True,0.0,1.18324,0.3,1.2,True
2021-08-06,low,04:23,4,14.8,False,63.6,59.6,429.7,392,,1,False,,,,,
2021-08-09,high,02:03,2,18.4,True,8.1,9.7,44.0,402,135.0,20,True,0.0,1.17592,0.3,9.7,True
2021-08-10,high,02:29,2,8.0,True,2.7,2.3,33.8,25,36.0,6,True,6.0,1.17391,1.9,3.6,True
2021-08-11,low,02:19,2,13.8,True,5.8,5.7,42.0,60,311.0,9,True,1.0,1.17118,0.3,5.9,True
2021-08-12,low,03:00,3,10.4,True,1.9,0.9,18.3,0,100.0,4,True,2.0,1.1735,1.9,2.4,True
2021-08-13,low,02:57,2,9.7,True,2.5,2.4,25.8,20,93.0,4,True,2.0,1.17329,0.8,2.7,True
2021-08-16,low,02:00,2,10.8,False,22.6,23.0,209.3,359,,8,True,0.0,1.17902,3.3,23.0,True
2021-08-17,low,02:05,2,11.0,True,6.4,6.7,58.2,54,71.0,2,True,0.0,1.17669,0.4,6.7,True
2021-08-18,high,02:53,2,15.4,True,6.5,6.1,42.2,36,234.0,11,True,2.0,1.17211,0.4,8.3,True
2021-08-20,low,04:31,4,11.6,True,11.9,10.8,102.6,273,173.0,16,True,33.0,1.16766,5.1,12.8,True
2021-08-23,high,03:40,3,28.6,False,19.8,20.1,69.2,351,,10,True,0.0,1.17233,1.1,20.1,True
2021-08-24,low,03:36,3,13.2,True,6.9,6.6,52.3,83,223.0,12,True,1.0,1.17348,0.4,7.6,True
2021-08-25,low,02:57,2,24.3,True,1.0,0.4,4.1,2,98.0,3,True,1.0,1.1734,0.7,1.8,True
2021-08-26,low,02:25,2,12.6,True,4.6,4.6,36.5,30,43.0,3,True,3.0,1.17612,1.1,4.8,True
2021-08-27,high,02:00,2,17.6,True,11.6,8.1,65.9,67,363.0,8,True,90.0,1.17587,11.6,7.4,True
2021-08-30,low,02:41,2,14.6,False,12.4,11.8,84.9,381,,18,True,1.0,1.17964,1.7,13.7,True
2021-08-31,high,02:00,2,24.6,False,25.2,18.5,102.4,321,,3,True,435.0,1.18171,25.2,15.8,True
2021-09-01,low,02:00,2,11.0,True,6.6,4.6,60.0,20,39.0,2,True,5.0,1.18005,3.4,7.0,True
2021-09-02,high,02:04,2,9.3,True,9.8,9.4,105.4,294,103.0,14,True,2.0,1.18443,0.5,11.5,True
2021-09-03,low,03:53,3,10.9,True,7.1,6.3,65.1,124,153.0,9,True,5.0,1.18739,2.0,7.7,True
2021-09-06,low,03:26,3,20.9,False,9.1,6.7,43.5,120,,18,True,5.0,1.1865,3.6,9.3,True
2021-09-07,low,02:00,2,12.4,False,35.3,34.7,284.7,512,,7,True,6.0,1.18728,2.4,35.4,True
2021-09-08,low,02:00,2,10.8,False,38.4,34.2,355.6,514,,6,True,67.0,1.18413,11.9,39.4,True
2021-09-09,low,02:02,2,13.0,True,0.3,1.6,2.3,0,83.0,1,True,0.0,1.18135,0.3,1.6,True
2021-09-10,high,03:09,3,14.3,True,18.1,17.2,126.6,82,445.0,11,True,194.0,1.18323,18.1,9.4,True
2021-09-13,low,02:00,2,10.6,True,32.1,22.0,302.8,351,218.0,3,True,481.0,1.18027,32.1,10.4,True
2021-09-14,high,03:05,3,13.4,True,11.1,10.9,82.8,25,193.0,1,True,1.0,1.18184,2.1,11.5,True
2021-09-15,low,02:36,2,11.2,True,1.6,1.5,14.3,3,40.0,2,True,1.0,1.1801,0.5,1.9,True
2021-09-16,low,02:00,2,8.5,False,61.5,52.9,723.5,459,,1,False,,,,,
2021-09-17,high,02:00,2,11.4,True,18.8,19.0,164.9,360,86.0,1,True,0.0,1.17698,0.4,19.0,True
2021-09-20,low,03:18,3,19.9,True,9.6,9.9,48.2,145,305.0,12,True,0.0,1.171,0.1,9.9,True
2021-09-21,low,03:39,3,16.7,True,4.9,5.7,29.3,11,229.0,4,True,0.0,1.1724,0.3,5.7,True
2021-09-22,high,03:08,3,14.0,False,14.5,13.0,103.6,431,,15,True,2.0,1.17302,2.2,14.7,True
2021-09-23,high,02:01,2,25.8,False,40.8,42.0,158.1,540,,2,True,0.0,1.1708,0.3,42.0,True
2021-09-24,low,02:00,2,9.9,False,37.2,39.6,375.8,426,,7,True,0.0,1.17401,1.2,39.6,True
2021-09-27,low,02:06,2,8.5,False,31.9,32.0,375.3,151,,3,True,0.0,1.17166,0.3,32.0,True
2021-09-28,high,02:00,2,11.7,True,4.5,2.4,38.5,2,23.0,2,True,7.0,1.16965,4.5,2.0,True
2021-09-29,low,02:41,2,12.1,False,68.2,69.0,563.6,542,,2,True,0.0,1.16787,0.2,69.0,True
2021-09-30,low,02:00,2,10.8,True,6.3,6.2,58.3,71,27.0,5,True,1.0,1.15978,2.7,6.4,True
2021-10-01,high,02:05,2,16.3,False,28.1,28.3,172.4,433,,15,True,0.0,1.15789,0.4,28.3,True
2021-10-04,high,04:01,4,26.0,False,26.4,26.6,101.5,267,,10,True,0.0,1.16134,0.6,26.6,True
2021-10-05,low,02:00,2,21.7,False,17.7,14.8,81.6,498,,21,True,47.0,1.15983,4.5,17.9,True
2021-10-06,low,02:00,2,9.9,False,58.7,53.0,592.9,263,,1,False,,,,,
2021-10-07,low,02:00,2,9.9,True,2.2,1.1,22.2,6,29.0,1,True,3.0,1.15525,1.8,3.6,True
2021-10-08,low,02:00,2,10.0,True,8.0,2.0,80.0,0,187.0,2,True,71.0,1.15497,8.0,6.5,True
2021-10-11,high,02:01,2,14.3,True,7.5,6.0,52.4,44,100.0,5,True,1.0,1.15791,2.4,7.6,True
2021-10-12,high,02:00,2,13.6,True,9.6,8.2,70.6,56,332.0,10,True,12.0,1.15602,3.2,10.1,True
2021-10-13,high,03:39,3,25.7,False,23.0,23.0,89.5,448,,7,True,1.0,1.1555,0.5,23.6,True
2021-10-14,high,02:43,2,12.3,True,23.3,22.9,189.4,155,323.0,7,True,1.0,1.16005,1.0,23.7,True
2021-10-15,high,02:51,2,23.5,False,6.9,7.6,29.4,78,,6,True,0.0,1.16109,0.1,7.6,True
2021-10-18,low,02:00,2,16.5,True,9.5,8.0,57.6,49,310.0,12,True,70.0,1.15816,9.5,5.1,True
2021-10-19,high,02:00,2,33.6,False,22.7,17.9,67.6,236,,9,True,76.0,1.1646,10.9,23.3,True
2021-10-20,low,03:29,3,19.9,True,10.8,8.1,54.3,10,380.0,8,True,59.0,1.16281,10.8,6.9,True
2021-10-21,low,02:00,2,16.4,False,19.9,21.6,121.3,362,,3,True,0.0,1.16527,0.5,21.6,True
2021-10-22,high,02:25,2,10.8,False,23.8,22.9,220.4,524,,7,True,334.0,1.1631,14.7,24.6,True
2021-10-26,low,03:04,3,13.3,True,2.7,2.9,20.3,24,51.0,7,True,0.0,1.1597,0.1,2.9,True
2021-10-27,low,02:00,2,8.5,True,0.5,0.8,5.9,6,27.0,2,True,0.0,1.15961,0.1,0.8,True
2021-10-28,high,03:38,3,20.4,True,4.8,5.6,23.5,31,42.0,2,True,0.0,1.16088,0.1,5.6,True
2021-10-29,low,02:00,2,16.9,False,127.6,123.5,755.0,568,,3,True,74.0,1.16738,15.0,128.4,True
2021-11-01,high,02:57,2,14.3,False,33.7,30.0,235.7,466,,1,True,18.0,1.15601,8.4,33.9,True
2021-11-02,high,02:17,2,13.4,True,4.9,3.6,36.6,34,58.0,3,True,3.0,1.16081,2.0,5.2,True
2021-11-03,high,02:17,2,10.2,True,10.3,10.2,101.0,142,214.0,15,True,1.0,1.1586,0.1,11.7,True
2021-11-04,low,02:00,2,21.8,False,62.5,51.1,286.7,505,,1,False,,,,,
2021-11-05,high,02:06,2,16.7,True,5.3,5.1,31.7,27,114.0,5,True,1.0,1.15571,0.2,5.8,True
2021-11-08,high,02:00,2,10.0,True,3.0,0.1,30.0,15,22.0,2,True,10.0,1.15625,2.9,3.6,True
2021-11-09,high,02:01,2,22.2,True,3.9,3.8,17.6,11,299.0,2,True,1.0,1.15983,0.5,4.8,True
2021-11-10,low,02:00,2,13.6,False,70.4,67.7,517.6,529,,1,True,174.0,1.15819,23.8,70.8,True
2021-11-11,low,02:57,2,19.8,False,10.9,10.5,55.1,24,,16,True,36.0,1.14659,10.9,11.8,True
2021-11-12,high,02:00,2,7.0,True,13.0,13.9,185.7,54,397.0,12,True,0.0,1.1442,2.3,13.9,True
2021-11-15,low,03:40,3,21.3,False,27.5,27.6,129.1,493,,8,True,0.0,1.14426,1.0,27.6,True
2021-11-16,low,02:27,2,14.6,False,41.3,41.5,282.9,407,,7,True,0.0,1.13712,0.8,41.5,True
2021-11-18,low,02:00,2,19.6,True,3.9,1.6,19.9,2,52.0,1,True,9.0,1.13192,3.9,1.6,True
2021-11-19,low,02:53,2,13.5,False,101.9,101.0,754.8,309,,1,False,,,,,
2021-11-22,low,02:07,2,24.8,True,5.0,2.7,20.2,53,154.0,5,True,2.0,1.12662,2.3,6.4,True
2021-11-23,high,02:20,2,17.7,False,31.4,31.2,177.4,113,,5,True,42.0,1.12435,20.5,31.5,True
2021-11-24,high,02:00,2,13.1,True,9.6,9.0,73.3,74,42.0,8,True,2.0,1.12452,1.6,10.0,True
2021-11-25,high,02:04,2,12.3,False,11.5,11.9,93.5,328,,14,True,0.0,1.12177,0.1,11.9,True
2021-11-26,high,02:00,2,15.0,False,94.0,92.5,626.7,536,,1,False,,,,,
2021-11-29,low,02:00,2,17.3,True,12.6,8.0,72.8,63,81.0,2,True,101.0,1.12733,12.6,5.8,True
2021-11-30,high,02:00,2,17.5,True,78.2,60.5,446.9,471,61.0,1,True,531.0,1.12912,78.2,13.8,True
2021-12-01,high,02:00,2,16.7,True,26.6,22.5,159.3,62,32.0,3,True,2.0,1.13329,4.7,26.7,True
2021-12-02,low,02:17,2,23.5,True,8.6,8.7,36.6,41,219.0,7,True,0.0,1.13158,1.3,8.7,True
2021-12-03,low,02:00,2,11.4,True,9.2,1.8,80.7,9,183.0,5,True,57.0,1.12921,9.2,7.1,True
2021-12-06,low,02:00,2,8.7,True,13.0,5.2,149.4,60,108.0,6,True,73.0,1.12881,13.0,6.0,True
2021-12-07,high,02:00,2,17.1,True,5.5,6.8,32.2,39,77.0,5,True,0.0,1.12916,1.2,6.8,True
2021-12-08,high,02:52,2,20.6,True,0.2,0.7,1.0,0,145.0,2,True,0.0,1.1293,0.2,0.7,True
2021-12-09,low,02:00,2,10.3,False,51.0,49.6,495.1,569,,2,True,7.0,1.13294,4.4,51.1,True
2021-12-10,low,02:20,2,14.7,True,21.7,21.9,147.6,208,165.0,6,True,0.0,1.1287,0.1,21.9,True
2021-12-13,low,02:00,2,21.0,False,32.1,25.7,152.9,147,,4,True,73.0,1.12927,8.4,32.7,True
2021-12-14,low,02:59,2,12.4,True,5.1,4.4,41.1,5,43.0,1,True,19.0,1.12714,5.1,0.6,True
2021-12-15,high,02:00,2,12.2,True,7.4,2.4,60.7,148,240.0,7,True,20.0,1.12695,6.8,7.6,True
2021-12-16,high,02:00,2,8.9,False,69.6,69.3,782.0,421,,1,False,,,,,
2021-12-17,low,02:48,2,15.7,True,3.2,3.2,20.4,5,41.0,5,True,7.0,1.1322,3.2,4.3,True
2021-12-20,high,02:00,2,14.7,False,52.7,56.5,358.5,488,,5,True,0.0,1.12472,1.7,56.5,True
2021-12-21,high,02:28,2,13.1,True,15.7,15.2,119.8,92,333.0,9,True,2.0,1.12868,0.8,15.8,True
2021-12-22,low,02:00,2,23.4,True,6.2,2.9,26.5,24,179.0,6,True,62.0,1.12711,6.2,2.8,True
2021-12-23,low,02:26,2,8.2,False,44.0,43.3,536.6,405,,1,True,3.0,1.13345,1.9,44.5,True
2021-12-24,high,03:26,3,11.4,True,8.7,8.5,76.3,98,172.0,1,True,202.0,1.13345,8.7,0.4,True
2021-12-27,high,02:37,2,8.6,True,9.6,9.2,111.6,24,31.0,3,True,3.0,1.13247,1.2,9.7,True
2021-12-28,low,02:59,2,13.1,True,2.5,1.7,19.1,5,116.0,5,True,1.0,1.13196,2.0,4.0,True
2021-12-29,low,02:20,2,14.2,True,23.7,24.1,166.9,124,237.0,9,True,0.0,1.12978,0.2,24.1,True
2021-12-30,low,02:00,2,19.5,False,33.5,20.0,171.8,422,,10,True,332.0,1.13337,32.2,35.3,True
2021-12-31,low,02:01,2,14.2,True,11.1,10.6,78.2,59,77.0,5,True,2.0,1.13144,0.5,11.2,True
2022-01-03,low,02:26,2,26.6,True,3.6,4.0,13.5,12,222.0,10,True,0.0,1.13389,0.1,4.0,True
2022-01-04,low,02:00,2,14.1,True,23.2,20.6,164.5,325,181.0,7,True,70.0,1.12957,12.2,23.6,True
2022-01-05,high,02:00,2,19.4,False,47.4,48.1,244.3,499,,3,True,0.0,1.1296,0.1,48.1,True
2022-01-06,low,02:00,2,15.7,True,20.3,12.0,129.3,46,152.0,5,True,89.0,1.13053,20.3,16.8,True
2022-01-07,high,02:11,2,8.1,True,16.1,15.3,198.8,176,185.0,13,True,1.0,1.13017,0.8,17.5,True
2022-01-10,low,02:01,2,23.1,False,48.5,47.3,210.0,436,,10,True,7.0,1.13344,2.2,49.7,True
2022-01-11,high,02:24,2,11.5,True,8.2,7.8,71.3,112,29.0,4,True,1.0,1.13435,0.9,8.3,True
2022-01-12,low,02:00,2,11.5,True,9.3,9.3,80.9,229,161.0,14,True,3.0,1.13645,1.4,9.8,True
2022-01-13,high,02:21,2,11.4,False,34.6,34.6,303.5,440,,1,False,,,,,
2022-01-17,high,02:28,2,21.2,True,13.2,12.3,62.3,76,253.0,4,True,131.0,1.14211,13.2,5.4,True
2022-01-19,high,02:00,2,12.6,False,25.8,21.8,204.8,567,,3,True,8.0,1.13308,5.1,26.3,True
2022-01-20,high,02:43,2,16.8,True,3.7,3.4,22.0,22,70.0,4,True,4.0,1.13646,1.5,4.2,True
2022-01-21,high,02:25,2,34.1,False,24.6,24.6,72.1,420,,15,True,1.0,1.13343,0.4,25.3,True
2022-01-24,low,02:00,2,12.0,False,37.0,32.4,308.3,461,,4,True,30.0,1.1328,7.7,37.6,True
2022-01-25,low,02:00,2,14.5,False,45.8,41.3,315.9,452,,3,True,11.0,1.1309,6.3,45.9,True
2022-01-26,low,02:00,2,10.1,False,29.1,21.8,288.1,389,,1,False,,,,,
2022-01-27,low,02:00,2,15.9,False,87.3,85.2,549.1,517,,1,True,1.0,1.12188,2.3,87.6,True
2022-01-28,low,02:09,2,12.8,True,21.7,21.3,169.5,93,294.0,1,True,381.0,1.11436,21.7,10.6,True
2022-01-31,high,02:00,2,19.1,False,54.2,51.0,283.8,533,,6,True,17.0,1.11626,3.9,55.2,True
2022-02-01,high,02:36,2,23.3,False,33.9,34.7,145.5,250,,1,True,0.0,1.12439,0.6,34.7,True
2022-02-02,low,02:00,2,7.3,True,2.5,0.1,34.2,0,21.0,1,True,2.0,1.12706,2.5,2.0,True
2022-02-03,low,02:00,2,15.3,True,25.7,24.7,168.0,347,51.0,11,True,1.0,1.12935,1.8,26.3,True
2022-02-04,low,03:10,3,27.3,True,4.9,8.0,17.9,6,113.0,3,True,0.0,1.14477,0.2,8.0,True
2022-02-07,low,04:12,4,29.0,True,9.6,9.5,33.1,20,197.0,4,True,43.0,1.14248,9.6,8.7,True
2022-02-08,low,02:00,2,27.2,False,25.4,23.2,93.4,30,,5,True,236.0,1.1424,25.4,23.9,True
2022-02-09,low,02:26,2,20.3,True,9.6,9.6,47.3,31,134.0,5,True,1.0,1.14123,0.8,9.9,True
2022-02-10,high,03:01,3,14.5,True,14.9,13.8,102.8,87,242.0,4,True,3.0,1.14285,1.9,17.8,True
2022-02-11,low,02:06,2,31.9,True,2.4,3.9,7.5,15,292.0,3,True,0.0,1.13764,0.3,3.9,True
2022-02-14,low,02:04,2,24.5,False,49.0,46.7,200.0,523,,4,True,6.0,1.1342,3.2,50.5,True
2022-02-15,high,02:00,2,14.0,False,45.7,46.5,326.4,552,,7,True,0.0,1.13216,0.2,46.5,True
2022-02-16,high,02:00,2,12.0,False,38.4,30.7,320.0,110,,2,True,410.0,1.13561,38.4,24.9,True
2022-02-17,high,03:20,3,61.8,False,1.2,2.3,1.9,2,,1,True,0.0,1.13837,1.0,2.3,True
2022-02-18,high,02:11,2,13.5,True,5.7,6.2,42.2,94,146.0,13,True,0.0,1.13707,0.5,6.2,True
2022-02-21,high,02:00,2,40.0,True,22.6,20.8,56.5,75,310.0,4,True,95.0,1.13676,22.6,7.3,True
2022-02-22,high,03:15,3,28.0,False,50.7,52.0,181.1,157,,3,True,0.0,1.13147,0.7,52.0,True
2022-02-23,low,02:01,2,18.8,True,4.0,3.7,21.3,3,34.0,1,True,10.0,1.13222,4.0,3.9,True
2022-02-25,low,03:11,3,39.0,True,23.6,24.1,60.5,145,137.0,1,True,0.0,1.119,1.4,24.1,True
2022-02-28,high,02:28,2,43.8,False,60.5,60.6,138.1,541,,6,True,0.0,1.11858,1.2,60.6,True
2022-03-01,high,02:05,2,19.7,True,22.6,22.0,114.7,56,110.0,1,True,151.0,1.12031,22.6,11.3,True
2022-03-02,low,02:00,2,24.5,True,53.7,44.1,219.2,529,44.0,2,True,329.0,1.11127,52.2,55.4,True
2022-03-03,low,03:06,3,16.6,False,52.5,51.8,316.3,489,,12,True,1.0,1.10928,0.8,55.3,True
2022-03-04,low,02:21,2,40.5,False,125.6,127.3,310.1,390,,14,True,0.0,1.10129,0.3,127.3,True
2022-03-07,high,02:15,2,65.0,True,11.5,11.8,17.7,2,190.0,4,True,0.0,1.0886,2.5,11.8,True
2022-03-08,low,02:01,2,31.6,True,2.0,4.5,6.3,6,63.0,3,True,0.0,1.08556,1.9,4.5,True
2022-03-09,high,02:17,2,15.1,False,171.5,171.3,1135.8,561,,4,True,3.0,1.092,2.9,171.6,True
2022-03-10,high,02:14,2,21.0,True,9.3,8.1,44.3,29,28.0,4,True,1.0,1.10612,1.2,10.6,True
2022-03-11,low,03:05,3,29.8,True,20.3,19.8,68.1,91,108.0,10,True,1.0,1.09844,0.7,24.3,True
2022-03-14,high,02:45,2,37.0,False,56.3,57.8,152.2,530,,3,True,0.0,1.0936,0.5,57.8,True
2022-03-15,high,02:21,2,47.8,False,34.3,23.2,71.8,2,,11,True,245.0,1.09838,34.3,20.3,True
2022-03-16,high,02:00,2,21.3,True,2.5,5.8,11.7,10,36.0,2,True,0.0,1.09738,1.9,5.8,True
2022-03-17,high,03:15,3,22.4,True,15.0,14.3,67.0,5,101.0,2,True,28.0,1.10517,15.0,4.2,True
2022-03-18,low,02:23,2,27.2,False,73.4,73.3,269.9,367,,5,True,1.0,1.10781,1.0,75.1,True
2022-03-21,low,02:00,2,13.1,True,5.7,1.0,43.5,2,13.0,2,True,7.0,1.1042,5.7,1.9,True
2022-03-22,low,02:00,2,21.2,True,23.0,6.9,108.5,13,84.0,1,True,60.0,1.0985,23.0,4.2,True
2022-03-23,high,02:01,2,13.7,True,1.2,2.2,8.8,3,30.0,1,True,0.0,1.10336,0.8,2.2,True
2022-03-24,low,02:05,2,22.6,True,14.5,14.4,64.2,413,63.0,17,True,2.0,1.09815,1.0,15.6,True
2022-03-25,low,04:09,4,29.9,False,26.9,26.1,90.0,456,,13,True,10.0,1.1009,7.2,28.2,True
2022-03-28,low,02:00,2,34.0,True,5.8,5.3,17.1,123,45.0,7,True,1.0,1.0951,1.9,6.4,True
2022-03-29,high,02:41,2,28.0,False,140.0,140.4,500.0,414,,5,True,0.0,1.09966,0.5,140.4,True
2022-03-30,high,02:31,2,32.6,False,50.6,50.3,155.2,501,,9,True,1.0,1.11202,0.4,50.8,True
2022-03-31,low,02:35,2,28.8,False,87.8,86.4,304.9,399,,4,True,2.0,1.11572,4.6,89.0,True
2022-04-01,low,02:09,2,15.0,True,7.3,3.8,48.7,27,22.0,3,True,7.0,1.10602,7.1,8.0,True
2022-04-04,low,02:11,2,11.1,False,64.2,62.9,578.4,500,,4,True,20.0,1.10443,5.5,65.2,True
2022-04-05,low,02:00,2,14.4,True,1.4,1.9,9.7,22,26.0,4,True,0.0,1.09658,0.3,1.9,True
2022-04-06,low,02:00,2,15.5,True,16.1,7.9,103.9,10,135.0,4,True,62.0,1.08911,16.1,7.5,True
2022-04-07,high,02:00,2,16.0,True,21.5,19.3,134.4,27,62.0,1,True,74.0,1.09121,21.5,1.1,True
2022-04-08,low,03:05,3,15.2,True,8.5,8.4,55.9,13,45.0,3,True,7.0,1.0859,2.5,11.0,True
2022-04-11,low,02:41,2,19.6,True,1.1,0.8,5.6,0,45.0,1,True,1.0,1.08756,1.1,0.8,True
2022-04-12,low,02:02,2,20.8,True,15.8,16.3,76.0,387,14.0,22,True,0.0,1.0867,2.1,16.3,True
2022-04-13,high,02:00,2,29.5,True,6.9,4.3,23.4,336,110.0,3,True,6.0,1.08386,3.9,9.1,True
2022-04-14,high,02:00,2,26.7,True,14.0,12.7,52.4,39,308.0,8,True,90.0,1.09074,14.0,10.2,True
2022-04-15,high,04:51,4,25.2,False,2.0,0.9,7.9,1,,1,True,2.0,1.08213,2.0,2.2,True
2022-04-18,low,02:16,2,24.9,False,7.7,7.9,30.9,583,,10,True,0.0,1.07909,0.3,7.9,True
2022-04-19,high,02:53,2,26.4,False,27.1,27.7,102.7,99,,12,True,0.0,1.07868,0.3,27.7,True
2022-04-20,high,04:34,4,38.8,False,44.4,43.4,114.4,64,,1,True,239.0,1.08225,44.4,43.6,True
2022-04-21,high,02:01,2,27.1,False,85.7,84.5,316.2,111,,3,True,3.0,1.08504,3.1,85.8,True
2022-04-22,high,02:04,2,15.7,True,4.9,7.2,31.2,4,44.0,4,True,0.0,1.08442,0.7,7.2,True
2022-04-25,low,02:00,2,34.7,False,80.5,80.9,232.0,533,,1,True,0.0,1.07776,3.2,80.9,True
2022-04-26,low,02:26,2,27.2,False,69.7,67.7,256.2,498,,2,True,3.0,1.07145,4.4,72.8,True
2022-04-27,low,02:10,2,19.8,False,119.1,113.1,601.5,530,,1,True,12.0,1.06339,12.9,119.4,True
2022-04-28,low,02:00,2,45.2,True,2.4,2.6,5.3,0,106.0,2,True,0.0,1.05091,2.4,2.6,True
2022-04-29,high,02:00,2,27.8,False,63.1,59.7,227.0,163,,10,True,390.0,1.0528,63.1,31.3,True
2022-05-02,low,02:00,2,35.7,True,7.3,4.9,20.4,10,50.0,2,True,3.0,1.05184,4.7,8.4,True
2022-05-03,low,02:00,2,18.8,True,13.6,11.0,72.3,66,30.0,2,True,5.0,1.0508,6.2,13.9,True
2022-05-04,low,02:00,2,20.3,True,8.0,3.3,39.4,2,165.0,4,True,8.0,1.05146,8.0,7.1,True
2022-05-05,low,02:27,2,37.8,False,100.7,101.7,266.4,541,,2,True,0.0,1.06049,0.3,101.7,True
2022-05-06,low,02:09,2,35.0,True,33.0,34.0,94.3,61,57.0,8,True,0.0,1.05166,0.5,34.0,True
2022-05-09,low,02:50,2,32.6,True,7.6,5.9,23.3,4,194.0,2,True,8.0,1.05031,7.6,5.4,True
2022-05-10,low,03:03,3,26.5,False,27.9,26.6,105.3,486,,11,True,1.0,1.05543,2.2,29.0,True
2022-05-11,high,02:00,2,13.4,True,36.7,29.7,273.9,194,196.0,1,True,16.0,1.05387,8.4,36.9,True
2022-05-12,low,02:00,2,21.7,False,136.0,128.8,626.7,599,,2,True,7.0,1.05088,11.4,137.3,True
2022-05-13,high,02:00,2,24.9,True,21.7,20.5,87.1,118,119.0,7,True,1.0,1.03966,2.3,22.9,True
2022-05-16,high,03:28,3,28.1,False,21.1,14.6,75.1,211,,10,True,16.0,1.04169,8.9,21.2,True
2022-05-17,high,02:07,2,22.2,False,101.6,100.9,457.7,338,,5,True,3.0,1.04533,3.2,102.3,True
2022-05-18,low,02:32,2,39.3,False,35.5,34.8,90.3,535,,9,True,3.0,1.05253,1.1,36.5,True
2022-05-19,low,03:03,3,38.6,True,2.9,1.6,7.5,0,107.0,3,True,1.0,1.04691,2.9,4.1,True
2022-05-20,high,02:00,2,29.0,True,8.3,0.8,28.6,0,137.0,3,True,5.0,1.05835,8.3,7.9,True
2022-05-23,high,02:00,2,26.7,False,96.5,91.4,361.4,560,,1,True,103.0,1.05943,16.0,96.8,True
2022-05-24,high,02:53,2,25.1,False,61.1,64.5,243.4,431,,1,True,0.0,1.06825,1.5,64.5,True
2022-05-25,low,02:04,2,33.5,False,60.9,61.1,181.8,385,,1,True,0.0,1.07032,0.2,61.1,True
2022-05-26,low,02:00,2,21.1,True,22.8,13.8,108.1,41,195.0,6,True,81.0,1.06859,22.8,8.4,True
2022-05-27,low,04:02,4,34.5,False,33.7,31.4,97.7,175,,5,True,3.0,1.07311,4.6,34.3,True
2022-05-30,high,02:03,2,29.1,False,27.9,27.3,95.9,554,,11,True,6.0,1.07542,2.0,29.5,True
2022-05-31,low,02:48,2,40.2,False,55.3,51.7,137.6,376,,6,True,10.0,1.07354,6.7,56.5,True
2022-06-01,low,02:00,2,26.8,True,1.9,1.8,7.1,0,70.0,1,True,2.0,1.07088,1.9,2.2,True
2022-06-02,high,02:00,2,14.8,False,78.8,77.9,532.4,594,,1,False,,,,,
2022-06-03,low,03:17,3,17.7,False,42.6,42.6,240.7,327,,10,True,3.0,1.0747,1.8,43.0,True
2022-06-06,high,02:37,2,21.7,True,20.2,20.2,93.1,100,308.0,5,True,3.0,1.07302,1.9,21.6,True
2022-06-07,low,02:13,2,21.3,True,5.4,1.8,25.4,4,29.0,1,True,9.0,1.06719,5.4,2.0,True
2022-06-08,low,04:41,4,20.1,True,9.7,7.3,48.3,25,32.0,2,True,13.0,1.06811,5.4,9.8,True
2022-06-09,low,02:27,2,24.3,True,15.6,15.3,64.2,95,221.0,3,True,1.0,1.07103,0.5,16.5,True
2022-06-10,high,03:04,3,24.0,True,6.3,10.1,26.2,39,46.0,3,True,0.0,1.06315,0.3,10.1,True
2022-06-13,low,02:47,2,19.9,False,57.5,58.4,288.9,488,,10,True,0.0,1.04765,0.3,58.4,True
2022-06-14,high,02:00,2,35.3,False,52.3,46.6,148.2,167,,6,True,7.0,1.04322,9.3,52.4,True
2022-06-15,high,02:00,2,25.4,True,56.0,40.7,220.5,165,206.0,1,True,108.0,1.04499,42.5,57.8,True
2022-06-16,low,02:00,2,38.4,True,50.0,48.4,130.2,105,347.0,6,True,1.0,1.04332,2.8,52.4,True
2022-06-17,low,02:00,2,34.6,False,73.0,75.7,211.0,516,,14,True,0.0,1.05201,1.3,75.7,True
2022-06-20,high,02:00,2,43.9,False,17.1,20.0,39.0,192,,20,True,0.0,1.05258,0.3,20.0,True
2022-06-21,low,02:14,2,26.0,True,1.9,2.1,7.3,1,60.0,2,True,0.0,1.05166,0.1,2.1,True
2022-06-22,low,02:00,2,29.3,True,33.4,23.5,114.0,66,347.0,4,True,25.0,1.05046,14.0,35.9,True
2022-06-23,low,03:15,3,25.3,False,73.1,64.6,288.9,93,,1,False,,,,,
2022-06-24,high,02:00,2,25.1,False,34.1,32.1,135.9,510,,11,True,17.0,1.05368,8.6,34.4,True
2022-06-27,high,03:04,3,21.1,False,43.7,41.9,207.1,493,,8,True,8.0,1.05683,5.8,46.7,True
2022-06-28,high,02:28,2,16.1,True,19.7,16.8,122.4,13,313.0,16,True,30.0,1.05836,19.7,13.8,True
2022-06-29,low,02:00,2,18.4,False,50.8,35.5,276.1,567,,8,True,66.0,1.05171,31.2,50.9,True
2022-06-30,high,02:03,2,23.8,True,11.9,12.2,50.0,36,40.0,4,True,0.0,1.04564,1.0,12.2,True
2022-07-01,low,02:35,2,28.4,False,84.1,81.5,296.1,472,,11,True,6.0,1.04502,9.2,84.4,True
2022-07-04,low,02:31,2,19.8,True,3.9,3.8,19.7,93,88.0,6,True,1.0,1.04276,1.5,7.1,True
2022-07-05,high,02:00,2,15.1,True,4.4,2.3,29.1,0,66.0,3,True,4.0,1.04369,4.4,2.6,True
2022-07-06,low,02:00,2,17.5,True,15.4,12.6,88.0,5,50.0,4,True,13.0,1.02551,15.4,5.9,True
2022-07-07,high,02:00,2,33.7,True,8.5,8.5,25.2,0,184.0,12,True,1.0,1.02088,8.5,7.4,True
2022-07-08,low,02:02,2,37.8,False,81.4,81.1,215.3,102,,10,True,1.0,1.01572,1.1,85.2,True
2022-07-11,low,02:24,2,32.7,False,82.7,82.8,252.9,445,,4,True,0.0,1.01349,0.2,82.8,True
2022-07-12,low,03:11,3,49.3,True,6.0,7.9,12.2,155,93.0,11,True,0.0,1.00078,1.0,7.9,True
2022-07-13,high,02:00,2,24.3,True,6.0,8.6,24.7,60,22.0,2,True,0.0,1.00443,3.4,8.6,True
2022-07-14,low,02:12,2,29.8,True,8.4,7.6,28.2,48,46.0,3,True,1.0,1.00145,4.3,9.3,True
2022-07-15,low,02:07,2,30.1,True,4.2,4.4,14.0,70,118.0,6,True,0.0,1.00112,0.1,4.4,True
2022-07-18,low,02:02,2,27.7,True,5.4,5.3,19.5,17,42.0,3,True,21.0,1.00871,5.4,1.2,True
2022-07-19,high,02:00,2,28.8,False,120.7,120.1,419.1,247,,1,False,,,,,
2022-07-20,low,02:11,2,17.7,True,2.1,3.5,11.9,25,14.0,5,True,0.0,1.02321,0.8,3.5,True
2022-07-21,high,02:00,2,35.2,True,17.0,9.0,48.3,7,122.0,6,True,30.0,1.02129,17.0,8.6,True
2022-07-22,low,02:11,2,37.0,True,54.9,54.5,148.4,88,368.0,13,True,1.0,1.01863,2.0,56.6,True
2022-07-25,high,03:22,3,32.0,True,9.4,10.4,29.4,1,37.0,1,True,0.0,1.02119,5.3,10.4,True
2022-07-26,low,02:00,2,28.2,False,109.0,107.3,386.5,593,,7,True,1.0,1.02221,6.9,109.3,True
2022-07-27,high,02:00,2,19.4,True,11.5,11.3,59.3,2,56.0,1,True,7.0,1.01471,11.5,1.4,True
2022-07-28,high,02:00,2,35.3,True,18.7,16.4,53.0,32,195.0,4,True,46.0,1.02135,18.7,6.0,True
2022-07-29,high,02:13,2,35.5,True,29.5,29.2,83.1,18,202.0,2,True,1.0,1.02239,0.9,30.3,True
2022-08-01,high,04:14,4,33.6,False,34.0,30.6,101.2,448,,5,True,4.0,1.02397,5.3,35.4,True
2022-08-02,low,02:15,2,37.9,False,75.0,74.9,197.9,476,,1,True,10.0,1.02564,4.8,75.4,True
2022-08-04,high,03:06,3,21.8,False,57.8,51.4,265.1,495,,6,True,48.0,1.01751,10.2,58.7,True
2022-08-05,low,02:01,2,18.8,False,87.9,86.9,467.6,442,,18,True,52.0,1.02308,7.0,89.3,True
2022-08-08,high,02:00,2,26.6,False,36.1,36.5,135.7,563,,10,True,0.0,1.01852,2.7,36.5,True
2022-08-09,high,02:00,2,12.3,False,46.4,48.7,377.2,194,,3,True,0.0,1.01985,0.5,48.7,True
2022-08-10,low,04:07,4,16.3,True,0.7,2.9,4.3,0,33.0,3,True,0.0,1.02049,0.7,2.9,True
2022-08-11,low,02:00,2,22.6,True,2.9,3.5,12.8,2,50.0,2,True,0.0,1.02818,1.0,3.5,True
2022-08-12,low,03:24,3,20.3,False,66.8,63.2,329.1,450,,5,True,4.0,1.03051,6.5,67.1,True
2022-08-15,low,02:30,2,28.5,False,58.5,55.4,205.3,528,,5,True,55.0,1.02444,9.8,63.2,True
2022-08-16,low,03:04,3,22.5,True,24.8,22.7,110.2,267,147.0,6,True,42.0,1.01499,13.4,27.4,True
2022-08-17,high,02:00,2,13.2,True,7.2,1.1,54.5,0,23.0,1,True,10.0,1.01747,7.2,4.7,True
2022-08-18,low,02:00,2,25.9,False,55.4,53.7,213.9,488,,11,True,121.0,1.01676,21.2,56.0,True
2022-08-19,high,03:44,3,21.4,True,4.3,5.1,20.1,4,132.0,1,True,0.0,1.00903,0.4,5.1,True
2022-08-22,low,02:44,2,23.3,False,95.8,95.7,411.2,545,,2,True,1.0,1.00258,0.8,98.3,True
2022-08-23,low,02:00,2,20.0,True,29.8,15.7,149.0,75,380.0,11,True,99.0,0.99322,29.8,19.7,True
2022-08-24,low,02:00,2,29.2,True,32.7,27.7,112.0,485,46.0,9,True,18.0,0.99427,7.9,32.8,True
2022-08-25,high,02:00,2,29.7,True,40.8,37.0,137.4,35,392.0,2,True,211.0,0.99907,40.8,11.6,True
2022-08-26,low,02:00,2,12.0,True,16.2,12.4,135.0,56,65.0,5,True,6.0,0.99626,4.4,16.3,True
2022-08-29,high,03:03,3,27.2,False,83.9,83.3,308.5,345,,8,True,1.0,0.99438,2.1,85.3,True
2022-08-30,high,03:38,3,31.4,False,41.5,39.5,132.2,104,,3,True,305.0,1.00107,41.5,30.5,True
2022-08-31,high,02:00,2,18.0,True,7.8,1.2,43.3,1,46.0,2,True,3.0,1.00336,7.8,4.0,True
2022-09-01,low,02:27,2,27.6,True,1.3,0.4,4.7,0,106.0,1,True,1.0,1.00119,1.3,2.4,True
2022-09-02,high,02:00,2,12.7,False,70.9,65.2,558.3,563,,1,False,,,,,
2022-09-05,low,02:00,2,28.2,True,23.6,7.1,83.7,2,91.0,2,True,24.0,0.99019,23.6,11.0,True
2022-09-06,high,02:55,2,28.0,True,15.6,9.7,55.7,45,89.0,6,True,4.0,0.99697,8.5,16.5,True
2022-09-07,high,02:41,2,27.0,True,26.2,25.6,97.0,84,234.0,16,True,1.0,0.9903,0.7,27.0,True
2022-09-08,high,02:00,2,21.7,True,14.0,13.7,64.5,15,98.0,4,True,1.0,0.99994,0.5,15.4,True
2022-09-09,high,03:11,3,75.7,False,29.1,20.1,38.4,104,,3,True,144.0,1.00828,29.1,14.6,True
2022-09-12,high,02:27,2,32.2,False,102.6,103.8,318.6,67,,1,True,0.0,1.00939,0.2,103.8,True
2022-09-13,high,02:10,2,22.5,True,40.6,41.5,180.4,315,65.0,13,True,0.0,1.01455,1.1,41.5,True
2022-09-14,low,02:38,2,21.5,True,9.1,9.2,42.3,10,29.0,4,True,0.0,0.99687,0.3,9.2,True
2022-09-15,low,02:00,2,13.4,True,13.4,5.5,100.0,24,125.0,1,True,92.0,0.99697,13.4,1.5,True
2022-09-16,low,02:00,2,26.0,True,41.2,33.9,158.5,113,407.0,7,True,18.0,0.99862,9.7,41.4,True
2022-09-19,low,02:00,2,34.8,False,28.6,16.0,82.2,62,,6,True,289.0,0.99952,28.6,19.6,True
2022-09-20,low,02:00,2,30.5,False,64.9,63.6,212.8,409,,2,True,11.0,1.002,7.1,65.0,True
2022-09-21,low,02:00,2,17.7,False,90.9,84.9,513.6,559,,1,False,,,,,
2022-09-22,high,03:28,3,29.8,False,69.6,70.0,233.6,76,,2,True,0.0,0.98374,0.9,70.0,True
2022-09-23,low,02:38,2,31.1,False,118.6,119.2,381.4,503,,2,True,0.0,0.98212,0.2,119.2,True
2022-09-26,high,03:23,3,141.3,False,9.7,7.6,6.9,4,,3,True,6.0,0.96905,9.7,6.9,True
2022-09-27,high,02:00,2,26.5,True,25.8,20.5,97.4,23,163.0,3,True,47.0,0.96446,25.8,22.7,True
2022-09-28,low,02:59,2,58.0,True,6.9,3.3,11.9,0,183.0,2,True,1.0,0.95489,6.9,11.2,True
2022-09-29,low,02:00,2,39.4,True,39.0,29.8,99.0,98,197.0,3,True,61.0,0.9675,18.7,39.7,True
2022-09-30,high,02:00,2,38.9,True,0.3,2.8,0.8,0,43.0,1,True,0.0,0.98307,0.3,2.8,True
2022-10-04,high,02:05,2,39.3,False,134.3,130.8,341.7,592,,1,False,,,,,
2022-10-05,high,02:39,2,31.2,True,4.2,4.9,13.5,6,31.0,2,True,0.0,0.99898,1.9,4.9,True
2022-10-06,low,02:26,2,23.5,False,99.3,101.4,422.6,571,,6,True,0.0,0.9905,0.7,101.4,True
2022-10-07,low,02:12,2,25.6,True,20.8,20.5,81.2,37,88.0,4,True,1.0,0.97872,0.4,21.7,True
2022-10-10,low,02:00,2,28.5,False,43.1,38.8,151.2,160,,8,True,6.0,0.97248,8.0,43.3,True
2022-10-11,low,02:10,2,42.1,True,6.3,2.5,15.0,1,84.0,1,True,3.0,0.96808,6.3,1.4,True
2022-10-12,high,02:00,2,29.4,True,20.9,12.1,71.1,34,468.0,14,True,88.0,0.97023,20.9,22.1,True
2022-10-13,low,02:56,2,27.1,True,9.5,7.2,35.1,35,101.0,1,True,19.0,0.96958,7.0,10.5,True
2022-10-14,low,03:20,3,47.0,False,54.6,53.0,116.2,400,,7,True,5.0,0.97618,9.2,54.8,True
2022-10-17,high,02:00,2,15.3,True,1.8,2.2,11.8,1,31.0,1,True,0.0,0.97517,1.3,2.2,True
2022-10-18,high,02:00,2,29.5,True,20.9,18.7,70.8,65,220.0,10,True,4.0,0.98515,3.2,21.9,True
2022-10-19,low,02:00,2,23.7,False,83.8,76.7,353.6,316,,1,False,,,,,
2022-10-20,high,02:00,2,17.2,False,73.8,63.8,429.1,538,,1,False,,,,,
2022-10-21,low,02:33,2,18.3,True,4.0,3.5,21.9,28,21.0,3,True,4.0,0.97663,3.5,5.4,True
2022-10-24,low,04:02,4,42.1,True,18.7,17.9,44.4,90,253.0,10,True,1.0,0.98297,1.6,23.0,True
2022-10-25,low,02:00,2,21.1,True,28.9,23.0,137.0,305,128.0,1,True,10.0,0.98778,8.3,29.4,True
2022-10-26,high,02:02,2,23.9,False,113.7,113.9,475.7,578,,1,True,0.0,0.99671,0.1,113.9,True
2022-10-27,low,02:31,2,31.7,False,89.4,89.8,282.0,402,,12,True,0.0,1.00621,0.2,89.8,True
2022-10-28,low,03:13,3,40.2,False,31.3,28.2,77.9,51,,10,True,120.0,0.99598,31.3,29.5,True
2022-10-31,low,02:11,2,22.5,False,70.3,67.8,312.4,513,,5,True,2.0,0.99439,3.7,71.1,True
2022-11-01,high,02:00,2,23.9,True,45.9,25.2,192.1,370,91.0,2,True,425.0,0.99065,45.9,4.3,True
2022-11-02,low,02:07,2,20.9,True,7.8,7.1,37.3,16,63.0,2,True,39.0,0.988,7.8,3.0,True
2022-11-03,low,02:00,2,19.6,False,89.9,82.6,458.7,229,,1,False,,,,,
2022-11-04,high,04:31,4,40.2,False,152.1,152.8,378.4,311,,5,True,0.0,0.97876,1.2,152.8,True
2022-11-07,high,02:00,2,27.3,False,62.2,61.7,227.8,128,,2,True,1.0,0.99414,2.4,65.6,True
2022-11-08,low,02:00,2,24.2,True,31.9,30.9,131.8,123,365.0,6,True,1.0,1.00037,4.7,32.2,True
2022-11-09,low,02:00,2,29.0,False,48.2,52.5,166.2,457,,15,True,0.0,1.00633,0.5,52.5,True
2022-11-10,high,02:00,2,18.9,True,2.5,4.9,13.2,0,28.0,1,True,0.0,1.00266,2.5,4.9,True
2022-11-11,high,02:00,2,35.0,False,140.9,118.9,402.6,592,,1,False,,,,,
2022-11-14,high,03:18,3,45.0,True,0.3,3.3,0.7,0,110.0,2,True,0.0,1.03471,0.3,3.3,True
2022-11-15,high,02:00,2,16.1,False,152.6,138.2,947.8,398,,1,False,,,,,
2022-11-16,high,02:03,2,56.1,False,51.6,47.9,92.0,194,,11,True,4.0,1.03866,9.6,51.8,True
2022-11-17,high,02:34,2,31.3,True,15.6,15.6,49.8,44,97.0,5,True,1.0,1.0389,1.1,17.5,True
2022-11-18,low,03:11,3,29.8,True,18.9,19.4,63.4,12,69.0,3,True,0.0,1.03615,0.3,19.4,True
2022-11-21,low,02:00,2,42.0,False,50.5,32.1,120.2,179,,1,False,,,,,
2022-11-22,low,02:00,2,16.9,True,5.2,2.3,30.8,0,86.0,6,True,5.0,1.02526,5.2,6.5,True
2022-11-23,high,02:00,2,24.4,True,23.9,16.6,98.0,58,142.0,3,True,96.0,1.03223,23.9,7.1,True
2022-11-24,low,03:04,3,37.3,False,29.5,24.3,79.1,209,,17,True,10.0,1.04124,11.2,30.8,True
2022-11-25,low,04:43,4,25.7,False,48.8,47.9,189.9,275,,10,True,29.0,1.0404,21.3,49.4,True
2022-11-28,high,02:03,2,39.3,False,116.4,117.1,296.2,271,,6,True,0.0,1.03796,0.4,117.1,True
2022-11-30,high,03:53,3,24.2,True,39.8,38.3,164.5,349,44.0,8,True,54.0,1.03581,21.1,41.7,True
2022-12-01,high,02:00,2,29.0,True,16.1,7.5,55.5,22,31.0,2,True,10.0,1.04473,11.3,16.5,True
2022-12-02,high,02:00,2,20.9,True,19.0,14.8,90.9,103,287.0,10,True,6.0,1.05251,7.4,19.7,True
2022-12-05,low,02:47,2,41.8,True,21.8,18.3,52.2,163,145.0,8,True,1.0,1.05418,5.2,22.2,True
2022-12-06,low,02:00,2,30.9,True,11.5,5.8,37.2,2,273.0,5,True,40.0,1.04881,11.5,9.2,True
2022-12-07,low,02:00,2,21.4,True,11.8,10.3,55.1,15,96.0,6,True,5.0,1.04552,6.1,12.1,True
2022-12-08,high,02:00,2,13.1,True,23.6,16.0,180.2,39,122.0,3,True,142.0,1.05067,23.6,2.4,True
2022-12-09,high,02:07,2,26.0,True,2.8,1.0,10.8,1,112.0,1,True,2.0,1.05849,2.8,3.0,True
2022-12-12,high,02:00,2,14.3,False,60.0,53.4,419.6,493,,4,True,3.0,1.05191,7.7,60.9,True
2022-12-13,high,02:02,2,22.9,True,6.6,5.3,28.8,60,110.0,8,True,15.0,1.05514,5.7,9.2,True
2022-12-14,high,02:01,2,19.2,True,3.3,1.1,17.2,0,66.0,1,True,2.0,1.06388,3.3,1.8,True
2022-12-15,low,02:44,2,33.5,True,40.9,39.0,122.1,92,291.0,3,True,346.0,1.06542,40.9,16.2,True
2022-12-16,high,02:17,2,23.9,True,0.6,1.6,2.5,0,32.0,1,True,0.0,1.06614,0.6,1.6,True
2022-12-19,high,02:00,2,16.9,True,44.8,28.9,265.1,143,382.0,9,True,244.0,1.06126,44.8,3.4,True
2022-12-20,low,02:00,2,54.4,True,5.9,2.4,10.8,1,491.0,7,True,5.0,1.05983,5.9,4.4,True
2022-12-21,high,02:29,2,19.2,True,11.5,11.0,59.9,47,223.0,4,True,41.0,1.06238,8.9,13.5,True
2022-12-22,high,02:05,2,32.5,True,13.4,12.8,41.2,81,308.0,9,True,2.0,1.06444,1.0,14.9,True
2022-12-23,high,02:05,2,25.5,False,20.6,18.8,80.8,399,,13,True,75.0,1.06121,18.3,20.7,True
2022-12-26,high,02:00,2,20.2,False,3.8,3.5,18.8,362,,16,True,1.0,1.06289,0.5,4.0,True
2022-12-27,high,02:00,2,25.0,True,9.0,4.7,36.0,208,147.0,7,True,12.0,1.06599,7.4,9.5,True
2022-12-28,high,02:00,2,17.9,True,29.5,28.6,164.8,457,72.0,13,True,1.0,1.06445,2.6,29.7,True
2022-12-29,low,02:00,2,15.0,True,7.3,1.8,48.7,0,73.0,1,True,17.0,1.06193,7.3,6.3,True
2022-12-30,low,02:00,2,17.4,True,13.3,3.4,76.4,32,71.0,1,True,62.0,1.06521,13.3,2.3,True
2023-01-02,low,02:01,2,22.5,False,35.2,38.4,156.4,586,,7,True,0.0,1.06894,0.2,38.4,True
2023-01-03,low,02:09,2,29.8,False,130.9,131.3,439.3,251,,2,True,0.0,1.06507,0.3,131.3,True
2023-01-04,high,02:05,2,17.4,False,61.1,61.1,351.1,86,,1,False,,,,,
2023-01-05,low,02:00,2,28.1,False,88.5,87.9,314.9,537,,9,True,1.0,1.0606,1.8,91.2,True
2023-01-06,low,02:00,2,13.9,True,40.1,34.1,288.5,390,20.0,8,True,63.0,1.05259,15.5,43.6,True
2023-01-09,high,02:00,2,23.1,False,82.3,74.6,356.3,589,,9,True,28.0,1.06767,16.5,83.8,True
2023-01-10,high,03:23,3,21.2,True,9.2,11.2,43.4,68,191.0,7,True,0.0,1.07404,0.9,11.2,True
2023-01-11,high,02:00,2,19.5,True,12.3,8.7,63.1,30,95.0,4,True,19.0,1.07447,7.3,12.6,True
2023-01-12,low,02:00,2,13.0,True,17.7,14.4,136.2,122,256.0,15,True,20.0,1.07617,4.8,19.1,True
2023-01-13,high,03:12,3,24.5,True,8.0,8.3,32.7,35,141.0,5,True,0.0,1.08557,2.3,8.3,True
2023-01-16,low,02:00,2,33.6,False,39.2,40.0,116.7,131,,1,True,0.0,1.08413,1.4,40.0,True
2023-01-17,high,03:02,3,26.6,True,36.6,36.8,137.6,385,73.0,7,True,0.0,1.08325,0.9,36.8,True
2023-01-18,high,02:06,2,33.1,False,88.1,88.5,266.2,439,,2,True,0.0,1.07988,0.4,88.5,True
2023-01-19,high,02:39,2,23.3,False,32.6,31.8,139.9,178,,9,True,2.0,1.08051,2.2,32.9,True
2023-01-20,low,02:00,2,16.2,True,7.1,4.6,43.8,0,22.0,1,True,2.0,1.08295,7.1,2.9,True
2023-01-23,high,02:00,2,22.5,True,23.8,21.6,105.8,5,276.0,7,True,19.0,1.0902,23.8,18.3,True
2023-01-24,high,02:00,2,13.6,True,15.0,11.3,110.3,47,46.0,1,True,75.0,1.08817,15.0,12.6,True
2023-01-25,high,02:00,2,19.1,True,8.2,6.5,42.9,22,29.0,1,True,6.0,1.09025,3.8,8.5,True
2023-01-26,low,02:12,2,14.6,True,0.5,0.6,3.4,0,20.0,1,True,0.0,1.0907,0.5,0.6,True
2023-01-27,low,03:20,3,33.4,False,28.1,28.4,84.1,387,,14,True,0.0,1.08661,0.4,28.4,True
2023-01-30,low,02:00,2,18.2,True,8.2,9.2,45.1,22,46.0,2,True,0.0,1.0862,0.7,9.2,True
2023-01-31,low,02:00,2,20.6,True,37.4,33.3,181.6,120,270.0,3,True,8.0,1.08394,5.3,37.5,True
2023-02-01,high,02:00,2,16.7,False,56.0,56.6,335.3,537,,2,True,0.0,1.08681,1.9,56.6,True
2023-02-02,low,02:00,2,19.3,False,120.9,122.0,626.4,489,,6,True,0.0,1.10071,2.3,122.0,True
2023-02-03,high,02:11,2,12.4,True,6.5,5.6,52.4,8,11.0,1,True,17.0,1.0897,6.5,3.0,True
2023-02-06,low,02:51,2,16.7,False,64.7,63.2,387.4,545,,4,True,5.0,1.07825,2.1,65.2,True
2023-02-07,low,02:16,2,14.1,False,59.4,63.0,421.3,495,,7,True,0.0,1.0732,0.1,63.0,True
2023-02-08,high,02:27,2,11.9,True,25.8,25.6,216.8,107,318.0,4,True,8.0,1.07345,4.2,26.2,True
2023-02-09,high,02:00,2,23.3,False,58.1,57.8,249.4,422,,5,True,1.0,1.07302,7.3,60.5,True
2023-02-10,high,02:17,2,21.5,True,13.9,16.2,64.7,49,73.0,7,True,0.0,1.07363,1.4,16.2,True
2023-02-13,high,02:01,2,19.5,False,52.4,51.8,268.7,531,,6,True,87.0,1.06738,14.9,53.4,True
2023-02-14,high,02:00,2,14.5,True,27.9,24.5,192.4,352,38.0,6,True,7.0,1.07366,6.5,31.1,True
2023-02-15,low,02:00,2,30.1,False,49.3,41.2,163.8,532,,6,True,17.0,1.07144,14.5,49.5,True
2023-02-16,high,03:16,3,28.0,True,7.5,7.0,26.8,12,302.0,1,True,3.0,1.07138,3.6,8.4,True
2023-02-17,low,02:01,2,32.8,True,20.0,19.9,61.0,314,177.0,10,True,3.0,1.06336,3.4,21.0,True
2023-02-20,high,02:00,2,17.9,True,13.2,15.1,73.7,66,226.0,4,True,0.0,1.06893,0.1,15.1,True
2023-02-21,low,02:21,2,15.7,True,2.1,1.2,13.4,6,48.0,2,True,1.0,1.06631,1.9,3.2,True
2023-02-22,low,02:16,2,10.3,False,29.0,29.6,281.6,224,,11,True,0.0,1.06541,0.6,29.6,True
2023-02-23,low,02:31,2,14.0,False,31.7,32.7,226.4,386,,11,True,0.0,1.06117,0.5,32.7,True
2023-02-24,low,02:03,2,20.9,False,57.3,56.8,274.2,325,,9,True,1.0,1.05941,1.0,58.2,True
2023-02-27,low,02:00,2,19.8,True,5.0,3.7,25.3,0,103.0,2,True,1.0,1.05405,5.0,3.6,True
2023-02-28,low,02:06,2,24.6,True,3.7,5.3,15.0,20,59.0,4,True,0.0,1.05871,1.2,5.3,True
2023-03-01,high,02:00,2,28.3,False,95.8,84.4,338.5,241,,1,False,,,,,
2023-03-02,low,02:00,2,17.4,False,62.5,58.2,359.2,298,,1,False,,,,,
2023-03-03,high,02:00,2,13.1,True,14.2,9.8,108.4,102,85.0,7,True,21.0,1.06147,6.4,14.3,True
2023-03-06,high,02:20,2,25.8,True,7.4,6.1,28.7,61,108.0,10,True,1.0,1.06488,1.4,8.4,True
2023-03-07,low,02:00,2,16.8,True,1.9,4.0,11.3,6,33.0,2,True,0.0,1.06784,0.3,4.0,True
2023-03-09,high,02:01,2,15.4,False,33.0,31.8,214.3,338,,8,True,1.0,1.05503,1.7,35.9,True
2023-03-10,high,02:33,2,20.0,True,7.5,7.5,37.5,8,35.0,2,True,3.0,1.0599,0.9,7.6,True
2023-03-13,high,02:46,2,73.2,True,0.3,3.2,0.4,0,106.0,1,True,0.0,1.0734,0.3,3.2,True
2023-03-14,low,02:00,2,23.2,True,19.2,20.5,82.8,46,136.0,6,True,0.0,1.06992,1.7,20.5,True
2023-03-15,low,02:18,2,28.5,False,215.4,215.9,755.8,332,,7,True,0.0,1.07317,1.1,215.9,True
2023-03-16,high,02:00,2,17.1,True,32.1,34.6,187.7,78,205.0,3,True,0.0,1.06007,2.8,34.6,True
2023-03-17,high,02:00,2,34.9,True,20.8,10.4,59.6,70,200.0,3,True,143.0,1.06489,20.8,4.3,True
2023-03-20,low,02:00,2,25.2,True,33.5,29.1,132.9,89,108.0,4,True,26.0,1.06661,23.0,35.0,True
2023-03-21,low,02:00,2,12.7,True,3.8,1.5,29.9,0,62.0,3,True,5.0,1.07099,3.8,2.3,True
2023-03-22,low,02:02,2,11.5,True,6.2,4.0,53.9,30,33.0,3,True,17.0,1.07662,5.9,7.2,True
2023-03-23,high,02:00,2,26.7,True,21.2,14.8,79.4,29,151.0,4,True,54.0,1.09053,21.2,5.1,True
2023-03-24,low,03:06,3,18.0,False,104.0,98.9,577.8,116,,1,False,,,,,
2023-03-27,low,02:18,2,20.0,True,6.5,5.0,32.5,16,33.0,1,True,7.0,1.07582,6.0,7.2,True
2023-03-28,high,03:09,3,16.1,False,26.5,27.6,164.6,330,,6,True,0.0,1.08183,0.3,27.6,True
2023-03-29,low,02:00,2,14.8,True,16.9,15.4,114.2,69,144.0,8,True,104.0,1.08357,16.9,9.2,True
2023-03-30,high,02:02,2,17.1,True,7.0,7.2,40.9,54,11.0,3,True,0.0,1.08432,0.2,7.2,True
2023-03-31,low,02:00,2,24.5,False,43.8,40.0,178.8,417,,6,True,45.0,1.09018,13.5,44.4,True
2023-04-03,high,03:00,3,28.5,False,77.2,77.7,270.9,347,,4,True,0.0,1.08162,0.8,77.7,True
2023-04-04,low,02:00,2,21.3,True,3.1,3.6,14.6,0,60.0,2,True,0.0,1.08889,3.1,3.6,True
2023-04-05,low,02:03,2,14.2,False,52.6,50.9,370.4,410,,5,True,16.0,1.09575,5.7,54.8,True
2023-04-06,high,02:33,2,19.8,False,24.0,24.2,121.2,511,,14,True,0.0,1.09041,0.4,24.2,True
2023-04-10,low,02:23,2,17.7,True,1.6,1.0,9.0,4,92.0,2,True,1.0,1.08978,1.0,2.6,True
2023-04-11,high,02:00,2,20.7,False,40.2,36.6,194.2,368,,4,True,35.0,1.08874,9.6,40.5,True
2023-04-12,high,02:00,2,14.0,False,61.1,54.7,436.4,335,,11,True,9.0,1.09275,8.6,62.3,True
2023-04-13,low,02:03,2,21.3,True,6.9,8.8,32.4,55,62.0,3,True,0.0,1.09855,0.5,8.8,True
2023-04-14,high,02:00,2,26.3,True,0.7,3.2,2.7,0,300.0,1,True,0.0,1.10726,0.7,3.2,True
2023-04-18,high,02:00,2,16.8,False,43.8,41.9,260.7,178,,5,True,7.0,1.09369,5.9,45.9,True
2023-04-19,low,02:00,2,19.1,False,38.9,38.7,203.7,231,,4,True,2.0,1.09664,3.9,40.4,True
2023-04-20,high,02:00,2,12.2,True,16.7,17.5,136.9,175,134.0,7,True,0.0,1.09608,1.4,17.5,True
2023-04-21,low,02:00,2,11.3,True,23.8,21.4,210.6,56,244.0,7,True,6.0,1.09628,4.5,24.8,True
2023-04-24,low,02:00,2,15.2,True,14.0,12.1,92.1,72,95.0,3,True,8.0,1.09826,4.7,16.8,True
2023-04-25,low,02:00,2,15.6,False,82.9,82.0,531.4,419,,4,True,2.0,1.10516,3.0,83.1,True
2023-04-26,high,02:00,2,11.6,False,105.9,100.2,912.9,360,,1,False,,,,,
2023-04-27,high,02:00,2,15.1,True,7.5,2.8,49.7,55,174.0,9,True,26.0,1.10539,5.5,7.6,True
2023-04-28,low,02:00,2,26.9,True,40.2,38.5,149.4,299,61.0,3,True,32.0,1.10168,6.4,44.5,True
2023-05-01,low,02:16,2,13.6,True,12.5,11.4,91.9,167,117.0,11,True,1.0,1.10015,1.6,13.3,True
2023-05-02,high,02:57,2,25.8,True,12.3,12.5,47.7,22,43.0,2,True,0.0,1.09941,0.3,12.5,True
2023-05-03,high,02:51,2,24.9,False,29.6,30.7,118.9,363,,3,True,0.0,1.10286,1.3,30.7,True
2023-05-04,high,02:10,2,18.9,True,4.2,4.1,22.2,5,50.0,3,True,6.0,1.10847,4.2,5.1,True
2023-05-05,high,02:49,2,25.6,True,3.3,2.9,12.9,12,239.0,2,True,1.0,1.10435,2.4,4.2,True
2023-05-08,high,02:05,2,23.2,True,13.6,13.8,58.6,115,286.0,7,True,0.0,1.10397,0.1,13.8,True
2023-05-09,high,02:24,2,12.5,True,3.3,2.6,26.4,15,41.0,4,True,4.0,1.09972,1.8,3.5,True
2023-05-10,low,02:05,2,12.8,True,0.1,0.3,0.8,0,59.0,1,True,0.0,1.09646,0.1,0.3,True
2023-05-11,low,02:06,2,24.6,False,73.5,73.4,298.8,361,,4,True,1.0,1.09756,0.4,75.6,True
2023-05-12,high,02:08,2,13.0,True,10.2,10.3,78.5,74,34.0,4,True,0.0,1.09251,0.6,10.3,True
2023-05-15,high,02:00,2,16.3,False,26.5,23.9,162.6,330,,4,True,33.0,1.08641,7.6,26.7,True
2023-05-16,low,02:04,2,16.3,True,5.4,3.8,33.1,23,68.0,2,True,1.0,1.08688,2.0,6.0,True
2023-05-17,low,02:00,2,11.5,False,47.4,39.4,412.2,358,,2,True,34.0,1.08622,12.0,47.5,True
2023-05-18,low,02:00,2,13.1,False,67.9,64.6,518.3,415,,1,False,,,,,
2023-05-19,high,02:14,2,20.0,False,43.5,42.5,217.5,321,,6,True,67.0,1.07795,12.0,44.0,True
2023-05-22,low,02:00,2,13.3,False,21.0,17.9,157.9,78,,9,True,6.0,1.08171,5.9,21.6,True
2023-05-23,low,03:01,3,17.9,False,39.5,41.3,220.7,297,,5,True,0.0,1.08043,1.3,41.3,True
2023-05-24,high,02:00,2,12.1,True,15.1,7.4,124.8,130,114.0,9,True,41.0,1.07792,9.6,15.6,True
2023-05-25,low,02:01,2,19.6,False,28.7,28.2,146.4,341,,4,True,29.0,1.07361,7.9,28.8,True
2023-05-26,high,03:17,3,19.6,True,18.7,19.1,95.4,250,33.0,9,True,0.0,1.07381,0.8,19.1,True
2023-05-29,high,02:00,2,18.2,True,8.0,6.0,44.0,30,96.0,4,True,60.0,1.07344,8.0,4.3,True
2023-05-30,low,02:00,2,24.9,True,28.8,15.3,115.7,86,156.0,4,True,163.0,1.07018,28.8,4.8,True
2023-05-31,low,02:01,2,41.4,False,43.3,41.7,104.6,378,,3,True,15.0,1.0695,5.6,44.1,True
2023-06-01,low,02:00,2,14.9,True,18.5,14.7,124.2,103,122.0,8,True,10.0,1.06804,7.0,18.7,True
2023-06-02,high,02:00,2,10.9,True,9.9,5.5,90.8,10,290.0,8,True,51.0,1.07687,9.9,8.3,True
2023-06-05,low,02:51,2,14.3,True,12.5,13.5,87.4,253,56.0,12,True,0.0,1.06912,1.1,13.5,True
2023-06-06,high,02:00,2,14.8,True,8.2,9.1,55.4,31,58.0,10,True,0.0,1.07237,0.9,9.1,True
2023-06-07,low,02:00,2,15.6,True,20.5,14.6,131.4,73,114.0,1,True,177.0,1.06896,20.5,2.2,True
2023-06-08,high,02:00,2,8.6,True,7.6,8.2,88.4,48,37.0,7,True,0.0,1.07108,0.1,8.2,True
2023-06-09,low,02:09,2,9.3,False,21.9,20.8,235.5,387,,10,True,6.0,1.07758,3.2,22.0,True
2023-06-12,high,02:00,2,17.3,False,39.7,40.0,229.5,223,,8,True,0.0,1.075,0.3,40.0,True
2023-06-13,high,02:00,2,21.0,False,43.3,35.6,206.2,336,,1,True,373.0,1.07785,43.3,29.2,True
2023-06-14,low,02:00,2,10.4,True,9.3,1.2,89.4,0,92.0,6,True,30.0,1.07862,9.3,2.4,True
2023-06-15,low,02:47,2,36.3,True,4.5,4.7,12.4,5,145.0,3,True,0.0,1.08083,0.2,4.7,True
2023-06-16,high,02:21,2,15.3,True,11.7,7.8,76.5,13,48.0,4,True,22.0,1.09485,11.7,4.7,True
2023-06-19,low,02:05,2,12.7,False,23.6,24.9,185.8,230,,5,True,0.0,1.09348,0.3,24.9,True
2023-06-20,high,02:00,2,15.5,True,20.0,21.9,129.0,119,183.0,6,True,0.0,1.09242,1.1,21.9,True
2023-06-21,low,02:00,2,9.3,True,5.9,7.4,63.4,10,116.0,7,True,0.0,1.09132,0.6,7.4,True
2023-06-22,low,02:00,2,8.3,True,6.9,6.3,83.1,62,41.0,5,True,1.0,1.09889,1.2,9.2,True
2023-06-23,low,02:00,2,26.4,False,87.8,86.4,332.6,188,,1,False,,,,,
2023-06-26,high,02:12,2,10.9,True,1.2,0.8,11.0,1,23.0,1,True,2.0,1.09074,1.2,2.5,True
2023-06-27,high,03:01,3,32.9,False,41.6,40.9,126.4,283,,4,True,10.0,1.09346,4.7,42.0,True
2023-06-28,low,02:43,2,19.3,True,6.1,4.6,31.6,13,158.0,2,True,2.0,1.09426,2.2,6.6,True
2023-06-29,low,02:27,2,25.6,True,0.8,0.6,3.1,0,51.0,2,True,1.0,1.08912,0.8,1.1,True
2023-06-30,low,02:11,2,15.2,True,25.0,26.3,164.5,146,143.0,8,True,0.0,1.08615,0.3,26.3,True
2023-07-03,low,02:07,2,17.2,True,30.2,27.8,175.6,108,230.0,3,True,245.0,1.09012,30.2,8.9,True
2023-07-04,low,02:00,2,13.9,False,10.3,3.5,74.1,177,,8,True,19.0,1.09039,7.3,11.8,True
2023-07-05,low,02:25,2,15.8,True,3.7,4.3,23.4,5,37.0,2,True,0.0,1.08756,0.7,4.3,True
2023-07-06,high,02:00,2,16.0,False,41.8,42.6,261.2,282,,5,True,0.0,1.08551,4.7,42.6,True
2023-07-07,high,02:00,2,9.2,True,8.7,5.7,94.6,11,42.0,1,True,4.0,1.08903,3.6,9.9,True
2023-07-10,low,02:00,2,16.7,True,7.8,6.0,46.7,10,193.0,5,True,2.0,1.09529,7.3,7.9,True
2023-07-11,high,02:18,2,18.6,True,6.9,6.4,37.1,6,156.0,5,True,2.0,1.10198,1.1,7.1,True
2023-07-12,high,02:17,2,21.5,False,91.9,92.1,427.4,372,,2,True,0.0,1.10332,0.2,92.1,True
2023-07-13,low,02:00,2,12.3,True,5.6,4.3,45.5,0,58.0,1,True,2.0,1.11368,5.6,2.3,True
2023-07-14,low,02:47,2,29.5,True,9.3,7.8,31.5,32,115.0,2,True,16.0,1.1215,7.9,10.9,True
2023-07-17,high,02:00,2,14.9,True,19.1,19.6,128.2,161,172.0,2,True,0.0,1.12291,2.9,19.6,True
2023-07-18,high,02:48,2,21.4,True,19.7,19.8,92.1,44,78.0,5,True,0.0,1.12558,0.5,19.8,True
2023-07-19,high,02:00,2,16.6,True,2.9,14.7,17.5,0,15.0,1,True,0.0,1.12209,2.9,14.7,True
2023-07-20,low,03:39,3,25.4,False,63.2,58.1,248.8,304,,9,True,19.0,1.12054,5.7,64.9,True
2023-07-21,high,02:00,2,12.1,True,3.2,2.8,26.4,39,55.0,8,True,1.0,1.11399,1.8,5.0,True
2023-07-24,high,02:45,2,13.3,True,14.2,14.0,106.8,26,19.0,1,True,1.0,1.11325,1.3,14.4,True
2023-07-25,high,02:19,2,18.8,True,5.3,4.7,28.2,15,86.0,7,True,4.0,1.10814,1.4,5.4,True
2023-07-26,high,02:00,2,15.3,False,33.1,27.2,216.3,294,,1,False,,,,,
2023-07-27,high,03:28,3,40.4,True,26.1,26.6,64.6,96,116.0,2,True,0.0,1.11173,0.1,26.6,True
2023-07-28,high,02:45,2,16.8,True,2.9,2.8,17.3,0,10.0,1,True,1.0,1.09835,2.9,4.8,True
2023-07-31,low,02:04,2,18.6,True,2.4,2.5,12.9,50,39.0,5,True,0.0,1.10092,0.5,2.5,True
2023-08-01,low,03:05,3,21.2,False,28.0,28.4,132.1,346,,7,True,0.0,1.09807,0.7,28.4,True
2023-08-02,low,04:08,4,27.8,False,62.4,59.8,224.5,382,,8,True,2.0,1.09812,4.3,63.4,True
2023-08-03,low,02:43,2,18.9,True,18.1,18.0,95.8,115,243.0,12,True,141.0,1.09306,18.1,9.0,True
2023-08-04,low,02:52,2,15.1,True,11.5,11.6,76.2,338,0.0,10,True,0.0,1.09465,0.2,11.6,True
2023-08-07,low,02:00,2,16.6,False,29.7,18.7,178.9,250,,6,True,418.0,1.09956,29.7,10.0,True
2023-08-08,high,02:34,2,28.6,True,5.7,4.6,19.9,7,50.0,1,True,14.0,1.10051,5.7,1.3,True
2023-08-09,high,02:00,2,15.5,False,24.6,19.8,158.7,485,,3,True,22.0,1.09705,8.5,24.8,True
2023-08-10,high,02:00,2,14.6,False,83.1,79.7,569.2,392,,1,False,,,,,
2023-08-11,high,02:16,2,18.2,True,5.2,5.7,28.6,148,63.0,8,True,0.0,1.09974,0.1,5.7,True
2023-08-14,low,02:01,2,17.5,True,3.1,2.9,17.7,11,69.0,2,True,3.0,1.09296,2.3,3.5,True
2023-08-15,high,02:00,2,17.2,True,27.3,28.4,158.7,235,155.0,3,True,0.0,1.09164,1.4,28.4,True
2023-08-16,high,02:00,2,12.8,True,22.8,17.5,178.1,153,267.0,4,True,7.0,1.09115,7.6,23.0,True
2023-08-17,high,02:20,2,13.1,False,43.1,42.1,329.0,377,,6,True,1.0,1.0874,1.3,44.0,True
2023-08-18,low,02:56,2,22.1,False,26.7,26.5,120.8,342,,13,True,1.0,1.08723,0.8,27.3,True
2023-08-21,high,03:12,3,14.6,False,29.5,29.0,202.1,278,,12,True,1.0,1.0882,1.3,31.6,True
2023-08-22,high,02:21,2,22.6,True,14.5,14.2,64.2,88,152.0,2,True,17.0,1.09157,5.0,14.6,True
2023-08-23,high,02:00,2,15.0,True,11.7,9.5,78.0,85,5.0,4,True,7.0,1.08553,3.5,16.0,True
2023-08-24,low,02:37,2,16.7,False,44.1,43.7,264.1,376,,10,True,3.0,1.08594,2.0,45.2,True
2023-08-25,low,02:58,2,24.1,True,13.8,13.7,57.3,63,182.0,4,True,1.0,1.07809,0.1,14.8,True
2023-08-28,high,02:00,2,14.0,False,12.0,9.5,85.7,279,,11,True,118.0,1.0809,10.7,13.1,True
2023-08-29,low,02:00,2,16.9,True,39.1,38.6,231.4,437,45.0,4,True,2.0,1.08217,1.1,39.5,True
2023-08-30,high,02:06,2,8.5,True,4.5,4.9,52.9,18,51.0,5,True,0.0,1.08717,0.7,4.9,True
2023-08-31,low,02:00,2,19.4,False,83.4,80.2,429.9,598,,1,False,,,,,
2023-09-01,low,02:22,2,17.8,True,7.9,2.5,44.4,8,60.0,1,True,23.0,1.08368,7.9,0.8,True
2023-09-04,high,02:03,2,14.1,False,21.5,21.2,152.5,307,,7,True,10.0,1.07868,3.7,21.9,True
2023-09-05,low,02:06,2,17.5,False,74.5,75.7,425.7,535,,2,True,0.0,1.07819,0.2,75.7,True
2023-09-06,high,02:00,2,21.2,True,14.5,18.0,68.4,324,156.0,16,True,0.0,1.07308,3.7,18.0,True
2023-09-07,low,02:00,2,12.7,False,32.9,32.9,259.1,412,,3,True,1.0,1.07191,2.0,33.0,True
2023-09-08,high,02:00,2,26.1,True,4.7,4.5,18.0,12,265.0,1,True,6.0,1.07228,2.2,5.1,True
2023-09-11,high,02:00,2,18.1,False,31.3,30.0,172.9,503,,19,True,3.0,1.07272,3.1,32.1,True
2023-09-12,low,02:00,2,31.7,False,32.0,31.5,100.9,421,,4,True,5.0,1.07382,1.7,32.7,True
2023-09-13,low,02:00,2,20.2,False,33.6,32.0,166.3,391,,11,True,45.0,1.07448,9.8,33.8,True
2023-09-14,high,02:00,2,16.3,True,2.3,1.0,14.1,0,210.0,2,True,6.0,1.07445,2.3,2.7,True
2023-09-15,high,02:00,2,15.1,False,39.4,33.6,260.9,488,,3,True,397.0,1.06473,20.9,40.4,True
2023-09-18,high,02:01,2,12.7,True,4.1,4.1,32.3,16,40.0,2,True,5.0,1.06726,0.7,5.1,True
2023-09-19,low,02:00,2,15.8,True,5.7,3.9,36.1,77,193.0,5,True,2.0,1.06812,2.0,6.2,True
2023-09-20,low,02:00,2,11.6,True,5.2,4.6,44.8,0,18.0,1,True,2.0,1.06815,5.2,3.2,True
2023-09-21,high,02:52,2,33.6,False,23.1,21.0,68.8,468,,11,True,8.0,1.06482,4.3,25.2,True
2023-09-22,high,03:08,3,21.7,True,5.2,2.8,24.0,5,2.0,1,True,7.0,1.06273,5.2,,
2023-09-25,low,02:43,2,12.5,False,67.7,67.9,541.6,440,,4,True,0.0,1.06432,0.4,67.9,True
2023-09-26,low,02:39,2,13.6,True,8.4,9.1,61.8,36,48.0,3,True,0.0,1.0579,0.6,9.1,True
2023-09-27,high,03:04,3,16.1,True,2.0,2.7,12.4,29,102.0,3,True,0.0,1.05713,0.1,2.7,True
2023-09-28,low,02:37,2,17.3,True,7.7,8.5,44.5,16,26.0,1,True,0.0,1.04995,0.8,8.5,True
2023-09-29,high,02:06,2,24.8,False,34.2,33.4,137.9,226,,11,True,25.0,1.0582,6.9,34.9,True
2023-10-02,low,02:00,2,8.4,True,1.4,2.9,16.7,0,32.0,2,True,0.0,1.05638,1.4,2.9,True
2023-10-03,low,02:00,2,16.5,True,1.5,1.1,9.1,0,104.0,1,True,1.0,1.04648,1.5,2.0,True
2023-10-04,low,02:25,2,18.5,True,5.6,5.4,30.3,37,33.0,5,True,2.0,1.04575,1.2,6.1,True
2023-10-05,low,03:28,3,26.6,True,0.8,2.1,3.0,0,278.0,1,True,0.0,1.05035,0.8,2.1,True
2023-10-06,low,02:00,2,9.8,True,6.7,4.1,68.4,48,43.0,3,True,6.0,1.05382,4.1,6.8,True
2023-10-09,low,02:02,2,22.7,False,32.1,33.0,141.4,108,,7,True,0.0,1.05524,0.7,33.0,True
2023-10-10,low,02:00,2,17.6,True,11.8,10.8,67.0,78,55.0,3,True,3.0,1.05689,4.4,14.7,True
2023-10-11,low,02:00,2,13.0,True,2.1,1.6,16.2,0,47.0,3,True,2.0,1.06013,2.1,1.6,True
2023-10-12,high,02:00,2,9.1,True,10.7,8.0,117.6,43,78.0,2,True,24.0,1.06283,7.9,11.4,True
2023-10-13,high,02:00,2,13.5,True,0.4,3.5,3.0,0,55.0,1,True,0.0,1.05449,0.4,3.5,True
2023-10-16,high,02:00,2,10.1,False,29.7,24.9,294.1,528,,3,True,68.0,1.05252,12.5,30.2,True
2023-10-17,low,02:00,2,14.5,True,13.4,9.8,92.4,159,94.0,3,True,68.0,1.05465,12.2,13.7,True
2023-10-18,high,02:00,2,18.5,True,15.2,10.6,82.2,11,240.0,11,True,57.0,1.05776,15.2,9.1,True
2023-10-19,low,02:00,2,9.5,True,4.1,3.7,43.2,5,42.0,1,True,16.0,1.05352,4.1,3.3,True
2023-10-20,low,02:17,2,18.1,True,3.4,3.5,18.8,16,114.0,2,True,0.0,1.05684,0.2,3.5,True
2023-10-23,low,02:18,2,16.9,True,1.9,1.0,11.2,1,89.0,1,True,4.0,1.05736,1.9,1.7,True
2023-10-24,high,03:02,3,20.3,True,7.1,6.1,35.0,13,15.0,2,True,9.0,1.0687,3.9,7.2,True
2023-10-25,low,03:02,3,15.3,False,23.9,26.1,156.2,189,,11,True,0.0,1.05919,0.2,26.1,True
2023-10-26,low,02:04,2,27.7,False,19.3,18.1,69.7,386,,19,True,6.0,1.05431,1.8,21.0,True
2023-10-27,high,02:00,2,14.1,True,3.1,1.9,22.0,0,61.0,1,True,3.0,1.05654,3.1,1.3,True
2023-10-30,high,02:00,2,7.4,True,1.6,1.4,21.6,2,27.0,1,True,3.0,1.05657,1.6,1.4,True
2023-10-31,high,02:32,2,22.0,True,62.2,61.4,282.7,147,307.0,5,True,1.0,1.06117,1.3,63.1,True
2023-11-01,high,02:02,2,10.5,True,1.0,0.2,9.5,0,36.0,2,True,1.0,1.0576,1.0,1.4,True
2023-11-02,high,02:29,2,8.9,True,7.9,6.4,88.8,9,30.0,2,True,16.0,1.06002,7.9,4.4,True
2023-11-03,high,02:00,2,14.1,False,110.6,110.3,784.4,560,,8,True,2.0,1.0628,2.3,111.3,True
2023-11-06,high,02:00,2,15.3,False,18.7,16.7,122.2,99,,14,True,3.0,1.0737,2.3,19.2,True
2023-11-07,low,02:00,2,8.8,False,41.1,36.3,467.0,458,,2,True,112.0,1.07057,13.3,41.7,True
2023-11-08,low,02:00,2,12.9,True,27.0,22.3,209.3,218,313.0,8,True,467.0,1.0687,27.0,4.4,True
2023-11-09,low,02:16,2,12.8,True,22.4,22.0,175.0,247,208.0,10,True,1.0,1.07044,0.6,24.0,True
2023-11-10,low,02:00,2,8.3,True,10.7,8.9,128.9,33,47.0,3,True,43.0,1.06679,10.7,6.3,True
2023-11-13,high,02:00,2,8.0,True,12.3,10.6,153.8,156,147.0,11,True,76.0,1.06884,8.4,12.9,True
2023-11-14,high,02:04,2,7.7,False,161.8,162.2,2101.3,582,,5,True,0.0,1.07018,0.3,162.2,True
2023-11-15,low,02:09,2,16.3,True,23.4,23.8,143.6,156,225.0,8,True,0.0,1.08677,0.9,23.8,True
2023-11-16,high,04:00,4,25.8,False,39.7,38.8,153.9,392,,7,True,2.0,1.08556,1.7,39.9,True
2023-11-17,low,02:00,2,7.7,True,24.5,22.9,318.2,68,67.0,1,True,121.0,1.08493,24.5,4.1,True
2023-11-20,high,04:24,4,34.4,False,9.9,9.9,28.8,326,,7,True,1.0,1.09327,0.1,13.0,True
2023-11-21,low,04:30,4,22.1,False,20.7,20.6,93.7,449,,12,True,1.0,1.09442,0.6,21.9,True
2023-11-22,low,02:00,2,14.1,False,56.6,49.6,401.4,494,,8,True,27.0,1.09094,9.0,57.2,True
2023-11-23,high,02:00,2,17.2,True,24.6,21.6,143.0,90,353.0,4,True,75.0,1.09015,11.2,28.8,True
2023-11-24,high,02:37,2,15.3,False,35.0,35.3,228.8,448,,13,True,0.0,1.09099,0.1,35.3,True
2023-11-27,high,02:00,2,23.0,True,9.5,7.2,41.3,13,444.0,19,True,56.0,1.09495,9.5,6.9,True
2023-11-28,low,02:00,2,10.8,True,17.6,10.9,163.0,58,328.0,10,True,123.0,1.0953,17.6,7.6,True
2023-11-29,low,02:03,2,20.4,False,36.6,36.8,179.4,509,,1,True,0.0,1.09969,0.1,36.8,True
2023-11-30,low,02:30,2,15.3,False,74.8,74.1,488.9,437,,1,False,,,,,
2023-12-01,low,02:57,2,14.5,False,69.5,67.3,479.3,484,,6,True,9.0,1.08987,5.3,70.0,True
2023-12-04,low,02:02,2,19.3,False,62.5,64.6,323.8,521,,21,True,0.0,1.08686,0.2,64.6,True
2023-12-05,low,02:00,2,9.9,False,52.6,49.1,531.3,596,,6,True,120.0,1.08367,30.5,54.8,True
2023-12-06,low,02:00,2,11.7,True,15.4,7.7,131.6,329,85.0,12,True,47.0,1.07891,9.9,16.6,True
2023-12-07,low,02:00,2,13.1,True,2.8,2.7,21.4,0,25.0,1,True,2.0,1.0762,2.8,5.1,True
2023-12-08,low,02:00,2,17.8,False,59.1,56.4,332.0,391,,15,True,74.0,1.0784,9.7,60.4,True
2023-12-11,low,02:35,2,13.1,True,9.5,9.2,72.5,28,132.0,6,True,1.0,1.07619,0.9,10.6,True
2023-12-12,high,02:00,2,9.1,False,57.6,50.3,633.0,390,,2,True,454.0,1.07687,57.6,24.4,True
2023-12-13,low,02:00,2,11.9,True,11.1,7.8,93.3,228,162.0,12,True,29.0,1.07848,4.1,11.7,True
2023-12-14,low,02:41,2,29.9,True,5.4,5.6,18.1,24,176.0,3,True,0.0,1.08856,0.2,5.6,True
2023-12-15,low,03:15,3,21.9,False,80.2,75.6,366.2,519,,1,False,,,,,
2023-12-18,high,02:00,2,19.1,False,17.5,14.0,91.6,481,,9,True,210.0,1.09133,16.3,17.8,True
2023-12-19,high,02:08,2,14.1,False,58.4,59.5,414.2,526,,2,True,0.0,1.09278,0.3,59.5,True
2023-12-20,low,02:00,2,8.4,True,31.9,21.2,379.8,355,166.0,10,True,45.0,1.09663,15.2,32.4,True
2023-12-21,low,02:00,2,9.1,True,2.7,2.8,29.7,3,89.0,2,True,0.0,1.09452,1.7,2.8,True
2023-12-22,low,02:00,2,11.0,True,1.6,4.6,14.5,0,34.0,1,True,0.0,1.09984,1.6,4.6,True
2023-12-26,low,03:52,3,10.9,True,9.2,8.8,84.4,230,143.0,8,True,76.0,1.10179,8.1,9.4,True
2023-12-27,high,02:00,2,13.4,False,80.6,79.5,601.5,562,,4,True,38.0,1.10411,7.1,81.5,True
2023-12-28,high,02:33,2,12.8,True,3.1,1.3,24.2,1,40.0,1,True,2.0,1.1122,3.1,1.1,True
2023-12-29,low,03:40,3,20.5,False,21.2,21.3,103.4,438,,12,True,0.0,1.10638,1.0,21.3,True
2024-01-02,low,02:59,2,26.7,False,75.7,74.5,283.5,484,,4,True,1.0,1.10213,1.4,80.5,True
2024-01-03,high,02:31,2,17.6,True,3.0,3.1,17.0,40,62.0,5,True,0.0,1.09623,0.2,3.1,True
2024-01-04,high,02:00,2,14.6,False,41.5,40.5,284.2,181,,2,True,21.0,1.09301,7.2,42.0,True
2024-01-05,low,02:00,2,19.5,True,59.6,50.1,305.6,391,89.0,3,True,425.0,1.09385,59.6,13.6,True
2024-01-08,low,03:14,3,22.4,True,8.0,9.6,35.7,76,241.0,5,True,0.0,1.09322,0.7,9.6,True
2024-01-09,low,02:00,2,14.9,False,41.1,37.7,275.8,549,,2,True,6.0,1.09521,5.3,41.8,True
2024-01-10,low,02:00,2,9.9,True,1.6,2.5,16.2,11,23.0,3,True,0.0,1.0927,1.5,2.5,True
2024-01-11,high,02:00,2,9.8,True,2.0,1.3,20.4,12,52.0,3,True,3.0,1.09845,1.9,2.2,True
2024-01-12,low,02:03,2,12.8,True,36.6,35.7,285.9,358,127.0,7,True,64.0,1.09741,11.7,38.2,True
2024-01-15,low,04:36,4,18.1,False,15.9,15.9,87.8,45,,14,True,153.0,1.09512,15.9,13.1,True
2024-01-16,low,02:10,2,18.1,False,51.4,50.9,284.0,531,,4,True,20.0,1.09142,4.8,52.2,True
2024-01-17,low,02:00,2,19.7,False,20.2,20.4,102.5,534,,9,True,0.0,1.08649,2.4,20.4,True
2024-01-18,high,02:00,2,12.3,True,3.5,4.3,28.5,8,32.0,3,True,0.0,1.0902,1.2,4.3,True
2024-01-19,low,02:13,2,13.4,True,8.1,6.7,60.4,79,177.0,8,True,1.0,1.08764,1.7,8.3,True
2024-01-22,low,02:36,2,10.4,False,18.7,19.1,179.8,358,,5,True,0.0,1.08991,0.7,19.1,True
2024-01-23,high,02:00,2,22.0,True,17.6,4.6,80.0,15,212.0,2,True,100.0,1.08964,17.6,4.7,True
2024-01-24,high,02:05,2,14.6,False,66.3,65.8,454.1,445,,1,True,87.0,1.08647,14.1,67.6,True
2024-01-25,high,02:00,2,11.6,True,20.0,15.9,172.4,376,38.0,1,True,413.0,1.08794,20.0,9.0,True
2024-01-26,low,02:00,2,10.9,True,25.1,14.9,230.3,45,124.0,5,True,114.0,1.08389,25.1,4.8,True
2024-01-29,high,02:33,2,9.6,True,1.1,1.1,11.5,5,16.0,1,True,3.0,1.08488,0.3,1.2,True
2024-01-30,low,02:00,2,16.6,True,12.2,1.8,73.5,2,261.0,10,True,60.0,1.08294,12.2,13.2,True
2024-01-31,low,02:00,2,27.7,True,9.9,9.1,35.7,48,327.0,4,True,2.0,1.08169,1.0,10.9,True
2024-02-01,low,02:00,2,17.2,True,24.6,14.6,143.0,97,293.0,3,True,266.0,1.0805,24.6,1.7,True
2024-02-02,high,02:01,2,8.7,True,18.6,18.6,213.8,162,227.0,7,True,7.0,1.08783,2.1,19.1,True
2024-02-05,high,02:42,2,12.5,True,5.0,4.1,40.0,31,30.0,3,True,2.0,1.07801,2.1,6.0,True
2024-02-06,high,02:00,2,8.8,True,12.0,8.3,136.4,15,117.0,1,True,105.0,1.07495,12.0,2.1,True
2024-02-07,high,02:06,2,9.9,True,17.3,16.4,174.7,385,145.0,12,True,1.0,1.07661,0.9,17.7,True
2024-02-08,high,02:20,2,13.2,True,0.6,0.7,4.5,0,64.0,1,True,0.0,1.07882,0.6,0.7,True
2024-02-09,high,02:16,2,9.3,True,6.1,6.4,65.6,75,68.0,5,True,0.0,1.07783,0.1,6.4,True
2024-02-12,high,02:28,2,9.4,True,6.8,7.6,72.3,29,16.0,3,True,0.0,1.07979,0.2,7.6,True
2024-02-13,high,02:04,2,13.8,True,3.2,4.0,23.2,16,109.0,4,True,0.0,1.07736,0.3,4.0,True
2024-02-14,high,02:00,2,11.3,True,2.8,8.2,24.8,0,64.0,2,True,0.0,1.07091,2.8,8.2,True
2024-02-15,high,02:23,2,10.5,False,49.6,49.0,472.4,474,,9,True,16.0,1.07348,6.2,49.9,True
2024-02-16,high,02:26,2,8.8,True,13.9,13.8,158.0,265,99.0,11,True,3.0,1.07652,1.2,14.8,True
2024-02-19,high,02:11,2,13.2,True,1.4,1.3,10.6,8,128.0,3,True,4.0,1.07878,0.5,1.6,True
2024-02-20,high,02:00,2,9.7,False,67.5,65.8,695.9,453,,4,True,24.0,1.07706,3.6,68.1,True
2024-02-21,low,03:40,3,13.6,True,15.6,17.1,114.7,29,363.0,5,True,0.0,1.0807,0.1,17.1,True
2024-02-22,high,02:00,2,11.9,True,57.3,50.2,481.5,75,352.0,4,True,391.0,1.08286,57.3,6.8,True
2024-02-23,high,03:04,3,10.2,True,0.6,0.6,5.9,1,50.0,2,True,1.0,1.08307,0.6,1.7,True
2024-02-26,high,02:00,2,10.0,False,37.1,35.7,371.0,346,,1,False,,,,,
2024-02-27,high,02:11,2,9.9,True,10.6,10.5,107.1,95,83.0,5,True,49.0,1.08552,7.3,10.7,True
2024-02-28,low,02:00,2,12.9,False,35.2,27.1,272.9,157,,4,True,471.0,1.08328,35.2,6.8,True
2024-02-29,low,02:50,2,12.3,True,2.1,2.4,17.1,7,6.0,2,True,0.0,1.08283,0.2,2.4,True
2024-03-01,low,02:00,2,10.9,True,2.3,1.5,21.1,133,47.0,10,True,2.0,1.0812,2.2,3.4,True
2024-03-04,high,02:00,2,7.3,True,12.0,10.0,164.4,65,27.0,1,True,34.0,1.08457,6.9,12.1,True
2024-03-05,low,02:00,2,7.2,True,6.1,6.8,84.7,48,95.0,11,True,0.0,1.08482,0.7,6.8,True
2024-03-06,high,02:00,2,11.2,False,61.6,55.0,550.0,595,,1,False,,,,,
2024-03-07,low,02:40,2,11.9,True,25.8,25.4,216.8,374,42.0,14,True,8.0,1.0894,2.4,26.2,True
2024-03-08,low,02:19,2,8.6,True,25.9,25.2,301.2,371,0.0,1,True,2.0,1.09443,1.7,26.0,True
2024-03-11,high,02:27,2,8.8,True,2.3,2.2,26.1,56,85.0,2,True,1.0,1.09456,0.6,2.4,True
2024-03-12,high,02:00,2,11.4,True,1.2,2.0,10.5,34,50.0,2,True,0.0,1.09373,0.4,2.0,True
2024-03-13,high,02:11,2,8.6,True,1.2,0.6,14.0,4,10.0,1,True,1.0,1.093,0.8,1.8,True
2024-03-14,low,02:00,2,13.8,False,56.0,55.3,405.8,507,,16,True,4.0,1.09394,1.4,56.5,True
2024-03-15,high,02:00,2,7.1,False,19.5,20.4,274.6,192,,5,True,0.0,1.08792,0.4,20.4,True
2024-03-18,high,02:04,2,8.8,True,14.4,14.3,163.6,281,231.0,6,True,1.0,1.08916,0.1,14.5,True
2024-03-19,low,02:00,2,9.8,False,32.0,31.3,326.5,176,,1,False,,,,,
2024-03-20,high,02:10,2,8.9,True,0.9,0.6,10.1,4,47.0,1,True,5.0,1.08709,0.9,0.8,True
2024-03-21,high,02:01,2,6.3,True,3.7,3.1,58.7,9,29.0,1,True,14.0,1.09376,3.7,1.9,True
2024-03-22,low,02:00,2,34.6,False,25.4,26.7,73.4,599,,3,True,0.0,1.08324,1.7,26.7,True
2024-03-25,high,02:40,2,19.9,False,20.4,20.0,102.5,405,,6,True,1.0,1.08217,0.8,20.7,True
2024-03-26,high,02:00,2,9.6,True,18.9,14.1,196.9,216,300.0,4,True,40.0,1.08439,7.5,20.4,True
2024-03-27,high,02:00,2,10.3,True,8.2,9.0,79.6,141,155.0,7,True,0.0,1.083,1.4,9.0,True
2024-03-28,low,02:07,2,11.1,False,39.8,39.4,358.6,168,,2,True,1.0,1.0815,0.8,39.9,True
2024-03-29,low,02:52,2,11.2,True,5.8,3.6,51.8,7,149.0,5,True,43.0,1.07742,5.8,1.7,True
2024-04-01,low,02:00,2,14.0,False,53.8,54.4,384.3,592,,13,True,0.0,1.07853,0.3,54.4,True
2024-04-02,low,02:00,2,9.3,True,4.9,0.4,52.7,42,69.0,2,True,19.0,1.07297,4.6,5.1,True
2024-04-03,low,03:05,3,13.5,True,1.8,2.0,13.3,4,241.0,9,True,0.0,1.0766,0.2,2.0,True
2024-04-04,high,02:07,2,9.7,False,32.1,31.9,330.9,456,,4,True,23.0,1.08425,1.9,34.0,True
2024-04-05,low,02:12,2,20.6,True,0.9,0.6,4.4,3,135.0,2,True,1.0,1.08241,0.3,1.7,True
2024-04-08,low,04:57,4,20.2,True,2.2,1.8,10.9,10,266.0,4,True,2.0,1.08234,0.9,2.6,True
2024-04-09,low,02:52,2,9.5,True,5.0,4.8,52.6,73,84.0,6,True,9.0,1.08553,2.8,6.3,True
2024-04-10,low,02:03,2,7.9,True,3.2,2.9,40.5,34,111.0,3,True,16.0,1.08512,3.0,3.5,True
2024-04-11,low,02:06,2,10.6,True,11.8,11.0,111.3,52,71.0,2,True,13.0,1.0739,2.6,12.5,True
2024-04-12,low,02:00,2,12.8,False,92.7,85.6,724.2,502,,1,False,,,,,
2024-04-15,high,02:00,2,15.8,True,10.2,8.4,64.6,314,76.0,10,True,45.0,1.06516,9.9,13.5,True
2024-04-16,low,02:22,2,19.2,True,3.8,4.9,19.8,10,153.0,2,True,0.0,1.06072,0.6,4.9,True
2024-04-17,low,02:00,2,18.4,True,11.1,4.8,60.3,4,49.0,3,True,14.0,1.06176,11.1,3.5,True
2024-04-18,high,02:00,2,15.9,True,9.8,8.3,61.6,42,349.0,11,True,83.0,1.06801,9.8,7.9,True
2024-04-19,high,02:54,2,34.2,False,32.9,32.9,96.2,456,,2,True,27.0,1.0644,8.2,33.5,True
2024-04-22,low,03:39,3,17.9,False,28.8,29.9,160.9,355,,9,True,0.0,1.06538,0.3,29.9,True
2024-04-23,low,02:00,2,7.1,True,14.9,10.3,209.9,25,60.0,1,True,76.0,1.06543,14.9,4.3,True
2024-04-24,low,02:10,2,14.0,False,22.3,21.6,159.3,395,,3,True,26.0,1.07003,5.7,22.4,True
2024-04-25,high,02:00,2,11.8,True,31.5,28.4,266.9,390,2.0,1,True,391.0,1.07042,31.5,14.6,True
2024-04-26,high,02:09,2,10.6,True,23.6,24.9,222.6,153,191.0,10,True,0.0,1.07278,0.2,24.9,True
2024-04-29,high,02:00,2,13.8,True,8.8,4.2,63.8,13,149.0,9,True,33.0,1.07195,8.8,5.9,True
2024-04-30,low,02:00,2,15.2,True,12.7,9.0,83.6,21,161.0,4,True,53.0,1.07043,12.7,11.4,True
2024-05-01,low,02:00,2,11.3,True,6.4,6.0,56.6,54,95.0,3,True,1.0,1.06559,1.8,6.5,True
2024-05-02,high,02:13,2,13.8,True,7.4,6.3,53.6,87,42.0,3,True,26.0,1.07202,6.6,7.9,True
2024-05-03,high,04:04,4,15.0,False,73.1,71.9,487.3,267,,1,True,1.0,1.07392,2.3,73.2,True
2024-05-06,high,04:19,4,16.2,False,19.2,19.5,118.5,272,,10,True,0.0,1.07712,1.0,19.5,True
2024-05-07,low,02:00,2,16.1,True,6.5,3.5,40.4,33,366.0,9,True,44.0,1.07608,6.5,5.6,True
2024-05-08,low,03:52,3,16.1,True,3.0,2.9,18.6,9,373.0,4,True,1.0,1.07386,0.9,3.6,True
2024-05-09,low,02:03,2,9.2,True,18.4,19.3,200.0,342,48.0,2,True,0.0,1.07432,0.1,19.3,True
2024-05-10,high,02:12,2,9.4,True,0.7,0.6,7.4,0,36.0,1,True,1.0,1.07821,0.7,0.5,True
2024-05-13,high,02:00,2,7.3,False,33.7,32.6,461.6,454,,7,True,14.0,1.07725,2.6,34.3,True
2024-05-14,low,02:29,2,7.9,True,9.0,8.5,113.9,119,49.0,2,True,3.0,1.07851,1.5,9.8,True
2024-05-15,high,02:00,2,14.7,False,46.7,46.7,317.7,574,,15,True,1.0,1.08275,0.3,46.9,True
2024-05-16,low,02:00,2,13.5,False,27.0,25.9,200.0,487,,2,True,8.0,1.08821,3.1,27.7,True
2024-05-17,low,04:06,4,14.5,True,18.7,19.3,129.0,181,216.0,3,True,0.0,1.08549,0.5,19.3,True
2024-05-20,high,02:00,2,9.7,True,5.8,2.7,59.8,9,195.0,1,True,57.0,1.08779,5.8,2.9,True
2024-05-21,high,02:16,2,10.9,True,12.9,13.1,118.3,192,212.0,13,True,0.0,1.08616,0.1,13.1,True
2024-05-22,low,03:07,3,9.7,False,31.7,32.7,326.8,286,,5,True,0.0,1.08546,0.1,32.7,True
2024-05-23,low,02:02,2,9.3,True,9.5,11.0,102.2,86,2.0,2,True,0.0,1.08234,0.5,11.0,True
2024-05-24,high,02:14,2,8.1,False,42.1,41.5,519.8,558,,3,True,1.0,1.0813,1.6,42.8,True
2024-05-27,low,02:05,2,5.3,True,2.4,2.3,45.3,11,65.0,3,True,1.0,1.08474,0.3,3.2,True
2024-05-28,high,02:18,2,17.7,True,10.5,9.7,59.3,299,163.0,18,True,5.0,1.08772,1.5,11.8,True
2024-05-29,low,02:00,2,11.2,True,1.2,1.1,10.7,0,77.0,2,True,1.0,1.08466,1.2,1.2,True
2024-05-30,low,02:00,2,10.6,True,4.3,1.6,40.6,1,105.0,5,True,6.0,1.07947,4.3,4.3,True
2024-05-31,high,04:32,4,22.3,False,48.7,48.6,218.4,266,,1,False,,,,,
2024-06-03,low,02:12,2,9.4,True,2.6,3.2,27.7,22,26.0,4,True,0.0,1.08499,0.1,3.2,True
2024-06-04,low,02:00,2,10.9,False,46.1,44.0,422.9,353,,1,False,,,,,
2024-06-05,low,02:06,2,9.4,True,16.7,16.7,177.7,326,89.0,4,True,48.0,1.08767,4.5,16.8,True
2024-06-06,low,04:08,4,21.9,True,11.9,11.9,54.3,228,34.0,5,True,2.0,1.08742,0.5,12.3,True
2024-06-07,high,03:13,3,11.1,True,0.5,0.4,4.5,0,67.0,1,True,2.0,1.08975,0.5,0.8,True
2024-06-10,low,02:00,2,26.0,False,22.7,20.7,87.3,282,,10,True,42.0,1.07564,6.4,23.7,True
2024-06-11,high,02:09,2,7.8,True,4.4,3.7,56.4,43,28.0,5,True,2.0,1.07684,1.9,5.0,True
2024-06-12,high,02:00,2,8.6,False,108.9,109.3,1266.3,544,,3,True,0.0,1.07428,3.0,109.3,True
2024-06-13,low,02:00,2,11.9,True,3.1,4.3,26.1,53,54.0,4,True,0.0,1.0805,0.4,4.3,True
2024-06-14,low,02:00,2,9.6,False,67.7,62.6,705.2,472,,1,False,,,,,
2024-06-17,low,02:00,2,8.3,True,12.6,9.2,151.8,9,77.0,5,True,44.0,1.06996,12.6,5.2,True
2024-06-18,low,04:05,4,19.8,True,11.0,12.8,55.6,223,117.0,8,True,0.0,1.07227,0.1,12.8,True
2024-06-19,low,02:00,2,7.0,True,10.5,11.5,150.0,80,115.0,5,True,0.0,1.07363,0.3,11.5,True
2024-06-20,low,02:00,2,9.5,False,31.8,29.8,334.7,597,,1,False,,,,,
2024-06-21,high,02:00,2,14.2,True,3.0,3.7,21.1,10,58.0,3,True,0.0,1.07168,0.8,3.7,True
2024-06-24,high,02:00,2,9.9,False,52.7,48.9,532.3,489,,1,False,,,,,
2024-06-25,high,02:00,2,7.5,True,2.2,1.6,29.3,0,59.0,1,True,3.0,1.07383,2.2,1.3,True
2024-06-26,low,02:00,2,11.8,False,40.1,38.8,339.8,452,,1,False,,,,,
2024-06-27,high,02:00,2,15.3,False,34.1,32.2,222.9,456,,5,True,50.0,1.06913,6.6,35.1,True
2024-07-01,high,02:01,2,26.7,True,14.8,14.2,55.4,29,499.0,3,True,79.0,1.07612,14.8,10.8,True
2024-07-02,low,02:13,2,7.7,True,20.8,21.7,270.1,241,203.0,7,True,0.0,1.07317,0.1,21.7,True
2024-07-03,low,02:00,2,13.8,True,3.6,1.9,26.1,26,40.0,1,True,2.0,1.07408,2.6,4.0,True
2024-07-04,high,03:03,3,11.3,False,18.9,19.7,167.3,489,,8,True,0.0,1.07941,0.6,19.7,True
2024-07-05,high,02:38,2,14.3,True,15.8,15.0,110.5,352,0.0,9,True,6.0,1.08239,1.3,16.4,True
2024-07-08,low,02:08,2,17.3,True,4.4,4.6,25.4,19,80.0,1,True,0.0,1.08192,0.2,4.6,True
2024-07-09,low,03:45,3,14.1,False,13.8,14.7,97.9,449,,15,True,0.0,1.08201,0.2,14.7,True
2024-07-10,high,02:48,2,10.2,False,7.8,8.4,76.5,373,,8,True,0.0,1.08204,1.5,8.4,True
2024-07-11,low,02:47,2,7.5,True,0.3,0.8,4.0,0,73.0,2,True,0.0,1.0833,0.3,0.8,True
2024-07-12,low,02:54,2,11.0,True,1.7,1.8,15.5,19,39.0,4,True,0.0,1.08635,0.2,1.8,True
2024-07-15,high,02:13,2,12.3,False,26.6,26.4,216.3,534,,4,True,1.0,1.08948,0.4,27.4,True
2024-07-16,low,02:00,2,9.4,True,5.1,3.8,54.3,33,76.0,3,True,47.0,1.08898,5.1,3.5,True
2024-07-17,low,03:06,3,11.3,True,0.5,0.9,4.4,0,24.0,1,True,0.0,1.08959,0.5,0.9,True
2024-07-18,low,02:23,2,8.6,False,27.1,25.7,315.1,477,,14,True,27.0,1.09322,4.6,27.2,True
2024-07-19,low,02:05,2,14.0,False,10.2,10.0,72.9,170,,27,True,10.0,1.08873,2.2,11.2,True
2024-07-22,low,02:00,2,15.2,False,11.6,10.6,76.3,499,,18,True,6.0,1.08856,1.6,12.6,True
2024-07-23,low,02:05,2,9.7,False,43.2,43.6,445.4,532,,4,True,0.0,1.08874,0.6,43.6,True
2024-07-24,high,02:00,2,8.7,True,3.4,2.3,39.1,75,15.0,5,True,3.0,1.08502,2.3,3.5,True
2024-07-25,high,02:00,2,9.0,True,1.2,1.9,13.3,0,36.0,1,True,0.0,1.08432,1.2,1.9,True
2024-07-26,low,02:19,2,9.0,True,9.4,9.3,104.4,137,196.0,16,True,1.0,1.08522,0.9,10.2,True
2024-07-29,low,03:15,3,19.2,False,48.0,48.5,250.0,447,,4,True,0.0,1.08513,0.7,48.5,True
2024-07-30,high,02:27,2,8.2,True,13.2,12.7,161.0,222,145.0,4,True,12.0,1.0822,2.2,13.6,True
2024-07-31,low,03:16,3,17.5,True,6.2,5.9,35.4,59,109.0,4,True,1.0,1.08161,1.2,9.6,True
2024-08-01,low,02:09,2,11.3,False,45.8,45.5,405.3,230,,2,True,14.0,1.08236,2.5,46.2,True
2024-08-02,high,02:00,2,13.3,False,131.4,124.1,988.0,536,,6,True,53.0,1.07938,13.6,132.7,True
2024-08-05,low,02:04,2,24.3,True,14.5,13.4,59.7,8,62.0,6,True,2.0,1.09088,2.5,16.5,True
2024-08-06,low,02:12,2,19.4,False,40.0,40.7,206.2,308,,5,True,0.0,1.09444,1.7,40.7,True
2024-08-07,low,02:00,2,19.6,True,5.6,1.3,28.6,0,520.0,13,True,9.0,1.09115,5.6,3.0,True
2024-08-08,high,02:00,2,11.9,True,9.7,9.2,81.5,61,185.0,4,True,3.0,1.09351,1.8,10.0,True
2024-08-09,high,02:26,2,12.9,True,4.7,4.7,36.4,44,279.0,5,True,1.0,1.0923,0.2,6.0,True
2024-08-12,high,02:54,2,11.4,False,16.3,16.4,143.0,499,,15,True,0.0,1.09229,0.1,16.4,True
2024-08-13,high,02:00,2,9.2,True,2.4,0.9,26.1,0,74.0,4,True,3.0,1.09376,2.4,1.4,True
2024-08-14,low,02:00,2,8.4,True,2.4,2.1,28.6,2,46.0,4,True,5.0,1.0989,2.4,1.9,True
2024-08-15,high,02:15,2,11.2,True,1.2,1.7,10.7,70,305.0,4,True,0.0,1.10137,0.2,1.7,True
2024-08-16,high,02:00,2,10.7,False,21.9,20.1,204.7,476,,12,True,43.0,1.09823,4.1,22.1,True
2024-08-19,high,02:00,2,17.2,False,33.2,26.2,193.0,530,,4,True,161.0,1.10381,10.1,35.4,True
2024-08-20,low,02:05,2,12.1,True,3.1,2.6,25.6,89,26.0,7,True,3.0,1.10751,0.7,3.2,True
2024-08-21,low,02:09,2,15.4,True,17.9,17.8,116.2,471,85.0,13,True,16.0,1.11175,2.5,18.3,True
2024-08-22,high,03:15,3,16.3,True,7.9,8.6,48.5,0,15.0,1,True,0.0,1.1156,7.9,8.6,True
2024-08-23,high,02:51,2,15.7,True,3.2,2.0,20.4,15,44.0,3,True,2.0,1.11277,1.6,4.1,True
2024-08-26,low,02:00,2,20.0,False,31.5,30.7,157.5,426,,12,True,1.0,1.11817,2.4,31.7,True
2024-08-27,high,02:20,2,11.1,True,8.0,7.3,72.1,176,166.0,10,True,1.0,1.11703,0.8,8.3,True
2024-08-28,low,02:00,2,17.6,False,57.4,39.7,326.1,392,,1,False,,,,,
2024-08-29,high,02:01,2,11.6,True,4.2,3.7,36.2,6,56.0,2,True,13.0,1.11354,4.2,1.7,True
2024-08-30,high,02:45,2,13.1,True,12.2,15.9,93.1,107,252.0,18,True,0.0,1.10791,2.8,15.9,True
2024-09-02,high,02:01,2,13.7,False,21.7,20.9,158.4,133,,1,True,14.0,1.10555,2.6,21.8,True
2024-09-03,low,02:00,2,12.9,False,24.3,24.4,188.4,275,,13,True,0.0,1.10574,0.6,24.4,True
2024-09-04,high,02:00,2,9.8,True,6.6,8.6,67.3,104,211.0,6,True,0.0,1.10542,1.7,8.6,True
2024-09-05,high,02:40,2,9.8,False,34.3,33.6,350.0,341,,9,True,1.0,1.10852,0.8,34.5,True
2024-09-06,high,02:00,2,6.9,True,4.7,5.0,68.1,59,135.0,9,True,0.0,1.11158,0.8,5.0,True
2024-09-09,low,02:00,2,12.4,False,44.6,34.2,359.7,525,,1,False,,,,,
2024-09-10,high,02:00,2,10.8,True,10.5,10.0,97.2,59,292.0,10,True,1.0,1.1039,2.4,10.6,True
2024-09-11,high,02:02,2,27.7,True,10.6,10.4,38.3,325,63.0,16,True,25.0,1.10435,4.7,11.4,True
2024-09-12,high,02:00,2,8.1,True,9.8,4.0,121.0,16,65.0,1,True,54.0,1.10133,9.8,1.1,True
2024-09-13,low,02:23,2,12.7,True,4.5,3.7,35.4,54,36.0,5,True,8.0,1.10785,2.6,5.5,True
2024-09-16,high,02:34,2,18.2,False,32.5,31.7,178.6,421,,1,True,2.0,1.11042,2.0,33.2,True
2024-09-17,high,02:30,2,9.2,True,2.3,1.9,25.0,6,23.0,4,True,3.0,1.11307,0.6,2.7,True
2024-09-18,low,02:00,2,8.8,True,6.3,5.7,71.6,57,52.0,4,True,2.0,1.11228,1.7,7.6,True
2024-09-19,high,02:00,2,50.8,False,59.6,45.9,117.3,232,,3,True,465.0,1.11183,59.6,30.4,True
2024-09-20,high,02:05,2,12.1,True,12.6,12.7,104.1,68,60.0,1,True,0.0,1.11691,0.2,12.7,True
2024-09-23,low,02:26,2,9.0,False,72.7,72.9,807.8,108,,3,True,0.0,1.1156,0.7,72.9,True
2024-09-24,high,02:00,2,10.4,False,49.8,50.8,478.8,508,,2,True,0.0,1.11127,2.5,50.8,True
2024-09-25,low,04:27,4,13.4,True,7.1,7.3,53.0,63,180.0,6,True,0.0,1.11855,1.0,7.3,True
2024-09-26,high,02:00,2,16.1,True,12.8,6.7,79.5,63,57.0,1,True,115.0,1.11391,12.8,10.2,True
2024-09-27,low,02:06,2,15.2,True,37.6,37.7,247.4,79,317.0,9,True,0.0,1.11625,0.5,37.7,True
2024-09-30,low,02:19,2,17.7,True,0.2,0.4,1.1,0,93.0,1,True,0.0,1.11564,0.2,0.4,True
2024-10-01,low,03:06,3,16.2,False,70.6,63.7,435.8,414,,1,False,,,,,
2024-10-02,low,02:00,2,10.6,True,3.4,0.7,32.1,0,135.0,4,True,13.0,1.10635,3.4,1.4,True
2024-10-03,low,02:00,2,14.5,True,5.6,1.7,38.6,0,211.0,5,True,33.0,1.10321,5.6,4.6,True
2024-10-04,low,03:56,3,14.0,False,70.7,72.0,505.0,476,,8,True,0.0,1.10268,0.1,72.0,True
2024-10-07,low,02:00,2,9.4,True,10.0,7.5,106.4,83,62.0,9,True,11.0,1.09689,4.7,10.8,True
2024-10-08,high,02:01,2,14.1,True,10.3,11.8,73.0,124,291.0,12,True,0.0,1.09853,0.2,11.8,True
2024-10-09,low,02:13,2,12.0,False,27.1,27.9,225.8,513,,9,True,0.0,1.09675,0.2,27.9,True
2024-10-10,low,02:00,2,7.0,True,30.1,28.0,430.0,390,0.0,4,True,13.0,1.09394,2.5,30.6,True
2024-10-11,high,03:00,3,11.3,True,13.0,12.1,115.0,96,162.0,3,True,2.0,1.09402,2.1,13.5,True
2024-10-14,high,02:02,2,13.8,True,7.5,8.6,54.3,206,119.0,17,True,0.0,1.0928,0.1,8.6,True
2024-10-15,low,02:00,2,14.0,True,10.8,4.8,77.1,12,148.0,2,True,106.0,1.08961,10.8,3.1,True
2024-10-16,low,02:01,2,13.5,True,6.9,8.4,51.1,60,136.0,8,True,0.0,1.08836,0.2,8.4,True
2024-10-17,low,02:57,2,13.8,True,2.2,1.5,15.9,3,240.0,6,True,11.0,1.08519,2.2,2.9,True
2024-10-18,high,02:00,2,12.2,False,24.9,23.0,204.1,495,,10,True,8.0,1.08391,3.8,25.4,True
2024-10-21,low,02:00,2,5.2,False,43.7,38.0,840.4,599,,1,False,,,,,
2024-10-22,high,02:05,2,7.1,True,16.7,16.8,235.2,101,289.0,3,True,0.0,1.08212,0.5,16.8,True
2024-10-23,high,02:00,2,13.1,True,1.3,1.2,9.9,0,60.0,1,True,1.0,1.08047,1.3,0.8,True
2024-10-24,high,02:10,2,10.0,True,0.8,0.2,8.0,0,65.0,1,True,1.0,1.07894,0.8,1.2,True
2024-10-25,low,02:12,2,7.5,True,6.4,6.5,85.3,50,70.0,2,True,0.0,1.08201,0.4,6.5,True
2024-10-28,high,02:12,2,13.9,False,31.7,30.3,228.1,461,,1,False,,,,,
2024-10-29,low,02:12,2,12.0,True,0.7,0.5,5.8,1,76.0,1,True,1.0,1.08071,0.7,1.7,True
2024-10-30,high,03:00,3,12.7,True,33.6,33.6,264.6,65,190.0,4,True,3.0,1.08249,1.9,34.4,True
2024-10-31,high,02:37,2,14.0,False,30.0,29.9,214.3,357,,24,True,17.0,1.08573,5.4,30.8,True
2024-11-01,low,02:00,2,13.4,True,22.7,22.0,169.4,220,110.0,4,True,2.0,1.08753,2.2,22.9,True
2024-11-05,high,02:00,2,6.7,False,40.8,37.7,609.0,599,,1,False,,,,,
2024-11-07,high,02:00,2,32.5,False,79.3,79.7,244.0,511,,1,True,0.0,1.0745,4.4,79.7,True
2024-11-08,low,02:08,2,14.8,True,15.6,15.8,105.4,63,187.0,12,True,0.0,1.07767,0.6,15.8,True
2024-11-11,low,02:23,2,19.9,False,79.2,78.2,398.0,448,,1,True,2.0,1.07084,2.2,79.8,True
2024-11-12,low,02:00,2,22.0,False,41.8,37.0,190.0,588,,1,False,,,,,
2024-11-13,low,02:00,2,17.4,True,18.7,18.7,107.5,69,106.0,4,True,1.0,1.06124,0.3,19.1,True
2024-11-14,low,02:00,2,20.0,True,49.1,48.1,245.5,254,204.0,9,True,2.0,1.05455,2.1,49.5,True
2024-11-15,high,02:00,2,17.8,True,47.1,41.6,264.6,373,84.0,3,True,437.0,1.05435,47.1,6.0,True
2024-11-18,high,03:24,3,20.3,False,35.3,35.2,173.9,515,,6,True,7.0,1.05485,5.6,37.3,True
2024-11-19,low,02:05,2,14.3,True,63.1,63.0,441.3,137,381.0,5,True,73.0,1.05866,12.0,63.3,True
2024-11-20,low,02:00,2,16.2,False,80.9,81.0,499.4,551,,5,True,0.0,1.05878,1.7,81.0,True
2024-11-21,low,02:03,2,9.9,False,73.6,71.7,743.4,594,,2,True,2.0,1.05458,3.1,74.5,True
2024-11-22,low,02:00,2,11.1,True,4.7,7.4,42.3,6,19.0,3,True,0.0,1.04698,0.5,7.4,True
2024-11-25,low,02:05,2,15.9,True,25.1,25.6,157.9,81,87.0,5,True,0.0,1.04746,0.2,25.6,True
2024-11-26,high,03:54,3,60.1,False,54.3,50.8,90.3,204,,4,True,391.0,1.0488,54.3,13.4,True
2024-11-27,high,02:25,2,15.5,False,91.8,93.0,592.3,564,,2,True,0.0,1.04916,0.2,93.0,True
2024-11-28,low,02:00,2,15.4,False,19.8,18.2,128.6,63,,12,True,8.0,1.05476,5.8,20.1,True
2024-11-29,high,02:00,2,20.3,True,20.4,15.5,100.5,29,132.0,3,True,62.0,1.05761,20.4,5.4,True
2024-12-02,low,02:13,2,20.2,False,58.2,57.5,288.1,531,,9,True,9.0,1.05216,11.9,60.9,True
2024-12-03,high,02:20,2,14.8,False,33.6,33.4,227.0,115,,3,True,1.0,1.04958,0.5,34.9,True
2024-12-04,high,02:00,2,25.5,True,13.2,6.8,51.8,12,108.0,7,True,28.0,1.05133,13.2,2.0,True
2024-12-05,high,02:00,2,16.6,False,64.0,61.9,385.5,461,,6,True,34.0,1.05254,13.0,64.2,True
2024-12-06,high,02:51,2,14.4,True,49.5,50.4,343.7,342,92.0,14,True,0.0,1.05794,0.8,50.4,True
2024-12-09,high,02:55,2,29.0,False,33.4,32.3,115.2,486,,5,True,11.0,1.05602,5.4,34.2,True
2024-12-10,high,02:00,2,16.2,True,5.0,2.0,30.9,0,63.0,2,True,10.0,1.05607,5.0,1.9,True
2024-12-11,low,02:09,2,18.9,False,40.2,33.2,212.7,520,,3,True,388.0,1.05241,33.4,43.9,True
2024-12-12,high,02:00,2,8.1,True,21.8,17.9,269.1,17,193.0,9,True,90.0,1.05081,21.8,9.0,True
2024-12-13,low,02:06,2,24.6,True,3.1,5.1,12.6,6,164.0,6,True,0.0,1.04582,0.1,5.1,True
2024-12-16,low,02:53,2,13.1,True,9.5,9.2,72.5,21,18.0,1,True,15.0,1.051,6.3,9.8,True
2024-12-17,low,02:00,2,22.1,False,28.8,23.4,130.3,207,,4,True,30.0,1.05083,8.6,29.3,True
2024-12-18,high,02:00,2,10.1,True,7.1,2.4,70.3,2,51.0,1,True,40.0,1.05046,7.1,2.0,True
2024-12-19,high,02:02,2,19.9,True,31.3,30.6,157.3,160,391.0,2,True,362.0,1.0388,31.3,25.9,True
2024-12-20,high,02:00,2,9.2,False,67.9,57.3,738.0,590,,1,False,,,,,
2024-12-23,low,02:42,2,18.4,False,42.6,39.1,231.5,447,,1,False,,,,,
2024-12-26,low,02:18,2,10.1,True,3.6,3.0,35.6,5,351.0,14,True,26.0,1.03952,3.6,3.8,True
2024-12-27,low,02:43,2,11.6,True,1.6,0.8,13.8,1,11.0,2,True,1.0,1.04069,1.6,2.0,True
2024-12-30,low,03:18,3,10.0,True,11.5,12.1,115.0,40,53.0,3,True,0.0,1.04214,0.4,12.1,True
2024-12-31,high,03:56,3,12.6,True,9.5,6.2,75.4,55,160.0,6,True,10.0,1.04127,5.2,11.6,True
2025-01-03,high,02:00,2,8.0,False,31.2,26.3,390.0,485,,3,True,20.0,1.02712,8.1,34.5,True
2025-01-06,high,02:28,2,17.0,False,118.5,117.5,697.1,361,,1,False,,,,,
2025-01-07,high,02:00,2,18.2,True,40.0,33.9,219.8,199,281.0,11,True,342.0,1.03941,40.0,11.1,True
2025-01-08,low,02:01,2,9.5,False,72.1,71.8,758.9,279,,2,True,4.0,1.03455,2.8,72.4,True
2025-01-09,low,02:00,2,15.8,False,22.0,19.4,139.2,64,,16,True,15.0,1.03076,6.4,24.0,True
2025-01-10,low,02:00,2,10.9,True,12.4,2.0,113.8,0,87.0,3,True,47.0,1.02938,12.4,1.3,True
2025-01-13,low,02:28,2,42.3,False,30.4,31.3,71.9,119,,8,True,0.0,1.02085,0.2,31.3,True
2025-01-14,high,02:00,2,16.8,False,49.1,48.5,292.3,557,,12,True,13.0,1.02547,10.8,49.6,True
2025-01-15,low,02:00,2,9.5,True,8.7,9.3,91.6,21,25.0,1,True,0.0,1.02959,2.2,9.3,True
2025-01-16,high,02:37,2,15.0,True,1.9,1.1,12.7,1,124.0,2,True,2.0,1.02967,1.9,3.8,True
2025-01-17,low,02:00,2,17.5,True,14.2,9.8,81.1,34,223.0,3,True,79.0,1.02919,14.2,2.7,True
2025-01-20,high,02:00,2,28.0,False,122.9,120.2,438.9,464,,5,True,19.0,1.03068,4.7,123.2,True
2025-01-21,low,03:39,3,45.2,True,13.6,13.4,30.1,61,353.0,10,True,8.0,1.03586,5.5,16.6,True
2025-01-22,low,02:00,2,17.0,True,2.8,1.5,16.5,0,117.0,2,True,3.0,1.04065,2.8,0.9,True
2025-01-23,low,02:10,2,19.1,True,6.8,2.4,35.6,1,184.0,6,True,5.0,1.03974,6.8,7.2,True
2025-01-24,high,02:00,2,42.2,False,66.9,64.9,158.5,532,,6,True,4.0,1.04536,4.3,67.0,True
2025-01-27,low,02:00,2,19.9,True,4.9,7.2,24.6,9,92.0,4,True,0.0,1.04611,0.8,7.2,True
2025-01-28,low,03:55,3,32.0,False,10.7,10.3,33.4,192,,17,True,2.0,1.04266,5.0,12.9,True
2025-01-29,low,02:25,2,16.8,False,43.4,42.7,258.3,385,,4,True,51.0,1.04257,12.5,43.5,True
2025-01-30,low,02:00,2,10.1,True,8.2,3.3,81.2,8,52.0,2,True,41.0,1.0418,8.2,3.2,True
2025-01-31,high,02:04,2,18.0,True,17.7,15.8,98.3,33,83.0,3,True,66.0,1.0394,17.7,5.8,True
2025-02-03,high,04:30,4,40.0,False,83.1,85.3,207.8,373,,7,True,0.0,1.02498,0.5,85.3,True
2025-02-04,low,02:00,2,18.1,True,6.0,3.0,33.1,6,75.0,3,True,17.0,1.03059,6.0,1.5,True
2025-02-05,high,02:09,2,14.4,False,56.0,56.0,388.9,471,,1,True,1.0,1.0386,0.2,56.4,True
2025-02-06,low,02:13,2,20.1,False,32.9,32.4,163.7,323,,3,True,1.0,1.03854,0.5,33.1,True
2025-02-07,low,02:00,2,12.6,True,0.2,1.2,1.6,0,52.0,1,True,0.0,1.03751,0.2,1.2,True
2025-02-10,high,02:00,2,17.3,False,20.5,15.1,118.5,245,,13,True,18.0,1.03157,9.5,20.6,True
2025-02-11,high,02:00,2,12.6,False,46.7,46.7,370.6,572,,8,True,1.0,1.03033,1.5,47.9,True
2025-02-12,high,02:50,2,14.0,True,17.9,18.0,127.9,215,125.0,3,True,0.0,1.03676,0.1,18.0,True
2025-02-13,high,02:03,2,48.2,True,1.1,1.9,2.3,1,311.0,2,True,0.0,1.04345,0.2,1.9,True
2025-02-14,high,02:07,2,13.1,False,47.3,46.9,361.1,460,,15,True,23.0,1.04665,5.3,47.5,True
2025-02-17,low,02:05,2,17.2,False,22.3,22.7,129.7,382,,4,True,0.0,1.04894,1.1,22.7,True
2025-02-18,low,03:13,3,20.1,False,13.8,14.2,68.7,350,,9,True,0.0,1.04556,0.5,14.2,True
2025-02-19,high,02:00,2,12.1,True,6.3,2.4,52.1,0,117.0,5,True,13.0,1.04527,6.3,4.8,True
2025-02-20,high,03:05,3,19.0,False,40.6,39.8,213.7,520,,13,True,15.0,1.04369,3.4,41.2,True
2025-02-21,low,03:15,3,20.4,False,35.1,25.0,172.1,491,,4,True,25.0,1.04855,16.6,36.3,True
2025-02-24,low,02:35,2,26.1,False,49.4,47.6,189.3,433,,1,False,,,,,
2025-02-25,high,02:01,2,16.6,True,0.3,0.7,1.8,0,59.0,1,True,0.0,1.04767,0.3,0.7,True
2025-02-26,low,02:00,2,26.9,False,21.9,20.7,81.4,357,,23,True,1.0,1.04968,3.1,22.1,True
2025-02-27,high,04:53,4,24.2,True,6.2,5.7,25.6,217,11.0,6,True,1.0,1.04826,1.0,6.7,True
2025-02-28,high,04:00,4,24.0,False,15.6,13.4,65.0,398,,11,True,10.0,1.0404,3.6,15.8,True
2025-03-03,low,02:00,2,15.7,True,19.1,18.3,121.7,102,73.0,4,True,10.0,1.04075,5.6,19.2,True
2025-03-04,high,02:44,2,24.9,False,63.7,63.6,255.8,327,,4,True,1.0,1.04955,0.6,64.1,True
2025-03-05,high,02:00,2,25.6,False,159.2,150.9,621.9,550,,1,False,,,,,
2025-03-06,high,02:43,2,36.0,True,2.1,4.6,5.8,4,108.0,2,True,0.0,1.08175,0.8,4.6,True
2025-03-07,high,02:00,2,33.6,False,73.8,65.2,219.6,395,,1,False,,,,,
2025-03-10,low,02:24,2,41.1,True,24.9,25.3,60.6,90,93.0,2,True,0.0,1.08304,0.3,25.3,True
2025-03-11,high,02:06,2,18.0,False,69.1,65.8,383.9,400,,1,False,,,,,
2025-03-12,low,02:00,2,19.4,True,8.5,4.7,43.8,7,92.0,4,True,15.0,1.08971,8.5,7.8,True
2025-03-13,low,02:00,2,15.4,False,59.4,52.7,385.7,377,,4,True,15.0,1.0882,8.1,59.8,True
2025-03-14,low,02:01,2,15.2,True,3.7,4.1,24.3,44,28.0,3,True,0.0,1.08345,0.5,4.1,True
2025-03-17,low,02:31,2,19.5,True,5.6,5.1,28.7,3,125.0,4,True,18.0,1.08748,5.6,4.5,True
2025-03-18,high,02:00,2,12.7,True,35.6,33.7,280.3,76,259.0,7,True,4.0,1.09167,3.4,37.8,True
2025-03-19,low,02:00,2,17.0,False,54.8,48.6,322.4,43,,1,False,,,,,
2025-03-20,low,02:00,2,16.8,False,85.8,76.6,510.7,393,,1,False,,,,,
2025-03-21,low,02:03,2,28.1,True,3.5,3.8,12.5,84,216.0,8,True,0.0,1.08277,0.4,3.8,True
2025-03-24,high,02:00,2,20.5,True,20.5,18.3,100.0,84,321.0,7,True,39.0,1.08353,12.5,22.6,True
2025-03-25,low,02:00,2,14.7,True,17.3,18.8,117.7,80,113.0,4,True,0.0,1.07955,0.6,18.8,True
2025-03-26,high,03:52,3,19.3,True,5.5,6.6,28.5,42,224.0,11,True,0.0,1.07959,0.6,6.6,True
2025-03-27,low,02:33,2,31.9,True,1.0,1.1,3.1,0,211.0,1,True,0.0,1.07551,1.0,1.1,True
2025-03-28,low,02:02,2,14.2,True,0.9,0.5,6.3,4,22.0,2,True,1.0,1.07846,0.7,1.0,True
2025-03-31,high,03:06,3,22.8,True,3.4,4.4,14.9,1,32.0,1,True,0.0,1.08448,2.1,4.4,True
2025-04-01,low,02:00,2,11.3,True,18.2,8.1,161.1,25,160.0,1,True,179.0,1.08176,18.2,1.6,True
2025-04-02,low,03:12,3,14.8,True,6.9,5.8,46.6,3,79.0,5,True,18.0,1.07878,6.9,6.4,True
2025-04-03,high,02:00,2,44.9,False,221.8,202.2,494.0,253,,1,False,,,,,
2025-04-04,low,03:37,3,62.0,False,76.5,71.5,123.4,434,,7,True,169.0,1.10398,72.2,79.9,True
2025-04-07,high,02:00,2,63.9,True,66.1,32.6,103.4,73,457.0,5,True,143.0,1.09834,66.1,25.1,True
2025-04-08,high,02:09,2,65.6,True,11.4,11.6,17.4,40,155.0,5,True,0.0,1.098,0.2,11.6,True
2025-04-09,high,02:00,2,68.8,False,55.1,33.1,80.1,398,,15,True,109.0,1.10353,50.0,59.5,True
2025-04-10,high,03:16,3,39.2,False,239.6,244.5,611.2,507,,3,True,0.0,1.09842,0.1,244.5,True
2025-04-11,low,02:38,2,134.2,True,4.4,5.4,3.3,3,81.0,2,True,0.0,1.1252,1.3,5.4,True
2025-04-14,high,02:33,2,68.0,True,15.7,8.1,23.1,35,348.0,4,True,13.0,1.14079,9.9,16.5,True
2025-04-15,high,02:01,2,37.1,True,26.1,29.2,70.4,124,215.0,5,True,0.0,1.13497,0.6,29.2,True
2025-04-16,high,02:00,2,50.8,False,48.7,14.9,95.9,90,,1,True,161.0,1.13393,48.7,47.2,True
2025-04-17,low,02:00,2,41.6,False,20.2,18.0,48.6,380,,9,True,1.0,1.13552,3.5,20.3,True
2025-04-18,low,02:58,2,21.6,True,5.9,4.8,27.3,2,304.0,1,True,4.0,1.13672,5.9,6.8,True
2025-04-21,high,02:03,2,83.1,False,41.0,40.3,49.3,189,,7,True,1.0,1.15318,2.3,41.1,True
2025-04-22,high,02:00,2,58.8,True,5.0,4.5,8.5,0,361.0,2,True,1.0,1.15379,5.0,4.6,True
2025-04-24,high,03:00,3,36.2,False,37.0,35.2,102.2,189,,8,True,1.0,1.1356,1.9,38.4,True
2025-04-25,low,02:06,2,47.6,True,3.5,2.8,7.4,1,507.0,2,True,4.0,1.13293,3.5,6.4,True
2025-04-28,high,02:00,2,23.2,True,7.8,1.2,33.6,0,53.0,2,True,27.0,1.13645,7.8,2.5,True
2025-04-29,low,02:00,2,33.6,False,16.3,16.0,48.5,377,,11,True,1.0,1.1387,1.6,17.0,True
2025-04-30,high,02:39,2,40.4,True,4.3,2.2,10.6,7,438.0,2,True,2.0,1.13938,2.1,5.6,True
2025-05-01,low,02:00,2,29.4,True,12.3,12.0,41.8,80,60.0,2,True,1.0,1.13,1.8,12.6,True
2025-05-02,high,02:05,2,41.3,False,65.5,66.8,158.6,476,,1,True,0.0,1.1314,1.4,66.8,True
2025-05-05,low,03:57,3,32.6,True,2.9,3.1,8.9,3,180.0,1,True,0.0,1.13142,0.1,3.1,True
2025-05-06,high,02:00,2,37.5,False,52.2,53.5,139.2,496,,7,True,0.0,1.13159,1.2,53.5,True
2025-05-07,high,02:00,2,26.6,False,26.6,10.8,100.0,53,,4,True,188.0,1.13504,26.6,22.3,True
2025-05-08,low,02:00,2,34.2,False,67.6,69.8,197.7,597,,10,True,0.0,1.13041,0.4,69.8,True
2025-05-09,high,02:00,2,36.8,False,59.6,57.4,162.0,507,,1,True,3.0,1.12328,2.7,60.0,True
2025-05-12,low,02:00,2,20.3,False,150.5,152.1,741.4,288,,2,True,0.0,1.12239,0.8,152.1,True
2025-05-13,high,02:55,2,22.0,False,60.8,60.6,276.4,542,,5,True,1.0,1.11144,1.5,63.2,True
2025-05-14,low,02:05,2,15.6,True,2.2,2.2,14.1,0,25.0,2,True,1.0,1.11826,2.2,2.1,True
2025-05-15,high,02:21,2,25.4,True,26.7,23.7,105.1,38,464.0,13,True,84.0,1.11979,26.7,25.7,True
2025-05-16,high,02:00,2,18.4,True,10.9,4.2,59.2,28,220.0,4,True,6.0,1.12082,7.5,11.3,True
2025-05-19,high,02:16,2,26.7,False,89.1,91.1,333.7,278,,2,True,0.0,1.11968,0.6,91.1,True
2025-05-20,high,02:00,2,33.4,False,26.6,22.4,79.6,119,,6,True,165.0,1.12484,26.6,21.3,True
2025-05-21,high,02:15,2,53.2,False,22.2,17.3,41.7,255,,14,True,27.0,1.13396,13.2,22.4,True
2025-05-22,low,03:10,3,27.6,False,51.5,50.2,186.6,482,,7,True,6.0,1.13175,7.2,51.8,True
2025-05-23,high,02:00,2,39.9,False,56.8,51.9,142.4,344,,8,True,19.0,1.13178,8.0,57.6,True
2025-05-27,low,02:00,2,19.3,False,64.8,56.2,335.8,595,,2,True,12.0,1.13881,10.1,65.1,True
2025-05-29,high,02:15,2,33.8,False,113.7,114.0,336.4,583,,1,True,0.0,1.12565,0.5,114.0,True
2025-05-30,low,02:04,2,44.1,False,33.3,31.6,75.5,463,,11,True,34.0,1.1347,9.6,34.7,True
2025-06-02,high,02:02,2,29.5,False,67.9,68.5,230.2,514,,3,True,0.0,1.13813,0.5,68.5,True
2025-06-03,low,02:10,2,38.6,False,51.9,53.5,134.5,478,,7,True,0.0,1.14174,0.6,53.5,True
2025-06-04,low,02:00,2,27.7,True,8.2,6.9,29.6,7,80.0,3,True,13.0,1.13663,8.2,1.7,True
2025-06-05,low,02:00,2,26.0,True,3.7,0.6,14.2,1,374.0,5,True,5.0,1.14093,3.7,3.5,True
2025-06-06,low,02:14,2,24.4,False,61.3,62.0,251.2,432,,4,True,0.0,1.14335,0.2,62.0,True
2025-06-09,high,02:46,2,32.6,True,13.8,12.3,42.3,155,228.0,9,True,14.0,1.14249,4.2,14.2,True
2025-06-10,low,03:07,3,49.6,True,13.0,9.1,26.2,6,289.0,1,True,15.0,1.13869,13.0,2.0,True
2025-06-11,low,03:10,3,32.6,True,0.9,1.8,2.8,3,117.0,1,True,0.0,1.1407,0.4,1.8,True
2025-06-12,high,02:01,2,27.4,False,102.0,102.0,372.3,389,,3,True,3.0,1.15264,2.2,104.7,True
2025-06-13,low,02:38,2,86.8,False,38.5,42.2,44.4,251,,8,True,0.0,1.15312,0.7,42.2,True
2025-06-16,high,02:00,2,22.5,False,68.4,57.5,304.0,487,,2,True,24.0,1.15458,13.7,68.9,True
2025-06-17,high,02:16,2,21.5,True,15.8,15.9,73.5,374,111.0,9,True,0.0,1.15637,1.1,15.9,True
2025-06-18,high,02:00,2,24.2,False,25.1,22.9,103.7,570,,25,True,3.0,1.15032,3.3,26.8,True
2025-06-19,low,02:21,2,33.3,True,4.1,3.9,12.3,12,291.0,3,True,1.0,1.14527,0.4,6.6,True
2025-06-20,low,03:39,3,19.7,True,0.6,0.9,3.0,2,149.0,2,True,0.0,1.15108,0.3,0.9,True
2025-06-23,high,02:00,2,34.6,True,14.5,3.5,41.9,2,182.0,4,True,9.0,1.15057,14.5,10.3,True
2025-06-24,high,02:00,2,23.1,True,12.5,10.7,54.1,25,66.0,7,True,4.0,1.16061,3.8,16.0,True
2025-06-25,low,02:51,2,20.5,False,21.1,21.2,102.9,63,,4,True,0.0,1.1611,1.3,21.2,True
2025-06-26,high,04:05,4,50.1,False,27.5,21.0,54.9,36,,10,True,75.0,1.17161,27.5,14.8,True
2025-06-27,low,02:03,2,23.4,True,2.2,2.7,9.4,3,39.0,1,True,0.0,1.16864,0.8,2.7,True
2025-06-30,high,02:41,2,23.2,True,15.9,14.5,68.5,15,336.0,3,True,5.0,1.17344,5.6,16.2,True
2025-07-01,low,02:13,2,30.0,True,10.3,11.0,34.3,50,111.0,5,True,0.0,1.17783,0.6,11.0,True
2025-07-02,low,02:00,2,21.8,False,41.3,42.5,189.4,358,,3,True,0.0,1.17892,0.9,42.5,True
2025-07-04,high,02:00,2,16.4,False,14.8,6.7,90.2,483,,7,True,81.0,1.17724,12.2,14.9,True
2025-07-07,low,02:07,2,25.7,False,46.5,46.9,180.9,389,,3,True,0.0,1.17648,0.6,46.9,True
2025-07-08,high,03:02,3,18.2,True,16.3,15.9,89.6,50,157.0,5,True,1.0,1.17481,1.6,16.9,True
2025-07-09,high,02:53,2,23.1,True,2.6,2.7,11.3,5,80.0,1,True,0.0,1.17257,0.5,2.7,True
2025-07-10,low,02:35,2,15.8,False,71.3,69.9,451.3,474,,6,True,19.0,1.1735,4.4,72.7,True
2025-07-14,low,02:00,2,25.3,False,18.4,14.9,72.7,22,,3,True,75.0,1.16735,18.4,6.7,True
2025-07-15,high,02:00,2,12.9,True,15.0,10.0,116.3,102,297.0,6,True,54.0,1.16773,10.4,15.2,True
2025-07-16,high,02:00,2,12.9,True,12.9,9.3,100.0,62,295.0,9,True,100.0,1.1615,12.9,11.4,True
2025-07-17,low,02:00,2,22.5,False,57.0,59.5,253.3,390,,3,True,0.0,1.16161,0.4,59.5,True
2025-07-18,low,02:02,2,19.7,True,2.4,2.6,12.2,3,116.0,2,True,0.0,1.16145,0.3,2.6,True
2025-07-21,high,02:28,2,21.7,False,80.4,80.5,370.5,536,,3,True,0.0,1.16361,0.3,80.5,True
2025-07-22,low,03:53,3,13.2,True,0.8,0.2,6.1,0,39.0,1,True,1.0,1.16844,0.8,2.8,True
2025-07-23,low,02:00,2,18.5,True,0.3,3.5,1.6,0,76.0,1,True,0.0,1.17335,0.3,3.5,True
2025-07-24,low,02:53,2,17.9,True,31.8,31.6,177.7,369,60.0,10,True,1.0,1.17624,1.9,32.1,True
2025-07-25,high,02:35,2,24.6,True,2.4,1.3,9.8,1,151.0,4,True,2.0,1.17582,2.4,1.7,True
2025-07-28,low,02:00,2,23.7,False,138.5,133.4,584.4,597,,1,False,,,,,
2025-07-29,low,02:00,2,17.5,False,62.6,59.5,357.7,431,,8,True,12.0,1.15819,7.0,63.1,True
2025-07-30,low,02:00,2,22.1,False,92.4,90.9,418.1,475,,7,True,20.0,1.15515,10.5,93.5,True
2025-07-31,high,02:02,2,30.6,True,22.7,22.1,74.2,56,379.0,13,True,10.0,1.14376,4.4,23.0,True
2025-08-01,high,02:00,2,24.1,True,9.2,8.2,38.2,41,161.0,5,True,1.0,1.14283,3.4,9.7,True
2025-08-04,low,04:37,4,38.6,False,0.4,0.8,1.0,0,,2,True,0.0,1.15505,0.4,0.8,True
2025-08-05,low,02:00,2,33.7,False,26.2,16.3,77.7,339,,9,True,21.0,1.15541,11.1,26.4,True
2025-08-06,high,02:27,2,21.0,False,61.7,62.1,293.8,572,,3,True,0.0,1.15848,0.6,62.1,True
2025-08-07,high,02:00,2,15.6,True,33.5,23.7,214.7,124,210.0,7,True,251.0,1.1665,33.5,11.6,True
2025-08-08,low,02:00,2,24.4,False,26.1,14.5,107.0,284,,11,True,65.0,1.16564,14.1,27.7,True
2025-08-12,low,02:19,2,13.8,True,13.0,13.4,94.2,333,38.0,10,True,0.0,1.1612,0.7,13.4,True
2025-08-13,high,02:21,2,17.2,False,42.6,43.7,247.7,216,,3,True,0.0,1.16864,0.5,43.7,True
2025-08-14,low,02:02,2,16.2,False,61.5,61.5,379.6,583,,4,True,4.0,1.16999,2.5,62.6,True
2025-08-15,high,02:00,2,17.7,False,50.7,46.5,286.4,522,,1,False,,,,,
2025-08-18,low,02:57,2,17.1,False,33.1,33.4,193.6,471,,4,True,0.0,1.16938,0.2,33.4,True
2025-08-19,high,02:46,2,30.9,False,22.9,23.8,74.1,262,,7,True,0.0,1.1669,0.2,23.8,True
2025-08-20,high,02:00,2,20.2,False,31.3,33.7,155.0,416,,9,True,0.0,1.16399,0.1,33.7,True
2025-08-21,low,02:21,2,10.7,True,16.0,15.3,149.5,41,29.0,1,True,55.0,1.16421,16.0,3.3,True
2025-08-22,low,02:00,2,27.6,True,5.5,1.7,19.9,2,423.0,4,True,13.0,1.15902,5.5,3.3,True
2025-08-25,high,02:07,2,14.7,True,12.2,9.7,83.0,38,186.0,3,True,92.0,1.17073,12.2,3.5,True
2025-08-26,low,03:11,3,50.0,True,7.9,4.9,15.8,8,275.0,2,True,3.0,1.16115,5.7,9.4,True
2025-08-27,low,02:00,2,20.0,False,47.5,46.3,237.5,302,,3,True,5.0,1.16227,2.6,48.7,True
2025-08-28,low,02:00,2,13.2,True,12.5,8.2,94.7,151,102.0,9,True,5.0,1.16427,5.4,13.8,True
2025-08-29,high,04:30,4,26.1,True,8.0,8.7,30.7,4,217.0,2,True,0.0,1.16814,0.3,8.7,True
2025-09-01,high,02:00,2,26.3,False,22.0,21.8,83.7,171,,7,True,2.0,1.17141,1.4,22.1,True
2025-09-02,low,03:14,3,23.6,False,79.3,72.1,336.0,334,,1,False,,,,,
2025-09-03,high,02:30,2,13.1,True,6.8,6.0,51.9,8,39.0,1,True,23.0,1.16353,6.8,2.5,True
2025-09-04,low,02:58,2,19.2,False,20.4,21.0,106.2,344,,12,True,0.0,1.16508,0.4,21.0,True
2025-09-05,high,02:00,2,22.3,False,84.7,85.1,379.8,483,,5,True,0.0,1.16741,2.3,85.1,True
2025-09-08,high,02:04,2,12.7,False,38.8,38.4,305.5,451,,5,True,3.0,1.17147,1.5,41.4,True
2025-09-09,high,02:00,2,14.5,True,1.9,1.9,13.1,0,44.0,1,True,1.0,1.1777,1.9,1.1,True
2025-09-10,high,02:03,2,20.9,True,8.4,8.5,40.2,19,39.0,5,True,0.0,1.17099,0.7,8.5,True
2025-09-11,low,02:00,2,9.8,True,33.8,30.6,344.9,390,0.0,16,True,9.0,1.16947,6.2,35.8,True
2025-09-12,low,02:06,2,11.7,True,0.9,1.1,7.7,0,44.0,2,True,0.0,1.17229,0.9,1.1,True
2025-09-15,low,02:20,2,12.4,True,5.8,5.1,46.8,11,39.0,1,True,29.0,1.17237,5.8,2.2,True
2025-09-16,high,02:16,2,29.4,False,66.6,67.1,226.5,524,,4,True,0.0,1.17861,0.2,67.1,True
2025-09-17,low,03:02,3,21.6,False,18.5,12.7,85.6,191,,6,True,416.0,1.18517,18.5,8.3,True
2025-09-18,low,02:00,2,21.3,True,27.2,13.0,127.7,14,85.0,1,True,66.0,1.18077,27.2,2.7,True
2025-09-19,low,02:00,2,20.6,False,43.3,40.7,210.2,392,,8,True,7.0,1.17732,5.8,44.6,True
2025-09-22,high,02:02,2,14.5,False,47.0,46.2,324.1,424,,5,True,3.0,1.17399,1.0,47.8,True
2025-09-23,low,02:03,2,23.6,False,17.6,17.7,74.6,72,,25,True,0.0,1.17964,0.4,17.7,True
2025-09-24,low,02:12,2,21.6,False,66.7,66.4,308.8,488,,2,True,1.0,1.17958,0.4,67.8,True
2025-09-25,low,02:00,2,13.0,True,10.0,10.1,76.9,121,164.0,6,True,0.0,1.17406,0.2,10.1,True
2025-09-26,high,02:05,2,21.4,False,25.1,24.2,117.3,520,,22,True,1.0,1.16778,1.0,26.6,True
2025-09-29,high,03:12,3,24.8,False,25.2,25.3,101.6,394,,8,True,0.0,1.17291,0.1,25.3,True
2025-09-30,high,02:00,2,19.4,False,30.2,28.4,155.7,163,,9,True,425.0,1.17308,30.2,21.4,True
2025-10-01,high,02:00,2,11.0,True,37.9,23.5,344.5,74,169.0,2,True,218.0,1.17404,37.9,3.1,True
2025-10-02,high,02:02,2,18.1,True,16.5,16.6,91.2,363,104.0,9,True,0.0,1.17417,0.3,16.6,True
2025-10-03,low,02:00,2,13.1,True,0.1,2.1,0.8,0,94.0,1,True,0.0,1.17181,0.1,2.1,True
2025-10-06,low,02:11,2,20.7,False,58.4,58.8,282.1,126,,6,True,0.0,1.17104,0.1,58.8,True
2025-10-07,low,02:00,2,14.7,False,42.5,34.2,289.1,352,,1,False,,,,,
2025-10-08,low,02:02,2,36.2,False,13.8,14.8,38.1,592,,11,True,0.0,1.16178,1.3,14.8,True
2025-10-09,low,02:14,2,19.6,False,81.0,83.1,413.3,570,,2,True,0.0,1.16301,0.8,83.1,True
2025-10-10,high,02:37,2,13.4,True,15.5,17.3,115.7,109,213.0,10,True,0.0,1.15722,0.6,17.3,True
2025-10-13,high,02:19,2,27.5,True,2.2,2.1,8.0,4,94.0,4,True,1.0,1.16274,0.8,2.3,True
2025-10-14,high,02:00,2,26.9,True,7.6,2.6,28.3,6,91.0,4,True,10.0,1.15807,7.6,3.9,True
2025-10-15,high,02:11,2,24.1,False,21.4,21.8,88.8,575,,10,True,0.0,1.16254,1.1,21.8,True
2025-10-17,high,02:00,2,17.1,True,14.3,4.7,83.6,19,63.0,3,True,39.0,1.1712,14.3,4.0,True
2025-10-20,high,02:00,2,14.2,True,2.9,4.5,20.4,0,60.0,1,True,0.0,1.1669,2.9,4.5,True
2025-10-21,low,02:00,2,22.4,False,35.1,27.5,156.7,534,,1,True,55.0,1.16336,14.1,36.1,True
2025-10-22,high,02:00,2,11.1,True,4.0,6.6,36.0,37,48.0,4,True,0.0,1.16081,3.3,6.6,True
2025-10-23,low,02:41,2,15.2,True,6.7,5.3,44.1,275,137.0,9,True,1.0,1.15931,1.5,7.8,True
2025-10-24,low,02:00,2,14.5,True,6.2,4.5,42.8,14,77.0,4,True,26.0,1.16076,6.2,5.9,True
2025-10-27,low,02:55,2,26.8,True,3.1,4.6,11.6,14,234.0,2,True,0.0,1.16222,1.0,4.6,True
2025-10-28,low,02:00,2,13.6,True,28.2,27.9,207.4,380,218.0,10,True,1.0,1.16545,0.6,29.0,True
2025-10-29,low,02:00,2,24.5,True,12.9,11.4,52.7,131,390.0,8,True,6.0,1.16318,3.2,13.3,True
2025-10-30,low,03:13,3,30.7,False,59.7,60.6,194.5,297,,5,True,0.0,1.16076,0.1,60.6,True
2025-10-31,low,02:00,2,12.6,False,42.9,39.5,340.5,447,,6,True,57.0,1.15653,10.1,43.3,True
2025-11-03,high,02:00,2,15.4,True,4.1,1.5,26.6,44,50.0,4,True,14.0,1.15357,4.0,5.3,True
2025-11-04,high,02:00,2,19.6,True,15.8,8.9,80.6,42,238.0,1,True,111.0,1.15166,15.8,2.3,True
2025-11-06,high,02:08,2,8.2,False,34.9,35.0,425.6,401,,5,True,0.0,1.15088,0.2,35.0,True
2025-11-07,low,02:00,2,10.5,True,2.9,2.6,27.6,65,119.0,10,True,2.0,1.15331,1.8,3.7,True
2025-11-10,high,02:30,2,16.0,True,20.5,19.4,128.1,68,437.0,13,True,183.0,1.15616,20.5,16.2,True
2025-11-11,high,02:49,2,12.4,False,46.5,46.8,375.0,368,,5,True,0.0,1.15589,0.2,46.8,True
2025-11-12,high,02:00,2,12.1,True,6.1,5.1,50.4,19,154.0,3,True,44.0,1.15818,6.1,5.8,True
2025-11-13,high,02:29,2,13.9,False,56.0,55.7,402.9,570,,1,False,,,,,
2025-11-14,high,02:16,2,15.1,True,1.5,0.9,9.9,1,45.0,1,True,2.0,1.16436,1.5,1.5,True
2025-11-17,high,02:19,2,13.6,True,5.2,4.4,38.2,31,189.0,1,True,4.0,1.16096,2.0,5.3,True
2025-11-18,high,03:06,3,19.1,True,2.6,4.0,13.6,8,125.0,3,True,0.0,1.16022,0.1,4.0,True
2025-11-19,high,02:00,2,12.6,True,12.2,10.9,96.8,43,57.0,5,True,5.0,1.15845,3.2,12.6,True
2025-11-21,high,02:04,2,9.8,True,10.4,10.7,106.1,82,76.0,4,True,0.0,1.15417,0.1,10.7,True
2025-11-24,high,02:32,2,16.6,False,28.8,28.6,173.5,314,,7,True,1.0,1.15204,0.4,29.9,True
2025-11-25,high,02:36,2,15.8,False,53.8,54.9,340.5,480,,7,True,0.0,1.1529,0.1,54.9,True
2025-11-26,high,02:05,2,26.3,True,0.6,0.1,2.3,0,390.0,1,True,1.0,1.15909,0.6,1.1,True
2025-11-27,low,02:00,2,13.4,False,23.5,16.1,175.4,146,,1,False,,,,,
2025-11-28,low,02:57,2,18.6,True,25.0,23.1,134.4,178,300.0,3,True,366.0,1.15804,25.0,9.4,True
2025-12-01,high,03:14,3,26.5,False,36.4,36.9,137.4,291,,4,True,0.0,1.16153,0.3,36.9,True
2025-12-02,high,02:14,2,10.3,True,2.2,2.2,21.4,6,145.0,7,True,9.0,1.16132,2.2,2.9,True
2025-12-03,high,02:00,2,11.5,False,33.3,29.7,289.6,375,,8,True,37.0,1.16412,10.7,34.0,True
2025-12-04,high,02:57,2,11.4,True,17.2,17.5,150.9,59,274.0,2,True,0.0,1.16644,0.1,17.5,True
2025-12-05,high,02:00,2,8.1,True,17.4,11.3,214.8,40,217.0,5,True,112.0,1.16527,17.4,4.2,True
2025-12-08,high,02:00,2,9.9,True,12.4,5.0,125.3,13,390.0,7,True,75.0,1.16544,12.4,3.1,True
2025-12-09,low,03:07,3,12.8,True,2.4,1.3,18.8,0,23.0,1,True,5.0,1.16364,2.4,1.9,True
2025-12-10,high,02:00,2,7.5,False,28.7,22.7,382.7,107,,3,True,232.0,1.16285,28.7,22.7,True
2025-12-12,low,03:58,3,15.1,False,11.5,11.4,76.2,232,,15,True,16.0,1.17321,4.3,12.6,True
2025-12-15,low,02:54,2,15.3,True,3.0,3.0,19.6,19,130.0,1,True,1.0,1.17296,1.0,3.2,True
2025-12-16,low,02:09,2,12.3,True,2.5,1.4,20.3,1,53.0,2,True,5.0,1.17472,2.5,1.1,True
2025-12-17,low,02:00,2,24.8,True,24.5,7.3,98.8,24,489.0,2,True,377.0,1.17276,24.5,6.5,True
2025-12-18,high,02:00,2,10.4,True,4.2,3.9,40.4,5,52.0,2,True,12.0,1.17438,4.2,3.6,True
2025-12-19,low,02:06,2,13.1,True,13.3,12.4,101.5,375,43.0,7,True,9.0,1.1716,2.7,13.9,True
2025-12-22,high,02:34,2,8.3,False,47.7,46.2,574.7,497,,1,False,,,,,
2025-12-23,high,02:57,2,14.6,True,21.8,21.3,149.3,274,193.0,3,True,1.0,1.17795,1.0,22.6,True
2025-12-24,low,03:06,3,22.2,False,12.7,13.6,57.2,501,,10,True,0.0,1.17866,0.2,13.6,True
2025-12-26,low,02:00,2,13.7,True,13.5,9.0,98.5,67,301.0,2,True,263.0,1.17802,13.5,7.6,True
2025-12-29,high,03:50,3,22.5,True,2.8,1.4,12.4,50,80.0,3,True,5.0,1.17844,2.3,4.6,True
2025-12-30,high,02:00,2,8.2,True,0.8,2.2,9.8,0,21.0,1,True,0.0,1.17763,0.8,2.2,True
2025-12-31,low,02:17,2,15.9,True,13.1,12.9,82.4,105,178.0,7,True,4.0,1.17333,0.9,13.4,True
